t,Tair,Tc,Ts,Cc,Cs,Cmax,Cbar,rate,dTmax,Cenv
0,28,28,28,2.55,2.55,2.55,2.55,0.00020243,0,0.01963
60,28.528,28,28.0581,2.55,2.3271,2.55,2.53858,0.000184567,0.528,0.02002
120,29.192,28.0001,28.1766,2.55,2.24211,2.55,2.52772,0.000177726,1.19194,0.02053
180,29.684,28.0012,28.3157,2.55,2.17985,2.55,2.51722,0.000172708,1.68284,0.021
240,30.037,28.0063,28.4537,2.55,2.12929,2.55,2.50698,0.000168623,2.03074,0.02151
300,30.834,28.0191,28.6448,2.55,2.08636,2.55,2.49697,0.000165156,2.81493,0.02191
360,31.293,28.0422,28.8426,2.55,2.04888,2.55,2.48715,0.000162124,3.25083,0.02233
420,31.82,28.0773,29.0495,2.55,2.01547,2.55,2.47751,0.000159415,3.7427,0.02278
480,32.121,28.1262,29.2441,2.55,1.98523,2.55,2.46802,0.000156958,3.99479,0.02325
540,32.73,28.1898,29.4663,2.55,1.95765,2.55,2.45867,0.00015471,4.54023,0.02377
600,33.202,28.2678,29.6991,2.55,1.93234,2.55,2.44945,0.000152645,4.93419,0.02428
660,33.879,28.3596,29.9612,2.55,1.90899,2.55,2.44035,0.000150748,5.51936,0.02465
720,34.268,28.465,30.2159,2.55,1.88732,2.55,2.43136,0.000148981,5.80296,0.02506
780,34.806,28.5841,30.4816,2.55,1.86709,2.55,2.42247,0.000147326,6.22189,0.02552
840,35.142,28.717,30.7379,2.55,1.84813,2.55,2.41368,0.00014576,6.425,0.02612
900,35.524,28.8633,30.9928,2.55,1.83024,2.55,2.40497,0.000144291,6.66073,0.0266
960,36.091,29.0221,31.2722,2.55,1.81341,2.55,2.39636,0.000142923,7.0689,0.02687
1020,36.354,29.1923,31.536,2.55,1.79749,2.55,2.38782,0.000141614,7.16175,0.02732
1080,37.067,29.3728,31.8392,2.55,1.78249,2.55,2.37936,0.000140365,7.69421,0.02793
1140,37.419,29.5631,32.1351,2.55,1.76831,2.55,2.37098,0.000139204,7.85586,0.02826
1200,37.882,29.7629,32.4339,2.55,1.75484,2.55,2.36266,0.000138074,8.11911,0.02891
1260,38.134,29.9722,32.7159,2.55,1.74197,2.55,2.35441,0.000137021,8.16179,0.02921
1320,38.767,30.1908,33.0308,2.55,1.72974,2.55,2.34622,0.00013601,8.57619,0.02961
1380,39.125,30.4179,33.3413,2.55,1.71813,2.55,2.33808,0.000135028,8.70711,0.03029
1440,39.458,30.6527,33.6418,2.55,1.707,2.55,2.33001,0.000134119,8.8053,0.03051
1500,39.595,30.8951,33.9159,2.54999,1.69625,2.54999,2.32199,0.000133222,8.69989,0.03098
1560,40.061,31.1446,34.2107,2.54999,1.68593,2.54999,2.31402,0.000132364,8.91636,0.03137
1620,40.238,31.4,34.4904,2.54998,1.676,2.54998,2.30611,0.000131537,8.83802,0.03179
1680,40.621,31.6597,34.779,2.54997,1.66644,2.54997,2.29824,0.00013074,8.96129,0.03219
1740,41.166,31.923,35.0978,2.54996,1.65733,2.54996,2.29042,0.000129977,9.24298,0.03262
1800,41.513,32.1892,35.4131,2.54993,1.64862,2.54993,2.28264,0.000129244,9.32377,0.03307
1860,41.918,32.4585,35.7306,2.5499,1.64024,2.5499,2.27491,0.000128544,9.45951,0.03345
1920,41.952,32.7315,36.0085,2.54986,1.63211,2.54986,2.26721,0.000127846,9.22046,0.03403
1980,42.263,33.0087,36.2903,2.54981,1.62418,2.54981,2.25956,0.000127177,9.2543,0.03447
2040,42.589,33.2893,36.5823,2.54974,1.61653,2.54974,2.25195,0.000126541,9.29966,0.03476
2100,42.745,33.572,36.8581,2.54966,1.60909,2.54966,2.24438,0.000125917,9.17303,0.03513
2160,42.985,33.8557,37.1311,2.54955,1.60185,2.54955,2.23684,0.000125302,9.12929,0.03558
2220,43.393,34.1401,37.4249,2.54941,1.59488,2.54941,2.22934,0.000124703,9.25293,0.03609
2280,43.534,34.4244,37.7005,2.54924,1.5881,2.54924,2.22188,0.000124131,9.1096,0.03646
2340,43.97,34.7085,37.9958,2.54903,1.58153,2.54903,2.21445,0.0001236,9.26146,0.03653
2400,44.102,34.9927,38.2725,2.54879,1.57514,2.54879,2.20705,0.000123056,9.10933,0.03694
2460,44.503,35.2769,38.5643,2.54849,1.56895,2.54849,2.19968,0.000122531,9.22614,0.03731
2520,44.663,35.5613,38.8417,2.54814,1.56293,2.54814,2.19234,0.000122022,9.10173,0.03766
2580,44.701,35.8458,39.0901,2.54774,1.55699,2.54774,2.18504,0.00012151,8.85517,0.03812
2640,45.138,36.1305,39.3692,2.54727,1.55121,2.54727,2.17776,0.000121025,9.00749,0.0384
2700,45.323,36.4146,39.6416,2.54672,1.54559,2.54672,2.17051,0.000120561,8.90844,0.03858
2760,45.324,36.6973,39.8804,2.5461,1.54004,2.5461,2.16329,0.000120081,8.62673,0.03903
2820,45.462,36.9788,40.1143,2.54539,1.53455,2.54539,2.1561,0.000119612,8.48321,0.0394
2880,45.818,37.2588,40.3739,2.54459,1.5292,2.54459,2.14894,0.000119173,8.55925,0.03954
2940,45.739,37.5361,40.5965,2.5437,1.52394,2.5437,2.1418,0.000118705,8.20293,0.04013
3000,45.93,37.8103,40.821,2.5427,1.51871,2.5427,2.13469,0.000118288,8.11967,0.04011
3060,45.999,38.0815,41.0377,2.54159,1.51357,2.54159,2.12761,0.000117825,7.91746,0.04076
3120,46.512,38.349,41.2991,2.54036,1.50858,2.54036,2.12055,0.00011743,8.16295,0.0407
3180,46.602,38.6125,41.5421,2.53901,1.50373,2.53901,2.11352,0.000116996,7.98952,0.04128
3240,46.761,38.8724,41.7733,2.53753,1.49895,2.53753,2.10651,0.00011659,7.88864,0.04157
3300,46.933,39.13,42.0029,2.53592,1.49423,2.53592,2.09953,0.000116189,7.80299,0.04187
3360,46.912,39.3858,42.2066,2.53418,1.48954,2.53418,2.09257,0.000115799,7.5262,0.04205
3420,47.089,39.6395,42.4149,2.53229,1.48488,2.53229,2.08563,0.000115407,7.44948,0.04229
3480,47.008,39.8906,42.5969,2.53026,1.48024,2.53026,2.07872,0.000115022,7.1174,0.04247
3540,47.111,40.1382,42.779,2.52807,1.47562,2.52807,2.07183,0.000114628,6.97281,0.04277
3600,47.485,40.3816,42.9976,2.52574,1.47109,2.52574,2.06496,0.00011427,7.10343,0.04272
3660,47.498,40.6199,43.1949,2.52325,1.46666,2.52325,2.05812,0.000113883,6.87805,0.04312
3720,47.646,40.8536,43.3884,2.5206,1.46225,2.5206,2.0513,0.000113514,6.79238,0.04333
3780,47.84,41.0836,43.5894,2.51779,1.45792,2.51779,2.0445,0.000113138,6.75637,0.04369
3840,47.873,41.3103,43.7739,2.51482,1.45361,2.51482,2.03772,0.000112791,6.56271,0.04373
3900,47.926,41.5338,43.9474,2.5117,1.44932,2.5117,2.03096,0.000112434,6.39217,0.04389
3960,48.016,41.7544,44.119,2.50841,1.44505,2.50841,2.02423,0.000112068,6.26163,0.0442
4020,47.977,41.9715,44.2726,2.50495,1.44078,2.50495,2.01751,0.000111725,6.00547,0.04422
4080,47.926,42.1848,44.41,2.50134,1.43648,2.50134,2.01082,0.00011137,5.74119,0.04435
4140,48.199,42.3937,44.5769,2.49757,1.43224,2.49757,2.00415,0.000111005,5.80528,0.04468
4200,48.166,42.5975,44.7271,2.49364,1.42805,2.49364,1.9975,0.000110657,5.56853,0.04483
4260,48.331,42.7959,44.8839,2.48955,1.42387,2.48955,1.99087,0.000110317,5.53512,0.04491
4320,48.615,42.9896,45.0642,2.4853,1.41978,2.4853,1.98426,0.000109971,5.62541,0.04514
4380,48.38,43.179,45.1931,2.48091,1.41568,2.48091,1.97767,0.000109631,5.20097,0.0453
4440,48.357,43.3651,45.3085,2.47636,1.41152,2.47636,1.97111,0.000109288,4.99191,0.04543
4500,48.526,43.5481,45.4454,2.47166,1.4074,2.47166,1.96456,0.000108943,4.97787,0.04561
4560,48.59,43.727,45.5816,2.46683,1.40332,2.46683,1.95803,0.000108594,4.86302,0.04589
4620,48.825,43.901,45.7348,2.46185,1.39928,2.46185,1.95153,0.000108275,4.92401,0.04585
4680,48.827,44.0706,45.872,2.45673,1.3953,2.45673,1.94504,0.00010792,4.75643,0.04629
4740,48.988,44.2366,46.0145,2.45148,1.39133,2.45148,1.93858,0.000107593,4.75141,0.04641
4800,48.979,44.3999,46.1425,2.4461,1.38736,2.4461,1.93213,0.000107282,4.57913,0.04633
4860,48.9,44.5607,46.2484,2.44059,1.38336,2.44059,1.9257,0.000106958,4.33929,0.04639
4920,49.144,44.7191,46.3809,2.43497,1.3794,2.43497,1.9193,0.000106624,4.42489,0.0466
4980,48.87,44.8745,46.4679,2.42922,1.37542,2.42922,1.91291,0.000106284,3.99555,0.04687
5040,48.84,45.0263,46.5469,2.42336,1.37137,2.42336,1.90654,0.000105959,3.8137,0.04689
5100,48.913,45.1744,46.6399,2.41739,1.36734,2.41739,1.90019,0.000105621,3.73861,0.04707
5160,49.261,45.3175,46.7745,2.41132,1.36338,2.41132,1.89387,0.000105306,3.94349,0.04705
5220,49.169,45.4552,46.8806,2.40514,1.35946,2.40514,1.88756,0.000104981,3.7138,0.0472
5280,49.056,45.5886,46.9584,2.39887,1.35548,2.39887,1.88127,0.000104668,3.46742,0.04713
5340,49.257,45.7192,47.0617,2.39251,1.35153,2.39251,1.875,0.000104327,3.53784,0.04744
5400,49.116,45.8468,47.1401,2.38606,1.34757,2.38606,1.86875,0.000104023,3.26924,0.04728
5460,49.415,45.971,47.2517,2.37953,1.34364,2.37953,1.86252,0.000103684,3.44405,0.0476
5520,49.321,46.0918,47.3413,2.37292,1.33975,2.37292,1.85631,0.000103359,3.22921,0.04777
5580,49.317,46.2095,47.4196,2.36624,1.33581,2.36624,1.85011,0.000103064,3.10747,0.04751
5640,49.304,46.3248,47.4936,2.35949,1.33188,2.35949,1.84394,0.000102725,2.97916,0.04782
5700,49.492,46.4375,47.5891,2.35267,1.32796,2.35267,1.83778,0.000102425,3.05448,0.04765
5760,49.384,46.5471,47.6615,2.34579,1.32407,2.34579,1.83165,0.000102084,2.83689,0.04802
5820,49.272,46.6537,47.7132,2.33886,1.32011,2.33886,1.82553,0.000101786,2.61825,0.04779
5880,49.31,46.7577,47.7726,2.33186,1.31616,2.33186,1.81944,0.000101431,2.55226,0.04827
5940,49.749,46.8585,47.8897,2.32482,1.31228,2.32482,1.81336,0.000101146,2.89051,0.04795
6000,49.743,46.9554,47.9887,2.31773,1.30848,2.31773,1.8073,0.000100806,2.78763,0.04841
6060,49.66,47.0495,48.0578,2.3106,1.30465,2.3106,1.80126,0.0001005,2.61048,0.0484
6120,49.463,47.1429,48.0965,2.30343,1.30074,2.30343,1.79524,0.000100191,2.32007,0.04836
6180,49.83,47.2358,48.1879,2.29623,1.29688,2.29623,1.78924,9.98695e-05,2.5942,0.04851
6240,49.753,47.3268,48.2617,2.28899,1.29306,2.28899,1.78326,9.95582e-05,2.42625,0.04858
6300,49.739,47.4152,48.3216,2.28172,1.28921,2.28172,1.77729,9.92401e-05,2.3238,0.04871
6360,49.622,47.5019,48.3639,2.27442,1.28532,2.27442,1.77135,9.89521e-05,2.12008,0.04842
6420,49.55,47.5869,48.3982,2.26709,1.2814,2.26709,1.76542,9.8621e-05,1.9631,0.04864
6480,49.477,47.6694,48.4277,2.25975,1.27745,2.25975,1.75951,9.83203e-05,1.80762,0.04845
6540,49.891,47.7483,48.516,2.25238,1.27358,2.25238,1.75362,9.79867e-05,2.14266,0.04875
6600,49.683,47.8232,48.5655,2.245,1.26973,2.245,1.74775,9.76922e-05,1.85983,0.04858
6660,49.569,47.8947,48.5907,2.23761,1.26583,2.23761,1.7419,9.73604e-05,1.67426,0.04882
6720,49.633,47.9645,48.6305,2.2302,1.26191,2.2302,1.73607,9.70443e-05,1.66847,0.04886
6780,49.781,48.0321,48.6908,2.22279,1.25804,2.22279,1.73025,9.6735e-05,1.74893,0.04885
6840,49.592,48.0967,48.7187,2.21537,1.25415,2.21537,1.72446,9.64183e-05,1.49531,0.04892
6900,49.941,48.1589,48.7918,2.20795,1.2503,2.20795,1.71868,9.60974e-05,1.78215,0.04908
6960,49.902,48.219,48.8517,2.20053,1.24649,2.20053,1.71293,9.57889e-05,1.68299,0.04913
7020,49.892,48.2776,48.8978,2.1931,1.24266,2.1931,1.70719,9.54912e-05,1.6144,0.04902
7080,49.759,48.3358,48.923,2.18568,1.2388,2.18568,1.70147,9.51754e-05,1.42323,0.04911
7140,49.865,48.3936,48.9643,2.17826,1.23495,2.17826,1.69577,9.48519e-05,1.47141,0.0493
7200,49.852,48.4503,49.0034,2.17085,1.23109,2.17085,1.69009,9.45722e-05,1.40175,0.04894
7260,49.893,48.5051,49.0438,2.16345,1.22724,2.16345,1.68442,9.42616e-05,1.38795,0.04897
7320,49.619,48.5581,49.0449,2.15605,1.22335,2.15605,1.67877,9.39495e-05,1.06093,0.04898
7380,49.792,48.6094,49.0753,2.14866,1.21946,2.14866,1.67315,9.36136e-05,1.18257,0.04929
7440,49.612,48.6585,49.0851,2.14128,1.21557,2.14128,1.66754,9.33093e-05,0.953458,0.0492
7500,49.845,48.7047,49.1271,2.13392,1.21169,2.13392,1.66195,9.29828e-05,1.14032,0.04941
7560,49.77,48.7479,49.1565,2.12656,1.20785,2.12656,1.65638,9.26773e-05,1.02206,0.04938
7620,49.683,48.7888,49.169,2.11923,1.20396,2.11923,1.65083,9.23776e-05,0.894242,0.04924
7680,49.669,48.828,49.1825,2.11191,1.20008,2.11191,1.6453,9.20429e-05,0.840969,0.04954
7740,49.916,48.8657,49.2322,2.10461,1.19623,2.10461,1.63978,9.17387e-05,1.0503,0.0495
7800,49.714,48.9014,49.247,2.09733,1.19238,2.09733,1.63429,9.14482e-05,0.81264,0.04928
7860,50.095,48.9356,49.31,2.09007,1.18857,2.09007,1.62881,9.11376e-05,1.15941,0.04935
7920,49.929,48.9692,49.3417,2.08283,1.18479,2.08283,1.62335,9.08358e-05,0.959844,0.04934
7980,49.817,49.0026,49.3494,2.07562,1.18095,2.07562,1.61791,9.05331e-05,0.814379,0.04929
8040,49.943,49.0368,49.3791,2.06842,1.17713,2.06842,1.61249,9.02263e-05,0.906233,0.0493
8100,49.664,49.0707,49.3705,2.06125,1.1733,2.06125,1.60708,8.98869e-05,0.593266,0.04971
8160,50.135,49.1037,49.4304,2.0541,1.16949,2.0541,1.6017,8.9601e-05,1.03134,0.04948
8220,49.902,49.135,49.4518,2.04697,1.16572,2.04697,1.59633,8.93e-05,0.766989,0.04947
8280,50.056,49.165,49.4853,2.03987,1.16195,2.03987,1.59098,8.89829e-05,0.890954,0.04966
8340,49.71,49.195,49.4708,2.03279,1.15813,2.03279,1.58565,8.86834e-05,0.515002,0.04959
8400,49.915,49.2248,49.4901,2.02574,1.15431,2.02574,1.58034,8.83612e-05,0.690181,0.0498
8460,49.92,49.2537,49.5143,2.01871,1.15053,2.01871,1.57505,8.80642e-05,0.666345,0.04973
8520,50.147,49.2805,49.5637,2.01171,1.14678,2.01171,1.56977,8.77746e-05,0.866464,0.0496
8580,49.967,49.3061,49.5789,2.00473,1.14304,2.00473,1.56452,8.74781e-05,0.660932,0.04956
8640,49.921,49.3314,49.5838,1.99778,1.13927,1.99778,1.55928,8.71512e-05,0.589563,0.04988
8700,49.821,49.3572,49.5804,1.99085,1.13548,1.99085,1.55406,8.68576e-05,0.463797,0.04976
8760,49.856,49.3824,49.5872,1.98396,1.13169,1.98396,1.54886,8.65441e-05,0.473565,0.04989
8820,49.953,49.4061,49.6103,1.97709,1.12791,1.97709,1.54367,8.62738e-05,0.546928,0.04949
8880,49.915,49.4277,49.6244,1.97024,1.12417,1.97024,1.5385,8.59445e-05,0.487338,0.04986
8940,49.708,49.4478,49.6078,1.96343,1.12038,1.96343,1.53336,8.56488e-05,0.26024,0.04977
9000,50.163,49.467,49.6608,1.95664,1.11665,1.95664,1.52823,8.5347e-05,0.696012,0.04981
9060,50.198,49.4849,49.7102,1.94988,1.113,1.94988,1.52312,8.5037e-05,0.713062,0.05004
9120,49.82,49.5022,49.6903,1.94315,1.1093,1.94315,1.51802,8.47364e-05,0.317847,0.05009
9180,50.027,49.5206,49.7059,1.93645,1.10555,1.93645,1.51295,8.44635e-05,0.506355,0.04976
9240,49.804,49.5399,49.6958,1.92978,1.10183,1.92978,1.50789,8.41477e-05,0.26407,0.04998
9300,50.086,49.5584,49.7267,1.92313,1.09813,1.92313,1.50285,8.38375e-05,0.527587,0.05016
9360,49.891,49.5756,49.7283,1.91652,1.09443,1.91652,1.49783,8.35625e-05,0.315408,0.0499
9420,50.08,49.5916,49.7533,1.90993,1.09074,1.90993,1.49282,8.32612e-05,0.488386,0.04998
9480,50.113,49.6071,49.7813,1.90337,1.0871,1.90337,1.48783,8.29702e-05,0.505879,0.04997
9540,50.134,49.6223,49.804,1.89684,1.08346,1.89684,1.48286,8.26847e-05,0.511683,0.0499
9600,49.804,49.638,49.7769,1.89034,1.07979,1.89034,1.47791,8.2366e-05,0.166047,0.05021
9660,50.208,49.6543,49.8149,1.88386,1.07613,1.88386,1.47298,8.20796e-05,0.553704,0.05014
9720,49.865,49.6702,49.8029,1.87742,1.07248,1.87742,1.46806,8.18133e-05,0.19478,0.04981
9780,49.769,49.6851,49.777,1.871,1.06878,1.871,1.46316,8.14825e-05,0.0838538,0.05025
9840,50.027,49.6994,49.8005,1.86461,1.06512,1.86461,1.45828,8.11948e-05,0.327634,0.05019
9900,49.935,49.7116,49.8084,1.85825,1.06148,1.85825,1.45342,8.09274e-05,0.223399,0.04989
9960,50.165,49.7219,49.8433,1.85191,1.05788,1.85191,1.44857,8.06172e-05,0.443063,0.05017
10020,50.154,49.7316,49.8699,1.84561,1.05431,1.84561,1.44374,8.03606e-05,0.422355,0.0498
10080,49.909,49.7418,49.8533,1.83933,1.05071,1.83933,1.43893,8.00369e-05,0.167243,0.05025
10140,50.226,49.7532,49.887,1.83308,1.04713,1.83308,1.43414,7.97642e-05,0.472818,0.05008
10200,49.895,49.7651,49.8713,1.82686,1.04355,1.82686,1.42936,7.94776e-05,0.129857,0.05008
10260,50.008,49.777,49.8727,1.82067,1.03993,1.82067,1.4246,7.92107e-05,0.23098,0.0498
10320,49.878,49.7887,49.8621,1.81451,1.03634,1.81451,1.41986,7.88915e-05,0.0893201,0.0502
10380,50.218,49.7992,49.9016,1.80837,1.03278,1.80837,1.41513,7.86417e-05,0.418824,0.04976
10440,49.832,49.8083,49.8799,1.80226,1.02922,1.80226,1.41042,7.83477e-05,0.0488805,0.04987
10500,49.772,49.8168,49.8516,1.79618,1.0256,1.79618,1.40573,7.80621e-05,0.0864958,0.04982
10560,49.968,49.8252,49.8653,1.79012,1.02203,1.79012,1.40106,7.77512e-05,0.142848,0.05014
10620,50.246,49.8317,49.9161,1.78409,1.01853,1.78409,1.3964,7.74945e-05,0.414344,0.04985
10680,50.196,49.8364,49.9437,1.77809,1.01508,1.77809,1.39176,7.71896e-05,0.359554,0.05021
10740,50.124,49.8418,49.95,1.77212,1.01161,1.77212,1.38713,7.69221e-05,0.282181,0.05008
10800,50.195,49.8495,49.9664,1.76618,1.00812,1.76618,1.38253,7.66682e-05,0.345507,0.04977
10860,50.197,49.859,49.9816,1.76026,1.00466,1.76026,1.37793,7.63927e-05,0.337974,0.04975
10920,50.009,49.8696,49.967,1.75437,1.00118,1.75437,1.37336,7.61117e-05,0.139421,0.04978
10980,49.908,49.8808,49.9437,1.7485,0.997675,1.7485,1.3688,7.581e-05,0.0369236,0.05005
11040,50.136,49.8917,49.9633,1.74266,0.994212,1.74266,1.36426,7.55249e-05,0.244311,0.05015
11100,50.081,49.9008,49.973,1.73684,0.990765,1.73684,1.35974,7.52716e-05,0.180212,0.04987
11160,49.937,49.9082,49.9571,1.73105,0.987309,1.73105,1.35523,7.49711e-05,0.0287517,0.05017
11220,49.797,49.9152,49.9272,1.72529,0.983806,1.72529,1.35074,7.47221e-05,0.14475,0.04978
11280,50.123,49.9214,49.9547,1.71955,0.980366,1.71955,1.34627,7.44173e-05,0.201591,0.05015
11340,49.881,49.9257,49.9432,1.71383,0.976948,1.71383,1.34181,7.4139e-05,0.0651588,0.05021
11400,50.218,49.9286,49.9779,1.70815,0.973549,1.70815,1.33737,7.38727e-05,0.289422,0.05014
11460,49.87,49.9311,49.9574,1.70248,0.970148,1.70248,1.33294,7.36038e-05,0.0912798,0.0501
11520,49.811,49.934,49.9295,1.69685,0.966702,1.69685,1.32854,7.33226e-05,0.13624,0.05017
11580,50.166,49.9373,49.9654,1.69124,0.9633,1.69124,1.32414,7.30824e-05,0.228668,0.04977
11640,49.827,49.9394,49.9447,1.68565,0.95991,1.68565,1.31977,7.28048e-05,0.12569,0.04985
11700,49.84,49.9408,49.9262,1.68009,0.956487,1.68009,1.31541,7.25341e-05,0.105045,0.04981
11760,50.05,49.9422,49.9477,1.67456,0.953122,1.67456,1.31106,7.22498e-05,0.111361,0.05
11820,50.187,49.9426,49.983,1.66905,0.949821,1.66905,1.30674,7.19761e-05,0.244864,0.05012
11880,49.848,49.9425,49.957,1.66357,0.946485,1.66357,1.30243,7.17132e-05,0.115079,0.05007
11940,49.905,49.9437,49.9439,1.65811,0.943125,1.65811,1.29813,7.14356e-05,0.0471898,0.05018
12000,50.139,49.9458,49.9736,1.65268,0.939806,1.65268,1.29385,7.11981e-05,0.193213,0.04983
12060,50.236,49.9473,50.0087,1.64727,0.936555,1.64727,1.28959,7.09148e-05,0.28874,0.05012
12120,50,49.9487,49.9969,1.64188,0.933275,1.64188,1.28534,7.0674e-05,0.0512632,0.04985
12180,49.822,49.9519,49.9616,1.63652,0.929945,1.63652,1.28111,7.04044e-05,0.153952,0.04989
12240,49.757,49.9564,49.9311,1.63118,0.926609,1.63118,1.27689,7.01207e-05,0.209162,0.0501
12300,49.865,49.96,49.928,1.62587,0.923303,1.62587,1.2727,6.98451e-05,0.09684,0.05024
12360,49.816,49.9609,49.9199,1.62057,0.920007,1.62057,1.26851,6.95957e-05,0.144855,0.05006
12420,50.089,49.9593,49.951,1.61531,0.916742,1.61531,1.26434,6.9357e-05,0.149716,0.04978
12480,49.811,49.9563,49.9336,1.61006,0.913498,1.61006,1.26019,6.9075e-05,0.145304,0.05006
12540,50.003,49.9535,49.9437,1.60484,0.910243,1.60484,1.25605,6.88378e-05,0.062779,0.04977
12600,50.097,49.9515,49.9687,1.59964,0.907057,1.59964,1.25193,6.85494e-05,0.150406,0.05019
12660,50.041,49.9499,49.9757,1.59447,0.903878,1.59447,1.24783,6.83023e-05,0.0919744,0.0501
12720,49.85,49.9495,49.9516,1.58932,0.900655,1.58932,1.24373,6.80652e-05,0.110599,0.04984
12780,50.152,49.9507,49.979,1.58419,0.897463,1.58419,1.23966,6.7813e-05,0.201269,0.0498
12840,50.108,49.9522,49.996,1.57909,0.89432,1.57909,1.2356,6.75584e-05,0.155768,0.04984
12900,50.119,49.9539,50.0054,1.574,0.891198,1.574,1.23155,6.72766e-05,0.165149,0.05024
12960,49.816,49.9567,49.9692,1.56894,0.888025,1.56894,1.22752,6.70436e-05,0.166182,0.04998
13020,49.812,49.9607,49.9431,1.5639,0.884829,1.5639,1.22351,6.67751e-05,0.158816,0.05014
13080,50.214,49.9641,49.988,1.55888,0.881707,1.55888,1.21951,6.65309e-05,0.250533,0.05007
13140,49.949,49.9654,49.9822,1.55388,0.878603,1.55388,1.21552,6.62851e-05,0.0340652,0.05004
13200,49.9,49.966,49.9645,1.5489,0.875455,1.5489,1.21155,6.60508e-05,0.0728521,0.04982
13260,49.994,49.9673,49.9693,1.54395,0.872349,1.54395,1.2076,6.57703e-05,0.0267298,0.05022
13320,50.081,49.9683,49.9869,1.53901,0.869264,1.53901,1.20366,6.55491e-05,0.112707,0.0499
13380,50.228,49.9688,50.0195,1.5341,0.866225,1.5341,1.19974,6.52948e-05,0.259242,0.05004
13440,49.893,49.9696,49.9927,1.52921,0.863165,1.52921,1.19582,6.50452e-05,0.105012,0.0501
13500,50.212,49.9721,50.0182,1.52433,0.860116,1.52433,1.19193,6.48037e-05,0.23995,0.05007
13560,49.762,49.9754,49.9764,1.51948,0.857059,1.51948,1.18805,6.45472e-05,0.23395,0.05022
13620,50.028,49.9788,49.981,1.51465,0.853975,1.51465,1.18418,6.43324e-05,0.0491813,0.04982
13680,50.067,49.9815,49.9975,1.50983,0.850955,1.50983,1.18033,6.40764e-05,0.08546,0.05
13740,49.803,49.9827,49.9666,1.50504,0.847911,1.50504,1.17649,6.38369e-05,0.183615,0.04995
13800,49.82,49.9835,49.946,1.50027,0.844849,1.50027,1.17267,6.35887e-05,0.164106,0.04999
13860,49.96,49.9837,49.956,1.49551,0.841818,1.49551,1.16886,6.33606e-05,0.0236528,0.04981
13920,50.233,49.982,50.0029,1.49078,0.838856,1.49078,1.16507,6.31229e-05,0.261913,0.04982
13980,50.048,49.9794,50.0067,1.48606,0.835913,1.48606,1.16129,6.28818e-05,0.0711814,0.04989
14040,50.217,49.9782,50.0297,1.48137,0.832976,1.48137,1.15752,6.26461e-05,0.238816,0.0499
14100,50.152,49.9794,50.0398,1.4767,0.830061,1.4767,1.15377,6.24081e-05,0.17263,0.04996
14160,49.984,49.9825,50.0206,1.47204,0.827125,1.47204,1.15003,6.21652e-05,0.0377159,0.05006
14220,50.142,49.9873,50.0319,1.46741,0.824199,1.46741,1.14631,6.19303e-05,0.154667,0.05007
14280,49.759,49.9924,49.9869,1.46279,0.821243,1.46279,1.1426,6.17026e-05,0.252942,0.04996
14340,49.805,49.9967,49.9595,1.45819,0.818259,1.45819,1.13891,6.14647e-05,0.197833,0.04995
14400,50.165,49.9994,49.9995,1.45361,0.815346,1.45361,1.13522,6.12389e-05,0.179582,0.04986
14460,49.9989,49.999,49.9916,1.44904,0.812452,1.44904,1.13156,6.09972e-05,0.00803977,0.0499875
14520,49.9989,49.9973,49.9931,1.4445,0.809564,1.4445,1.1279,6.07661e-05,0.00651391,0.0499875
14580,49.9989,49.996,49.9941,1.43997,0.806686,1.43997,1.12427,6.05359e-05,0.00559949,0.0499875
14640,49.9989,49.9952,49.9948,1.43547,0.803817,1.43547,1.12064,6.03064e-05,0.00504031,0.0499875
14700,49.9989,49.9947,49.9952,1.43098,0.800958,1.43098,1.11703,6.00777e-05,0.00471052,0.0499875
14760,49.9989,49.9945,49.9956,1.42651,0.798109,1.42651,1.11343,5.98497e-05,0.004542,0.0499875
14820,49.9989,49.9944,49.9958,1.42206,0.79527,1.42206,1.10985,5.96226e-05,0.00449498,0.0499875
14880,49.9989,49.9945,49.996,1.41762,0.792441,1.41762,1.10628,5.93963e-05,0.00444999,0.0499875
14940,49.9989,49.9946,49.9962,1.41321,0.789622,1.41321,1.10272,5.91707e-05,0.00434654,0.0499875
15000,49.9989,49.9947,49.9964,1.40881,0.786812,1.40881,1.09918,5.8946e-05,0.00420833,0.0499875
15060,49.9989,49.9949,49.9965,1.40443,0.784013,1.40443,1.09565,5.8722e-05,0.00405151,0.0499875
15120,49.9989,49.995,49.9966,1.40007,0.781224,1.40007,1.09213,5.84989e-05,0.00388682,0.0499875
15180,49.9989,49.9952,49.9968,1.39572,0.778444,1.39572,1.08863,5.82765e-05,0.0037208,0.0499875
15240,49.9989,49.9954,49.9969,1.3914,0.775674,1.3914,1.08514,5.80549e-05,0.00355653,0.0499875
15300,49.9989,49.9955,49.997,1.38709,0.772914,1.38709,1.08166,5.78342e-05,0.00339539,0.0499875
15360,49.9989,49.9957,49.9971,1.38279,0.770165,1.38279,1.0782,5.76142e-05,0.00323923,0.0499875
15420,49.9989,49.9958,49.9972,1.37852,0.767424,1.37852,1.07475,5.73949e-05,0.00308796,0.0499875
15480,49.9989,49.996,49.9972,1.37426,0.764694,1.37426,1.07131,5.71765e-05,0.00294277,0.0499875
15540,49.9989,49.9961,49.9973,1.37002,0.761973,1.37002,1.06788,5.69589e-05,0.0028038,0.0499875
15600,49.9989,49.9963,49.9974,1.3658,0.759263,1.3658,1.06447,5.6742e-05,0.00267098,0.0499875
15660,49.9989,49.9964,49.9975,1.36159,0.756562,1.36159,1.06108,5.65259e-05,0.00254383,0.0499875
15720,49.9989,49.9965,49.9975,1.3574,0.75387,1.3574,1.05769,5.63106e-05,0.00242289,0.0499875
15780,49.9989,49.9966,49.9976,1.35323,0.751189,1.35323,1.05432,5.60961e-05,0.00230789,0.0499875
15840,49.9989,49.9967,49.9977,1.34907,0.748517,1.34907,1.05096,5.58823e-05,0.00219793,0.0499875
15900,49.9989,49.9968,49.9977,1.34493,0.745854,1.34493,1.04761,5.56693e-05,0.00209328,0.0499875
15960,49.9989,49.9969,49.9978,1.3408,0.743202,1.3408,1.04428,5.54571e-05,0.0019937,0.0499875
16020,49.9989,49.997,49.9978,1.3367,0.740559,1.3367,1.04096,5.52457e-05,0.00189861,0.0499875
16080,49.9989,49.9971,49.9979,1.33261,0.737925,1.33261,1.03765,5.5035e-05,0.00180793,0.0499875
16140,49.9989,49.9972,49.9979,1.32853,0.735301,1.32853,1.03435,5.48251e-05,0.00172141,0.0499875
16200,49.9989,49.9973,49.998,1.32447,0.732687,1.32447,1.03107,5.46159e-05,0.00163894,0.0499875
16260,49.9989,49.9974,49.998,1.32043,0.730081,1.32043,1.0278,5.44075e-05,0.00156028,0.0499875
16320,49.9989,49.9974,49.9981,1.3164,0.727486,1.3164,1.02454,5.41999e-05,0.00148524,0.0499875
16380,49.9989,49.9975,49.9981,1.31239,0.7249,1.31239,1.0213,5.3993e-05,0.00141372,0.0499875
16440,49.9989,49.9976,49.9982,1.3084,0.722323,1.3084,1.01806,5.37868e-05,0.00134554,0.0499875
16500,49.9989,49.9977,49.9982,1.30442,0.719756,1.30442,1.01484,5.35815e-05,0.00128058,0.0499875
16560,49.9989,49.9977,49.9982,1.30045,0.717198,1.30045,1.01163,5.33768e-05,0.0012187,0.0499875
16620,49.9989,49.9978,49.9983,1.2965,0.714649,1.2965,1.00844,5.31729e-05,0.00115974,0.0499875
16680,49.9989,49.9978,49.9983,1.29257,0.71211,1.29257,1.00525,5.29698e-05,0.00110354,0.0499875
16740,49.9989,49.9979,49.9983,1.28865,0.70958,1.28865,1.00208,5.27674e-05,0.00105003,0.0499875
16800,49.9989,49.9979,49.9984,1.28475,0.707059,1.28475,0.998919,5.25657e-05,0.000999105,0.0499875
16860,49.9989,49.998,49.9984,1.28087,0.704547,1.28087,0.995771,5.23648e-05,0.000950639,0.0499875
16920,49.9989,49.998,49.9984,1.27699,0.702045,1.27699,0.992635,5.21646e-05,0.000904442,0.0499875
16980,49.9989,49.9981,49.9984,1.27314,0.699551,1.27314,0.989511,5.19651e-05,0.000860456,0.0499875
17040,49.9989,49.9981,49.9985,1.2693,0.697067,1.2693,0.986399,5.17664e-05,0.000818578,0.0499875
17100,49.9989,49.9982,49.9985,1.26547,0.694592,1.26547,0.983299,5.15684e-05,0.000778708,0.0499875
17160,49.9989,49.9982,49.9985,1.26166,0.692126,1.26166,0.980211,5.13711e-05,0.000740739,0.0499875
17220,49.9989,49.9982,49.9985,1.25786,0.689669,1.25786,0.977135,5.11745e-05,0.000704581,0.0499875
17280,49.9989,49.9983,49.9986,1.25408,0.687221,1.25408,0.97407,5.09787e-05,0.000670147,0.0499875
17340,49.9989,49.9983,49.9986,1.25032,0.684782,1.25032,0.971017,5.07836e-05,0.000637353,0.0499875
17400,49.9989,49.9983,49.9986,1.24656,0.682352,1.24656,0.967976,5.05891e-05,0.000606124,0.0499875
17460,49.9989,49.9984,49.9986,1.24283,0.679931,1.24283,0.964947,5.03955e-05,0.000576393,0.0499875
17520,49.9989,49.9984,49.9986,1.2391,0.677519,1.2391,0.961929,5.02025e-05,0.000548088,0.0499875
17580,49.9989,49.9984,49.9986,1.2354,0.675115,1.2354,0.958922,5.00102e-05,0.000521145,0.0499875
17640,49.9989,49.9984,49.9987,1.2317,0.672721,1.2317,0.955927,4.98187e-05,0.000495501,0.0499875
17700,49.9989,49.9985,49.9987,1.22802,0.670335,1.22802,0.952944,4.96278e-05,0.000471069,0.0499875
17760,49.9989,49.9985,49.9987,1.22436,0.667958,1.22436,0.949972,4.94376e-05,0.000447814,0.0499875
17820,49.9989,49.9985,49.9987,1.22071,0.66559,1.22071,0.947012,4.92482e-05,0.000425684,0.0499875
17880,49.9989,49.9985,49.9987,1.21707,0.66323,1.21707,0.944062,4.90594e-05,0.000404633,0.0499875
17940,49.9989,49.9985,49.9987,1.21345,0.66088,1.21345,0.941124,4.88714e-05,0.000384619,0.0499875
18000,49.9989,49.9986,49.9987,1.20984,0.658537,1.20984,0.938198,4.8684e-05,0.000365591,0.0499875
18060,49.9989,49.9986,49.9987,1.20624,0.656204,1.20624,0.935282,4.84973e-05,0.000347448,0.0499875
18120,49.9989,49.9986,49.9987,1.20266,0.653879,1.20266,0.932378,4.83113e-05,0.000330189,0.0499875
18180,49.9989,49.9986,49.9988,1.1991,0.651563,1.1991,0.929485,4.8126e-05,0.000313774,0.0499875
18240,49.9989,49.9986,49.9988,1.19554,0.649255,1.19554,0.926603,4.79414e-05,0.000298167,0.0499875
18300,49.9989,49.9987,49.9988,1.192,0.646956,1.192,0.923732,4.77575e-05,0.000283338,0.0499875
18360,49.9989,49.9987,49.9988,1.18848,0.644665,1.18848,0.920872,4.75742e-05,0.000269241,0.0499875
18420,49.9989,49.9987,49.9988,1.18497,0.642383,1.18497,0.918023,4.73916e-05,0.000255808,0.0499875
18480,49.9989,49.9987,49.9988,1.18147,0.640109,1.18147,0.915185,4.72097e-05,0.000243033,0.0499875
18540,49.9989,49.9987,49.9988,1.17798,0.637844,1.17798,0.912358,4.70285e-05,0.000230885,0.0499875
18600,49.9989,49.9987,49.9988,1.17451,0.635586,1.17451,0.909542,4.68479e-05,0.000219337,0.0499875
18660,49.9989,49.9987,49.9988,1.17106,0.633338,1.17106,0.906736,4.6668e-05,0.000208362,0.0499875
18720,49.9989,49.9987,49.9988,1.16761,0.631097,1.16761,0.903941,4.64888e-05,0.000197928,0.0499875
18780,49.9989,49.9987,49.9988,1.16418,0.628865,1.16418,0.901157,4.63102e-05,0.000187995,0.0499875
18840,49.9989,49.9988,49.9988,1.16076,0.626641,1.16076,0.898384,4.61323e-05,0.000178551,0.0499875
18900,49.9989,49.9988,49.9988,1.15736,0.624426,1.15736,0.895622,4.5955e-05,0.000169572,0.0499875
18960,49.9989,49.9988,49.9988,1.15397,0.622218,1.15397,0.89287,4.57784e-05,0.000161039,0.0499875
19020,49.9989,49.9988,49.9988,1.15059,0.620019,1.15059,0.890128,4.56025e-05,0.000152933,0.0499875
19080,49.9989,49.9988,49.9989,1.14722,0.617828,1.14722,0.887397,4.54272e-05,0.000145228,0.0499875
19140,49.9989,49.9988,49.9989,1.14387,0.615645,1.14387,0.884677,4.52526e-05,0.000137899,0.0499875
19200,49.9989,49.9988,49.9989,1.14053,0.61347,1.14053,0.881967,4.50786e-05,0.000130933,0.0499875
19260,49.9989,49.9988,49.9989,1.1372,0.611303,1.1372,0.879267,4.49052e-05,0.000124313,0.0499875
19320,49.9989,49.9988,49.9989,1.13389,0.609144,1.13389,0.876578,4.47325e-05,0.000118021,0.0499875
19380,49.9989,49.9988,49.9989,1.13059,0.606993,1.13059,0.873899,4.45604e-05,0.000112043,0.0499875
19440,49.9989,49.9988,49.9989,1.1273,0.60485,1.1273,0.871231,4.4389e-05,0.000106364,0.0499875
19500,49.9989,49.9988,49.9989,1.12403,0.602715,1.12403,0.868573,4.42182e-05,0.000100969,0.0499875
19560,49.9989,49.9988,49.9989,1.12076,0.600588,1.12076,0.865925,4.4048e-05,9.58439e-05,0.0499875
19620,49.9989,49.9988,49.9989,1.11751,0.598469,1.11751,0.863287,4.38785e-05,9.09757e-05,0.0499875
19680,49.9989,49.9988,49.9989,1.11427,0.596358,1.11427,0.860659,4.37096e-05,8.63517e-05,0.0499875
19740,49.9989,49.9989,49.9989,1.11105,0.594254,1.11105,0.858042,4.35413e-05,8.19595e-05,0.0499875
19800,49.9989,49.9989,49.9989,1.10784,0.592159,1.10784,0.855434,4.33737e-05,7.77871e-05,0.0499875
19860,49.9989,49.9989,49.9989,1.10463,0.590071,1.10463,0.852837,4.32066e-05,7.38248e-05,0.0499875
19920,49.9989,49.9989,49.9989,1.10145,0.58799,1.10145,0.85025,4.30402e-05,7.00646e-05,0.0499875
19980,49.9989,49.9989,49.9989,1.09827,0.585918,1.09827,0.847672,4.28744e-05,6.64939e-05,0.0499875
20040,49.9989,49.9989,49.9989,1.09511,0.583853,1.09511,0.845105,4.27093e-05,6.31029e-05,0.0499875
20100,49.9989,49.9989,49.9989,1.09195,0.581796,1.09195,0.842547,4.25447e-05,5.98817e-05,0.0499875
20160,49.9989,49.9989,49.9989,1.08881,0.579747,1.08881,0.839999,4.23807e-05,5.68209e-05,0.0499875
20220,49.9989,49.9989,49.9989,1.08569,0.577705,1.08569,0.837461,4.22174e-05,5.39112e-05,0.0499875
20280,49.9989,49.9989,49.9989,1.08257,0.575671,1.08257,0.834933,4.20546e-05,5.11457e-05,0.0499875
20340,49.9989,49.9989,49.9989,1.07947,0.573644,1.07947,0.832415,4.18925e-05,4.8526e-05,0.0499875
20400,49.9989,49.9989,49.9989,1.07637,0.571625,1.07637,0.829906,4.1731e-05,4.60384e-05,0.0499875
20460,49.9989,49.9989,49.9989,1.0733,0.569613,1.0733,0.827407,4.157e-05,4.3676e-05,0.0499875
20520,49.9989,49.9989,49.9989,1.07023,0.567609,1.07023,0.824918,4.14097e-05,4.14322e-05,0.0499875
20580,49.9989,49.9989,49.9989,1.06717,0.565612,1.06717,0.822438,4.125e-05,3.93008e-05,0.0499875
20640,49.9989,49.9989,49.9989,1.06413,0.563623,1.06413,0.819968,4.10908e-05,3.72753e-05,0.0499875
20700,49.9989,49.9989,49.9989,1.06109,0.561641,1.06109,0.817507,4.09322e-05,3.53503e-05,0.0499875
20760,49.9989,49.9989,49.9989,1.05807,0.559666,1.05807,0.815056,4.07743e-05,3.3526e-05,0.0499875
20820,49.9989,49.9989,49.9989,1.05506,0.557699,1.05506,0.812614,4.06169e-05,3.17941e-05,0.0499875
20880,49.9989,49.9989,49.9989,1.05206,0.555739,1.05206,0.810182,4.04601e-05,3.015e-05,0.0499875
20940,49.9989,49.9989,49.9989,1.04908,0.553786,1.04908,0.807759,4.03039e-05,2.85894e-05,0.0499875
21000,49.9989,49.9989,49.9989,1.0461,0.551841,1.0461,0.805345,4.01482e-05,2.7108e-05,0.0499875
21060,49.9989,49.9989,49.9989,1.04314,0.549902,1.04314,0.802941,3.99932e-05,2.57021e-05,0.0499875
21120,49.9989,49.9989,49.9989,1.04019,0.547971,1.04019,0.800546,3.98387e-05,2.43677e-05,0.0499875
21180,49.9989,49.9989,49.9989,1.03724,0.546047,1.03724,0.79816,3.96848e-05,2.31019e-05,0.0499875
21240,49.9989,49.9989,49.9989,1.03431,0.544131,1.03431,0.795784,3.95315e-05,2.1901e-05,0.0499875
21300,49.9989,49.9989,49.9989,1.0314,0.542221,1.0314,0.793417,3.93787e-05,2.07616e-05,0.0499875
21360,49.9989,49.9989,49.9989,1.02849,0.540319,1.02849,0.791058,3.92265e-05,1.96806e-05,0.0499875
21420,49.9989,49.9989,49.9989,1.02559,0.538423,1.02559,0.788709,3.90749e-05,1.8655e-05,0.0499875
21480,49.9989,49.9989,49.9989,1.02271,0.536535,1.02271,0.786369,3.89238e-05,1.76817e-05,0.0499875
21540,49.9989,49.9989,49.9989,1.01983,0.534654,1.01983,0.784039,3.87733e-05,1.67579e-05,0.0499875
21600,49.9989,49.9989,49.9989,1.01697,0.532779,1.01697,0.781717,3.86233e-05,1.58825e-05,0.0499875
21660,49.9989,49.9989,49.9989,1.01412,0.530912,1.01412,0.779404,3.84739e-05,1.50528e-05,0.0499875
21720,49.9989,49.9989,49.9989,1.01127,0.529051,1.01127,0.7771,3.83251e-05,1.42659e-05,0.0499875
21780,49.9989,49.9989,49.9989,1.00844,0.527198,1.00844,0.774805,3.81768e-05,1.35194e-05,0.0499875
21840,49.9989,49.9989,49.9989,1.00562,0.525351,1.00562,0.772518,3.80291e-05,1.28111e-05,0.0499875
21900,49.9989,49.9989,49.9989,1.00282,0.523511,1.00282,0.770241,3.78819e-05,1.21387e-05,0.0499875
21960,49.9989,49.9989,49.9989,1.00002,0.521678,1.00002,0.767973,3.77353e-05,1.15001e-05,0.0499875
22020,49.9989,49.9989,49.9989,0.99723,0.519852,0.99723,0.765713,3.75892e-05,1.08964e-05,0.0499875
22080,49.9989,49.9989,49.9989,0.994453,0.518033,0.994453,0.763462,3.74436e-05,1.03263e-05,0.0499875
22140,49.9989,49.9989,49.9989,0.991687,0.51622,0.991687,0.76122,3.72986e-05,9.78617e-06,0.0499875
22200,49.9989,49.9989,49.9989,0.988931,0.514414,0.988931,0.758986,3.71542e-05,9.27444e-06,0.0499875
22260,49.9989,49.9989,49.9989,0.986186,0.512615,0.986186,0.756761,3.70102e-05,8.78946e-06,0.0499875
22320,49.9989,49.9989,49.9989,0.983452,0.510823,0.983452,0.754545,3.68668e-05,8.32958e-06,0.0499875
22380,49.9989,49.9989,49.9989,0.980728,0.509037,0.980728,0.752337,3.6724e-05,7.8932e-06,0.0499875
22440,49.9989,49.9989,49.9989,0.978014,0.507258,0.978014,0.750138,3.65816e-05,7.47867e-06,0.0499875
22500,49.9989,49.9989,49.9989,0.975311,0.505485,0.975311,0.747947,3.64398e-05,7.08438e-06,0.0499875
22560,49.9989,49.9989,49.9989,0.972618,0.503719,0.972618,0.745765,3.62986e-05,6.70863e-06,0.0499875
22620,49.9989,49.9989,49.9989,0.969935,0.50196,0.969935,0.743591,3.61578e-05,6.35726e-06,0.0499875
22680,49.9989,49.9989,49.9989,0.967263,0.500207,0.967263,0.741426,3.60176e-05,6.02512e-06,0.0499875
22740,49.9989,49.9989,49.9989,0.9646,0.498461,0.9646,0.739269,3.58779e-05,5.71056e-06,0.0499875
22800,49.9989,49.9989,49.9989,0.961948,0.496721,0.961948,0.737121,3.57387e-05,5.41255e-06,0.0499875
22860,49.9989,49.9989,49.9989,0.959306,0.494988,0.959306,0.734981,3.56e-05,5.13007e-06,0.0499875
22920,49.9989,49.9989,49.9989,0.956675,0.493261,0.956675,0.732849,3.54619e-05,4.86209e-06,0.0499875
22980,49.9989,49.9989,49.9989,0.954053,0.49154,0.954053,0.730725,3.53242e-05,4.6076e-06,0.0499875
23040,49.9989,49.9989,49.9989,0.951441,0.489826,0.951441,0.72861,3.51871e-05,4.36556e-06,0.0499875
23100,49.9989,49.9989,49.9989,0.948839,0.488119,0.948839,0.726503,3.50505e-05,4.13495e-06,0.0499875
23160,49.9989,49.9989,49.9989,0.946248,0.486417,0.946248,0.724404,3.49144e-05,3.91572e-06,0.0499875
23220,49.9989,49.9989,49.9989,0.943666,0.484722,0.943666,0.722313,3.47788e-05,3.71093e-06,0.0499875
23280,49.9989,49.9989,49.9989,0.941094,0.483033,0.941094,0.72023,3.46437e-05,3.51687e-06,0.0499875
23340,49.9989,49.9989,49.9989,0.938531,0.481351,0.938531,0.718156,3.45091e-05,3.33293e-06,0.0499875
23400,49.9989,49.9989,49.9989,0.935979,0.479675,0.935979,0.716089,3.4375e-05,3.15849e-06,0.0499875
23460,49.9989,49.9989,49.9989,0.933436,0.478005,0.933436,0.714031,3.42414e-05,2.99297e-06,0.0499875
23520,49.9989,49.9989,49.9989,0.930903,0.476341,0.930903,0.71198,3.41083e-05,2.83578e-06,0.0499875
23580,49.9989,49.9989,49.9989,0.92838,0.474683,0.92838,0.709938,3.39757e-05,2.68633e-06,0.0499875
23640,49.9989,49.9989,49.9989,0.925866,0.473032,0.925866,0.707903,3.38436e-05,2.54407e-06,0.0499875
23700,49.9989,49.9989,49.9989,0.923362,0.471387,0.923362,0.705877,3.37119e-05,2.4084e-06,0.0499875
23760,49.9989,49.9989,49.9989,0.920868,0.469748,0.920868,0.703858,3.35808e-05,2.28009e-06,0.0499875
23820,49.9989,49.9989,49.9989,0.918383,0.468114,0.918383,0.701847,3.34502e-05,2.15938e-06,0.0499875
23880,49.9989,49.9989,49.9989,0.915907,0.466487,0.915907,0.699844,3.332e-05,2.04489e-06,0.0499875
23940,49.9989,49.9989,49.9989,0.913441,0.464867,0.913441,0.697848,3.31903e-05,1.93627e-06,0.0499875
24000,49.9989,49.9989,49.9989,0.910985,0.463252,0.910985,0.695861,3.30611e-05,1.83319e-06,0.0499875
24060,49.9989,49.9989,49.9989,0.908537,0.461643,0.908537,0.693881,3.29324e-05,1.73534e-06,0.0499875
24120,49.9989,49.9989,49.9989,0.906099,0.46004,0.906099,0.691909,3.28042e-05,1.6424e-06,0.0499875
24180,49.9989,49.9989,49.9989,0.903671,0.458443,0.903671,0.689945,3.26764e-05,1.55409e-06,0.0499875
24240,49.9989,49.9989,49.9989,0.901251,0.456852,0.901251,0.687988,3.25491e-05,1.47009e-06,0.0499875
24300,49.9989,49.9989,49.9989,0.898841,0.455267,0.898841,0.686039,3.24223e-05,1.39012e-06,0.0499875
24360,49.9989,49.9989,49.9989,0.89644,0.453687,0.89644,0.684097,3.2296e-05,1.31483e-06,0.0499875
24420,49.9989,49.9989,49.9989,0.894049,0.452114,0.894049,0.682163,3.21701e-05,1.24368e-06,0.0499875
24480,49.9989,49.9989,49.9989,0.891666,0.450547,0.891666,0.680237,3.20447e-05,1.17628e-06,0.0499875
24540,49.9989,49.9989,49.9989,0.889292,0.448985,0.889292,0.678318,3.19198e-05,1.11245e-06,0.0499875
24600,49.9989,49.9989,49.9989,0.886928,0.447429,0.886928,0.676406,3.17953e-05,1.052e-06,0.0499875
24660,49.9989,49.9989,49.9989,0.884573,0.445879,0.884573,0.674502,3.16713e-05,9.94758e-07,0.0499875
24720,49.9989,49.9989,49.9989,0.882226,0.444335,0.882226,0.672606,3.15478e-05,9.40549e-07,0.0499875
24780,49.9989,49.9989,49.9989,0.879889,0.442796,0.879889,0.670717,3.14247e-05,8.892e-07,0.0499875
24840,49.9989,49.9989,49.9989,0.87756,0.441263,0.87756,0.668835,3.13021e-05,8.40536e-07,0.0499875
24900,49.9989,49.9989,49.9989,0.87524,0.439736,0.87524,0.66696,3.11799e-05,7.94434e-07,0.0499875
24960,49.9989,49.9989,49.9989,0.872929,0.438215,0.872929,0.665093,3.10582e-05,7.51266e-07,0.0499875
25020,49.9989,49.9989,49.9989,0.870627,0.436699,0.870627,0.663233,3.09369e-05,7.10521e-07,0.0499875
25080,49.9989,49.9989,49.9989,0.868334,0.435189,0.868334,0.661381,3.08161e-05,6.72067e-07,0.0499875
25140,49.9989,49.9989,49.9989,0.866049,0.433684,0.866049,0.659535,3.06957e-05,6.3577e-07,0.0499875
25200,49.9989,49.9989,49.9989,0.863774,0.432185,0.863774,0.657697,3.05758e-05,6.01494e-07,0.0499875
25260,49.9989,49.9989,49.9989,0.861506,0.430692,0.861506,0.655866,3.04563e-05,5.691e-07,0.0499875
25320,49.9989,49.9989,49.9989,0.859248,0.429204,0.859248,0.654043,3.03373e-05,5.38445e-07,0.0499875
25380,49.9989,49.9989,49.9989,0.856998,0.427722,0.856998,0.652226,3.02187e-05,5.0938e-07,0.0499875
25440,49.9989,49.9989,49.9989,0.854757,0.426245,0.854757,0.650416,3.01006e-05,4.81749e-07,0.0499875
25500,49.9989,49.9989,49.9989,0.852524,0.424774,0.852524,0.648614,2.99829e-05,4.55758e-07,0.0499875
25560,49.9989,49.9989,49.9989,0.8503,0.423308,0.8503,0.646818,2.98656e-05,4.31701e-07,0.0499875
25620,49.9989,49.9989,49.9989,0.848084,0.421847,0.848084,0.64503,2.97488e-05,4.09029e-07,0.0499875
25680,49.9989,49.9989,49.9989,0.845876,0.420392,0.845876,0.643248,2.96324e-05,3.87641e-07,0.0499875
25740,49.9989,49.9989,49.9989,0.843678,0.418943,0.843678,0.641474,2.95164e-05,3.67433e-07,0.0499875
25800,49.9989,49.9989,49.9989,0.841487,0.417499,0.841487,0.639706,2.94009e-05,3.48299e-07,0.0499875
25860,49.9989,49.9989,49.9989,0.839305,0.41606,0.839305,0.637946,2.92858e-05,3.30127e-07,0.0499875
25920,49.9989,49.9989,49.9989,0.837131,0.414627,0.837131,0.636192,2.91711e-05,3.12803e-07,0.0499875
25980,49.9989,49.9989,49.9989,0.834965,0.413199,0.834965,0.634445,2.90569e-05,2.96206e-07,0.0499875
26040,49.9989,49.9989,49.9989,0.832808,0.411776,0.832808,0.632705,2.89431e-05,2.8021e-07,0.0499875
26100,49.9989,49.9989,49.9989,0.830659,0.410358,0.830659,0.630972,2.88297e-05,2.65101e-07,0.0499875
26160,49.9989,49.9989,49.9989,0.828518,0.408946,0.828518,0.629246,2.87167e-05,2.51268e-07,0.0499875
26220,49.9989,49.9989,49.9989,0.826385,0.407539,0.826385,0.627526,2.86041e-05,2.38146e-07,0.0499875
26280,49.9989,49.9989,49.9989,0.82426,0.406138,0.82426,0.625813,2.8492e-05,2.25683e-07,0.0499875
26340,49.9989,49.9989,49.9989,0.822144,0.404741,0.822144,0.624107,2.83803e-05,2.1383e-07,0.0499875
26400,49.9989,49.9989,49.9989,0.820035,0.40335,0.820035,0.622408,2.8269e-05,2.02535e-07,0.0499875
26460,49.9989,49.9989,49.9989,0.817935,0.401964,0.817935,0.620715,2.81581e-05,1.91751e-07,0.0499875
26520,49.9989,49.9989,49.9989,0.815842,0.400583,0.815842,0.619029,2.80476e-05,1.81433e-07,0.0499875
26580,49.9989,49.9989,49.9989,0.813758,0.399207,0.813758,0.617349,2.79375e-05,1.71532e-07,0.0499875
26640,49.9989,49.9989,49.9989,0.811681,0.397836,0.811681,0.615676,2.78279e-05,1.62005e-07,0.0499875
26700,49.9989,49.9989,49.9989,0.809613,0.396471,0.809613,0.61401,2.77186e-05,1.52934e-07,0.0499875
26760,49.9989,49.9989,49.9989,0.807552,0.39511,0.807552,0.61235,2.76098e-05,1.44433e-07,0.0499875
26820,49.9989,49.9989,49.9989,0.805499,0.393755,0.805499,0.610697,2.75014e-05,1.36333e-07,0.0499875
26880,49.9989,49.9989,49.9989,0.803454,0.392404,0.803454,0.60905,2.73933e-05,1.2862e-07,0.0499875
26940,49.9989,49.9989,49.9989,0.801416,0.391059,0.801416,0.607409,2.72857e-05,1.21287e-07,0.0499875
27000,49.9989,49.9989,49.9989,0.799387,0.389718,0.799387,0.605775,2.71785e-05,1.14325e-07,0.0499875
27060,49.9989,49.9989,49.9989,0.797365,0.388383,0.797365,0.604148,2.70716e-05,1.07732e-07,0.0499875
27120,49.9989,49.9989,49.9989,0.795351,0.387053,0.795351,0.602527,2.69652e-05,1.01506e-07,0.0499875
27180,49.9989,49.9989,49.9989,0.793344,0.385727,0.793344,0.600912,2.68592e-05,9.56501e-08,0.0499875
27240,49.9989,49.9989,49.9989,0.791345,0.384407,0.791345,0.599304,2.67535e-05,9.01698e-08,0.0499875
27300,49.9989,49.9989,49.9989,0.789354,0.383091,0.789354,0.597702,2.66483e-05,8.49749e-08,0.0499875
27360,49.9989,49.9989,49.9989,0.78737,0.38178,0.78737,0.596106,2.65434e-05,7.99529e-08,0.0499875
27420,49.9989,49.9989,49.9989,0.785394,0.380474,0.785394,0.594516,2.64389e-05,7.52149e-08,0.0499875
27480,49.9989,49.9989,49.9989,0.783426,0.379173,0.783426,0.592933,2.63349e-05,7.07531e-08,0.0499875
27540,49.9989,49.9989,49.9989,0.781464,0.377877,0.781464,0.591356,2.62312e-05,6.65599e-08,0.0499875
27600,49.9989,49.9989,49.9989,0.779511,0.376586,0.779511,0.589785,2.61279e-05,6.26277e-08,0.0499875
27660,49.9989,49.9989,49.9989,0.777564,0.375299,0.777564,0.588221,2.6025e-05,5.8949e-08,0.0499875
27720,49.9989,49.9989,49.9989,0.775626,0.374018,0.775626,0.586662,2.59224e-05,5.55157e-08,0.0499875
27780,49.9989,49.9989,49.9989,0.773694,0.372741,0.773694,0.58511,2.58203e-05,5.23195e-08,0.0499875
27840,49.9989,49.9989,49.9989,0.77177,0.371469,0.77177,0.583564,2.57185e-05,4.93515e-08,0.0499875
27900,49.9989,49.9989,49.9989,0.769853,0.370201,0.769853,0.582024,2.56171e-05,4.65913e-08,0.0499875
27960,49.9989,49.9989,49.9989,0.767944,0.368939,0.767944,0.58049,2.55161e-05,4.40145e-08,0.0499875
28020,49.9989,49.9989,49.9989,0.766041,0.367681,0.766041,0.578962,2.54154e-05,4.16206e-08,0.0499875
28080,49.9989,49.9989,49.9989,0.764146,0.366427,0.764146,0.57744,2.53152e-05,3.93941e-08,0.0499875
28140,49.9989,49.9989,49.9989,0.762259,0.365179,0.762259,0.575924,2.52153e-05,3.7318e-08,0.0499875
28200,49.9989,49.9989,49.9989,0.760378,0.363935,0.760378,0.574414,2.51158e-05,3.53736e-08,0.0499875
28260,49.9989,49.9989,49.9989,0.758504,0.362695,0.758504,0.57291,2.50166e-05,3.35402e-08,0.0499875
28320,49.9989,49.9989,49.9989,0.756638,0.361461,0.756638,0.571412,2.49178e-05,3.1795e-08,0.0499875
28380,49.9989,49.9989,49.9989,0.754779,0.36023,0.754779,0.56992,2.48194e-05,3.0113e-08,0.0499875
28440,49.9989,49.9989,49.9989,0.752926,0.359005,0.752926,0.568434,2.47214e-05,2.84668e-08,0.0499875
28500,49.9989,49.9989,49.9989,0.751081,0.357784,0.751081,0.566954,2.46237e-05,2.69388e-08,0.0499875
28560,49.9989,49.9989,49.9989,0.749243,0.356567,0.749243,0.565479,2.45264e-05,2.56375e-08,0.0499875
28620,49.9989,49.9989,49.9989,0.747412,0.355356,0.747412,0.56401,2.44294e-05,2.44157e-08,0.0499875
28680,49.9989,49.9989,49.9989,0.745588,0.354148,0.745588,0.562548,2.43328e-05,2.32627e-08,0.0499875
28740,49.9989,49.9989,49.9989,0.74377,0.352945,0.74377,0.56109,2.42366e-05,2.21669e-08,0.0499875
28800,49.9989,49.9989,49.9989,0.74196,0.351747,0.74196,0.559639,2.41407e-05,2.1117e-08,0.0499875
28860,49.9989,49.9989,49.9989,0.740156,0.350553,0.740156,0.558194,2.40452e-05,2.01006e-08,0.0499875
28920,49.9989,49.9989,49.9989,0.73836,0.349364,0.73836,0.556754,2.39501e-05,1.91055e-08,0.0499875
28980,49.9989,49.9989,49.9989,0.73657,0.348179,0.73657,0.55532,2.38553e-05,1.81187e-08,0.0499875
29040,49.9989,49.9989,49.9989,0.734787,0.346998,0.734787,0.553891,2.37608e-05,1.71266e-08,0.0499875
29100,49.9989,49.9989,49.9989,0.73301,0.345822,0.73301,0.552468,2.36667e-05,1.6176e-08,0.0499875
29160,49.9989,49.9989,49.9989,0.731241,0.34465,0.731241,0.551051,2.3573e-05,1.53288e-08,0.0499875
29220,49.9989,49.9989,49.9989,0.729478,0.343483,0.729478,0.549639,2.34796e-05,1.45095e-08,0.0499875
29280,49.9989,49.9989,49.9989,0.727722,0.342319,0.727722,0.548233,2.33866e-05,1.37174e-08,0.0499875
29340,49.9989,49.9989,49.9989,0.725972,0.341161,0.725972,0.546833,2.32939e-05,1.29525e-08,0.0499875
29400,49.9989,49.9989,49.9989,0.724229,0.340006,0.724229,0.545438,2.32015e-05,1.22159e-08,0.0499875
29460,49.9989,49.9989,49.9989,0.722493,0.338856,0.722493,0.544049,2.31095e-05,1.15095e-08,0.0499875
29520,49.9989,49.9989,49.9989,0.720763,0.337711,0.720763,0.542665,2.30178e-05,1.08363e-08,0.0499875
29580,49.9989,49.9989,49.9989,0.71904,0.336569,0.71904,0.541287,2.29265e-05,1.02004e-08,0.0499875
29640,49.9989,49.9989,49.9989,0.717324,0.335432,0.717324,0.539914,2.28355e-05,9.60694e-09,0.0499875
29700,49.9989,49.9989,49.9989,0.715614,0.334299,0.715614,0.538546,2.27449e-05,9.03026e-09,0.0499875
29760,49.9989,49.9989,49.9989,0.71391,0.33317,0.71391,0.537184,2.26546e-05,8.43767e-09,0.0499875
29820,49.9989,49.9989,49.9989,0.712213,0.332046,0.712213,0.535828,2.25646e-05,7.86935e-09,0.0499875
29880,49.9989,49.9989,49.9989,0.710522,0.330925,0.710522,0.534477,2.2475e-05,7.32706e-09,0.0499875
29940,49.9989,49.9989,49.9989,0.708838,0.329809,0.708838,0.533131,2.23857e-05,6.8132e-09,0.0499875
30000,49.9989,49.9989,49.9989,0.70716,0.328697,0.70716,0.53179,2.22968e-05,6.33048e-09,0.0499875
30060,49.9989,49.9989,49.9989,0.705488,0.327589,0.705488,0.530455,2.22081e-05,5.8821e-09,0.0499875
30120,49.9989,49.9989,49.9989,0.703823,0.326486,0.703823,0.529125,2.21198e-05,5.47169e-09,0.0499875
30180,49.9989,49.9989,49.9989,0.702164,0.325386,0.702164,0.527801,2.20319e-05,5.10329e-09,0.0499875
30240,49.9989,49.9989,49.9989,0.700512,0.324291,0.700512,0.526482,2.19443e-05,4.78133e-09,0.0499875
30300,49.9989,49.9989,49.9989,0.698865,0.323199,0.698865,0.525168,2.18569e-05,4.48131e-09,0.0499875
30360,49.9989,49.9989,49.9989,0.697225,0.322112,0.697225,0.523859,2.177e-05,4.17145e-09,0.0499875
30420,49.9989,49.9989,49.9989,0.695591,0.321029,0.695591,0.522555,2.16833e-05,3.88678e-09,0.0499875
30480,49.9989,49.9989,49.9989,0.693963,0.31995,0.693963,0.521257,2.1597e-05,3.62616e-09,0.0499875
30540,49.9989,49.9989,49.9989,0.692342,0.318875,0.692342,0.519964,2.1511e-05,3.38821e-09,0.0499875
30600,49.9989,49.9989,49.9989,0.690726,0.317804,0.690726,0.518675,2.14253e-05,3.17107e-09,0.0499875
30660,49.9989,49.9989,49.9989,0.689117,0.316737,0.689117,0.517392,2.13399e-05,2.97263e-09,0.0499875
30720,49.9989,49.9989,49.9989,0.687514,0.315674,0.687514,0.516115,2.12549e-05,2.79016e-09,0.0499875
30780,49.9989,49.9989,49.9989,0.685917,0.314615,0.685917,0.514842,2.11702e-05,2.6206e-09,0.0499875
30840,49.9989,49.9989,49.9989,0.684326,0.31356,0.684326,0.513574,2.10858e-05,2.46035e-09,0.0499875
30900,49.9989,49.9989,49.9989,0.682741,0.312509,0.682741,0.512312,2.10017e-05,2.31989e-09,0.0499875
30960,49.9989,49.9989,49.9989,0.681161,0.311462,0.681161,0.511054,2.09179e-05,2.2128e-09,0.0499875
31020,49.9989,49.9989,49.9989,0.679588,0.310418,0.679588,0.509801,2.08345e-05,2.11929e-09,0.0499875
31080,49.9989,49.9989,49.9989,0.678021,0.309379,0.678021,0.508554,2.07513e-05,2.03698e-09,0.0499875
31140,49.9989,49.9989,49.9989,0.67646,0.308344,0.67646,0.507311,2.06685e-05,1.96326e-09,0.0499875
31200,49.9989,49.9989,49.9989,0.674904,0.307312,0.674904,0.506074,2.0586e-05,1.8951e-09,0.0499875
31260,49.9989,49.9989,49.9989,0.673355,0.306284,0.673355,0.504841,2.05038e-05,1.82922e-09,0.0499875
31320,49.9989,49.9989,49.9989,0.671811,0.305261,0.671811,0.503613,2.04219e-05,1.76192e-09,0.0499875
31380,49.9989,49.9989,49.9989,0.670273,0.304241,0.670273,0.50239,2.03403e-05,1.68922e-09,0.0499875
31440,49.9989,49.9989,49.9989,0.668741,0.303225,0.668741,0.501172,2.0259e-05,1.60662e-09,0.0499875
31500,49.9989,49.9989,49.9989,0.667215,0.302212,0.667215,0.499959,2.0178e-05,1.53074e-09,0.0499875
31560,49.9989,49.9989,49.9989,0.665695,0.301204,0.665695,0.498751,2.00973e-05,1.48333e-09,0.0499875
31620,49.9989,49.9989,49.9989,0.66418,0.300199,0.66418,0.497548,2.00169e-05,1.4374e-09,0.0499875
31680,49.9989,49.9989,49.9989,0.662671,0.299198,0.662671,0.496349,1.99369e-05,1.39204e-09,0.0499875
31740,49.9989,49.9989,49.9989,0.661168,0.298201,0.661168,0.495155,1.98571e-05,1.34645e-09,0.0499875
31800,49.9989,49.9989,49.9989,0.65967,0.297208,0.65967,0.493966,1.97776e-05,1.30007e-09,0.0499875
31860,49.9989,49.9989,49.9989,0.658178,0.296218,0.658178,0.492782,1.96985e-05,1.25209e-09,0.0499875
31920,49.9989,49.9989,49.9989,0.656692,0.295232,0.656692,0.491602,1.96196e-05,1.20212e-09,0.0499875
31980,49.9989,49.9989,49.9989,0.655211,0.29425,0.655211,0.490427,1.9541e-05,1.14971e-09,0.0499875
32040,49.9989,49.9989,49.9989,0.653736,0.293272,0.653736,0.489257,1.94627e-05,1.09458e-09,0.0499875
32100,49.9989,49.9989,49.9989,0.652266,0.292297,0.652266,0.488092,1.93847e-05,1.03785e-09,0.0499875
32160,49.9989,49.9989,49.9989,0.650802,0.291326,0.650802,0.486931,1.93071e-05,9.81061e-10,0.0499875
32220,49.9989,49.9989,49.9989,0.649344,0.290358,0.649344,0.485775,1.92297e-05,9.2308e-10,0.0499875
32280,49.9989,49.9989,49.9989,0.647891,0.289394,0.647891,0.484624,1.91526e-05,8.64304e-10,0.0499875
32340,49.9989,49.9989,49.9989,0.646443,0.288434,0.646443,0.483477,1.90757e-05,8.05528e-10,0.0499875
32400,49.9989,49.9989,49.9989,0.645001,0.287478,0.645001,0.482335,1.89992e-05,7.47661e-10,0.0499875
32460,49.9989,49.9989,49.9989,0.643565,0.286525,0.643565,0.481197,1.8923e-05,6.91728e-10,0.0499875
32520,49.9989,49.9989,49.9989,0.642133,0.285576,0.642133,0.480064,1.8847e-05,6.39034e-10,0.0499875
32580,49.9989,49.9989,49.9989,0.640707,0.28463,0.640707,0.478935,1.87714e-05,5.91115e-10,0.0499875
32640,49.9989,49.9989,49.9989,0.639287,0.283688,0.639287,0.477811,1.8696e-05,5.49676e-10,0.0499875
32700,49.9989,49.9989,49.9989,0.637872,0.282749,0.637872,0.476692,1.86209e-05,5.07896e-10,0.0499875
32760,49.9989,49.9989,49.9989,0.636462,0.281814,0.636462,0.475577,1.85461e-05,4.56623e-10,0.0499875
32820,49.9989,49.9989,49.9989,0.635058,0.280883,0.635058,0.474466,1.84716e-05,4.07283e-10,0.0499875
32880,49.9989,49.9989,49.9989,0.633658,0.279955,0.633658,0.47336,1.83974e-05,3.60217e-10,0.0499875
32940,49.9989,49.9989,49.9989,0.632264,0.27903,0.632264,0.472258,1.83234e-05,3.16106e-10,0.0499875
33000,49.9989,49.9989,49.9989,0.630876,0.278109,0.630876,0.471161,1.82497e-05,2.75406e-10,0.0499875
33060,49.9989,49.9989,49.9989,0.629492,0.277192,0.629492,0.470068,1.81763e-05,2.38742e-10,0.0499875
33120,49.9989,49.9989,49.9989,0.628114,0.276278,0.628114,0.46898,1.81032e-05,2.06796e-10,0.0499875
33180,49.9989,49.9989,49.9989,0.626741,0.275367,0.626741,0.467896,1.80304e-05,1.80194e-10,0.0499875
33240,49.9989,49.9989,49.9989,0.625373,0.27446,0.625373,0.466816,1.79578e-05,1.59616e-10,0.0499875
33300,49.9989,49.9989,49.9989,0.62401,0.273557,0.62401,0.465741,1.78855e-05,1.41938e-10,0.0499875
33360,49.9989,49.9989,49.9989,0.622652,0.272656,0.622652,0.46467,1.78135e-05,1.23009e-10,0.0499875
33420,49.9989,49.9989,49.9989,0.6213,0.27176,0.6213,0.463604,1.77418e-05,1.07377e-10,0.0499875
33480,49.9989,49.9989,49.9989,0.619952,0.270866,0.619952,0.462541,1.76703e-05,9.49285e-11,0.0499875
33540,49.9989,49.9989,49.9989,0.61861,0.269976,0.61861,0.461483,1.75991e-05,8.53788e-11,0.0499875
33600,49.9989,49.9989,49.9989,0.617272,0.26909,0.617272,0.460429,1.75282e-05,7.83302e-11,0.0499875
33660,49.9989,49.9989,49.9989,0.61594,0.268207,0.61594,0.45938,1.74575e-05,7.33849e-11,0.0499875
33720,49.9989,49.9989,49.9989,0.614612,0.267327,0.614612,0.458334,1.73871e-05,6.99174e-11,0.0499875
33780,49.9989,49.9989,49.9989,0.61329,0.26645,0.61329,0.457293,1.7317e-05,6.73026e-11,0.0499875
33840,49.9989,49.9989,49.9989,0.611973,0.265577,0.611973,0.456256,1.72472e-05,6.47447e-11,0.0499875
33900,49.9989,49.9989,49.9989,0.61066,0.264707,0.61066,0.455224,1.71776e-05,6.48583e-11,0.0499875
33960,49.9989,49.9989,49.9989,0.609352,0.263841,0.609352,0.454195,1.71083e-05,7.05995e-11,0.0499875
34020,49.9989,49.9989,49.9989,0.60805,0.262978,0.60805,0.453171,1.70392e-05,7.76481e-11,0.0499875
34080,49.9989,49.9989,49.9989,0.606752,0.262118,0.606752,0.45215,1.69704e-05,8.54357e-11,0.0499875
34140,49.9989,49.9989,49.9989,0.605459,0.261261,0.605459,0.451134,1.69019e-05,9.35074e-11,0.0499875
34200,49.9989,49.9989,49.9989,0.604171,0.260408,0.604171,0.450122,1.68336e-05,1.01295e-10,0.0499875
34260,49.9989,49.9989,49.9989,0.602888,0.259558,0.602888,0.449114,1.67656e-05,1.08116e-10,0.0499875
34320,49.9989,49.9989,49.9989,0.601609,0.258711,0.601609,0.44811,1.66979e-05,1.13232e-10,0.0499875
34380,49.9989,49.9989,49.9989,0.600335,0.257867,0.600335,0.44711,1.66304e-05,1.15961e-10,0.0499875
34440,49.9989,49.9989,49.9989,0.599066,0.257027,0.599066,0.446114,1.65632e-05,1.15335e-10,0.0499875
34500,49.9989,49.9989,49.9989,0.597802,0.25619,0.597802,0.445123,1.64962e-05,1.1471e-10,0.0499875
34560,49.9989,49.9989,49.9989,0.596543,0.255356,0.596543,0.444135,1.64295e-05,1.18348e-10,0.0499875
34620,49.9989,49.9989,49.9989,0.595288,0.254525,0.595288,0.443151,1.6363e-05,1.2102e-10,0.0499875
34680,49.9989,49.9989,49.9989,0.594038,0.253698,0.594038,0.442171,1.62968e-05,1.22554e-10,0.0499875
34740,49.9989,49.9989,49.9989,0.592793,0.252874,0.592793,0.441196,1.62309e-05,1.22895e-10,0.0499875
34800,49.9989,49.9989,49.9989,0.591552,0.252053,0.591552,0.440224,1.61652e-05,1.21929e-10,0.0499875
34860,49.9989,49.9989,49.9989,0.590316,0.251235,0.590316,0.439256,1.60998e-05,1.19712e-10,0.0499875
34920,49.9989,49.9989,49.9989,0.589084,0.25042,0.589084,0.438292,1.60346e-05,1.16188e-10,0.0499875
34980,49.9989,49.9989,49.9989,0.587857,0.249608,0.587857,0.437332,1.59696e-05,1.11413e-10,0.0499875
35040,49.9989,49.9989,49.9989,0.586635,0.248799,0.586635,0.436375,1.59049e-05,1.05445e-10,0.0499875
35100,49.9989,49.9989,49.9989,0.585417,0.247994,0.585417,0.435423,1.58405e-05,9.8396e-11,0.0499875
35160,49.9989,49.9989,49.9989,0.584204,0.247192,0.584204,0.434474,1.57763e-05,9.02673e-11,0.0499875
35220,49.9989,49.9989,49.9989,0.582996,0.246392,0.582996,0.43353,1.57124e-05,8.13429e-11,0.0499875
35280,49.9989,49.9989,49.9989,0.581791,0.245596,0.581791,0.432589,1.56487e-05,7.18501e-11,0.0499875
35340,49.9989,49.9989,49.9989,0.580592,0.244803,0.580592,0.431652,1.55852e-05,6.2073e-11,0.0499875
35400,49.9989,49.9989,49.9989,0.579397,0.244013,0.579397,0.430719,1.5522e-05,5.23528e-11,0.0499875
35460,49.9989,49.9989,49.9989,0.578206,0.243226,0.578206,0.429789,1.54591e-05,4.30873e-11,0.0499875
35520,49.9989,49.9989,49.9989,0.577019,0.242442,0.577019,0.428864,1.53964e-05,3.46745e-11,0.0499875
35580,49.9989,49.9989,49.9989,0.575838,0.241661,0.575838,0.427942,1.53339e-05,2.76827e-11,0.0499875
35640,49.9989,49.9989,49.9989,0.57466,0.240883,0.57466,0.427024,1.52717e-05,2.26805e-11,0.0499875
35700,49.9989,49.9989,49.9989,0.573487,0.240108,0.573487,0.426109,1.52097e-05,1.75078e-11,0.0499875
35760,49.9989,49.9989,49.9989,0.572318,0.239337,0.572318,0.425198,1.51479e-05,9.37916e-12,0.0499875
35820,49.9989,49.9989,49.9989,0.571154,0.238568,0.571154,0.424291,1.50864e-05,1.76215e-12,0.0499875
35880,49.9989,49.9989,49.9989,0.569994,0.237802,0.569994,0.423388,1.50252e-05,5.45697e-12,0.0499875
35940,49.9989,49.9989,49.9989,0.568838,0.237039,0.568838,0.422488,1.49641e-05,1.15961e-11,0.0499875
36000,49.9989,49.9989,49.9989,0.567687,0.236279,0.567687,0.421592,1.49033e-05,1.67688e-11,0.0499875
36060,49.9989,49.9989,49.9989,0.566539,0.235522,0.566539,0.4207,1.48428e-05,2.07478e-11,0.0499875
36120,49.9989,49.9989,49.9989,0.565396,0.234768,0.565396,0.419811,1.47825e-05,2.34763e-11,0.0499875
36180,49.9989,49.9989,49.9989,0.564258,0.234017,0.564258,0.418926,1.47224e-05,2.48406e-11,0.0499875
36240,49.9989,49.9989,49.9989,0.563123,0.233269,0.563123,0.418045,1.46625e-05,2.46132e-11,0.0499875
36300,49.9989,49.9989,49.9989,0.561993,0.232524,0.561993,0.417167,1.46029e-05,2.359e-11,0.0499875
36360,49.9989,49.9989,49.9989,0.560867,0.231782,0.560867,0.416292,1.45435e-05,2.29647e-11,0.0499875
36420,49.9989,49.9989,49.9989,0.559745,0.231042,0.559745,0.415421,1.44844e-05,2.15437e-11,0.0499875
36480,49.9989,49.9989,49.9989,0.558628,0.230306,0.558628,0.414554,1.44255e-05,1.94973e-11,0.0499875
36540,49.9989,49.9989,49.9989,0.557514,0.229572,0.557514,0.41369,1.43668e-05,1.69393e-11,0.0499875
36600,49.9989,49.9989,49.9989,0.556405,0.228841,0.556405,0.41283,1.43083e-05,1.40972e-11,0.0499875
36660,49.9989,49.9989,49.9989,0.555299,0.228114,0.555299,0.411973,1.42501e-05,1.10845e-11,0.0499875
36720,49.9989,49.9989,49.9989,0.554198,0.227389,0.554198,0.41112,1.41921e-05,8.18545e-12,0.0499875
36780,49.9989,49.9989,49.9989,0.553101,0.226666,0.553101,0.41027,1.41343e-05,5.68434e-12,0.0499875
36840,49.9989,49.9989,49.9989,0.552008,0.225947,0.552008,0.409424,1.40768e-05,3.9222e-12,0.0499875
36900,49.9989,49.9989,49.9989,0.550919,0.225231,0.550919,0.408581,1.40194e-05,1.76215e-12,0.0499875
36960,49.9989,49.9989,49.9989,0.549834,0.224517,0.549834,0.407742,1.39624e-05,2.6148e-12,0.0499875
37020,49.9989,49.9989,49.9989,0.548753,0.223806,0.548753,0.406906,1.39055e-05,6.65068e-12,0.0499875
37080,49.9989,49.9989,49.9989,0.547676,0.223098,0.547676,0.406073,1.38488e-05,1.05729e-11,0.0499875
37140,49.9989,49.9989,49.9989,0.546603,0.222393,0.546603,0.405244,1.37924e-05,1.42109e-11,0.0499875
37200,49.9989,49.9989,49.9989,0.545534,0.22169,0.545534,0.404418,1.37362e-05,1.73941e-11,0.0499875
37260,49.9989,49.9989,49.9989,0.544469,0.220991,0.544469,0.403595,1.36803e-05,1.9952e-11,0.0499875
37320,49.9989,49.9989,49.9989,0.543407,0.220294,0.543407,0.402776,1.36245e-05,2.1771e-11,0.0499875
37380,49.9989,49.9989,49.9989,0.54235,0.2196,0.54235,0.40196,1.3569e-05,2.26237e-11,0.0499875
37440,49.9989,49.9989,49.9989,0.541297,0.218908,0.541297,0.401148,1.35137e-05,2.23963e-11,0.0499875
37500,49.9989,49.9989,49.9989,0.540247,0.21822,0.540247,0.400339,1.34586e-05,2.18847e-11,0.0499875
37560,49.9989,49.9989,49.9989,0.539202,0.217534,0.539202,0.399533,1.34037e-05,2.22826e-11,0.0499875
37620,49.9989,49.9989,49.9989,0.53816,0.216851,0.53816,0.39873,1.3349e-05,2.21689e-11,0.0499875
37680,49.9989,49.9989,49.9989,0.537122,0.21617,0.537122,0.397931,1.32946e-05,2.16573e-11,0.0499875
37740,49.9989,49.9989,49.9989,0.536088,0.215492,0.536088,0.397135,1.32404e-05,2.08615e-11,0.0499875
37800,49.9989,49.9989,49.9989,0.535058,0.214817,0.535058,0.396342,1.31864e-05,1.96678e-11,0.0499875
37860,49.9989,49.9989,49.9989,0.534031,0.214145,0.534031,0.395553,1.31326e-05,1.83036e-11,0.0499875
37920,49.9989,49.9989,49.9989,0.533008,0.213475,0.533008,0.394766,1.3079e-05,1.68257e-11,0.0499875
37980,49.9989,49.9989,49.9989,0.531989,0.212808,0.531989,0.393983,1.30257e-05,1.53477e-11,0.0499875
38040,49.9989,49.9989,49.9989,0.530974,0.212144,0.530974,0.393203,1.29725e-05,1.40403e-11,0.0499875
38100,49.9989,49.9989,49.9989,0.529963,0.211482,0.529963,0.392426,1.29196e-05,1.23919e-11,0.0499875
38160,49.9989,49.9989,49.9989,0.528955,0.210823,0.528955,0.391653,1.28669e-05,9.83391e-12,0.0499875
38220,49.9989,49.9989,49.9989,0.527951,0.210167,0.527951,0.390882,1.28144e-05,7.21911e-12,0.0499875
38280,49.9989,49.9989,49.9989,0.526951,0.209513,0.526951,0.390115,1.27621e-05,4.66116e-12,0.0499875
38340,49.9989,49.9989,49.9989,0.525954,0.208862,0.525954,0.389351,1.271e-05,2.21689e-12,0.0499875
38400,49.9989,49.9989,49.9989,0.524961,0.208214,0.524961,0.38859,1.26581e-05,7.95808e-13,0.0499875
38460,49.9989,49.9989,49.9989,0.523971,0.207568,0.523971,0.387832,1.26064e-05,2.84217e-12,0.0499875
38520,49.9989,49.9989,49.9989,0.522986,0.206925,0.522986,0.387077,1.2555e-05,4.49063e-12,0.0499875
38580,49.9989,49.9989,49.9989,0.522004,0.206284,0.522004,0.386325,1.25037e-05,5.51381e-12,0.0499875
38640,49.9989,49.9989,49.9989,0.521025,0.205646,0.521025,0.385577,1.24527e-05,5.85487e-12,0.0499875
38700,49.9989,49.9989,49.9989,0.52005,0.205011,0.52005,0.384831,1.24018e-05,6.19593e-12,0.0499875
38760,49.9989,49.9989,49.9989,0.519079,0.204378,0.519079,0.384088,1.23512e-05,7.27596e-12,0.0499875
38820,49.9989,49.9989,49.9989,0.518111,0.203747,0.518111,0.383349,1.23008e-05,8.18545e-12,0.0499875
38880,49.9989,49.9989,49.9989,0.517146,0.20312,0.517146,0.382612,1.22506e-05,8.81073e-12,0.0499875
38940,49.9989,49.9989,49.9989,0.516186,0.202494,0.516186,0.381879,1.22005e-05,9.20863e-12,0.0499875
39000,49.9989,49.9989,49.9989,0.515228,0.201872,0.515228,0.381148,1.21507e-05,9.43601e-12,0.0499875
39060,49.9989,49.9989,49.9989,0.514275,0.201252,0.514275,0.380421,1.21011e-05,9.37916e-12,0.0499875
39120,49.9989,49.9989,49.9989,0.513324,0.200634,0.513324,0.379696,1.20517e-05,9.20863e-12,0.0499875
39180,49.9989,49.9989,49.9989,0.512377,0.200019,0.512377,0.378974,1.20025e-05,8.81073e-12,0.0499875
39240,49.9989,49.9989,49.9989,0.511434,0.199406,0.511434,0.378256,1.19535e-05,8.35598e-12,0.0499875
39300,49.9989,49.9989,49.9989,0.510494,0.198796,0.510494,0.37754,1.19047e-05,7.67386e-12,0.0499875
39360,49.9989,49.9989,49.9989,0.509558,0.198189,0.509558,0.376827,1.18561e-05,6.65068e-12,0.0499875
39420,49.9989,49.9989,49.9989,0.508624,0.197584,0.508624,0.376117,1.18077e-05,5.57066e-12,0.0499875
39480,49.9989,49.9989,49.9989,0.507695,0.196981,0.507695,0.37541,1.17595e-05,4.37694e-12,0.0499875
39540,49.9989,49.9989,49.9989,0.506768,0.196381,0.506768,0.374706,1.17115e-05,3.12639e-12,0.0499875
39600,49.9989,49.9989,49.9989,0.505846,0.195783,0.505846,0.374005,1.16637e-05,1.98952e-12,0.0499875
39660,49.9989,49.9989,49.9989,0.504926,0.195188,0.504926,0.373306,1.1616e-05,1.02318e-12,0.0499875
39720,49.9989,49.9989,49.9989,0.50401,0.194595,0.50401,0.372611,1.15686e-05,5.11591e-13,0.0499875
39780,49.9989,49.9989,49.9989,0.503097,0.194005,0.503097,0.371918,1.15214e-05,1.13687e-12,0.0499875
39840,49.9989,49.9989,49.9989,0.502187,0.193417,0.502187,0.371228,1.14744e-05,1.47793e-12,0.0499875
39900,49.9989,49.9989,49.9989,0.501281,0.192832,0.501281,0.370541,1.14275e-05,1.87583e-12,0.0499875
39960,49.9989,49.9989,49.9989,0.500378,0.192249,0.500378,0.369857,1.13809e-05,2.78533e-12,0.0499875
40020,49.9989,49.9989,49.9989,0.499478,0.191668,0.499478,0.369176,1.13345e-05,3.58114e-12,0.0499875
40080,49.9989,49.9989,49.9989,0.498582,0.19109,0.498582,0.368497,1.12882e-05,4.26326e-12,0.0499875
40140,49.9989,49.9989,49.9989,0.497689,0.190514,0.497689,0.367821,1.12421e-05,4.88853e-12,0.0499875
40200,49.9989,49.9989,49.9989,0.496799,0.189941,0.496799,0.367148,1.11963e-05,5.34328e-12,0.0499875
40260,49.9989,49.9989,49.9989,0.495912,0.18937,0.495912,0.366477,1.11506e-05,5.68434e-12,0.0499875
40320,49.9989,49.9989,49.9989,0.495028,0.188801,0.495028,0.36581,1.11051e-05,5.79803e-12,0.0499875
40380,49.9989,49.9989,49.9989,0.494148,0.188235,0.494148,0.365145,1.10598e-05,5.79803e-12,0.0499875
40440,49.9989,49.9989,49.9989,0.493271,0.187671,0.493271,0.364483,1.10147e-05,5.6275e-12,0.0499875
40500,49.9989,49.9989,49.9989,0.492397,0.18711,0.492397,0.363823,1.09698e-05,5.34328e-12,0.0499875
40560,49.9989,49.9989,49.9989,0.491526,0.186551,0.491526,0.363166,1.0925e-05,5.05906e-12,0.0499875
40620,49.9989,49.9989,49.9989,0.490658,0.185994,0.490658,0.362512,1.08805e-05,4.718e-12,0.0499875
40680,49.9989,49.9989,49.9989,0.489794,0.185439,0.489794,0.361861,1.08362e-05,4.26326e-12,0.0499875
40740,49.9989,49.9989,49.9989,0.488932,0.184887,0.488932,0.361212,1.0792e-05,3.75167e-12,0.0499875
40800,49.9989,49.9989,49.9989,0.488074,0.184338,0.488074,0.360566,1.0748e-05,3.18323e-12,0.0499875
40860,49.9989,49.9989,49.9989,0.487219,0.18379,0.487219,0.359922,1.07042e-05,2.67164e-12,0.0499875
40920,49.9989,49.9989,49.9989,0.486367,0.183245,0.486367,0.359281,1.06606e-05,2.16005e-12,0.0499875
40980,49.9989,49.9989,49.9989,0.485518,0.182702,0.485518,0.358643,1.06172e-05,1.76215e-12,0.0499875
41040,49.9989,49.9989,49.9989,0.484672,0.182162,0.484672,0.358007,1.05739e-05,1.42109e-12,0.0499875
41100,49.9989,49.9989,49.9989,0.483829,0.181623,0.483829,0.357374,1.05309e-05,1.13687e-12,0.0499875
41160,49.9989,49.9989,49.9989,0.482989,0.181087,0.482989,0.356743,1.0488e-05,5.68434e-13,0.0499875
41220,49.9989,49.9989,49.9989,0.482152,0.180554,0.482152,0.356115,1.04453e-05,3.41061e-13,0.0499875
41280,49.9989,49.9989,49.9989,0.481318,0.180022,0.481318,0.35549,1.04028e-05,9.09495e-13,0.0499875
41340,49.9989,49.9989,49.9989,0.480487,0.179493,0.480487,0.354867,1.03604e-05,1.47793e-12,0.0499875
41400,49.9989,49.9989,49.9989,0.479659,0.178966,0.479659,0.354247,1.03183e-05,1.93268e-12,0.0499875
41460,49.9989,49.9989,49.9989,0.478834,0.178441,0.478834,0.353629,1.02763e-05,2.33058e-12,0.0499875
41520,49.9989,49.9989,49.9989,0.478012,0.177919,0.478012,0.353013,1.02345e-05,2.55795e-12,0.0499875
41580,49.9989,49.9989,49.9989,0.477193,0.177399,0.477193,0.352401,1.01929e-05,2.72848e-12,0.0499875
41640,49.9989,49.9989,49.9989,0.476377,0.176881,0.476377,0.35179,1.01515e-05,2.67164e-12,0.0499875
41700,49.9989,49.9989,49.9989,0.475564,0.176365,0.475564,0.351182,1.01102e-05,2.67164e-12,0.0499875
41760,49.9989,49.9989,49.9989,0.474753,0.175852,0.474753,0.350577,1.00691e-05,2.72848e-12,0.0499875
41820,49.9989,49.9989,49.9989,0.473946,0.17534,0.473946,0.349974,1.00282e-05,2.72848e-12,0.0499875
41880,49.9989,49.9989,49.9989,0.473142,0.174831,0.473142,0.349374,9.98751e-06,2.67164e-12,0.0499875
41940,49.9989,49.9989,49.9989,0.47234,0.174324,0.47234,0.348776,9.94696e-06,2.6148e-12,0.0499875
42000,49.9989,49.9989,49.9989,0.471541,0.17382,0.471541,0.34818,9.90658e-06,2.44427e-12,0.0499875
42060,49.9989,49.9989,49.9989,0.470745,0.173317,0.470745,0.347587,9.86638e-06,2.27374e-12,0.0499875
42120,49.9989,49.9989,49.9989,0.469952,0.172817,0.469952,0.346996,9.82635e-06,2.10321e-12,0.0499875
42180,49.9989,49.9989,49.9989,0.469162,0.172319,0.469162,0.346408,9.7865e-06,1.93268e-12,0.0499875
42240,49.9989,49.9989,49.9989,0.468374,0.171823,0.468374,0.345822,9.74682e-06,1.76215e-12,0.0499875
42300,49.9989,49.9989,49.9989,0.46759,0.171329,0.46759,0.345238,9.70732e-06,1.53477e-12,0.0499875
42360,49.9989,49.9989,49.9989,0.466808,0.170837,0.466808,0.344657,9.66798e-06,1.25056e-12,0.0499875
42420,49.9989,49.9989,49.9989,0.466029,0.170348,0.466029,0.344078,9.62882e-06,9.09495e-13,0.0499875
42480,49.9989,49.9989,49.9989,0.465253,0.16986,0.465253,0.343501,9.58983e-06,6.25278e-13,0.0499875
42540,49.9989,49.9989,49.9989,0.464479,0.169375,0.464479,0.342927,9.55101e-06,2.84217e-13,0.0499875
42600,49.9989,49.9989,49.9989,0.463708,0.168892,0.463708,0.342355,9.51235e-06,5.11591e-13,0.0499875
42660,49.9989,49.9989,49.9989,0.46294,0.168411,0.46294,0.341786,9.47387e-06,7.38964e-13,0.0499875
42720,49.9989,49.9989,49.9989,0.462175,0.167932,0.462175,0.341218,9.43556e-06,9.66338e-13,0.0499875
42780,49.9989,49.9989,49.9989,0.461412,0.167455,0.461412,0.340653,9.39742e-06,1.08002e-12,0.0499875
42840,49.9989,49.9989,49.9989,0.460653,0.166981,0.460653,0.340091,9.35944e-06,1.13687e-12,0.0499875
42900,49.9989,49.9989,49.9989,0.459895,0.166508,0.459895,0.33953,9.32163e-06,1.25056e-12,0.0499875
42960,49.9989,49.9989,49.9989,0.459141,0.166037,0.459141,0.338972,9.28399e-06,1.42109e-12,0.0499875
43020,49.9989,49.9989,49.9989,0.458389,0.165569,0.458389,0.338416,9.24651e-06,1.53477e-12,0.0499875
43080,49.9989,49.9989,49.9989,0.45764,0.165103,0.45764,0.337862,9.2092e-06,1.64846e-12,0.0499875
43140,49.9989,49.9989,49.9989,0.456893,0.164638,0.456893,0.337311,9.17206e-06,1.7053e-12,0.0499875
43200,49.9989,49.9989,49.9989,0.456149,0.164176,0.456149,0.336762,9.13508e-06,1.7053e-12,0.0499875
43260,49.9989,49.9989,49.9989,0.455408,0.163716,0.455408,0.336215,9.09826e-06,1.7053e-12,0.0499875
43320,49.9989,49.9989,49.9989,0.454669,0.163258,0.454669,0.33567,9.06161e-06,1.64846e-12,0.0499875
43380,49.9989,49.9989,49.9989,0.453933,0.162802,0.453933,0.335127,9.02513e-06,1.53477e-12,0.0499875
43440,49.9989,49.9989,49.9989,0.4532,0.162348,0.4532,0.334587,8.9888e-06,1.42109e-12,0.0499875
43500,49.9989,49.9989,49.9989,0.452469,0.161896,0.452469,0.334049,8.95264e-06,1.36424e-12,0.0499875
43560,49.9989,49.9989,49.9989,0.451741,0.161446,0.451741,0.333513,8.91664e-06,1.19371e-12,0.0499875
43620,49.9989,49.9989,49.9989,0.451015,0.160998,0.451015,0.332979,8.8808e-06,1.08002e-12,0.0499875
43680,49.9989,49.9989,49.9989,0.450292,0.160552,0.450292,0.332447,8.84512e-06,9.09495e-13,0.0499875
43740,49.9989,49.9989,49.9989,0.449571,0.160108,0.449571,0.331917,8.8096e-06,7.38964e-13,0.0499875
43800,49.9989,49.9989,49.9989,0.448853,0.159666,0.448853,0.33139,8.77424e-06,5.68434e-13,0.0499875
43860,49.9989,49.9989,49.9989,0.448138,0.159226,0.448138,0.330864,8.73904e-06,3.97904e-13,0.0499875
43920,49.9989,49.9989,49.9989,0.447424,0.158788,0.447424,0.330341,8.704e-06,2.27374e-13,0.0499875
43980,49.9989,49.9989,49.9989,0.446714,0.158352,0.446714,0.32982,8.66912e-06,2.84217e-13,0.0499875
44040,49.9989,49.9989,49.9989,0.446006,0.157917,0.446006,0.329301,8.63439e-06,2.84217e-13,0.0499875
44100,49.9989,49.9989,49.9989,0.4453,0.157485,0.4453,0.328784,8.59983e-06,3.41061e-13,0.0499875
44160,49.9989,49.9989,49.9989,0.444597,0.157055,0.444597,0.328269,8.56542e-06,4.54747e-13,0.0499875
44220,49.9989,49.9989,49.9989,0.443896,0.156627,0.443896,0.327756,8.53116e-06,5.68434e-13,0.0499875
44280,49.9989,49.9989,49.9989,0.443198,0.156201,0.443198,0.327245,8.49706e-06,7.38964e-13,0.0499875
44340,49.9989,49.9989,49.9989,0.442502,0.155777,0.442502,0.326736,8.46312e-06,8.52651e-13,0.0499875
44400,49.9989,49.9989,49.9989,0.441809,0.155354,0.441809,0.326229,8.42933e-06,9.09495e-13,0.0499875
44460,49.9989,49.9989,49.9989,0.441118,0.154934,0.441118,0.325725,8.39569e-06,9.66338e-13,0.0499875
44520,49.9989,49.9989,49.9989,0.440429,0.154515,0.440429,0.325222,8.36221e-06,1.02318e-12,0.0499875
44580,49.9989,49.9989,49.9989,0.439743,0.154099,0.439743,0.324721,8.32888e-06,9.66338e-13,0.0499875
44640,49.9989,49.9989,49.9989,0.43906,0.153684,0.43906,0.324223,8.29571e-06,9.09495e-13,0.0499875
44700,49.9989,49.9989,49.9989,0.438378,0.153271,0.438378,0.323726,8.26269e-06,9.09495e-13,0.0499875
44760,49.9989,49.9989,49.9989,0.437699,0.15286,0.437699,0.323231,8.22981e-06,9.09495e-13,0.0499875
44820,49.9989,49.9989,49.9989,0.437023,0.152451,0.437023,0.322738,8.19709e-06,8.52651e-13,0.0499875
44880,49.9989,49.9989,49.9989,0.436348,0.152044,0.436348,0.322247,8.16452e-06,7.95808e-13,0.0499875
44940,49.9989,49.9989,49.9989,0.435676,0.151639,0.435676,0.321758,8.1321e-06,7.38964e-13,0.0499875
45000,49.9989,49.9989,49.9989,0.435007,0.151235,0.435007,0.321272,8.09983e-06,6.82121e-13,0.0499875
45060,49.9989,49.9989,49.9989,0.434339,0.150834,0.434339,0.320786,8.06771e-06,5.68434e-13,0.0499875
45120,49.9989,49.9989,49.9989,0.433674,0.150434,0.433674,0.320303,8.03574e-06,4.54747e-13,0.0499875
45180,49.9989,49.9989,49.9989,0.433012,0.150036,0.433012,0.319822,8.00391e-06,3.41061e-13,0.0499875
45240,49.9989,49.9989,49.9989,0.432351,0.14964,0.432351,0.319343,7.97223e-06,2.84217e-13,0.0499875
45300,49.9989,49.9989,49.9989,0.431693,0.149246,0.431693,0.318866,7.9407e-06,2.84217e-13,0.0499875
45360,49.9989,49.9989,49.9989,0.431037,0.148854,0.431037,0.31839,7.90932e-06,2.27374e-13,0.0499875
45420,49.9989,49.9989,49.9989,0.430384,0.148464,0.430384,0.317916,7.87808e-06,2.27374e-13,0.0499875
45480,49.9989,49.9989,49.9989,0.429733,0.148075,0.429733,0.317445,7.84699e-06,3.41061e-13,0.0499875
45540,49.9989,49.9989,49.9989,0.429083,0.147688,0.429083,0.316975,7.81604e-06,4.54747e-13,0.0499875
45600,49.9989,49.9989,49.9989,0.428437,0.147303,0.428437,0.316507,7.78524e-06,5.11591e-13,0.0499875
45660,49.9989,49.9989,49.9989,0.427792,0.14692,0.427792,0.316041,7.75458e-06,5.68434e-13,0.0499875
45720,49.9989,49.9989,49.9989,0.42715,0.146538,0.42715,0.315576,7.72406e-06,6.25278e-13,0.0499875
45780,49.9989,49.9989,49.9989,0.426509,0.146159,0.426509,0.315114,7.69369e-06,6.25278e-13,0.0499875
45840,49.9989,49.9989,49.9989,0.425871,0.145781,0.425871,0.314653,7.66346e-06,5.68434e-13,0.0499875
45900,49.9989,49.9989,49.9989,0.425236,0.145405,0.425236,0.314194,7.63337e-06,5.68434e-13,0.0499875
45960,49.9989,49.9989,49.9989,0.424602,0.14503,0.424602,0.313737,7.60342e-06,5.68434e-13,0.0499875
46020,49.9989,49.9989,49.9989,0.423971,0.144658,0.423971,0.313282,7.57362e-06,6.25278e-13,0.0499875
46080,49.9989,49.9989,49.9989,0.423341,0.144287,0.423341,0.312828,7.54395e-06,6.25278e-13,0.0499875
46140,49.9989,49.9989,49.9989,0.422714,0.143918,0.422714,0.312376,7.51443e-06,5.68434e-13,0.0499875
46200,49.9989,49.9989,49.9989,0.422089,0.143551,0.422089,0.311926,7.48504e-06,5.68434e-13,0.0499875
46260,49.9989,49.9989,49.9989,0.421466,0.143185,0.421466,0.311478,7.45579e-06,5.68434e-13,0.0499875
46320,49.9989,49.9989,49.9989,0.420846,0.142821,0.420846,0.311032,7.42668e-06,5.11591e-13,0.0499875
46380,49.9989,49.9989,49.9989,0.420227,0.142459,0.420227,0.310587,7.39771e-06,4.54747e-13,0.0499875
46440,49.9989,49.9989,49.9989,0.419611,0.142098,0.419611,0.310144,7.36888e-06,3.97904e-13,0.0499875
46500,49.9989,49.9989,49.9989,0.418996,0.14174,0.418996,0.309703,7.34018e-06,3.41061e-13,0.0499875
46560,49.9989,49.9989,49.9989,0.418384,0.141383,0.418384,0.309263,7.31162e-06,2.84217e-13,0.0499875
46620,49.9989,49.9989,49.9989,0.417774,0.141027,0.417774,0.308825,7.28319e-06,2.84217e-13,0.0499875
46680,49.9989,49.9989,49.9989,0.417166,0.140674,0.417166,0.308389,7.2549e-06,2.27374e-13,0.0499875
46740,49.9989,49.9989,49.9989,0.41656,0.140322,0.41656,0.307955,7.22675e-06,2.27374e-13,0.0499875
46800,49.9989,49.9989,49.9989,0.415956,0.139972,0.415956,0.307522,7.19872e-06,2.84217e-13,0.0499875
46860,49.9989,49.9989,49.9989,0.415354,0.139623,0.415354,0.307091,7.17084e-06,2.84217e-13,0.0499875
46920,49.9989,49.9989,49.9989,0.414754,0.139276,0.414754,0.306661,7.14308e-06,3.41061e-13,0.0499875
46980,49.9989,49.9989,49.9989,0.414156,0.138931,0.414156,0.306234,7.11546e-06,3.41061e-13,0.0499875
47040,49.9989,49.9989,49.9989,0.41356,0.138587,0.41356,0.305808,7.08797e-06,2.84217e-13,0.0499875
47100,49.9989,49.9989,49.9989,0.412966,0.138245,0.412966,0.305383,7.06061e-06,2.84217e-13,0.0499875
47160,49.9989,49.9989,49.9989,0.412375,0.137905,0.412375,0.30496,7.03339e-06,3.41061e-13,0.0499875
47220,49.9989,49.9989,49.9989,0.411785,0.137566,0.411785,0.304539,7.00629e-06,3.97904e-13,0.0499875
47280,49.9989,49.9989,49.9989,0.411197,0.137229,0.411197,0.304119,6.97932e-06,3.97904e-13,0.0499875
47340,49.9989,49.9989,49.9989,0.410611,0.136894,0.410611,0.303702,6.95249e-06,3.97904e-13,0.0499875
47400,49.9989,49.9989,49.9989,0.410027,0.13656,0.410027,0.303285,6.92578e-06,3.97904e-13,0.0499875
47460,49.9989,49.9989,49.9989,0.409445,0.136228,0.409445,0.30287,6.8992e-06,3.97904e-13,0.0499875
47520,49.9989,49.9989,49.9989,0.408866,0.135897,0.408866,0.302457,6.87275e-06,3.97904e-13,0.0499875
47580,49.9989,49.9989,49.9989,0.408288,0.135568,0.408288,0.302046,6.84643e-06,3.41061e-13,0.0499875
47640,49.9989,49.9989,49.9989,0.407712,0.13524,0.407712,0.301636,6.82023e-06,2.84217e-13,0.0499875
47700,49.9989,49.9989,49.9989,0.407137,0.134915,0.407137,0.301227,6.79416e-06,2.84217e-13,0.0499875
47760,49.9989,49.9989,49.9989,0.406565,0.13459,0.406565,0.30082,6.76822e-06,2.84217e-13,0.0499875
47820,49.9989,49.9989,49.9989,0.405995,0.134268,0.405995,0.300415,6.7424e-06,2.84217e-13,0.0499875
47880,49.9989,49.9989,49.9989,0.405427,0.133946,0.405427,0.300011,6.71671e-06,2.84217e-13,0.0499875
47940,49.9989,49.9989,49.9989,0.40486,0.133627,0.40486,0.299609,6.69114e-06,2.84217e-13,0.0499875
48000,49.9989,49.9989,49.9989,0.404296,0.133309,0.404296,0.299208,6.66569e-06,2.27374e-13,0.0499875
48060,49.9989,49.9989,49.9989,0.403733,0.132992,0.403733,0.298809,6.64037e-06,2.27374e-13,0.0499875
48120,49.9989,49.9989,49.9989,0.403172,0.132677,0.403172,0.298412,6.61517e-06,2.27374e-13,0.0499875
48180,49.9989,49.9989,49.9989,0.402613,0.132364,0.402613,0.298015,6.5901e-06,2.27374e-13,0.0499875
48240,49.9989,49.9989,49.9989,0.402056,0.132052,0.402056,0.297621,6.56514e-06,1.7053e-13,0.0499875
48300,49.9989,49.9989,49.9989,0.401501,0.131741,0.401501,0.297228,6.54031e-06,2.27374e-13,0.0499875
48360,49.9989,49.9989,49.9989,0.400948,0.131433,0.400948,0.296836,6.5156e-06,2.27374e-13,0.0499875
48420,49.9989,49.9989,49.9989,0.400396,0.131125,0.400396,0.296446,6.49101e-06,2.84217e-13,0.0499875
48480,49.9989,49.9989,49.9989,0.399847,0.130819,0.399847,0.296057,6.46653e-06,2.84217e-13,0.0499875
48540,49.9989,49.9989,49.9989,0.399299,0.130515,0.399299,0.29567,6.44218e-06,2.84217e-13,0.0499875
48600,49.9989,49.9989,49.9989,0.398753,0.130212,0.398753,0.295284,6.41795e-06,2.84217e-13,0.0499875
48660,49.9989,49.9989,49.9989,0.398209,0.12991,0.398209,0.2949,6.39383e-06,2.84217e-13,0.0499875
48720,49.9989,49.9989,49.9989,0.397666,0.12961,0.397666,0.294517,6.36983e-06,2.84217e-13,0.0499875
48780,49.9989,49.9989,49.9989,0.397126,0.129312,0.397126,0.294135,6.34595e-06,2.27374e-13,0.0499875
48840,49.9989,49.9989,49.9989,0.396587,0.129015,0.396587,0.293755,6.32219e-06,2.27374e-13,0.0499875
48900,49.9989,49.9989,49.9989,0.39605,0.128719,0.39605,0.293376,6.29854e-06,2.84217e-13,0.0499875
48960,49.9989,49.9989,49.9989,0.395515,0.128425,0.395515,0.292999,6.27501e-06,2.84217e-13,0.0499875
49020,49.9989,49.9989,49.9989,0.394981,0.128132,0.394981,0.292623,6.25159e-06,2.84217e-13,0.0499875
49080,49.9989,49.9989,49.9989,0.39445,0.127841,0.39445,0.292249,6.22829e-06,2.27374e-13,0.0499875
49140,49.9989,49.9989,49.9989,0.39392,0.127551,0.39392,0.291876,6.2051e-06,2.27374e-13,0.0499875
49200,49.9989,49.9989,49.9989,0.393391,0.127263,0.393391,0.291504,6.18203e-06,2.27374e-13,0.0499875
49260,49.9989,49.9989,49.9989,0.392865,0.126976,0.392865,0.291134,6.15907e-06,1.7053e-13,0.0499875
49320,49.9989,49.9989,49.9989,0.39234,0.12669,0.39234,0.290765,6.13622e-06,1.7053e-13,0.0499875
49380,49.9989,49.9989,49.9989,0.391817,0.126406,0.391817,0.290398,6.11348e-06,1.7053e-13,0.0499875
49440,49.9989,49.9989,49.9989,0.391296,0.126123,0.391296,0.290032,6.09085e-06,1.7053e-13,0.0499875
49500,49.9989,49.9989,49.9989,0.390776,0.125842,0.390776,0.289667,6.06834e-06,2.27374e-13,0.0499875
49560,49.9989,49.9989,49.9989,0.390258,0.125562,0.390258,0.289304,6.04594e-06,2.27374e-13,0.0499875
49620,49.9989,49.9989,49.9989,0.389742,0.125283,0.389742,0.288941,6.02364e-06,2.84217e-13,0.0499875
49680,49.9989,49.9989,49.9989,0.389228,0.125006,0.389228,0.288581,6.00146e-06,2.84217e-13,0.0499875
49740,49.9989,49.9989,49.9989,0.388715,0.12473,0.388715,0.288221,5.97939e-06,2.84217e-13,0.0499875
49800,49.9989,49.9989,49.9989,0.388204,0.124455,0.388204,0.287863,5.95742e-06,2.84217e-13,0.0499875
49860,49.9989,49.9989,49.9989,0.387694,0.124182,0.387694,0.287506,5.93556e-06,2.27374e-13,0.0499875
49920,49.9989,49.9989,49.9989,0.387186,0.12391,0.387186,0.287151,5.91381e-06,1.7053e-13,0.0499875
49980,49.9989,49.9989,49.9989,0.38668,0.12364,0.38668,0.286797,5.89217e-06,1.7053e-13,0.0499875
50040,49.9989,49.9989,49.9989,0.386176,0.12337,0.386176,0.286444,5.87063e-06,2.27374e-13,0.0499875
50100,49.9989,49.9989,49.9989,0.385673,0.123103,0.385673,0.286092,5.8492e-06,2.27374e-13,0.0499875
50160,49.9989,49.9989,49.9989,0.385172,0.122836,0.385172,0.285742,5.82788e-06,2.27374e-13,0.0499875
50220,49.9989,49.9989,49.9989,0.384672,0.122571,0.384672,0.285393,5.80666e-06,2.27374e-13,0.0499875
50280,49.9989,49.9989,49.9989,0.384174,0.122307,0.384174,0.285045,5.78554e-06,2.27374e-13,0.0499875
50340,49.9989,49.9989,49.9989,0.383678,0.122044,0.383678,0.284699,5.76453e-06,2.27374e-13,0.0499875
50400,49.9989,49.9989,49.9989,0.383183,0.121783,0.383183,0.284353,5.74362e-06,1.7053e-13,0.0499875
50460,49.9989,49.9989,49.9989,0.38269,0.121523,0.38269,0.284009,5.72282e-06,1.7053e-13,0.0499875
50520,49.9989,49.9989,49.9989,0.382198,0.121264,0.382198,0.283667,5.70211e-06,1.7053e-13,0.0499875
50580,49.9989,49.9989,49.9989,0.381708,0.121006,0.381708,0.283325,5.68151e-06,1.7053e-13,0.0499875
50640,49.9989,49.9989,49.9989,0.38122,0.12075,0.38122,0.282985,5.66102e-06,1.7053e-13,0.0499875
50700,49.9989,49.9989,49.9989,0.380733,0.120495,0.380733,0.282646,5.64062e-06,1.7053e-13,0.0499875
50760,49.9989,49.9989,49.9989,0.380248,0.120242,0.380248,0.282308,5.62032e-06,2.27374e-13,0.0499875
50820,49.9989,49.9989,49.9989,0.379764,0.119989,0.379764,0.281971,5.60012e-06,2.27374e-13,0.0499875
50880,49.9989,49.9989,49.9989,0.379282,0.119738,0.379282,0.281636,5.58003e-06,2.27374e-13,0.0499875
50940,49.9989,49.9989,49.9989,0.378801,0.119488,0.378801,0.281302,5.56003e-06,2.27374e-13,0.0499875
51000,49.9989,49.9989,49.9989,0.378322,0.119239,0.378322,0.280969,5.54013e-06,2.27374e-13,0.0499875
51060,49.9989,49.9989,49.9989,0.377845,0.118992,0.377845,0.280637,5.52033e-06,1.7053e-13,0.0499875
51120,49.9989,49.9989,49.9989,0.377369,0.118745,0.377369,0.280306,5.50062e-06,1.7053e-13,0.0499875
51180,49.9989,49.9989,49.9989,0.376894,0.1185,0.376894,0.279977,5.48101e-06,1.7053e-13,0.0499875
51240,49.9989,49.9989,49.9989,0.376421,0.118256,0.376421,0.279649,5.4615e-06,1.7053e-13,0.0499875
51300,49.9989,49.9989,49.9989,0.37595,0.118014,0.37595,0.279322,5.44209e-06,2.27374e-13,0.0499875
51360,49.9989,49.9989,49.9989,0.37548,0.117772,0.37548,0.278996,5.42277e-06,2.27374e-13,0.0499875
51420,49.9989,49.9989,49.9989,0.375012,0.117532,0.375012,0.278671,5.40355e-06,2.27374e-13,0.0499875
51480,49.9989,49.9989,49.9989,0.374545,0.117293,0.374545,0.278347,5.38442e-06,2.27374e-13,0.0499875
51540,49.9989,49.9989,49.9989,0.374079,0.117055,0.374079,0.278025,5.36538e-06,2.27374e-13,0.0499875
51600,49.9989,49.9989,49.9989,0.373615,0.116818,0.373615,0.277703,5.34644e-06,1.7053e-13,0.0499875
51660,49.9989,49.9989,49.9989,0.373153,0.116582,0.373153,0.277383,5.3276e-06,1.7053e-13,0.0499875
51720,49.9989,49.9989,49.9989,0.372692,0.116348,0.372692,0.277064,5.30884e-06,1.7053e-13,0.0499875
51780,49.9989,49.9989,49.9989,0.372232,0.116115,0.372232,0.276746,5.29018e-06,1.7053e-13,0.0499875
51840,49.9989,49.9989,49.9989,0.371774,0.115883,0.371774,0.276429,5.27161e-06,1.7053e-13,0.0499875
51900,49.9989,49.9989,49.9989,0.371317,0.115652,0.371317,0.276113,5.25313e-06,1.7053e-13,0.0499875
51960,49.9989,49.9989,49.9989,0.370862,0.115422,0.370862,0.275799,5.23474e-06,2.27374e-13,0.0499875
52020,49.9989,49.9989,49.9989,0.370409,0.115193,0.370409,0.275485,5.21644e-06,2.27374e-13,0.0499875
52080,49.9989,49.9989,49.9989,0.369956,0.114965,0.369956,0.275173,5.19823e-06,2.27374e-13,0.0499875
52140,49.9989,49.9989,49.9989,0.369505,0.114739,0.369505,0.274861,5.18012e-06,1.7053e-13,0.0499875
52200,49.9989,49.9989,49.9989,0.369056,0.114514,0.369056,0.274551,5.16209e-06,1.7053e-13,0.0499875
52260,49.9989,49.9989,49.9989,0.368608,0.114289,0.368608,0.274242,5.14414e-06,1.7053e-13,0.0499875
52320,49.9989,49.9989,49.9989,0.368161,0.114066,0.368161,0.273934,5.12629e-06,1.7053e-13,0.0499875
52380,49.9989,49.9989,49.9989,0.367716,0.113844,0.367716,0.273627,5.10853e-06,1.7053e-13,0.0499875
52440,49.9989,49.9989,49.9989,0.367272,0.113623,0.367272,0.273321,5.09085e-06,1.7053e-13,0.0499875
52500,49.9989,49.9989,49.9989,0.36683,0.113403,0.36683,0.273016,5.07326e-06,2.27374e-13,0.0499875
52560,49.9989,49.9989,49.9989,0.366388,0.113184,0.366388,0.272712,5.05575e-06,2.27374e-13,0.0499875
52620,49.9989,49.9989,49.9989,0.365949,0.112967,0.365949,0.272409,5.03833e-06,2.27374e-13,0.0499875
52680,49.9989,49.9989,49.9989,0.365511,0.11275,0.365511,0.272107,5.021e-06,2.27374e-13,0.0499875
52740,49.9989,49.9989,49.9989,0.365074,0.112534,0.365074,0.271807,5.00375e-06,2.27374e-13,0.0499875
52800,49.9989,49.9989,49.9989,0.364638,0.11232,0.364638,0.271507,4.98658e-06,1.7053e-13,0.0499875
52860,49.9989,49.9989,49.9989,0.364204,0.112106,0.364204,0.271208,4.9695e-06,1.7053e-13,0.0499875
52920,49.9989,49.9989,49.9989,0.363771,0.111894,0.363771,0.270911,4.95251e-06,1.7053e-13,0.0499875
52980,49.9989,49.9989,49.9989,0.363339,0.111682,0.363339,0.270614,4.93559e-06,1.7053e-13,0.0499875
53040,49.9989,49.9989,49.9989,0.362909,0.111472,0.362909,0.270318,4.91876e-06,1.7053e-13,0.0499875
53100,49.9989,49.9989,49.9989,0.36248,0.111263,0.36248,0.270024,4.90201e-06,1.7053e-13,0.0499875
53160,49.9989,49.9989,49.9989,0.362053,0.111054,0.362053,0.26973,4.88534e-06,2.27374e-13,0.0499875
53220,49.9989,49.9989,49.9989,0.361627,0.110847,0.361627,0.269438,4.86876e-06,2.27374e-13,0.0499875
53280,49.9989,49.9989,49.9989,0.361202,0.110641,0.361202,0.269146,4.85225e-06,2.27374e-13,0.0499875
53340,49.9989,49.9989,49.9989,0.360778,0.110435,0.360778,0.268855,4.83583e-06,2.27374e-13,0.0499875
53400,49.9989,49.9989,49.9989,0.360356,0.110231,0.360356,0.268566,4.81948e-06,1.7053e-13,0.0499875
53460,49.9989,49.9989,49.9989,0.359935,0.110028,0.359935,0.268277,4.80322e-06,1.7053e-13,0.0499875
53520,49.9989,49.9989,49.9989,0.359516,0.109825,0.359516,0.267989,4.78703e-06,1.7053e-13,0.0499875
53580,49.9989,49.9989,49.9989,0.359097,0.109624,0.359097,0.267702,4.77092e-06,1.7053e-13,0.0499875
53640,49.9989,49.9989,49.9989,0.35868,0.109424,0.35868,0.267417,4.75489e-06,1.7053e-13,0.0499875
53700,49.9989,49.9989,49.9989,0.358265,0.109224,0.358265,0.267132,4.73894e-06,1.7053e-13,0.0499875
53760,49.9989,49.9989,49.9989,0.35785,0.109026,0.35785,0.266848,4.72307e-06,2.27374e-13,0.0499875
53820,49.9989,49.9989,49.9989,0.357437,0.108828,0.357437,0.266565,4.70727e-06,2.27374e-13,0.0499875
53880,49.9989,49.9989,49.9989,0.357025,0.108632,0.357025,0.266283,4.69155e-06,1.7053e-13,0.0499875
53940,49.9989,49.9989,49.9989,0.356614,0.108436,0.356614,0.266002,4.67591e-06,1.7053e-13,0.0499875
54000,49.9989,49.9989,49.9989,0.356205,0.108242,0.356205,0.265722,4.66034e-06,1.7053e-13,0.0499875
54060,49.9989,49.9989,49.9989,0.355797,0.108048,0.355797,0.265443,4.64484e-06,1.13687e-13,0.0499875
54120,49.9989,49.9989,49.9989,0.35539,0.107855,0.35539,0.265165,4.62943e-06,1.7053e-13,0.0499875
54180,49.9989,49.9989,49.9989,0.354984,0.107664,0.354984,0.264887,4.61408e-06,1.7053e-13,0.0499875
54240,49.9989,49.9989,49.9989,0.35458,0.107473,0.35458,0.264611,4.59881e-06,1.7053e-13,0.0499875
54300,49.9989,49.9989,49.9989,0.354177,0.107283,0.354177,0.264336,4.58361e-06,1.7053e-13,0.0499875
54360,49.9989,49.9989,49.9989,0.353775,0.107094,0.353775,0.264061,4.56849e-06,2.27374e-13,0.0499875
54420,49.9989,49.9989,49.9989,0.353374,0.106906,0.353374,0.263787,4.55344e-06,2.27374e-13,0.0499875
54480,49.9989,49.9989,49.9989,0.352974,0.106718,0.352974,0.263515,4.53846e-06,2.27374e-13,0.0499875
54540,49.9989,49.9989,49.9989,0.352576,0.106532,0.352576,0.263243,4.52356e-06,1.7053e-13,0.0499875
54600,49.9989,49.9989,49.9989,0.352179,0.106347,0.352179,0.262972,4.50872e-06,1.7053e-13,0.0499875
54660,49.9989,49.9989,49.9989,0.351783,0.106162,0.351783,0.262702,4.49396e-06,1.13687e-13,0.0499875
54720,49.9989,49.9989,49.9989,0.351388,0.105978,0.351388,0.262432,4.47927e-06,1.13687e-13,0.0499875
54780,49.9989,49.9989,49.9989,0.350995,0.105796,0.350995,0.262164,4.46465e-06,1.7053e-13,0.0499875
54840,49.9989,49.9989,49.9989,0.350602,0.105614,0.350602,0.261897,4.4501e-06,1.7053e-13,0.0499875
54900,49.9989,49.9989,49.9989,0.350211,0.105433,0.350211,0.26163,4.43561e-06,1.7053e-13,0.0499875
54960,49.9989,49.9989,49.9989,0.349821,0.105253,0.349821,0.261364,4.4212e-06,1.7053e-13,0.0499875
55020,49.9989,49.9989,49.9989,0.349433,0.105073,0.349433,0.2611,4.40686e-06,2.27374e-13,0.0499875
55080,49.9989,49.9989,49.9989,0.349045,0.104895,0.349045,0.260836,4.39258e-06,2.27374e-13,0.0499875
55140,49.9989,49.9989,49.9989,0.348659,0.104717,0.348659,0.260572,4.37837e-06,1.7053e-13,0.0499875
55200,49.9989,49.9989,49.9989,0.348273,0.10454,0.348273,0.26031,4.36424e-06,1.7053e-13,0.0499875
55260,49.9989,49.9989,49.9989,0.347889,0.104365,0.347889,0.260049,4.35016e-06,1.13687e-13,0.0499875
55320,49.9989,49.9989,49.9989,0.347506,0.10419,0.347506,0.259788,4.33616e-06,1.13687e-13,0.0499875
55380,49.9989,49.9989,49.9989,0.347124,0.104015,0.347124,0.259528,4.32222e-06,1.7053e-13,0.0499875
55440,49.9989,49.9989,49.9989,0.346744,0.103842,0.346744,0.259269,4.30835e-06,1.7053e-13,0.0499875
55500,49.9989,49.9989,49.9989,0.346364,0.103669,0.346364,0.259011,4.29454e-06,2.27374e-13,0.0499875
55560,49.9989,49.9989,49.9989,0.345986,0.103498,0.345986,0.258754,4.2808e-06,2.27374e-13,0.0499875
55620,49.9989,49.9989,49.9989,0.345608,0.103327,0.345608,0.258498,4.26712e-06,2.27374e-13,0.0499875
55680,49.9989,49.9989,49.9989,0.345232,0.103156,0.345232,0.258242,4.25351e-06,2.27374e-13,0.0499875
55740,49.9989,49.9989,49.9989,0.344857,0.102987,0.344857,0.257987,4.23996e-06,1.7053e-13,0.0499875
55800,49.9989,49.9989,49.9989,0.344483,0.102819,0.344483,0.257733,4.22648e-06,1.7053e-13,0.0499875
55860,49.9989,49.9989,49.9989,0.344111,0.102651,0.344111,0.25748,4.21306e-06,1.13687e-13,0.0499875
55920,49.9989,49.9989,49.9989,0.343739,0.102484,0.343739,0.257228,4.19971e-06,1.7053e-13,0.0499875
55980,49.9989,49.9989,49.9989,0.343368,0.102318,0.343368,0.256976,4.18641e-06,1.7053e-13,0.0499875
56040,49.9989,49.9989,49.9989,0.342999,0.102152,0.342999,0.256725,4.17318e-06,1.7053e-13,0.0499875
56100,49.9989,49.9989,49.9989,0.34263,0.101988,0.34263,0.256475,4.16001e-06,1.7053e-13,0.0499875
56160,49.9989,49.9989,49.9989,0.342263,0.101824,0.342263,0.256226,4.14691e-06,1.7053e-13,0.0499875
56220,49.9989,49.9989,49.9989,0.341897,0.101661,0.341897,0.255978,4.13386e-06,1.7053e-13,0.0499875
56280,49.9989,49.9989,49.9989,0.341532,0.101499,0.341532,0.25573,4.12088e-06,1.7053e-13,0.0499875
56340,49.9989,49.9989,49.9989,0.341168,0.101337,0.341168,0.255483,4.10796e-06,1.7053e-13,0.0499875
56400,49.9989,49.9989,49.9989,0.340805,0.101176,0.340805,0.255237,4.09509e-06,1.7053e-13,0.0499875
56460,49.9989,49.9989,49.9989,0.340443,0.101016,0.340443,0.254992,4.08229e-06,1.13687e-13,0.0499875
56520,49.9989,49.9989,49.9989,0.340082,0.100857,0.340082,0.254747,4.06955e-06,1.7053e-13,0.0499875
56580,49.9989,49.9989,49.9989,0.339722,0.100698,0.339722,0.254503,4.05686e-06,1.7053e-13,0.0499875
56640,49.9989,49.9989,49.9989,0.339363,0.100541,0.339363,0.25426,4.04424e-06,1.7053e-13,0.0499875
56700,49.9989,49.9989,49.9989,0.339005,0.100383,0.339005,0.254018,4.03167e-06,1.7053e-13,0.0499875
56760,49.9989,49.9989,49.9989,0.338649,0.100227,0.338649,0.253777,4.01917e-06,1.7053e-13,0.0499875
56820,49.9989,49.9989,49.9989,0.338293,0.100072,0.338293,0.253536,4.00672e-06,2.27374e-13,0.0499875
56880,49.9989,49.9989,49.9989,0.337938,0.0999166,0.337938,0.253296,3.99433e-06,2.27374e-13,0.0499875
56940,49.9989,49.9989,49.9989,0.337585,0.0997625,0.337585,0.253057,3.98199e-06,1.7053e-13,0.0499875
57000,49.9989,49.9989,49.9989,0.337232,0.099609,0.337232,0.252818,3.96972e-06,1.7053e-13,0.0499875
57060,49.9989,49.9989,49.9989,0.336881,0.0994563,0.336881,0.25258,3.9575e-06,1.13687e-13,0.0499875
57120,49.9989,49.9989,49.9989,0.33653,0.0993042,0.33653,0.252343,3.94533e-06,1.13687e-13,0.0499875
57180,49.9989,49.9989,49.9989,0.336181,0.0991529,0.336181,0.252107,3.93323e-06,1.7053e-13,0.0499875
57240,49.9989,49.9989,49.9989,0.335833,0.0990022,0.335833,0.251871,3.92117e-06,1.7053e-13,0.0499875
57300,49.9989,49.9989,49.9989,0.335485,0.0988523,0.335485,0.251636,3.90918e-06,1.7053e-13,0.0499875
57360,49.9989,49.9989,49.9989,0.335139,0.098703,0.335139,0.251402,3.89724e-06,1.7053e-13,0.0499875
57420,49.9989,49.9989,49.9989,0.334793,0.0985544,0.334793,0.251168,3.88535e-06,1.7053e-13,0.0499875
57480,49.9989,49.9989,49.9989,0.334449,0.0984065,0.334449,0.250936,3.87352e-06,1.7053e-13,0.0499875
57540,49.9989,49.9989,49.9989,0.334105,0.0982593,0.334105,0.250704,3.86174e-06,1.7053e-13,0.0499875
57600,49.9989,49.9989,49.9989,0.333763,0.0981128,0.333763,0.250472,3.85002e-06,1.7053e-13,0.0499875
57660,49.9989,49.9989,49.9989,0.333421,0.0979669,0.333421,0.250242,3.83835e-06,1.13687e-13,0.0499875
57720,49.9989,49.9989,49.9989,0.333081,0.0978217,0.333081,0.250012,3.82673e-06,1.13687e-13,0.0499875
57780,49.9989,49.9989,49.9989,0.332741,0.0976772,0.332741,0.249782,3.81517e-06,1.7053e-13,0.0499875
57840,49.9989,49.9989,49.9989,0.332403,0.0975333,0.332403,0.249554,3.80366e-06,1.7053e-13,0.0499875
57900,49.9989,49.9989,49.9989,0.332065,0.0973901,0.332065,0.249326,3.7922e-06,1.7053e-13,0.0499875
57960,49.9989,49.9989,49.9989,0.331729,0.0972475,0.331729,0.249099,3.7808e-06,2.27374e-13,0.0499875
58020,49.9989,49.9989,49.9989,0.331393,0.0971056,0.331393,0.248872,3.76944e-06,2.27374e-13,0.0499875
58080,49.9989,49.9989,49.9989,0.331058,0.0969643,0.331058,0.248646,3.75814e-06,2.27374e-13,0.0499875
58140,49.9989,49.9989,49.9989,0.330725,0.0968236,0.330725,0.248421,3.74689e-06,2.27374e-13,0.0499875
58200,49.9989,49.9989,49.9989,0.330392,0.0966836,0.330392,0.248197,3.73569e-06,1.7053e-13,0.0499875
58260,49.9989,49.9989,49.9989,0.33006,0.0965443,0.33006,0.247973,3.72454e-06,1.7053e-13,0.0499875
58320,49.9989,49.9989,49.9989,0.329729,0.0964055,0.329729,0.24775,3.71344e-06,1.7053e-13,0.0499875
58380,49.9989,49.9989,49.9989,0.329399,0.0962674,0.329399,0.247527,3.70239e-06,1.7053e-13,0.0499875
58440,49.9989,49.9989,49.9989,0.32907,0.0961299,0.32907,0.247306,3.69139e-06,1.7053e-13,0.0499875
58500,49.9989,49.9989,49.9989,0.328742,0.095993,0.328742,0.247084,3.68044e-06,2.27374e-13,0.0499875
58560,49.9989,49.9989,49.9989,0.328415,0.0958568,0.328415,0.246864,3.66954e-06,2.27374e-13,0.0499875
58620,49.9989,49.9989,49.9989,0.328089,0.0957211,0.328089,0.246644,3.65869e-06,2.27374e-13,0.0499875
58680,49.9989,49.9989,49.9989,0.327764,0.0955861,0.327764,0.246425,3.64788e-06,2.27374e-13,0.0499875
58740,49.9989,49.9989,49.9989,0.327439,0.0954516,0.327439,0.246206,3.63713e-06,1.7053e-13,0.0499875
58800,49.9989,49.9989,49.9989,0.327116,0.0953178,0.327116,0.245988,3.62642e-06,1.7053e-13,0.0499875
58860,49.9989,49.9989,49.9989,0.326793,0.0951846,0.326793,0.245771,3.61576e-06,1.13687e-13,0.0499875
58920,49.9989,49.9989,49.9989,0.326472,0.0950519,0.326472,0.245555,3.60515e-06,1.7053e-13,0.0499875
58980,49.9989,49.9989,49.9989,0.326151,0.0949199,0.326151,0.245339,3.59459e-06,1.7053e-13,0.0499875
59040,49.9989,49.9989,49.9989,0.325831,0.0947884,0.325831,0.245123,3.58407e-06,1.7053e-13,0.0499875
59100,49.9989,49.9989,49.9989,0.325512,0.0946575,0.325512,0.244909,3.5736e-06,1.7053e-13,0.0499875
59160,49.9989,49.9989,49.9989,0.325194,0.0945272,0.325194,0.244694,3.56317e-06,1.7053e-13,0.0499875
59220,49.9989,49.9989,49.9989,0.324877,0.0943975,0.324877,0.244481,3.5528e-06,1.7053e-13,0.0499875
59280,49.9989,49.9989,49.9989,0.324561,0.0942684,0.324561,0.244268,3.54247e-06,1.7053e-13,0.0499875
59340,49.9989,49.9989,49.9989,0.324245,0.0941398,0.324245,0.244056,3.53218e-06,1.7053e-13,0.0499875
59400,49.9989,49.9989,49.9989,0.323931,0.0940118,0.323931,0.243844,3.52194e-06,1.13687e-13,0.0499875
59460,49.9989,49.9989,49.9989,0.323617,0.0938843,0.323617,0.243633,3.51174e-06,1.13687e-13,0.0499875
59520,49.9989,49.9989,49.9989,0.323305,0.0937575,0.323305,0.243423,3.50159e-06,1.13687e-13,0.0499875
59580,49.9989,49.9989,49.9989,0.322993,0.0936312,0.322993,0.243213,3.49149e-06,1.7053e-13,0.0499875
59640,49.9989,49.9989,49.9989,0.322682,0.0935054,0.322682,0.243004,3.48143e-06,1.7053e-13,0.0499875
59700,49.9989,49.9989,49.9989,0.322372,0.0933802,0.322372,0.242795,3.47141e-06,1.7053e-13,0.0499875
59760,49.9989,49.9989,49.9989,0.322062,0.0932555,0.322062,0.242587,3.46144e-06,2.27374e-13,0.0499875
59820,49.9989,49.9989,49.9989,0.321754,0.0931314,0.321754,0.24238,3.45151e-06,2.27374e-13,0.0499875
59880,49.9989,49.9989,49.9989,0.321446,0.0930078,0.321446,0.242173,3.44162e-06,2.27374e-13,0.0499875
59940,49.9989,49.9989,49.9989,0.32114,0.0928848,0.32114,0.241967,3.43178e-06,2.27374e-13,0.0499875
60000,49.9989,49.9989,49.9989,0.320834,0.0927623,0.320834,0.241761,3.42198e-06,1.7053e-13,0.0499875
60060,49.9989,49.9989,49.9989,0.320529,0.0926403,0.320529,0.241556,3.41222e-06,1.7053e-13,0.0499875
60120,49.9989,49.9989,49.9989,0.320224,0.0925189,0.320224,0.241352,3.40251e-06,1.7053e-13,0.0499875
60180,49.9989,49.9989,49.9989,0.319921,0.092398,0.319921,0.241148,3.39284e-06,1.7053e-13,0.0499875
60240,49.9989,49.9989,49.9989,0.319619,0.0922776,0.319619,0.240945,3.38321e-06,2.27374e-13,0.0499875
60300,49.9989,49.9989,49.9989,0.319317,0.0921578,0.319317,0.240742,3.37362e-06,2.27374e-13,0.0499875
60360,49.9989,49.9989,49.9989,0.319016,0.0920385,0.319016,0.24054,3.36407e-06,2.27374e-13,0.0499875
60420,49.9989,49.9989,49.9989,0.318716,0.0919196,0.318716,0.240338,3.35457e-06,2.27374e-13,0.0499875
60480,49.9989,49.9989,49.9989,0.318417,0.0918013,0.318417,0.240137,3.3451e-06,2.27374e-13,0.0499875
60540,49.9989,49.9989,49.9989,0.318118,0.0916835,0.318118,0.239937,3.33568e-06,2.27374e-13,0.0499875
60600,49.9989,49.9989,49.9989,0.317821,0.0915663,0.317821,0.239737,3.3263e-06,1.7053e-13,0.0499875
60660,49.9989,49.9989,49.9989,0.317524,0.0914495,0.317524,0.239538,3.31695e-06,1.13687e-13,0.0499875
60720,49.9989,49.9989,49.9989,0.317228,0.0913332,0.317228,0.239339,3.30765e-06,1.7053e-13,0.0499875
60780,49.9989,49.9989,49.9989,0.316933,0.0912174,0.316933,0.239141,3.29839e-06,1.7053e-13,0.0499875
60840,49.9989,49.9989,49.9989,0.316639,0.0911021,0.316639,0.238943,3.28917e-06,1.7053e-13,0.0499875
60900,49.9989,49.9989,49.9989,0.316345,0.0909873,0.316345,0.238746,3.27998e-06,2.27374e-13,0.0499875
60960,49.9989,49.9989,49.9989,0.316052,0.090873,0.316052,0.23855,3.27084e-06,2.27374e-13,0.0499875
61020,49.9989,49.9989,49.9989,0.31576,0.0907592,0.31576,0.238354,3.26174e-06,2.27374e-13,0.0499875
61080,49.9989,49.9989,49.9989,0.315469,0.0906459,0.315469,0.238158,3.25267e-06,2.27374e-13,0.0499875
61140,49.9989,49.9989,49.9989,0.315179,0.0905331,0.315179,0.237963,3.24364e-06,1.7053e-13,0.0499875
61200,49.9989,49.9989,49.9989,0.314889,0.0904207,0.314889,0.237769,3.23465e-06,1.7053e-13,0.0499875
61260,49.9989,49.9989,49.9989,0.3146,0.0903088,0.3146,0.237575,3.2257e-06,1.13687e-13,0.0499875
61320,49.9989,49.9989,49.9989,0.314312,0.0901974,0.314312,0.237382,3.21679e-06,1.7053e-13,0.0499875
61380,49.9989,49.9989,49.9989,0.314025,0.0900865,0.314025,0.237189,3.20792e-06,1.7053e-13,0.0499875
61440,49.9989,49.9989,49.9989,0.313738,0.089976,0.313738,0.236997,3.19908e-06,1.7053e-13,0.0499875
61500,49.9989,49.9989,49.9989,0.313453,0.089866,0.313453,0.236805,3.19028e-06,1.7053e-13,0.0499875
61560,49.9989,49.9989,49.9989,0.313168,0.0897565,0.313168,0.236614,3.18152e-06,1.7053e-13,0.0499875
61620,49.9989,49.9989,49.9989,0.312884,0.0896474,0.312884,0.236423,3.17279e-06,1.7053e-13,0.0499875
61680,49.9989,49.9989,49.9989,0.3126,0.0895388,0.3126,0.236233,3.1641e-06,1.7053e-13,0.0499875
61740,49.9989,49.9989,49.9989,0.312317,0.0894307,0.312317,0.236044,3.15545e-06,1.7053e-13,0.0499875
61800,49.9989,49.9989,49.9989,0.312036,0.0893229,0.312036,0.235855,3.14683e-06,1.7053e-13,0.0499875
61860,49.9989,49.9989,49.9989,0.311754,0.0892157,0.311754,0.235666,3.13825e-06,1.13687e-13,0.0499875
61920,49.9989,49.9989,49.9989,0.311474,0.0891089,0.311474,0.235478,3.12971e-06,1.7053e-13,0.0499875
61980,49.9989,49.9989,49.9989,0.311194,0.0890026,0.311194,0.235291,3.1212e-06,1.7053e-13,0.0499875
62040,49.9989,49.9989,49.9989,0.310915,0.0888966,0.310915,0.235103,3.11273e-06,1.7053e-13,0.0499875
62100,49.9989,49.9989,49.9989,0.310637,0.0887912,0.310637,0.234917,3.10429e-06,1.7053e-13,0.0499875
62160,49.9989,49.9989,49.9989,0.31036,0.0886862,0.31036,0.234731,3.09589e-06,1.7053e-13,0.0499875
62220,49.9989,49.9989,49.9989,0.310083,0.0885816,0.310083,0.234545,3.08752e-06,1.7053e-13,0.0499875
62280,49.9989,49.9989,49.9989,0.309807,0.0884774,0.309807,0.23436,3.07919e-06,1.7053e-13,0.0499875
62340,49.9989,49.9989,49.9989,0.309532,0.0883737,0.309532,0.234176,3.07089e-06,1.7053e-13,0.0499875
62400,49.9989,49.9989,49.9989,0.309257,0.0882704,0.309257,0.233992,3.06263e-06,1.7053e-13,0.0499875
62460,49.9989,49.9989,49.9989,0.308983,0.0881675,0.308983,0.233808,3.0544e-06,1.7053e-13,0.0499875
62520,49.9989,49.9989,49.9989,0.30871,0.0880651,0.30871,0.233625,3.0462e-06,1.7053e-13,0.0499875
62580,49.9989,49.9989,49.9989,0.308438,0.0879631,0.308438,0.233443,3.03804e-06,1.7053e-13,0.0499875
62640,49.9989,49.9989,49.9989,0.308166,0.0878615,0.308166,0.233261,3.02992e-06,1.7053e-13,0.0499875
62700,49.9989,49.9989,49.9989,0.307895,0.0877603,0.307895,0.233079,3.02182e-06,2.27374e-13,0.0499875
62760,49.9989,49.9989,49.9989,0.307625,0.0876596,0.307625,0.232898,3.01376e-06,2.27374e-13,0.0499875
62820,49.9989,49.9989,49.9989,0.307356,0.0875592,0.307356,0.232718,3.00573e-06,2.27374e-13,0.0499875
62880,49.9989,49.9989,49.9989,0.307087,0.0874593,0.307087,0.232538,2.99774e-06,2.27374e-13,0.0499875
62940,49.9989,49.9989,49.9989,0.306819,0.0873598,0.306819,0.232358,2.98978e-06,2.27374e-13,0.0499875
63000,49.9989,49.9989,49.9989,0.306551,0.0872607,0.306551,0.232179,2.98185e-06,1.7053e-13,0.0499875
63060,49.9989,49.9989,49.9989,0.306285,0.0871619,0.306285,0.232,2.97395e-06,1.13687e-13,0.0499875
63120,49.9989,49.9989,49.9989,0.306019,0.0870636,0.306019,0.231822,2.96609e-06,1.7053e-13,0.0499875
63180,49.9989,49.9989,49.9989,0.305753,0.0869657,0.305753,0.231644,2.95826e-06,1.7053e-13,0.0499875
63240,49.9989,49.9989,49.9989,0.305489,0.0868682,0.305489,0.231467,2.95046e-06,2.27374e-13,0.0499875
63300,49.9989,49.9989,49.9989,0.305225,0.0867711,0.305225,0.23129,2.94269e-06,2.27374e-13,0.0499875
63360,49.9989,49.9989,49.9989,0.304962,0.0866744,0.304962,0.231114,2.93495e-06,2.27374e-13,0.0499875
63420,49.9989,49.9989,49.9989,0.304699,0.0865781,0.304699,0.230938,2.92724e-06,2.27374e-13,0.0499875
63480,49.9989,49.9989,49.9989,0.304437,0.0864822,0.304437,0.230763,2.91957e-06,2.27374e-13,0.0499875
63540,49.9989,49.9989,49.9989,0.304176,0.0863866,0.304176,0.230588,2.91193e-06,2.27374e-13,0.0499875
63600,49.9989,49.9989,49.9989,0.303915,0.0862915,0.303915,0.230413,2.90431e-06,1.7053e-13,0.0499875
63660,49.9989,49.9989,49.9989,0.303656,0.0861967,0.303656,0.230239,2.89673e-06,1.13687e-13,0.0499875
63720,49.9989,49.9989,49.9989,0.303396,0.0861023,0.303396,0.230065,2.88918e-06,1.7053e-13,0.0499875
63780,49.9989,49.9989,49.9989,0.303138,0.0860083,0.303138,0.229892,2.88166e-06,1.7053e-13,0.0499875
63840,49.9989,49.9989,49.9989,0.30288,0.0859147,0.30288,0.22972,2.87417e-06,2.27374e-13,0.0499875
63900,49.9989,49.9989,49.9989,0.302623,0.0858214,0.302623,0.229547,2.86671e-06,2.27374e-13,0.0499875
63960,49.9989,49.9989,49.9989,0.302366,0.0857285,0.302366,0.229376,2.85928e-06,2.27374e-13,0.0499875
64020,49.9989,49.9989,49.9989,0.30211,0.085636,0.30211,0.229204,2.85188e-06,2.27374e-13,0.0499875
64080,49.9989,49.9989,49.9989,0.301855,0.0855439,0.301855,0.229033,2.84451e-06,2.27374e-13,0.0499875
64140,49.9989,49.9989,49.9989,0.301601,0.0854521,0.301601,0.228863,2.83716e-06,2.27374e-13,0.0499875
64200,49.9989,49.9989,49.9989,0.301347,0.0853607,0.301347,0.228693,2.82985e-06,1.7053e-13,0.0499875
64260,49.9989,49.9989,49.9989,0.301093,0.0852696,0.301093,0.228523,2.82257e-06,1.13687e-13,0.0499875
64320,49.9989,49.9989,49.9989,0.300841,0.085179,0.300841,0.228354,2.81531e-06,1.13687e-13,0.0499875
64380,49.9989,49.9989,49.9989,0.300589,0.0850886,0.300589,0.228186,2.80809e-06,1.7053e-13,0.0499875
64440,49.9989,49.9989,49.9989,0.300337,0.0849987,0.300337,0.228017,2.80089e-06,1.7053e-13,0.0499875
64500,49.9989,49.9989,49.9989,0.300087,0.0849091,0.300087,0.227849,2.79372e-06,1.7053e-13,0.0499875
64560,49.9989,49.9989,49.9989,0.299837,0.0848198,0.299837,0.227682,2.78658e-06,1.7053e-13,0.0499875
64620,49.9989,49.9989,49.9989,0.299587,0.0847309,0.299587,0.227515,2.77947e-06,1.7053e-13,0.0499875
64680,49.9989,49.9989,49.9989,0.299338,0.0846424,0.299338,0.227349,2.77239e-06,1.7053e-13,0.0499875
64740,49.9989,49.9989,49.9989,0.29909,0.0845542,0.29909,0.227182,2.76533e-06,1.7053e-13,0.0499875
64800,49.9989,49.9989,49.9989,0.298843,0.0844663,0.298843,0.227017,2.7583e-06,1.7053e-13,0.0499875
64860,49.9989,49.9989,49.9989,0.298596,0.0843788,0.298596,0.226851,2.7513e-06,1.7053e-13,0.0499875
64920,49.9989,49.9989,49.9989,0.298349,0.0842917,0.298349,0.226687,2.74433e-06,1.13687e-13,0.0499875
64980,49.9989,49.9989,49.9989,0.298104,0.0842049,0.298104,0.226522,2.73739e-06,1.7053e-13,0.0499875
65040,49.9989,49.9989,49.9989,0.297859,0.0841184,0.297859,0.226358,2.73047e-06,1.7053e-13,0.0499875
65100,49.9989,49.9989,49.9989,0.297614,0.0840322,0.297614,0.226194,2.72358e-06,1.7053e-13,0.0499875
65160,49.9989,49.9989,49.9989,0.29737,0.0839464,0.29737,0.226031,2.71671e-06,1.7053e-13,0.0499875
65220,49.9989,49.9989,49.9989,0.297127,0.083861,0.297127,0.225868,2.70987e-06,1.7053e-13,0.0499875
65280,49.9989,49.9989,49.9989,0.296885,0.0837758,0.296885,0.225706,2.70306e-06,1.7053e-13,0.0499875
65340,49.9989,49.9989,49.9989,0.296643,0.083691,0.296643,0.225544,2.69628e-06,1.7053e-13,0.0499875
65400,49.9989,49.9989,49.9989,0.296401,0.0836066,0.296401,0.225382,2.68952e-06,1.7053e-13,0.0499875
65460,49.9989,49.9989,49.9989,0.29616,0.0835224,0.29616,0.225221,2.68279e-06,1.13687e-13,0.0499875
65520,49.9989,49.9989,49.9989,0.29592,0.0834386,0.29592,0.225061,2.67609e-06,1.7053e-13,0.0499875
65580,49.9989,49.9989,49.9989,0.295681,0.0833551,0.295681,0.2249,2.66941e-06,1.7053e-13,0.0499875
65640,49.9989,49.9989,49.9989,0.295442,0.0832719,0.295442,0.22474,2.66275e-06,1.7053e-13,0.0499875
65700,49.9989,49.9989,49.9989,0.295203,0.0831891,0.295203,0.224581,2.65612e-06,1.7053e-13,0.0499875
65760,49.9989,49.9989,49.9989,0.294965,0.0831066,0.294965,0.224421,2.64952e-06,1.7053e-13,0.0499875
65820,49.9989,49.9989,49.9989,0.294728,0.0830244,0.294728,0.224263,2.64294e-06,1.7053e-13,0.0499875
65880,49.9989,49.9989,49.9989,0.294492,0.0829425,0.294492,0.224104,2.63639e-06,2.27374e-13,0.0499875
65940,49.9989,49.9989,49.9989,0.294255,0.0828609,0.294255,0.223946,2.62987e-06,1.7053e-13,0.0499875
66000,49.9989,49.9989,49.9989,0.29402,0.0827796,0.29402,0.223789,2.62337e-06,1.7053e-13,0.0499875
66060,49.9989,49.9989,49.9989,0.293785,0.0826987,0.293785,0.223632,2.61689e-06,1.13687e-13,0.0499875
66120,49.9989,49.9989,49.9989,0.293551,0.082618,0.293551,0.223475,2.61044e-06,1.7053e-13,0.0499875
66180,49.9989,49.9989,49.9989,0.293317,0.0825377,0.293317,0.223318,2.60401e-06,1.7053e-13,0.0499875
66240,49.9989,49.9989,49.9989,0.293084,0.0824576,0.293084,0.223162,2.59761e-06,1.7053e-13,0.0499875
66300,49.9989,49.9989,49.9989,0.292851,0.0823779,0.292851,0.223007,2.59123e-06,2.27374e-13,0.0499875
66360,49.9989,49.9989,49.9989,0.292619,0.0822985,0.292619,0.222851,2.58488e-06,2.27374e-13,0.0499875
66420,49.9989,49.9989,49.9989,0.292388,0.0822194,0.292388,0.222696,2.57855e-06,2.27374e-13,0.0499875
66480,49.9989,49.9989,49.9989,0.292157,0.0821406,0.292157,0.222542,2.57224e-06,2.27374e-13,0.0499875
66540,49.9989,49.9989,49.9989,0.291927,0.082062,0.291927,0.222388,2.56596e-06,1.7053e-13,0.0499875
66600,49.9989,49.9989,49.9989,0.291697,0.0819838,0.291697,0.222234,2.5597e-06,1.7053e-13,0.0499875
66660,49.9989,49.9989,49.9989,0.291468,0.0819059,0.291468,0.222081,2.55347e-06,1.13687e-13,0.0499875
66720,49.9989,49.9989,49.9989,0.291239,0.0818283,0.291239,0.221928,2.54726e-06,1.13687e-13,0.0499875
66780,49.9989,49.9989,49.9989,0.291011,0.0817509,0.291011,0.221775,2.54107e-06,1.7053e-13,0.0499875
66840,49.9989,49.9989,49.9989,0.290784,0.0816739,0.290784,0.221623,2.53491e-06,1.7053e-13,0.0499875
66900,49.9989,49.9989,49.9989,0.290557,0.0815971,0.290557,0.221471,2.52877e-06,1.7053e-13,0.0499875
66960,49.9989,49.9989,49.9989,0.29033,0.0815207,0.29033,0.221319,2.52265e-06,2.27374e-13,0.0499875
67020,49.9989,49.9989,49.9989,0.290104,0.0814445,0.290104,0.221168,2.51655e-06,2.27374e-13,0.0499875
67080,49.9989,49.9989,49.9989,0.289879,0.0813686,0.289879,0.221017,2.51048e-06,2.27374e-13,0.0499875
67140,49.9989,49.9989,49.9989,0.289654,0.081293,0.289654,0.220867,2.50443e-06,1.7053e-13,0.0499875
67200,49.9989,49.9989,49.9989,0.28943,0.0812176,0.28943,0.220717,2.49841e-06,1.7053e-13,0.0499875
67260,49.9989,49.9989,49.9989,0.289206,0.0811426,0.289206,0.220567,2.4924e-06,1.13687e-13,0.0499875
67320,49.9989,49.9989,49.9989,0.288983,0.0810678,0.288983,0.220418,2.48642e-06,1.7053e-13,0.0499875
67380,49.9989,49.9989,49.9989,0.288761,0.0809933,0.288761,0.220269,2.48046e-06,1.7053e-13,0.0499875
67440,49.9989,49.9989,49.9989,0.288539,0.0809191,0.288539,0.22012,2.47453e-06,1.7053e-13,0.0499875
67500,49.9989,49.9989,49.9989,0.288317,0.0808452,0.288317,0.219972,2.46861e-06,1.7053e-13,0.0499875
67560,49.9989,49.9989,49.9989,0.288096,0.0807716,0.288096,0.219824,2.46272e-06,2.27374e-13,0.0499875
67620,49.9989,49.9989,49.9989,0.287875,0.0806982,0.287875,0.219676,2.45685e-06,2.27374e-13,0.0499875
67680,49.9989,49.9989,49.9989,0.287656,0.0806251,0.287656,0.219529,2.451e-06,2.27374e-13,0.0499875
67740,49.9989,49.9989,49.9989,0.287436,0.0805522,0.287436,0.219382,2.44517e-06,1.7053e-13,0.0499875
67800,49.9989,49.9989,49.9989,0.287217,0.0804796,0.287217,0.219235,2.43937e-06,1.7053e-13,0.0499875
67860,49.9989,49.9989,49.9989,0.286999,0.0804073,0.286999,0.219089,2.43358e-06,1.13687e-13,0.0499875
67920,49.9989,49.9989,49.9989,0.286781,0.0803353,0.286781,0.218943,2.42782e-06,1.7053e-13,0.0499875
67980,49.9989,49.9989,49.9989,0.286564,0.0802635,0.286564,0.218798,2.42208e-06,1.7053e-13,0.0499875
68040,49.9989,49.9989,49.9989,0.286347,0.080192,0.286347,0.218653,2.41636e-06,1.7053e-13,0.0499875
68100,49.9989,49.9989,49.9989,0.286131,0.0801208,0.286131,0.218508,2.41066e-06,2.27374e-13,0.0499875
68160,49.9989,49.9989,49.9989,0.285915,0.0800498,0.285915,0.218363,2.40498e-06,2.27374e-13,0.0499875
68220,49.9989,49.9989,49.9989,0.285699,0.0799791,0.285699,0.218219,2.39932e-06,2.27374e-13,0.0499875
68280,49.9989,49.9989,49.9989,0.285485,0.0799086,0.285485,0.218076,2.39368e-06,1.7053e-13,0.0499875
68340,49.9989,49.9989,49.9989,0.28527,0.0798384,0.28527,0.217932,2.38807e-06,1.7053e-13,0.0499875
68400,49.9989,49.9989,49.9989,0.285057,0.0797684,0.285057,0.217789,2.38247e-06,1.7053e-13,0.0499875
68460,49.9989,49.9989,49.9989,0.284843,0.0796987,0.284843,0.217646,2.3769e-06,1.13687e-13,0.0499875
68520,49.9989,49.9989,49.9989,0.284631,0.0796293,0.284631,0.217504,2.37134e-06,1.13687e-13,0.0499875
68580,49.9989,49.9989,49.9989,0.284418,0.0795601,0.284418,0.217362,2.3658e-06,1.7053e-13,0.0499875
68640,49.9989,49.9989,49.9989,0.284207,0.0794912,0.284207,0.21722,2.36029e-06,1.7053e-13,0.0499875
68700,49.9989,49.9989,49.9989,0.283995,0.0794225,0.283995,0.217078,2.35479e-06,1.7053e-13,0.0499875
68760,49.9989,49.9989,49.9989,0.283785,0.079354,0.283785,0.216937,2.34932e-06,2.27374e-13,0.0499875
68820,49.9989,49.9989,49.9989,0.283574,0.0792858,0.283574,0.216796,2.34386e-06,2.27374e-13,0.0499875
68880,49.9989,49.9989,49.9989,0.283365,0.0792179,0.283365,0.216656,2.33843e-06,2.27374e-13,0.0499875
68940,49.9989,49.9989,49.9989,0.283155,0.0791502,0.283155,0.216516,2.33301e-06,1.7053e-13,0.0499875
69000,49.9989,49.9989,49.9989,0.282947,0.0790827,0.282947,0.216376,2.32762e-06,1.7053e-13,0.0499875
69060,49.9989,49.9989,49.9989,0.282738,0.0790155,0.282738,0.216237,2.32224e-06,1.13687e-13,0.0499875
69120,49.9989,49.9989,49.9989,0.282531,0.0789486,0.282531,0.216097,2.31688e-06,1.7053e-13,0.0499875
69180,49.9989,49.9989,49.9989,0.282323,0.0788818,0.282323,0.215959,2.31154e-06,1.7053e-13,0.0499875
69240,49.9989,49.9989,49.9989,0.282116,0.0788153,0.282116,0.21582,2.30622e-06,1.7053e-13,0.0499875
69300,49.9989,49.9989,49.9989,0.28191,0.0787491,0.28191,0.215682,2.30092e-06,2.27374e-13,0.0499875
69360,49.9989,49.9989,49.9989,0.281704,0.0786831,0.281704,0.215544,2.29564e-06,2.27374e-13,0.0499875
69420,49.9989,49.9989,49.9989,0.281499,0.0786173,0.281499,0.215406,2.29038e-06,2.27374e-13,0.0499875
69480,49.9989,49.9989,49.9989,0.281294,0.0785517,0.281294,0.215269,2.28514e-06,2.27374e-13,0.0499875
69540,49.9989,49.9989,49.9989,0.281089,0.0784864,0.281089,0.215132,2.27991e-06,1.7053e-13,0.0499875
69600,49.9989,49.9989,49.9989,0.280885,0.0784213,0.280885,0.214995,2.2747e-06,1.7053e-13,0.0499875
69660,49.9989,49.9989,49.9989,0.280682,0.0783565,0.280682,0.214859,2.26952e-06,1.13687e-13,0.0499875
69720,49.9989,49.9989,49.9989,0.280479,0.0782919,0.280479,0.214723,2.26435e-06,1.7053e-13,0.0499875
69780,49.9989,49.9989,49.9989,0.280276,0.0782275,0.280276,0.214587,2.2592e-06,1.7053e-13,0.0499875
69840,49.9989,49.9989,49.9989,0.280074,0.0781633,0.280074,0.214452,2.25406e-06,1.7053e-13,0.0499875
69900,49.9989,49.9989,49.9989,0.279873,0.0780994,0.279873,0.214317,2.24895e-06,1.7053e-13,0.0499875
69960,49.9989,49.9989,49.9989,0.279671,0.0780357,0.279671,0.214182,2.24385e-06,2.27374e-13,0.0499875
70020,49.9989,49.9989,49.9989,0.279471,0.0779722,0.279471,0.214048,2.23877e-06,2.27374e-13,0.0499875
70080,49.9989,49.9989,49.9989,0.27927,0.077909,0.27927,0.213913,2.23371e-06,2.27374e-13,0.0499875
70140,49.9989,49.9989,49.9989,0.279071,0.0778459,0.279071,0.21378,2.22867e-06,1.7053e-13,0.0499875
70200,49.9989,49.9989,49.9989,0.278871,0.0777831,0.278871,0.213646,2.22365e-06,1.7053e-13,0.0499875
70260,49.9989,49.9989,49.9989,0.278672,0.0777205,0.278672,0.213513,2.21864e-06,1.7053e-13,0.0499875
70320,49.9989,49.9989,49.9989,0.278474,0.0776581,0.278474,0.21338,2.21365e-06,1.7053e-13,0.0499875
70380,49.9989,49.9989,49.9989,0.278276,0.077596,0.278276,0.213247,2.20868e-06,1.7053e-13,0.0499875
70440,49.9989,49.9989,49.9989,0.278078,0.0775341,0.278078,0.213115,2.20372e-06,1.7053e-13,0.0499875
70500,49.9989,49.9989,49.9989,0.277881,0.0774723,0.277881,0.212983,2.19878e-06,2.27374e-13,0.0499875
70560,49.9989,49.9989,49.9989,0.277685,0.0774108,0.277685,0.212851,2.19386e-06,2.27374e-13,0.0499875
70620,49.9989,49.9989,49.9989,0.277489,0.0773496,0.277489,0.212719,2.18896e-06,2.27374e-13,0.0499875
70680,49.9989,49.9989,49.9989,0.277293,0.0772885,0.277293,0.212588,2.18407e-06,2.27374e-13,0.0499875
70740,49.9989,49.9989,49.9989,0.277097,0.0772276,0.277097,0.212457,2.17921e-06,2.27374e-13,0.0499875
70800,49.9989,49.9989,49.9989,0.276903,0.077167,0.276903,0.212327,2.17435e-06,1.7053e-13,0.0499875
70860,49.9989,49.9989,49.9989,0.276708,0.0771065,0.276708,0.212196,2.16952e-06,1.13687e-13,0.0499875
70920,49.9989,49.9989,49.9989,0.276514,0.0770463,0.276514,0.212066,2.1647e-06,1.7053e-13,0.0499875
70980,49.9989,49.9989,49.9989,0.276321,0.0769863,0.276321,0.211937,2.1599e-06,1.7053e-13,0.0499875
71040,49.9989,49.9989,49.9989,0.276128,0.0769265,0.276128,0.211807,2.15511e-06,2.27374e-13,0.0499875
71100,49.9989,49.9989,49.9989,0.275935,0.0768669,0.275935,0.211678,2.15034e-06,2.27374e-13,0.0499875
71160,49.9989,49.9989,49.9989,0.275743,0.0768075,0.275743,0.211549,2.14559e-06,2.27374e-13,0.0499875
71220,49.9989,49.9989,49.9989,0.275551,0.0767483,0.275551,0.211421,2.14086e-06,2.84217e-13,0.0499875
71280,49.9989,49.9989,49.9989,0.27536,0.0766893,0.27536,0.211292,2.13614e-06,2.27374e-13,0.0499875
71340,49.9989,49.9989,49.9989,0.275169,0.0766305,0.275169,0.211164,2.13143e-06,2.27374e-13,0.0499875
71400,49.9989,49.9989,49.9989,0.274978,0.0765719,0.274978,0.211036,2.12675e-06,1.7053e-13,0.0499875
71460,49.9989,49.9989,49.9989,0.274788,0.0765135,0.274788,0.210909,2.12208e-06,1.13687e-13,0.0499875
71520,49.9989,49.9989,49.9989,0.274598,0.0764553,0.274598,0.210782,2.11742e-06,1.7053e-13,0.0499875
71580,49.9989,49.9989,49.9989,0.274409,0.0763973,0.274409,0.210655,2.11278e-06,1.7053e-13,0.0499875
71640,49.9989,49.9989,49.9989,0.27422,0.0763395,0.27422,0.210528,2.10816e-06,2.27374e-13,0.0499875
71700,49.9989,49.9989,49.9989,0.274032,0.0762819,0.274032,0.210402,2.10355e-06,2.27374e-13,0.0499875
71760,49.9989,49.9989,49.9989,0.273844,0.0762246,0.273844,0.210276,2.09896e-06,2.27374e-13,0.0499875
71820,49.9989,49.9989,49.9989,0.273656,0.0761674,0.273656,0.21015,2.09439e-06,2.27374e-13,0.0499875
71880,49.9989,49.9989,49.9989,0.273469,0.0761104,0.273469,0.210025,2.08982e-06,2.27374e-13,0.0499875
71940,49.9989,49.9989,49.9989,0.273282,0.0760535,0.273282,0.209899,2.08528e-06,2.27374e-13,0.0499875
72000,49.9989,49.9989,49.9989,0.273096,0.0759969,0.273096,0.209774,2.08075e-06,1.7053e-13,0.0499875
72060,49.9989,49.9989,49.9989,0.27291,0.0759405,0.27291,0.20965,2.07624e-06,1.13687e-13,0.0499875
72120,49.9989,49.9989,49.9989,0.272725,0.0758843,0.272725,0.209525,2.07174e-06,1.7053e-13,0.0499875
72180,49.9989,49.9989,49.9989,0.27254,0.0758282,0.27254,0.209401,2.06725e-06,1.7053e-13,0.0499875
72240,49.9989,49.9989,49.9989,0.272355,0.0757724,0.272355,0.209277,2.06279e-06,1.7053e-13,0.0499875
72300,49.9989,49.9989,49.9989,0.272171,0.0757167,0.272171,0.209153,2.05833e-06,2.27374e-13,0.0499875
72360,49.9989,49.9989,49.9989,0.271987,0.0756612,0.271987,0.20903,2.05389e-06,2.27374e-13,0.0499875
72420,49.9989,49.9989,49.9989,0.271803,0.0756059,0.271803,0.208907,2.04947e-06,2.27374e-13,0.0499875
72480,49.9989,49.9989,49.9989,0.27162,0.0755508,0.27162,0.208784,2.04506e-06,2.27374e-13,0.0499875
72540,49.9989,49.9989,49.9989,0.271438,0.0754959,0.271438,0.208662,2.04067e-06,2.27374e-13,0.0499875
72600,49.9989,49.9989,49.9989,0.271255,0.0754412,0.271255,0.208539,2.03629e-06,1.7053e-13,0.0499875
72660,49.9989,49.9989,49.9989,0.271074,0.0753866,0.271074,0.208417,2.03193e-06,1.13687e-13,0.0499875
72720,49.9989,49.9989,49.9989,0.270892,0.0753322,0.270892,0.208295,2.02758e-06,1.7053e-13,0.0499875
72780,49.9989,49.9989,49.9989,0.270711,0.0752781,0.270711,0.208174,2.02324e-06,1.7053e-13,0.0499875
72840,49.9989,49.9989,49.9989,0.27053,0.0752241,0.27053,0.208053,2.01892e-06,1.7053e-13,0.0499875
72900,49.9989,49.9989,49.9989,0.27035,0.0751702,0.27035,0.207932,2.01461e-06,2.27374e-13,0.0499875
72960,49.9989,49.9989,49.9989,0.27017,0.0751166,0.27017,0.207811,2.01032e-06,2.27374e-13,0.0499875
73020,49.9989,49.9989,49.9989,0.269991,0.0750631,0.269991,0.20769,2.00605e-06,2.27374e-13,0.0499875
73080,49.9989,49.9989,49.9989,0.269812,0.0750098,0.269812,0.20757,2.00178e-06,2.27374e-13,0.0499875
73140,49.9989,49.9989,49.9989,0.269633,0.0749567,0.269633,0.20745,1.99753e-06,2.27374e-13,0.0499875
73200,49.9989,49.9989,49.9989,0.269455,0.0749038,0.269455,0.20733,1.9933e-06,1.7053e-13,0.0499875
73260,49.9989,49.9989,49.9989,0.269277,0.074851,0.269277,0.207211,1.98908e-06,1.13687e-13,0.0499875
73320,49.9989,49.9989,49.9989,0.269099,0.0747984,0.269099,0.207092,1.98487e-06,1.7053e-13,0.0499875
73380,49.9989,49.9989,49.9989,0.268922,0.074746,0.268922,0.206973,1.98068e-06,1.7053e-13,0.0499875
73440,49.9989,49.9989,49.9989,0.268745,0.0746938,0.268745,0.206854,1.9765e-06,1.7053e-13,0.0499875
73500,49.9989,49.9989,49.9989,0.268569,0.0746417,0.268569,0.206736,1.97233e-06,2.27374e-13,0.0499875
73560,49.9989,49.9989,49.9989,0.268393,0.0745898,0.268393,0.206617,1.96818e-06,2.27374e-13,0.0499875
73620,49.9989,49.9989,49.9989,0.268217,0.0745381,0.268217,0.206499,1.96404e-06,2.27374e-13,0.0499875
73680,49.9989,49.9989,49.9989,0.268042,0.0744865,0.268042,0.206382,1.95992e-06,2.27374e-13,0.0499875
73740,49.9989,49.9989,49.9989,0.267867,0.0744351,0.267867,0.206264,1.95581e-06,2.27374e-13,0.0499875
73800,49.9989,49.9989,49.9989,0.267692,0.0743839,0.267692,0.206147,1.95171e-06,1.7053e-13,0.0499875
73860,49.9989,49.9989,49.9989,0.267518,0.0743329,0.267518,0.20603,1.94763e-06,1.7053e-13,0.0499875
73920,49.9989,49.9989,49.9989,0.267344,0.074282,0.267344,0.205913,1.94356e-06,1.13687e-13,0.0499875
73980,49.9989,49.9989,49.9989,0.267171,0.0742313,0.267171,0.205797,1.9395e-06,1.7053e-13,0.0499875
74040,49.9989,49.9989,49.9989,0.266998,0.0741807,0.266998,0.205681,1.93546e-06,1.7053e-13,0.0499875
74100,49.9989,49.9989,49.9989,0.266825,0.0741303,0.266825,0.205565,1.93142e-06,2.27374e-13,0.0499875
74160,49.9989,49.9989,49.9989,0.266653,0.0740801,0.266653,0.205449,1.92741e-06,2.27374e-13,0.0499875
74220,49.9989,49.9989,49.9989,0.266481,0.0740301,0.266481,0.205333,1.9234e-06,2.27374e-13,0.0499875
74280,49.9989,49.9989,49.9989,0.266309,0.0739802,0.266309,0.205218,1.91941e-06,2.27374e-13,0.0499875
74340,49.9989,49.9989,49.9989,0.266138,0.0739304,0.266138,0.205103,1.91543e-06,1.7053e-13,0.0499875
74400,49.9989,49.9989,49.9989,0.265967,0.0738809,0.265967,0.204988,1.91147e-06,1.7053e-13,0.0499875
74460,49.9989,49.9989,49.9989,0.265797,0.0738315,0.265797,0.204874,1.90751e-06,1.13687e-13,0.0499875
74520,49.9989,49.9989,49.9989,0.265627,0.0737822,0.265627,0.204759,1.90357e-06,1.13687e-13,0.0499875
74580,49.9989,49.9989,49.9989,0.265457,0.0737331,0.265457,0.204645,1.89965e-06,1.7053e-13,0.0499875
74640,49.9989,49.9989,49.9989,0.265288,0.0736842,0.265288,0.204531,1.89573e-06,1.7053e-13,0.0499875
74700,49.9989,49.9989,49.9989,0.265119,0.0736354,0.265119,0.204418,1.89183e-06,1.7053e-13,0.0499875
74760,49.9989,49.9989,49.9989,0.26495,0.0735868,0.26495,0.204304,1.88794e-06,1.7053e-13,0.0499875
74820,49.9989,49.9989,49.9989,0.264782,0.0735383,0.264782,0.204191,1.88406e-06,1.7053e-13,0.0499875
74880,49.9989,49.9989,49.9989,0.264614,0.07349,0.264614,0.204078,1.8802e-06,1.7053e-13,0.0499875
74940,49.9989,49.9989,49.9989,0.264446,0.0734419,0.264446,0.203965,1.87635e-06,1.7053e-13,0.0499875
75000,49.9989,49.9989,49.9989,0.264279,0.0733939,0.264279,0.203853,1.87251e-06,1.7053e-13,0.0499875
75060,49.9989,49.9989,49.9989,0.264112,0.073346,0.264112,0.203741,1.86868e-06,1.13687e-13,0.0499875
75120,49.9989,49.9989,49.9989,0.263945,0.0732984,0.263945,0.203629,1.86487e-06,1.7053e-13,0.0499875
75180,49.9989,49.9989,49.9989,0.263779,0.0732508,0.263779,0.203517,1.86106e-06,1.7053e-13,0.0499875
75240,49.9989,49.9989,49.9989,0.263613,0.0732034,0.263613,0.203405,1.85727e-06,1.7053e-13,0.0499875
75300,49.9989,49.9989,49.9989,0.263448,0.0731562,0.263448,0.203294,1.85349e-06,2.27374e-13,0.0499875
75360,49.9989,49.9989,49.9989,0.263282,0.0731091,0.263282,0.203183,1.84973e-06,2.27374e-13,0.0499875
75420,49.9989,49.9989,49.9989,0.263118,0.0730622,0.263118,0.203072,1.84597e-06,2.27374e-13,0.0499875
75480,49.9989,49.9989,49.9989,0.262953,0.0730154,0.262953,0.202961,1.84223e-06,2.27374e-13,0.0499875
75540,49.9989,49.9989,49.9989,0.262789,0.0729688,0.262789,0.202851,1.8385e-06,2.27374e-13,0.0499875
75600,49.9989,49.9989,49.9989,0.262625,0.0729223,0.262625,0.202741,1.83478e-06,1.7053e-13,0.0499875
75660,49.9989,49.9989,49.9989,0.262462,0.0728759,0.262462,0.202631,1.83107e-06,1.13687e-13,0.0499875
75720,49.9989,49.9989,49.9989,0.262298,0.0728298,0.262298,0.202521,1.82738e-06,1.13687e-13,0.0499875
75780,49.9989,49.9989,49.9989,0.262136,0.0727837,0.262136,0.202412,1.82369e-06,1.7053e-13,0.0499875
75840,49.9989,49.9989,49.9989,0.261973,0.0727378,0.261973,0.202302,1.82002e-06,1.7053e-13,0.0499875
75900,49.9989,49.9989,49.9989,0.261811,0.072692,0.261811,0.202193,1.81636e-06,1.7053e-13,0.0499875
75960,49.9989,49.9989,49.9989,0.261649,0.0726464,0.261649,0.202084,1.81271e-06,2.27374e-13,0.0499875
76020,49.9989,49.9989,49.9989,0.261488,0.072601,0.261488,0.201976,1.80907e-06,2.27374e-13,0.0499875
76080,49.9989,49.9989,49.9989,0.261327,0.0725556,0.261327,0.201867,1.80545e-06,2.27374e-13,0.0499875
76140,49.9989,49.9989,49.9989,0.261166,0.0725105,0.261166,0.201759,1.80183e-06,2.27374e-13,0.0499875
76200,49.9989,49.9989,49.9989,0.261005,0.0724654,0.261005,0.201651,1.79823e-06,1.7053e-13,0.0499875
76260,49.9989,49.9989,49.9989,0.260845,0.0724205,0.260845,0.201543,1.79464e-06,1.13687e-13,0.0499875
76320,49.9989,49.9989,49.9989,0.260685,0.0723758,0.260685,0.201436,1.79106e-06,1.13687e-13,0.0499875
76380,49.9989,49.9989,49.9989,0.260526,0.0723311,0.260526,0.201328,1.78749e-06,1.7053e-13,0.0499875
76440,49.9989,49.9989,49.9989,0.260367,0.0722867,0.260367,0.201221,1.78393e-06,1.7053e-13,0.0499875
76500,49.9989,49.9989,49.9989,0.260208,0.0722423,0.260208,0.201114,1.78038e-06,2.27374e-13,0.0499875
76560,49.9989,49.9989,49.9989,0.260049,0.0721981,0.260049,0.201008,1.77685e-06,2.27374e-13,0.0499875
76620,49.9989,49.9989,49.9989,0.259891,0.072154,0.259891,0.200901,1.77332e-06,2.27374e-13,0.0499875
76680,49.9989,49.9989,49.9989,0.259733,0.0721101,0.259733,0.200795,1.76981e-06,2.27374e-13,0.0499875
76740,49.9989,49.9989,49.9989,0.259576,0.0720663,0.259576,0.200689,1.7663e-06,1.7053e-13,0.0499875
76800,49.9989,49.9989,49.9989,0.259419,0.0720227,0.259419,0.200583,1.76281e-06,1.7053e-13,0.0499875
76860,49.9989,49.9989,49.9989,0.259262,0.0719792,0.259262,0.200477,1.75933e-06,1.13687e-13,0.0499875
76920,49.9989,49.9989,49.9989,0.259105,0.0719358,0.259105,0.200372,1.75586e-06,1.7053e-13,0.0499875
76980,49.9989,49.9989,49.9989,0.258949,0.0718925,0.258949,0.200266,1.7524e-06,1.7053e-13,0.0499875
77040,49.9989,49.9989,49.9989,0.258793,0.0718494,0.258793,0.200161,1.74895e-06,1.7053e-13,0.0499875
77100,49.9989,49.9989,49.9989,0.258637,0.0718064,0.258637,0.200057,1.74551e-06,1.7053e-13,0.0499875
77160,49.9989,49.9989,49.9989,0.258482,0.0717636,0.258482,0.199952,1.74208e-06,2.27374e-13,0.0499875
77220,49.9989,49.9989,49.9989,0.258327,0.0717208,0.258327,0.199847,1.73866e-06,2.27374e-13,0.0499875
77280,49.9989,49.9989,49.9989,0.258172,0.0716783,0.258172,0.199743,1.73526e-06,1.7053e-13,0.0499875
77340,49.9989,49.9989,49.9989,0.258018,0.0716358,0.258018,0.199639,1.73186e-06,1.7053e-13,0.0499875
77400,49.9989,49.9989,49.9989,0.257864,0.0715935,0.257864,0.199535,1.72847e-06,1.7053e-13,0.0499875
77460,49.9989,49.9989,49.9989,0.25771,0.0715513,0.25771,0.199432,1.7251e-06,1.13687e-13,0.0499875
77520,49.9989,49.9989,49.9989,0.257557,0.0715092,0.257557,0.199328,1.72173e-06,1.7053e-13,0.0499875
77580,49.9989,49.9989,49.9989,0.257404,0.0714673,0.257404,0.199225,1.71838e-06,1.7053e-13,0.0499875
77640,49.9989,49.9989,49.9989,0.257251,0.0714255,0.257251,0.199122,1.71503e-06,1.7053e-13,0.0499875
77700,49.9989,49.9989,49.9989,0.257098,0.0713838,0.257098,0.199019,1.7117e-06,2.27374e-13,0.0499875
77760,49.9989,49.9989,49.9989,0.256946,0.0713422,0.256946,0.198917,1.70837e-06,2.27374e-13,0.0499875
77820,49.9989,49.9989,49.9989,0.256794,0.0713008,0.256794,0.198814,1.70506e-06,2.27374e-13,0.0499875
77880,49.9989,49.9989,49.9989,0.256642,0.0712595,0.256642,0.198712,1.70176e-06,2.27374e-13,0.0499875
77940,49.9989,49.9989,49.9989,0.256491,0.0712183,0.256491,0.19861,1.69846e-06,2.27374e-13,0.0499875
78000,49.9989,49.9989,49.9989,0.25634,0.0711773,0.25634,0.198508,1.69518e-06,1.7053e-13,0.0499875
78060,49.9989,49.9989,49.9989,0.256189,0.0711363,0.256189,0.198407,1.6919e-06,1.13687e-13,0.0499875
78120,49.9989,49.9989,49.9989,0.256039,0.0710955,0.256039,0.198305,1.68864e-06,1.7053e-13,0.0499875
78180,49.9989,49.9989,49.9989,0.255889,0.0710548,0.255889,0.198204,1.68538e-06,1.7053e-13,0.0499875
78240,49.9989,49.9989,49.9989,0.255739,0.0710143,0.255739,0.198103,1.68214e-06,2.27374e-13,0.0499875
78300,49.9989,49.9989,49.9989,0.25559,0.0709739,0.25559,0.198002,1.6789e-06,2.27374e-13,0.0499875
78360,49.9989,49.9989,49.9989,0.25544,0.0709335,0.25544,0.197902,1.67568e-06,2.27374e-13,0.0499875
78420,49.9989,49.9989,49.9989,0.255291,0.0708934,0.255291,0.197801,1.67246e-06,2.27374e-13,0.0499875
78480,49.9989,49.9989,49.9989,0.255143,0.0708533,0.255143,0.197701,1.66926e-06,2.27374e-13,0.0499875
78540,49.9989,49.9989,49.9989,0.254994,0.0708133,0.254994,0.197601,1.66606e-06,2.27374e-13,0.0499875
78600,49.9989,49.9989,49.9989,0.254846,0.0707735,0.254846,0.197501,1.66288e-06,1.7053e-13,0.0499875
78660,49.9989,49.9989,49.9989,0.254699,0.0707338,0.254699,0.197401,1.6597e-06,1.13687e-13,0.0499875
78720,49.9989,49.9989,49.9989,0.254551,0.0706942,0.254551,0.197302,1.65653e-06,1.7053e-13,0.0499875
78780,49.9989,49.9989,49.9989,0.254404,0.0706547,0.254404,0.197203,1.65338e-06,1.7053e-13,0.0499875
78840,49.9989,49.9989,49.9989,0.254257,0.0706154,0.254257,0.197103,1.65023e-06,1.7053e-13,0.0499875
78900,49.9989,49.9989,49.9989,0.254111,0.0705761,0.254111,0.197005,1.64709e-06,2.27374e-13,0.0499875
78960,49.9989,49.9989,49.9989,0.253964,0.070537,0.253964,0.196906,1.64396e-06,2.27374e-13,0.0499875
79020,49.9989,49.9989,49.9989,0.253818,0.070498,0.253818,0.196807,1.64084e-06,2.27374e-13,0.0499875
79080,49.9989,49.9989,49.9989,0.253673,0.0704591,0.253673,0.196709,1.63773e-06,2.27374e-13,0.0499875
79140,49.9989,49.9989,49.9989,0.253527,0.0704204,0.253527,0.196611,1.63463e-06,2.27374e-13,0.0499875
79200,49.9989,49.9989,49.9989,0.253382,0.0703817,0.253382,0.196513,1.63153e-06,1.7053e-13,0.0499875
79260,49.9989,49.9989,49.9989,0.253237,0.0703432,0.253237,0.196415,1.62845e-06,1.7053e-13,0.0499875
79320,49.9989,49.9989,49.9989,0.253092,0.0703048,0.253092,0.196317,1.62538e-06,1.7053e-13,0.0499875
79380,49.9989,49.9989,49.9989,0.252948,0.0702665,0.252948,0.19622,1.62231e-06,1.7053e-13,0.0499875
79440,49.9989,49.9989,49.9989,0.252804,0.0702283,0.252804,0.196123,1.61926e-06,1.7053e-13,0.0499875
79500,49.9989,49.9989,49.9989,0.25266,0.0701902,0.25266,0.196026,1.61621e-06,1.7053e-13,0.0499875
79560,49.9989,49.9989,49.9989,0.252517,0.0701522,0.252517,0.195929,1.61317e-06,1.7053e-13,0.0499875
79620,49.9989,49.9989,49.9989,0.252374,0.0701143,0.252374,0.195832,1.61014e-06,1.7053e-13,0.0499875
79680,49.9989,49.9989,49.9989,0.252231,0.0700766,0.252231,0.195735,1.60712e-06,1.7053e-13,0.0499875
79740,49.9989,49.9989,49.9989,0.252088,0.070039,0.252088,0.195639,1.60411e-06,1.7053e-13,0.0499875
79800,49.9989,49.9989,49.9989,0.251946,0.0700014,0.251946,0.195543,1.60111e-06,1.7053e-13,0.0499875
79860,49.9989,49.9989,49.9989,0.251804,0.069964,0.251804,0.195447,1.59812e-06,1.13687e-13,0.0499875
79920,49.9989,49.9989,49.9989,0.251662,0.0699267,0.251662,0.195351,1.59513e-06,1.7053e-13,0.0499875
79980,49.9989,49.9989,49.9989,0.25152,0.0698895,0.25152,0.195256,1.59216e-06,1.7053e-13,0.0499875
80040,49.9989,49.9989,49.9989,0.251379,0.0698524,0.251379,0.19516,1.58919e-06,1.7053e-13,0.0499875
80100,49.9989,49.9989,49.9989,0.251238,0.0698155,0.251238,0.195065,1.58623e-06,1.7053e-13,0.0499875
80160,49.9989,49.9989,49.9989,0.251097,0.0697786,0.251097,0.19497,1.58328e-06,1.7053e-13,0.0499875
80220,49.9989,49.9989,49.9989,0.250957,0.0697418,0.250957,0.194875,1.58034e-06,2.27374e-13,0.0499875
80280,49.9989,49.9989,49.9989,0.250816,0.0697052,0.250816,0.19478,1.57741e-06,1.7053e-13,0.0499875
80340,49.9989,49.9989,49.9989,0.250677,0.0696686,0.250677,0.194686,1.57449e-06,1.7053e-13,0.0499875
80400,49.9989,49.9989,49.9989,0.250537,0.0696322,0.250537,0.194591,1.57157e-06,1.7053e-13,0.0499875
80460,49.9989,49.9989,49.9989,0.250397,0.0695959,0.250397,0.194497,1.56867e-06,1.13687e-13,0.0499875
80520,49.9989,49.9989,49.9989,0.250258,0.0695596,0.250258,0.194403,1.56577e-06,1.7053e-13,0.0499875
80580,49.9989,49.9989,49.9989,0.250119,0.0695235,0.250119,0.194309,1.56288e-06,1.7053e-13,0.0499875
80640,49.9989,49.9989,49.9989,0.249981,0.0694875,0.249981,0.194215,1.56e-06,1.7053e-13,0.0499875
80700,49.9989,49.9989,49.9989,0.249843,0.0694516,0.249843,0.194122,1.55712e-06,1.7053e-13,0.0499875
80760,49.9989,49.9989,49.9989,0.249704,0.0694158,0.249704,0.194029,1.55426e-06,2.27374e-13,0.0499875
80820,49.9989,49.9989,49.9989,0.249567,0.0693801,0.249567,0.193935,1.5514e-06,2.27374e-13,0.0499875
80880,49.9989,49.9989,49.9989,0.249429,0.0693445,0.249429,0.193842,1.54855e-06,2.27374e-13,0.0499875
80940,49.9989,49.9989,49.9989,0.249292,0.069309,0.249292,0.19375,1.54571e-06,1.7053e-13,0.0499875
81000,49.9989,49.9989,49.9989,0.249155,0.0692736,0.249155,0.193657,1.54288e-06,1.7053e-13,0.0499875
81060,49.9989,49.9989,49.9989,0.249018,0.0692383,0.249018,0.193564,1.54006e-06,1.13687e-13,0.0499875
81120,49.9989,49.9989,49.9989,0.248881,0.0692031,0.248881,0.193472,1.53724e-06,1.7053e-13,0.0499875
81180,49.9989,49.9989,49.9989,0.248745,0.069168,0.248745,0.19338,1.53444e-06,1.7053e-13,0.0499875
81240,49.9989,49.9989,49.9989,0.248609,0.069133,0.248609,0.193288,1.53164e-06,1.7053e-13,0.0499875
81300,49.9989,49.9989,49.9989,0.248473,0.0690981,0.248473,0.193196,1.52884e-06,1.7053e-13,0.0499875
81360,49.9989,49.9989,49.9989,0.248338,0.0690633,0.248338,0.193105,1.52606e-06,2.27374e-13,0.0499875
81420,49.9989,49.9989,49.9989,0.248203,0.0690286,0.248203,0.193013,1.52329e-06,2.27374e-13,0.0499875
81480,49.9989,49.9989,49.9989,0.248068,0.068994,0.248068,0.192922,1.52052e-06,1.7053e-13,0.0499875
81540,49.9989,49.9989,49.9989,0.247933,0.0689595,0.247933,0.192831,1.51776e-06,1.7053e-13,0.0499875
81600,49.9989,49.9989,49.9989,0.247799,0.0689251,0.247799,0.19274,1.51501e-06,1.7053e-13,0.0499875
81660,49.9989,49.9989,49.9989,0.247664,0.0688908,0.247664,0.192649,1.51226e-06,1.13687e-13,0.0499875
81720,49.9989,49.9989,49.9989,0.24753,0.0688567,0.24753,0.192558,1.50953e-06,1.7053e-13,0.0499875
81780,49.9989,49.9989,49.9989,0.247397,0.0688226,0.247397,0.192468,1.5068e-06,1.7053e-13,0.0499875
81840,49.9989,49.9989,49.9989,0.247263,0.0687885,0.247263,0.192377,1.50408e-06,1.7053e-13,0.0499875
81900,49.9989,49.9989,49.9989,0.24713,0.0687546,0.24713,0.192287,1.50137e-06,2.27374e-13,0.0499875
81960,49.9989,49.9989,49.9989,0.246997,0.0687208,0.246997,0.192197,1.49866e-06,2.27374e-13,0.0499875
82020,49.9989,49.9989,49.9989,0.246864,0.0686871,0.246864,0.192107,1.49597e-06,2.27374e-13,0.0499875
82080,49.9989,49.9989,49.9989,0.246732,0.0686535,0.246732,0.192018,1.49328e-06,1.7053e-13,0.0499875
82140,49.9989,49.9989,49.9989,0.2466,0.06862,0.2466,0.191928,1.49059e-06,1.7053e-13,0.0499875
82200,49.9989,49.9989,49.9989,0.246468,0.0685865,0.246468,0.191839,1.48792e-06,1.7053e-13,0.0499875
82260,49.9989,49.9989,49.9989,0.246336,0.0685532,0.246336,0.19175,1.48525e-06,1.7053e-13,0.0499875
82320,49.9989,49.9989,49.9989,0.246204,0.06852,0.246204,0.191661,1.48259e-06,1.7053e-13,0.0499875
82380,49.9989,49.9989,49.9989,0.246073,0.0684868,0.246073,0.191572,1.47994e-06,1.7053e-13,0.0499875
82440,49.9989,49.9989,49.9989,0.245942,0.0684538,0.245942,0.191483,1.4773e-06,1.7053e-13,0.0499875
82500,49.9989,49.9989,49.9989,0.245811,0.0684208,0.245811,0.191394,1.47466e-06,1.7053e-13,0.0499875
82560,49.9989,49.9989,49.9989,0.245681,0.0683879,0.245681,0.191306,1.47203e-06,1.7053e-13,0.0499875
82620,49.9989,49.9989,49.9989,0.245551,0.0683552,0.245551,0.191218,1.46941e-06,2.27374e-13,0.0499875
82680,49.9989,49.9989,49.9989,0.24542,0.0683225,0.24542,0.19113,1.4668e-06,1.7053e-13,0.0499875
82740,49.9989,49.9989,49.9989,0.245291,0.0682899,0.245291,0.191042,1.46419e-06,1.7053e-13,0.0499875
82800,49.9989,49.9989,49.9989,0.245161,0.0682574,0.245161,0.190954,1.46159e-06,1.7053e-13,0.0499875
82860,49.9989,49.9989,49.9989,0.245032,0.068225,0.245032,0.190866,1.459e-06,1.7053e-13,0.0499875
82920,49.9989,49.9989,49.9989,0.244903,0.0681927,0.244903,0.190779,1.45641e-06,1.7053e-13,0.0499875
82980,49.9989,49.9989,49.9989,0.244774,0.0681604,0.244774,0.190692,1.45383e-06,1.7053e-13,0.0499875
83040,49.9989,49.9989,49.9989,0.244645,0.0681283,0.244645,0.190604,1.45126e-06,1.7053e-13,0.0499875
83100,49.9989,49.9989,49.9989,0.244517,0.0680963,0.244517,0.190517,1.4487e-06,1.7053e-13,0.0499875
83160,49.9989,49.9989,49.9989,0.244389,0.0680643,0.244389,0.190431,1.44614e-06,1.7053e-13,0.0499875
83220,49.9989,49.9989,49.9989,0.244261,0.0680324,0.244261,0.190344,1.44359e-06,2.27374e-13,0.0499875
83280,49.9989,49.9989,49.9989,0.244133,0.0680006,0.244133,0.190257,1.44105e-06,2.27374e-13,0.0499875
83340,49.9989,49.9989,49.9989,0.244006,0.067969,0.244006,0.190171,1.43851e-06,1.7053e-13,0.0499875
83400,49.9989,49.9989,49.9989,0.243878,0.0679373,0.243878,0.190085,1.43598e-06,1.7053e-13,0.0499875
83460,49.9989,49.9989,49.9989,0.243751,0.0679058,0.243751,0.189999,1.43346e-06,1.13687e-13,0.0499875
83520,49.9989,49.9989,49.9989,0.243625,0.0678744,0.243625,0.189913,1.43095e-06,1.7053e-13,0.0499875
83580,49.9989,49.9989,49.9989,0.243498,0.0678431,0.243498,0.189827,1.42844e-06,1.7053e-13,0.0499875
83640,49.9989,49.9989,49.9989,0.243372,0.0678118,0.243372,0.189741,1.42594e-06,1.7053e-13,0.0499875
83700,49.9989,49.9989,49.9989,0.243246,0.0677806,0.243246,0.189656,1.42345e-06,1.7053e-13,0.0499875
83760,49.9989,49.9989,49.9989,0.24312,0.0677495,0.24312,0.18957,1.42096e-06,1.7053e-13,0.0499875
83820,49.9989,49.9989,49.9989,0.242994,0.0677185,0.242994,0.189485,1.41848e-06,1.7053e-13,0.0499875
83880,49.9989,49.9989,49.9989,0.242869,0.0676876,0.242869,0.1894,1.41601e-06,1.7053e-13,0.0499875
83940,49.9989,49.9989,49.9989,0.242744,0.0676568,0.242744,0.189315,1.41354e-06,1.7053e-13,0.0499875
84000,49.9989,49.9989,49.9989,0.242619,0.0676261,0.242619,0.189231,1.41108e-06,1.13687e-13,0.0499875
84060,49.9989,49.9989,49.9989,0.242494,0.0675954,0.242494,0.189146,1.40863e-06,1.13687e-13,0.0499875
84120,49.9989,49.9989,49.9989,0.24237,0.0675648,0.24237,0.189062,1.40618e-06,1.7053e-13,0.0499875
84180,49.9989,49.9989,49.9989,0.242245,0.0675343,0.242245,0.188977,1.40374e-06,1.7053e-13,0.0499875
84240,49.9989,49.9989,49.9989,0.242121,0.0675039,0.242121,0.188893,1.40131e-06,1.7053e-13,0.0499875
84300,49.9989,49.9989,49.9989,0.241998,0.0674736,0.241998,0.188809,1.39888e-06,2.27374e-13,0.0499875
84360,49.9989,49.9989,49.9989,0.241874,0.0674434,0.241874,0.188725,1.39647e-06,2.27374e-13,0.0499875
84420,49.9989,49.9989,49.9989,0.241751,0.0674132,0.241751,0.188642,1.39405e-06,2.27374e-13,0.0499875
84480,49.9989,49.9989,49.9989,0.241627,0.0673831,0.241627,0.188558,1.39165e-06,2.27374e-13,0.0499875
84540,49.9989,49.9989,49.9989,0.241504,0.0673531,0.241504,0.188475,1.38925e-06,2.27374e-13,0.0499875
84600,49.9989,49.9989,49.9989,0.241382,0.0673232,0.241382,0.188391,1.38685e-06,1.7053e-13,0.0499875
84660,49.9989,49.9989,49.9989,0.241259,0.0672934,0.241259,0.188308,1.38447e-06,1.7053e-13,0.0499875
84720,49.9989,49.9989,49.9989,0.241137,0.0672636,0.241137,0.188225,1.38209e-06,1.13687e-13,0.0499875
84780,49.9989,49.9989,49.9989,0.241015,0.067234,0.241015,0.188142,1.37971e-06,1.7053e-13,0.0499875
84840,49.9989,49.9989,49.9989,0.240893,0.0672044,0.240893,0.18806,1.37735e-06,1.7053e-13,0.0499875
84900,49.9989,49.9989,49.9989,0.240771,0.0671749,0.240771,0.187977,1.37499e-06,2.27374e-13,0.0499875
84960,49.9989,49.9989,49.9989,0.24065,0.0671454,0.24065,0.187895,1.37263e-06,2.27374e-13,0.0499875
85020,49.9989,49.9989,49.9989,0.240529,0.0671161,0.240529,0.187812,1.37028e-06,2.27374e-13,0.0499875
85080,49.9989,49.9989,49.9989,0.240408,0.0670868,0.240408,0.18773,1.36794e-06,2.27374e-13,0.0499875
85140,49.9989,49.9989,49.9989,0.240287,0.0670576,0.240287,0.187648,1.36561e-06,2.27374e-13,0.0499875
85200,49.9989,49.9989,49.9989,0.240167,0.0670285,0.240167,0.187566,1.36328e-06,1.7053e-13,0.0499875
85260,49.9989,49.9989,49.9989,0.240046,0.0669995,0.240046,0.187485,1.36095e-06,1.7053e-13,0.0499875
85320,49.9989,49.9989,49.9989,0.239926,0.0669705,0.239926,0.187403,1.35864e-06,1.7053e-13,0.0499875
85380,49.9989,49.9989,49.9989,0.239806,0.0669416,0.239806,0.187322,1.35633e-06,2.27374e-13,0.0499875
85440,49.9989,49.9989,49.9989,0.239687,0.0669128,0.239687,0.18724,1.35402e-06,2.27374e-13,0.0499875
85500,49.9989,49.9989,49.9989,0.239567,0.0668841,0.239567,0.187159,1.35172e-06,2.27374e-13,0.0499875
85560,49.9989,49.9989,49.9989,0.239448,0.0668555,0.239448,0.187078,1.34943e-06,2.27374e-13,0.0499875
85620,49.9989,49.9989,49.9989,0.239329,0.0668269,0.239329,0.186997,1.34715e-06,2.27374e-13,0.0499875
85680,49.9989,49.9989,49.9989,0.23921,0.0667984,0.23921,0.186916,1.34487e-06,2.27374e-13,0.0499875
85740,49.9989,49.9989,49.9989,0.239091,0.06677,0.239091,0.186836,1.34259e-06,2.27374e-13,0.0499875
85800,49.9989,49.9989,49.9989,0.238973,0.0667416,0.238973,0.186755,1.34033e-06,1.7053e-13,0.0499875
85860,49.9989,49.9989,49.9989,0.238854,0.0667134,0.238854,0.186675,1.33807e-06,1.13687e-13,0.0499875
85920,49.9989,49.9989,49.9989,0.238736,0.0666852,0.238736,0.186595,1.33581e-06,1.7053e-13,0.0499875
85980,49.9989,49.9989,49.9989,0.238619,0.0666571,0.238619,0.186515,1.33356e-06,1.7053e-13,0.0499875
86040,49.9989,49.9989,49.9989,0.238501,0.066629,0.238501,0.186435,1.33132e-06,1.7053e-13,0.0499875
86100,49.9989,49.9989,49.9989,0.238384,0.066601,0.238384,0.186355,1.32908e-06,2.27374e-13,0.0499875
86160,49.9989,49.9989,49.9989,0.238266,0.0665732,0.238266,0.186275,1.32685e-06,2.27374e-13,0.0499875
86220,49.9989,49.9989,49.9989,0.238149,0.0665453,0.238149,0.186196,1.32462e-06,2.27374e-13,0.0499875
86280,49.9989,49.9989,49.9989,0.238033,0.0665176,0.238033,0.186116,1.3224e-06,2.27374e-13,0.0499875
86340,49.9989,49.9989,49.9989,0.237916,0.0664899,0.237916,0.186037,1.32019e-06,2.27374e-13,0.0499875
86400,49.9989,49.9989,49.9989,0.2378,0.0664623,0.2378,0.185958,1.31798e-06,1.7053e-13,0.0499875
86460,49.9989,49.9989,49.9989,0.237683,0.0664348,0.237683,0.185879,1.31578e-06,1.7053e-13,0.0499875
86520,49.9989,49.9989,49.9989,0.237567,0.0664073,0.237567,0.1858,1.31358e-06,1.7053e-13,0.0499875
86580,49.9989,49.9989,49.9989,0.237452,0.06638,0.237452,0.185721,1.31139e-06,1.7053e-13,0.0499875
86640,49.9989,49.9989,49.9989,0.237336,0.0663527,0.237336,0.185642,1.30921e-06,1.7053e-13,0.0499875
86700,49.9989,49.9989,49.9989,0.237221,0.0663254,0.237221,0.185564,1.30703e-06,2.27374e-13,0.0499875
86760,49.9989,49.9989,49.9989,0.237105,0.0662983,0.237105,0.185486,1.30486e-06,2.27374e-13,0.0499875
86820,49.9989,49.9989,49.9989,0.23699,0.0662712,0.23699,0.185407,1.30269e-06,2.27374e-13,0.0499875
86880,49.9989,49.9989,49.9989,0.236876,0.0662441,0.236876,0.185329,1.30053e-06,2.27374e-13,0.0499875
86940,49.9989,49.9989,49.9989,0.236761,0.0662172,0.236761,0.185251,1.29837e-06,2.27374e-13,0.0499875
87000,49.9989,49.9989,49.9989,0.236647,0.0661903,0.236647,0.185174,1.29622e-06,1.7053e-13,0.0499875
87060,49.9989,49.9989,49.9989,0.236532,0.0661635,0.236532,0.185096,1.29408e-06,1.13687e-13,0.0499875
87120,49.9989,49.9989,49.9989,0.236418,0.0661368,0.236418,0.185018,1.29194e-06,1.7053e-13,0.0499875
87180,49.9989,49.9989,49.9989,0.236305,0.0661101,0.236305,0.184941,1.2898e-06,1.7053e-13,0.0499875
87240,49.9989,49.9989,49.9989,0.236191,0.0660835,0.236191,0.184863,1.28768e-06,1.7053e-13,0.0499875
87300,49.9989,49.9989,49.9989,0.236078,0.066057,0.236078,0.184786,1.28555e-06,1.7053e-13,0.0499875
87360,49.9989,49.9989,49.9989,0.235964,0.0660305,0.235964,0.184709,1.28344e-06,2.27374e-13,0.0499875
87420,49.9989,49.9989,49.9989,0.235851,0.0660041,0.235851,0.184632,1.28133e-06,2.27374e-13,0.0499875
87480,49.9989,49.9989,49.9989,0.235738,0.0659778,0.235738,0.184555,1.27922e-06,2.27374e-13,0.0499875
87540,49.9989,49.9989,49.9989,0.235626,0.0659515,0.235626,0.184479,1.27712e-06,2.27374e-13,0.0499875
87600,49.9989,49.9989,49.9989,0.235513,0.0659254,0.235513,0.184402,1.27502e-06,1.7053e-13,0.0499875
87660,49.9989,49.9989,49.9989,0.235401,0.0658992,0.235401,0.184326,1.27294e-06,1.7053e-13,0.0499875
87720,49.9989,49.9989,49.9989,0.235289,0.0658732,0.235289,0.184249,1.27085e-06,1.7053e-13,0.0499875
87780,49.9989,49.9989,49.9989,0.235177,0.0658472,0.235177,0.184173,1.26877e-06,1.7053e-13,0.0499875
87840,49.9989,49.9989,49.9989,0.235065,0.0658213,0.235065,0.184097,1.2667e-06,1.7053e-13,0.0499875
87900,49.9989,49.9989,49.9989,0.234954,0.0657954,0.234954,0.184021,1.26463e-06,2.27374e-13,0.0499875
87960,49.9989,49.9989,49.9989,0.234843,0.0657697,0.234843,0.183945,1.26257e-06,2.27374e-13,0.0499875
88020,49.9989,49.9989,49.9989,0.234731,0.0657439,0.234731,0.18387,1.26051e-06,2.27374e-13,0.0499875
88080,49.9989,49.9989,49.9989,0.23462,0.0657183,0.23462,0.183794,1.25846e-06,2.27374e-13,0.0499875
88140,49.9989,49.9989,49.9989,0.23451,0.0656927,0.23451,0.183719,1.25641e-06,1.7053e-13,0.0499875
88200,49.9989,49.9989,49.9989,0.234399,0.0656672,0.234399,0.183643,1.25437e-06,1.7053e-13,0.0499875
88260,49.9989,49.9989,49.9989,0.234289,0.0656417,0.234289,0.183568,1.25234e-06,1.13687e-13,0.0499875
88320,49.9989,49.9989,49.9989,0.234179,0.0656163,0.234179,0.183493,1.2503e-06,1.7053e-13,0.0499875
88380,49.9989,49.9989,49.9989,0.234069,0.065591,0.234069,0.183418,1.24828e-06,1.7053e-13,0.0499875
88440,49.9989,49.9989,49.9989,0.233959,0.0655658,0.233959,0.183343,1.24626e-06,1.7053e-13,0.0499875
88500,49.9989,49.9989,49.9989,0.233849,0.0655406,0.233849,0.183269,1.24424e-06,1.7053e-13,0.0499875
88560,49.9989,49.9989,49.9989,0.23374,0.0655154,0.23374,0.183194,1.24223e-06,2.27374e-13,0.0499875
88620,49.9989,49.9989,49.9989,0.23363,0.0654904,0.23363,0.18312,1.24023e-06,2.27374e-13,0.0499875
88680,49.9989,49.9989,49.9989,0.233521,0.0654654,0.233521,0.183045,1.23823e-06,2.27374e-13,0.0499875
88740,49.9989,49.9989,49.9989,0.233412,0.0654405,0.233412,0.182971,1.23623e-06,2.27374e-13,0.0499875
88800,49.9989,49.9989,49.9989,0.233304,0.0654156,0.233304,0.182897,1.23424e-06,1.7053e-13,0.0499875
88860,49.9989,49.9989,49.9989,0.233195,0.0653908,0.233195,0.182823,1.23226e-06,1.7053e-13,0.0499875
88920,49.9989,49.9989,49.9989,0.233087,0.065366,0.233087,0.182749,1.23028e-06,1.7053e-13,0.0499875
88980,49.9989,49.9989,49.9989,0.232979,0.0653413,0.232979,0.182675,1.2283e-06,1.7053e-13,0.0499875
89040,49.9989,49.9989,49.9989,0.232871,0.0653167,0.232871,0.182602,1.22633e-06,1.7053e-13,0.0499875
89100,49.9989,49.9989,49.9989,0.232763,0.0652922,0.232763,0.182528,1.22437e-06,1.7053e-13,0.0499875
89160,49.9989,49.9989,49.9989,0.232655,0.0652677,0.232655,0.182455,1.22241e-06,2.27374e-13,0.0499875
89220,49.9989,49.9989,49.9989,0.232548,0.0652432,0.232548,0.182381,1.22046e-06,2.27374e-13,0.0499875
89280,49.9989,49.9989,49.9989,0.23244,0.0652189,0.23244,0.182308,1.21851e-06,2.27374e-13,0.0499875
89340,49.9989,49.9989,49.9989,0.232333,0.0651946,0.232333,0.182235,1.21656e-06,2.27374e-13,0.0499875
89400,49.9989,49.9989,49.9989,0.232226,0.0651703,0.232226,0.182162,1.21462e-06,1.7053e-13,0.0499875
89460,49.9989,49.9989,49.9989,0.232119,0.0651461,0.232119,0.182089,1.21269e-06,1.7053e-13,0.0499875
89520,49.9989,49.9989,49.9989,0.232013,0.065122,0.232013,0.182017,1.21076e-06,1.7053e-13,0.0499875
89580,49.9989,49.9989,49.9989,0.231907,0.0650979,0.231907,0.181944,1.20883e-06,1.7053e-13,0.0499875
89640,49.9989,49.9989,49.9989,0.2318,0.0650739,0.2318,0.181872,1.20691e-06,2.27374e-13,0.0499875
89700,49.9989,49.9989,49.9989,0.231694,0.06505,0.231694,0.181799,1.205e-06,2.27374e-13,0.0499875
89760,49.9989,49.9989,49.9989,0.231588,0.0650261,0.231588,0.181727,1.20309e-06,2.27374e-13,0.0499875
89820,49.9989,49.9989,49.9989,0.231483,0.0650023,0.231483,0.181655,1.20118e-06,2.27374e-13,0.0499875
89880,49.9989,49.9989,49.9989,0.231377,0.0649785,0.231377,0.181583,1.19928e-06,1.7053e-13,0.0499875
89940,49.9989,49.9989,49.9989,0.231272,0.0649548,0.231272,0.181511,1.19738e-06,1.7053e-13,0.0499875
90000,49.9989,49.9989,49.9989,0.231167,0.0649312,0.231167,0.181439,1.19549e-06,1.7053e-13,0.0499875
90060,49.9989,49.9989,49.9989,0.231062,0.0649076,0.231062,0.181368,1.1936e-06,1.7053e-13,0.0499875
90120,49.9989,49.9989,49.9989,0.230957,0.0648841,0.230957,0.181296,1.19172e-06,2.27374e-13,0.0499875
90180,49.9989,49.9989,49.9989,0.230852,0.0648606,0.230852,0.181225,1.18985e-06,2.27374e-13,0.0499875
90240,49.9989,49.9989,49.9989,0.230748,0.0648372,0.230748,0.181153,1.18797e-06,2.27374e-13,0.0499875
90300,49.9989,49.9989,49.9989,0.230643,0.0648138,0.230643,0.181082,1.1861e-06,2.27374e-13,0.0499875
90360,49.9989,49.9989,49.9989,0.230539,0.0647906,0.230539,0.181011,1.18424e-06,2.84217e-13,0.0499875
90420,49.9989,49.9989,49.9989,0.230435,0.0647673,0.230435,0.18094,1.18238e-06,2.27374e-13,0.0499875
90480,49.9989,49.9989,49.9989,0.230331,0.0647441,0.230331,0.180869,1.18053e-06,2.27374e-13,0.0499875
90540,49.9989,49.9989,49.9989,0.230228,0.064721,0.230228,0.180798,1.17868e-06,2.27374e-13,0.0499875
90600,49.9989,49.9989,49.9989,0.230124,0.064698,0.230124,0.180728,1.17683e-06,2.27374e-13,0.0499875
90660,49.9989,49.9989,49.9989,0.230021,0.064675,0.230021,0.180657,1.17499e-06,1.7053e-13,0.0499875
90720,49.9989,49.9989,49.9989,0.229918,0.064652,0.229918,0.180587,1.17316e-06,1.7053e-13,0.0499875
90780,49.9989,49.9989,49.9989,0.229815,0.0646291,0.229815,0.180516,1.17133e-06,2.27374e-13,0.0499875
90840,49.9989,49.9989,49.9989,0.229712,0.0646063,0.229712,0.180446,1.1695e-06,2.27374e-13,0.0499875
90900,49.9989,49.9989,49.9989,0.229609,0.0645835,0.229609,0.180376,1.16768e-06,2.27374e-13,0.0499875
90960,49.9989,49.9989,49.9989,0.229507,0.0645608,0.229507,0.180306,1.16586e-06,2.27374e-13,0.0499875
91020,49.9989,49.9989,49.9989,0.229405,0.0645381,0.229405,0.180236,1.16405e-06,2.27374e-13,0.0499875
91080,49.9989,49.9989,49.9989,0.229302,0.0645155,0.229302,0.180166,1.16224e-06,2.27374e-13,0.0499875
91140,49.9989,49.9989,49.9989,0.2292,0.064493,0.2292,0.180096,1.16044e-06,1.7053e-13,0.0499875
91200,49.9989,49.9989,49.9989,0.229099,0.0644705,0.229099,0.180027,1.15864e-06,1.7053e-13,0.0499875
91260,49.9989,49.9989,49.9989,0.228997,0.064448,0.228997,0.179957,1.15684e-06,1.13687e-13,0.0499875
91320,49.9989,49.9989,49.9989,0.228895,0.0644257,0.228895,0.179888,1.15505e-06,1.7053e-13,0.0499875
91380,49.9989,49.9989,49.9989,0.228794,0.0644033,0.228794,0.179819,1.15326e-06,1.7053e-13,0.0499875
91440,49.9989,49.9989,49.9989,0.228693,0.064381,0.228693,0.17975,1.15148e-06,1.7053e-13,0.0499875
91500,49.9989,49.9989,49.9989,0.228592,0.0643588,0.228592,0.179681,1.1497e-06,1.7053e-13,0.0499875
91560,49.9989,49.9989,49.9989,0.228491,0.0643367,0.228491,0.179612,1.14793e-06,1.7053e-13,0.0499875
91620,49.9989,49.9989,49.9989,0.22839,0.0643145,0.22839,0.179543,1.14616e-06,2.27374e-13,0.0499875
91680,49.9989,49.9989,49.9989,0.22829,0.0642925,0.22829,0.179474,1.1444e-06,2.27374e-13,0.0499875
91740,49.9989,49.9989,49.9989,0.22819,0.0642705,0.22819,0.179406,1.14264e-06,1.7053e-13,0.0499875
91800,49.9989,49.9989,49.9989,0.228089,0.0642485,0.228089,0.179337,1.14088e-06,1.7053e-13,0.0499875
91860,49.9989,49.9989,49.9989,0.227989,0.0642266,0.227989,0.179269,1.13913e-06,1.13687e-13,0.0499875
91920,49.9989,49.9989,49.9989,0.227889,0.0642048,0.227889,0.1792,1.13738e-06,1.7053e-13,0.0499875
91980,49.9989,49.9989,49.9989,0.22779,0.064183,0.22779,0.179132,1.13564e-06,1.7053e-13,0.0499875
92040,49.9989,49.9989,49.9989,0.22769,0.0641613,0.22769,0.179064,1.1339e-06,1.7053e-13,0.0499875
92100,49.9989,49.9989,49.9989,0.227591,0.0641396,0.227591,0.178996,1.13216e-06,1.7053e-13,0.0499875
92160,49.9989,49.9989,49.9989,0.227492,0.0641179,0.227492,0.178928,1.13043e-06,1.7053e-13,0.0499875
92220,49.9989,49.9989,49.9989,0.227393,0.0640964,0.227393,0.17886,1.12871e-06,1.7053e-13,0.0499875
92280,49.9989,49.9989,49.9989,0.227294,0.0640748,0.227294,0.178793,1.12698e-06,1.7053e-13,0.0499875
92340,49.9989,49.9989,49.9989,0.227195,0.0640534,0.227195,0.178725,1.12527e-06,1.7053e-13,0.0499875
92400,49.9989,49.9989,49.9989,0.227096,0.0640319,0.227096,0.178658,1.12355e-06,1.7053e-13,0.0499875
92460,49.9989,49.9989,49.9989,0.226998,0.0640106,0.226998,0.17859,1.12184e-06,1.13687e-13,0.0499875
92520,49.9989,49.9989,49.9989,0.226899,0.0639892,0.226899,0.178523,1.12014e-06,1.13687e-13,0.0499875
92580,49.9989,49.9989,49.9989,0.226801,0.063968,0.226801,0.178456,1.11843e-06,1.7053e-13,0.0499875
92640,49.9989,49.9989,49.9989,0.226703,0.0639468,0.226703,0.178389,1.11674e-06,1.7053e-13,0.0499875
92700,49.9989,49.9989,49.9989,0.226605,0.0639256,0.226605,0.178322,1.11504e-06,1.7053e-13,0.0499875
92760,49.9989,49.9989,49.9989,0.226508,0.0639045,0.226508,0.178255,1.11335e-06,1.7053e-13,0.0499875
92820,49.9989,49.9989,49.9989,0.22641,0.0638834,0.22641,0.178188,1.11167e-06,2.27374e-13,0.0499875
92880,49.9989,49.9989,49.9989,0.226313,0.0638624,0.226313,0.178122,1.10999e-06,2.27374e-13,0.0499875
92940,49.9989,49.9989,49.9989,0.226216,0.0638414,0.226216,0.178055,1.10831e-06,1.7053e-13,0.0499875
93000,49.9989,49.9989,49.9989,0.226119,0.0638205,0.226119,0.177989,1.10664e-06,1.7053e-13,0.0499875
93060,49.9989,49.9989,49.9989,0.226022,0.0637997,0.226022,0.177922,1.10497e-06,1.13687e-13,0.0499875
93120,49.9989,49.9989,49.9989,0.225925,0.0637788,0.225925,0.177856,1.1033e-06,1.7053e-13,0.0499875
93180,49.9989,49.9989,49.9989,0.225828,0.0637581,0.225828,0.17779,1.10164e-06,1.7053e-13,0.0499875
93240,49.9989,49.9989,49.9989,0.225732,0.0637374,0.225732,0.177724,1.09999e-06,1.7053e-13,0.0499875
93300,49.9989,49.9989,49.9989,0.225636,0.0637167,0.225636,0.177658,1.09833e-06,1.7053e-13,0.0499875
93360,49.9989,49.9989,49.9989,0.225539,0.0636961,0.225539,0.177592,1.09668e-06,2.27374e-13,0.0499875
93420,49.9989,49.9989,49.9989,0.225443,0.0636755,0.225443,0.177526,1.09504e-06,2.27374e-13,0.0499875
93480,49.9989,49.9989,49.9989,0.225348,0.063655,0.225348,0.177461,1.0934e-06,1.7053e-13,0.0499875
93540,49.9989,49.9989,49.9989,0.225252,0.0636345,0.225252,0.177395,1.09176e-06,1.7053e-13,0.0499875
93600,49.9989,49.9989,49.9989,0.225156,0.0636141,0.225156,0.17733,1.09013e-06,1.7053e-13,0.0499875
93660,49.9989,49.9989,49.9989,0.225061,0.0635938,0.225061,0.177264,1.0885e-06,1.13687e-13,0.0499875
93720,49.9989,49.9989,49.9989,0.224966,0.0635734,0.224966,0.177199,1.08687e-06,1.7053e-13,0.0499875
93780,49.9989,49.9989,49.9989,0.224871,0.0635532,0.224871,0.177134,1.08525e-06,1.7053e-13,0.0499875
93840,49.9989,49.9989,49.9989,0.224776,0.0635329,0.224776,0.177069,1.08363e-06,1.7053e-13,0.0499875
93900,49.9989,49.9989,49.9989,0.224681,0.0635128,0.224681,0.177004,1.08202e-06,1.7053e-13,0.0499875
93960,49.9989,49.9989,49.9989,0.224586,0.0634926,0.224586,0.176939,1.08041e-06,1.7053e-13,0.0499875
94020,49.9989,49.9989,49.9989,0.224492,0.0634726,0.224492,0.176874,1.0788e-06,1.7053e-13,0.0499875
94080,49.9989,49.9989,49.9989,0.224397,0.0634525,0.224397,0.17681,1.0772e-06,1.7053e-13,0.0499875
94140,49.9989,49.9989,49.9989,0.224303,0.0634325,0.224303,0.176745,1.0756e-06,1.7053e-13,0.0499875
94200,49.9989,49.9989,49.9989,0.224209,0.0634126,0.224209,0.17668,1.074e-06,1.7053e-13,0.0499875
94260,49.9989,49.9989,49.9989,0.224115,0.0633927,0.224115,0.176616,1.07241e-06,1.13687e-13,0.0499875
94320,49.9989,49.9989,49.9989,0.224021,0.0633729,0.224021,0.176552,1.07082e-06,1.7053e-13,0.0499875
94380,49.9989,49.9989,49.9989,0.223927,0.0633531,0.223927,0.176488,1.06924e-06,1.7053e-13,0.0499875
94440,49.9989,49.9989,49.9989,0.223834,0.0633333,0.223834,0.176423,1.06766e-06,1.7053e-13,0.0499875
94500,49.9989,49.9989,49.9989,0.223741,0.0633136,0.223741,0.176359,1.06608e-06,1.7053e-13,0.0499875
94560,49.9989,49.9989,49.9989,0.223647,0.0632939,0.223647,0.176296,1.06451e-06,1.7053e-13,0.0499875
94620,49.9989,49.9989,49.9989,0.223554,0.0632743,0.223554,0.176232,1.06294e-06,1.7053e-13,0.0499875
94680,49.9989,49.9989,49.9989,0.223461,0.0632548,0.223461,0.176168,1.06138e-06,1.7053e-13,0.0499875
94740,49.9989,49.9989,49.9989,0.223368,0.0632352,0.223368,0.176104,1.05982e-06,1.7053e-13,0.0499875
94800,49.9989,49.9989,49.9989,0.223276,0.0632158,0.223276,0.176041,1.05826e-06,1.13687e-13,0.0499875
94860,49.9989,49.9989,49.9989,0.223183,0.0631963,0.223183,0.175977,1.0567e-06,1.13687e-13,0.0499875
94920,49.9989,49.9989,49.9989,0.223091,0.0631769,0.223091,0.175914,1.05515e-06,1.7053e-13,0.0499875
94980,49.9989,49.9989,49.9989,0.222999,0.0631576,0.222999,0.175851,1.0536e-06,1.7053e-13,0.0499875
95040,49.9989,49.9989,49.9989,0.222907,0.0631383,0.222907,0.175788,1.05206e-06,1.7053e-13,0.0499875
95100,49.9989,49.9989,49.9989,0.222815,0.0631191,0.222815,0.175725,1.05052e-06,1.7053e-13,0.0499875
95160,49.9989,49.9989,49.9989,0.222723,0.0630999,0.222723,0.175662,1.04898e-06,1.7053e-13,0.0499875
95220,49.9989,49.9989,49.9989,0.222631,0.0630807,0.222631,0.175599,1.04745e-06,1.7053e-13,0.0499875
95280,49.9989,49.9989,49.9989,0.22254,0.0630616,0.22254,0.175536,1.04592e-06,1.7053e-13,0.0499875
95340,49.9989,49.9989,49.9989,0.222448,0.0630425,0.222448,0.175473,1.0444e-06,1.7053e-13,0.0499875
95400,49.9989,49.9989,49.9989,0.222357,0.0630235,0.222357,0.175411,1.04287e-06,1.13687e-13,0.0499875
95460,49.9989,49.9989,49.9989,0.222266,0.0630045,0.222266,0.175348,1.04136e-06,1.13687e-13,0.0499875
95520,49.9989,49.9989,49.9989,0.222175,0.0629856,0.222175,0.175286,1.03984e-06,1.13687e-13,0.0499875
95580,49.9989,49.9989,49.9989,0.222084,0.0629667,0.222084,0.175223,1.03833e-06,1.7053e-13,0.0499875
95640,49.9989,49.9989,49.9989,0.221993,0.0629478,0.221993,0.175161,1.03682e-06,1.7053e-13,0.0499875
95700,49.9989,49.9989,49.9989,0.221903,0.062929,0.221903,0.175099,1.03532e-06,1.7053e-13,0.0499875
95760,49.9989,49.9989,49.9989,0.221812,0.0629102,0.221812,0.175037,1.03382e-06,1.7053e-13,0.0499875
95820,49.9989,49.9989,49.9989,0.221722,0.0628915,0.221722,0.174975,1.03232e-06,2.27374e-13,0.0499875
95880,49.9989,49.9989,49.9989,0.221632,0.0628728,0.221632,0.174913,1.03082e-06,2.27374e-13,0.0499875
95940,49.9989,49.9989,49.9989,0.221542,0.0628542,0.221542,0.174851,1.02933e-06,2.27374e-13,0.0499875
96000,49.9989,49.9989,49.9989,0.221452,0.0628356,0.221452,0.174789,1.02785e-06,1.7053e-13,0.0499875
96060,49.9989,49.9989,49.9989,0.221362,0.0628171,0.221362,0.174728,1.02636e-06,1.7053e-13,0.0499875
96120,49.9989,49.9989,49.9989,0.221273,0.0627986,0.221273,0.174666,1.02488e-06,1.13687e-13,0.0499875
96180,49.9989,49.9989,49.9989,0.221183,0.0627801,0.221183,0.174605,1.0234e-06,1.7053e-13,0.0499875
96240,49.9989,49.9989,49.9989,0.221094,0.0627617,0.221094,0.174543,1.02193e-06,1.7053e-13,0.0499875
96300,49.9989,49.9989,49.9989,0.221005,0.0627433,0.221005,0.174482,1.02046e-06,1.7053e-13,0.0499875
96360,49.9989,49.9989,49.9989,0.220916,0.062725,0.220916,0.174421,1.01899e-06,1.7053e-13,0.0499875
96420,49.9989,49.9989,49.9989,0.220827,0.0627067,0.220827,0.17436,1.01753e-06,1.7053e-13,0.0499875
96480,49.9989,49.9989,49.9989,0.220738,0.0626884,0.220738,0.174299,1.01607e-06,1.7053e-13,0.0499875
96540,49.9989,49.9989,49.9989,0.220649,0.0626702,0.220649,0.174238,1.01461e-06,1.7053e-13,0.0499875
96600,49.9989,49.9989,49.9989,0.220561,0.062652,0.220561,0.174177,1.01316e-06,1.7053e-13,0.0499875
96660,49.9989,49.9989,49.9989,0.220472,0.0626339,0.220472,0.174116,1.01171e-06,1.13687e-13,0.0499875
96720,49.9989,49.9989,49.9989,0.220384,0.0626158,0.220384,0.174056,1.01026e-06,1.7053e-13,0.0499875
96780,49.9989,49.9989,49.9989,0.220296,0.0625978,0.220296,0.173995,1.00882e-06,1.7053e-13,0.0499875
96840,49.9989,49.9989,49.9989,0.220208,0.0625798,0.220208,0.173935,1.00738e-06,1.7053e-13,0.0499875
96900,49.9989,49.9989,49.9989,0.22012,0.0625618,0.22012,0.173874,1.00594e-06,2.27374e-13,0.0499875
96960,49.9989,49.9989,49.9989,0.220032,0.0625439,0.220032,0.173814,1.00451e-06,2.27374e-13,0.0499875
97020,49.9989,49.9989,49.9989,0.219944,0.062526,0.219944,0.173754,1.00308e-06,2.27374e-13,0.0499875
97080,49.9989,49.9989,49.9989,0.219857,0.0625082,0.219857,0.173693,1.00165e-06,1.7053e-13,0.0499875
97140,49.9989,49.9989,49.9989,0.21977,0.0624903,0.21977,0.173633,1.00022e-06,1.7053e-13,0.0499875
97200,49.9989,49.9989,49.9989,0.219682,0.0624726,0.219682,0.173573,9.98804e-07,1.7053e-13,0.0499875
97260,49.9989,49.9989,49.9989,0.219595,0.0624549,0.219595,0.173514,9.97386e-07,1.13687e-13,0.0499875
97320,49.9989,49.9989,49.9989,0.219508,0.0624372,0.219508,0.173454,9.95972e-07,1.7053e-13,0.0499875
97380,49.9989,49.9989,49.9989,0.219421,0.0624195,0.219421,0.173394,9.94561e-07,1.7053e-13,0.0499875
97440,49.9989,49.9989,49.9989,0.219335,0.0624019,0.219335,0.173334,9.93152e-07,1.7053e-13,0.0499875
97500,49.9989,49.9989,49.9989,0.219248,0.0623844,0.219248,0.173275,9.91748e-07,2.27374e-13,0.0499875
97560,49.9989,49.9989,49.9989,0.219162,0.0623669,0.219162,0.173215,9.90346e-07,2.27374e-13,0.0499875
97620,49.9989,49.9989,49.9989,0.219075,0.0623494,0.219075,0.173156,9.88947e-07,2.27374e-13,0.0499875
97680,49.9989,49.9989,49.9989,0.218989,0.0623319,0.218989,0.173097,9.87552e-07,1.7053e-13,0.0499875
97740,49.9989,49.9989,49.9989,0.218903,0.0623145,0.218903,0.173038,9.8616e-07,1.7053e-13,0.0499875
97800,49.9989,49.9989,49.9989,0.218817,0.0622972,0.218817,0.172978,9.84771e-07,1.7053e-13,0.0499875
97860,49.9989,49.9989,49.9989,0.218731,0.0622798,0.218731,0.172919,9.83385e-07,1.13687e-13,0.0499875
97920,49.9989,49.9989,49.9989,0.218645,0.0622626,0.218645,0.17286,9.82002e-07,1.7053e-13,0.0499875
97980,49.9989,49.9989,49.9989,0.21856,0.0622453,0.21856,0.172802,9.80622e-07,1.7053e-13,0.0499875
98040,49.9989,49.9989,49.9989,0.218474,0.0622281,0.218474,0.172743,9.79245e-07,1.7053e-13,0.0499875
98100,49.9989,49.9989,49.9989,0.218389,0.0622109,0.218389,0.172684,9.77871e-07,1.7053e-13,0.0499875
98160,49.9989,49.9989,49.9989,0.218304,0.0621938,0.218304,0.172625,9.76501e-07,1.7053e-13,0.0499875
98220,49.9989,49.9989,49.9989,0.218219,0.0621767,0.218219,0.172567,9.75133e-07,1.7053e-13,0.0499875
98280,49.9989,49.9989,49.9989,0.218134,0.0621597,0.218134,0.172508,9.73769e-07,1.7053e-13,0.0499875
98340,49.9989,49.9989,49.9989,0.218049,0.0621426,0.218049,0.17245,9.72408e-07,1.7053e-13,0.0499875
98400,49.9989,49.9989,49.9989,0.217964,0.0621257,0.217964,0.172392,9.71049e-07,1.7053e-13,0.0499875
98460,49.9989,49.9989,49.9989,0.21788,0.0621087,0.21788,0.172333,9.69694e-07,1.13687e-13,0.0499875
98520,49.9989,49.9989,49.9989,0.217795,0.0620918,0.217795,0.172275,9.68342e-07,1.13687e-13,0.0499875
98580,49.9989,49.9989,49.9989,0.217711,0.0620749,0.217711,0.172217,9.66992e-07,1.7053e-13,0.0499875
98640,49.9989,49.9989,49.9989,0.217626,0.0620581,0.217626,0.172159,9.65646e-07,1.7053e-13,0.0499875
98700,49.9989,49.9989,49.9989,0.217542,0.0620413,0.217542,0.172101,9.64303e-07,1.7053e-13,0.0499875
98760,49.9989,49.9989,49.9989,0.217458,0.0620246,0.217458,0.172044,9.62962e-07,2.27374e-13,0.0499875
98820,49.9989,49.9989,49.9989,0.217375,0.0620079,0.217375,0.171986,9.61625e-07,2.27374e-13,0.0499875
98880,49.9989,49.9989,49.9989,0.217291,0.0619912,0.217291,0.171928,9.60291e-07,1.7053e-13,0.0499875
98940,49.9989,49.9989,49.9989,0.217207,0.0619745,0.217207,0.171871,9.58959e-07,1.7053e-13,0.0499875
99000,49.9989,49.9989,49.9989,0.217124,0.0619579,0.217124,0.171813,9.57631e-07,1.7053e-13,0.0499875
99060,49.9989,49.9989,49.9989,0.21704,0.0619414,0.21704,0.171756,9.56305e-07,1.13687e-13,0.0499875
99120,49.9989,49.9989,49.9989,0.216957,0.0619248,0.216957,0.171698,9.54983e-07,1.13687e-13,0.0499875
99180,49.9989,49.9989,49.9989,0.216874,0.0619083,0.216874,0.171641,9.53663e-07,1.7053e-13,0.0499875
99240,49.9989,49.9989,49.9989,0.216791,0.0618919,0.216791,0.171584,9.52346e-07,1.7053e-13,0.0499875
99300,49.9989,49.9989,49.9989,0.216708,0.0618754,0.216708,0.171527,9.51032e-07,1.7053e-13,0.0499875
99360,49.9989,49.9989,49.9989,0.216625,0.0618591,0.216625,0.17147,9.49721e-07,1.7053e-13,0.0499875
99420,49.9989,49.9989,49.9989,0.216543,0.0618427,0.216543,0.171413,9.48413e-07,1.7053e-13,0.0499875
99480,49.9989,49.9989,49.9989,0.21646,0.0618264,0.21646,0.171356,9.47108e-07,1.7053e-13,0.0499875
99540,49.9989,49.9989,49.9989,0.216378,0.0618101,0.216378,0.171299,9.45805e-07,1.7053e-13,0.0499875
99600,49.9989,49.9989,49.9989,0.216295,0.0617939,0.216295,0.171242,9.44506e-07,1.7053e-13,0.0499875
99660,49.9989,49.9989,49.9989,0.216213,0.0617777,0.216213,0.171186,9.43209e-07,1.13687e-13,0.0499875
99720,49.9989,49.9989,49.9989,0.216131,0.0617615,0.216131,0.171129,9.41915e-07,1.7053e-13,0.0499875
99780,49.9989,49.9989,49.9989,0.216049,0.0617453,0.216049,0.171073,9.40624e-07,1.7053e-13,0.0499875
99840,49.9989,49.9989,49.9989,0.215967,0.0617292,0.215967,0.171016,9.39336e-07,2.27374e-13,0.0499875
99900,49.9989,49.9989,49.9989,0.215885,0.0617132,0.215885,0.17096,9.38051e-07,2.27374e-13,0.0499875
99960,49.9989,49.9989,49.9989,0.215804,0.0616971,0.215804,0.170904,9.36768e-07,2.27374e-13,0.0499875
100020,49.9989,49.9989,49.9989,0.215722,0.0616811,0.215722,0.170848,9.35489e-07,2.27374e-13,0.0499875
100080,49.9989,49.9989,49.9989,0.215641,0.0616652,0.215641,0.170792,9.34212e-07,2.27374e-13,0.0499875
100140,49.9989,49.9989,49.9989,0.21556,0.0616493,0.21556,0.170736,9.32938e-07,2.27374e-13,0.0499875
100200,49.9989,49.9989,49.9989,0.215479,0.0616334,0.215479,0.17068,9.31666e-07,1.7053e-13,0.0499875
100260,49.9989,49.9989,49.9989,0.215398,0.0616175,0.215398,0.170624,9.30398e-07,1.13687e-13,0.0499875
100320,49.9989,49.9989,49.9989,0.215317,0.0616017,0.215317,0.170568,9.29132e-07,1.7053e-13,0.0499875
100380,49.9989,49.9989,49.9989,0.215236,0.0615859,0.215236,0.170512,9.27869e-07,1.7053e-13,0.0499875
100440,49.9989,49.9989,49.9989,0.215155,0.0615701,0.215155,0.170457,9.26608e-07,1.7053e-13,0.0499875
100500,49.9989,49.9989,49.9989,0.215075,0.0615544,0.215075,0.170401,9.25351e-07,2.27374e-13,0.0499875
100560,49.9989,49.9989,49.9989,0.214994,0.0615387,0.214994,0.170346,9.24096e-07,2.27374e-13,0.0499875
100620,49.9989,49.9989,49.9989,0.214914,0.0615231,0.214914,0.17029,9.22844e-07,2.27374e-13,0.0499875
100680,49.9989,49.9989,49.9989,0.214834,0.0615075,0.214834,0.170235,9.21594e-07,2.27374e-13,0.0499875
100740,49.9989,49.9989,49.9989,0.214753,0.0614919,0.214753,0.17018,9.20347e-07,2.27374e-13,0.0499875
100800,49.9989,49.9989,49.9989,0.214673,0.0614763,0.214673,0.170124,9.19103e-07,1.7053e-13,0.0499875
100860,49.9989,49.9989,49.9989,0.214594,0.0614608,0.214594,0.170069,9.17862e-07,1.13687e-13,0.0499875
100920,49.9989,49.9989,49.9989,0.214514,0.0614453,0.214514,0.170014,9.16623e-07,1.7053e-13,0.0499875
100980,49.9989,49.9989,49.9989,0.214434,0.0614299,0.214434,0.169959,9.15387e-07,1.7053e-13,0.0499875
101040,49.9989,49.9989,49.9989,0.214355,0.0614145,0.214355,0.169904,9.14154e-07,2.27374e-13,0.0499875
101100,49.9989,49.9989,49.9989,0.214275,0.0613991,0.214275,0.16985,9.12923e-07,2.27374e-13,0.0499875
101160,49.9989,49.9989,49.9989,0.214196,0.0613837,0.214196,0.169795,9.11695e-07,2.27374e-13,0.0499875
101220,49.9989,49.9989,49.9989,0.214117,0.0613684,0.214117,0.16974,9.1047e-07,2.27374e-13,0.0499875
101280,49.9989,49.9989,49.9989,0.214037,0.0613531,0.214037,0.169686,9.09247e-07,2.27374e-13,0.0499875
101340,49.9989,49.9989,49.9989,0.213958,0.0613379,0.213958,0.169631,9.08027e-07,1.7053e-13,0.0499875
101400,49.9989,49.9989,49.9989,0.21388,0.0613227,0.21388,0.169577,9.06809e-07,1.7053e-13,0.0499875
101460,49.9989,49.9989,49.9989,0.213801,0.0613075,0.213801,0.169522,9.05594e-07,1.13687e-13,0.0499875
101520,49.9989,49.9989,49.9989,0.213722,0.0612923,0.213722,0.169468,9.04382e-07,1.7053e-13,0.0499875
101580,49.9989,49.9989,49.9989,0.213644,0.0612772,0.213644,0.169414,9.03172e-07,1.7053e-13,0.0499875
101640,49.9989,49.9989,49.9989,0.213565,0.0612621,0.213565,0.16936,9.01965e-07,1.7053e-13,0.0499875
101700,49.9989,49.9989,49.9989,0.213487,0.061247,0.213487,0.169305,9.0076e-07,2.27374e-13,0.0499875
101760,49.9989,49.9989,49.9989,0.213408,0.061232,0.213408,0.169251,8.99558e-07,2.27374e-13,0.0499875
101820,49.9989,49.9989,49.9989,0.21333,0.061217,0.21333,0.169198,8.98359e-07,2.27374e-13,0.0499875
101880,49.9989,49.9989,49.9989,0.213252,0.0612021,0.213252,0.169144,8.97162e-07,2.27374e-13,0.0499875
101940,49.9989,49.9989,49.9989,0.213174,0.0611871,0.213174,0.16909,8.95968e-07,2.27374e-13,0.0499875
102000,49.9989,49.9989,49.9989,0.213097,0.0611722,0.213097,0.169036,8.94776e-07,1.7053e-13,0.0499875
102060,49.9989,49.9989,49.9989,0.213019,0.0611574,0.213019,0.168983,8.93587e-07,1.13687e-13,0.0499875
102120,49.9989,49.9989,49.9989,0.212941,0.0611425,0.212941,0.168929,8.924e-07,1.7053e-13,0.0499875
102180,49.9989,49.9989,49.9989,0.212864,0.0611277,0.212864,0.168875,8.91216e-07,1.7053e-13,0.0499875
102240,49.9989,49.9989,49.9989,0.212787,0.061113,0.212787,0.168822,8.90034e-07,1.7053e-13,0.0499875
102300,49.9989,49.9989,49.9989,0.212709,0.0610982,0.212709,0.168769,8.88855e-07,1.7053e-13,0.0499875
102360,49.9989,49.9989,49.9989,0.212632,0.0610835,0.212632,0.168715,8.87678e-07,1.7053e-13,0.0499875
102420,49.9989,49.9989,49.9989,0.212555,0.0610688,0.212555,0.168662,8.86504e-07,1.7053e-13,0.0499875
102480,49.9989,49.9989,49.9989,0.212478,0.0610542,0.212478,0.168609,8.85332e-07,1.7053e-13,0.0499875
102540,49.9989,49.9989,49.9989,0.212401,0.0610396,0.212401,0.168556,8.84163e-07,1.7053e-13,0.0499875
102600,49.9989,49.9989,49.9989,0.212325,0.061025,0.212325,0.168503,8.82996e-07,1.13687e-13,0.0499875
102660,49.9989,49.9989,49.9989,0.212248,0.0610104,0.212248,0.16845,8.81832e-07,1.13687e-13,0.0499875
102720,49.9989,49.9989,49.9989,0.212171,0.0609959,0.212171,0.168397,8.8067e-07,1.7053e-13,0.0499875
102780,49.9989,49.9989,49.9989,0.212095,0.0609814,0.212095,0.168344,8.79511e-07,1.7053e-13,0.0499875
102840,49.9989,49.9989,49.9989,0.212019,0.060967,0.212019,0.168291,8.78354e-07,1.7053e-13,0.0499875
102900,49.9989,49.9989,49.9989,0.211942,0.0609525,0.211942,0.168239,8.77199e-07,1.7053e-13,0.0499875
102960,49.9989,49.9989,49.9989,0.211866,0.0609381,0.211866,0.168186,8.76047e-07,1.7053e-13,0.0499875
103020,49.9989,49.9989,49.9989,0.21179,0.0609238,0.21179,0.168134,8.74897e-07,2.27374e-13,0.0499875
103080,49.9989,49.9989,49.9989,0.211714,0.0609094,0.211714,0.168081,8.7375e-07,2.27374e-13,0.0499875
103140,49.9989,49.9989,49.9989,0.211639,0.0608951,0.211639,0.168029,8.72605e-07,1.7053e-13,0.0499875
103200,49.9989,49.9989,49.9989,0.211563,0.0608808,0.211563,0.167977,8.71463e-07,1.7053e-13,0.0499875
103260,49.9989,49.9989,49.9989,0.211487,0.0608666,0.211487,0.167924,8.70323e-07,1.13687e-13,0.0499875
103320,49.9989,49.9989,49.9989,0.211412,0.0608524,0.211412,0.167872,8.69185e-07,1.7053e-13,0.0499875
103380,49.9989,49.9989,49.9989,0.211336,0.0608382,0.211336,0.16782,8.6805e-07,1.7053e-13,0.0499875
103440,49.9989,49.9989,49.9989,0.211261,0.060824,0.211261,0.167768,8.66917e-07,1.7053e-13,0.0499875
103500,49.9989,49.9989,49.9989,0.211186,0.0608099,0.211186,0.167716,8.65786e-07,2.27374e-13,0.0499875
103560,49.9989,49.9989,49.9989,0.211111,0.0607958,0.211111,0.167664,8.64658e-07,2.27374e-13,0.0499875
103620,49.9989,49.9989,49.9989,0.211036,0.0607817,0.211036,0.167612,8.63532e-07,2.27374e-13,0.0499875
103680,49.9989,49.9989,49.9989,0.210961,0.0607677,0.210961,0.16756,8.62409e-07,2.27374e-13,0.0499875
103740,49.9989,49.9989,49.9989,0.210886,0.0607536,0.210886,0.167509,8.61288e-07,1.7053e-13,0.0499875
103800,49.9989,49.9989,49.9989,0.210812,0.0607397,0.210812,0.167457,8.60169e-07,1.7053e-13,0.0499875
103860,49.9989,49.9989,49.9989,0.210737,0.0607257,0.210737,0.167405,8.59052e-07,1.13687e-13,0.0499875
103920,49.9989,49.9989,49.9989,0.210663,0.0607118,0.210663,0.167354,8.57938e-07,1.7053e-13,0.0499875
103980,49.9989,49.9989,49.9989,0.210588,0.0606979,0.210588,0.167303,8.56826e-07,1.7053e-13,0.0499875
104040,49.9989,49.9989,49.9989,0.210514,0.060684,0.210514,0.167251,8.55717e-07,1.7053e-13,0.0499875
104100,49.9989,49.9989,49.9989,0.21044,0.0606702,0.21044,0.1672,8.5461e-07,2.27374e-13,0.0499875
104160,49.9989,49.9989,49.9989,0.210366,0.0606563,0.210366,0.167149,8.53505e-07,2.27374e-13,0.0499875
104220,49.9989,49.9989,49.9989,0.210292,0.0606426,0.210292,0.167097,8.52402e-07,2.27374e-13,0.0499875
104280,49.9989,49.9989,49.9989,0.210218,0.0606288,0.210218,0.167046,8.51302e-07,2.27374e-13,0.0499875
104340,49.9989,49.9989,49.9989,0.210144,0.0606151,0.210144,0.166995,8.50204e-07,2.27374e-13,0.0499875
104400,49.9989,49.9989,49.9989,0.210071,0.0606014,0.210071,0.166944,8.49108e-07,1.7053e-13,0.0499875
104460,49.9989,49.9989,49.9989,0.209997,0.0605877,0.209997,0.166893,8.48014e-07,1.13687e-13,0.0499875
104520,49.9989,49.9989,49.9989,0.209923,0.0605741,0.209923,0.166843,8.46923e-07,1.7053e-13,0.0499875
104580,49.9989,49.9989,49.9989,0.20985,0.0605605,0.20985,0.166792,8.45834e-07,1.7053e-13,0.0499875
104640,49.9989,49.9989,49.9989,0.209777,0.0605469,0.209777,0.166741,8.44747e-07,1.7053e-13,0.0499875
104700,49.9989,49.9989,49.9989,0.209704,0.0605333,0.209704,0.16669,8.43662e-07,2.27374e-13,0.0499875
104760,49.9989,49.9989,49.9989,0.209631,0.0605198,0.209631,0.16664,8.4258e-07,2.27374e-13,0.0499875
104820,49.9989,49.9989,49.9989,0.209558,0.0605063,0.209558,0.166589,8.415e-07,2.27374e-13,0.0499875
104880,49.9989,49.9989,49.9989,0.209485,0.0604928,0.209485,0.166539,8.40422e-07,2.27374e-13,0.0499875
104940,49.9989,49.9989,49.9989,0.209412,0.0604794,0.209412,0.166488,8.39346e-07,2.27374e-13,0.0499875
105000,49.9989,49.9989,49.9989,0.209339,0.060466,0.209339,0.166438,8.38273e-07,1.7053e-13,0.0499875
105060,49.9989,49.9989,49.9989,0.209267,0.0604526,0.209267,0.166388,8.37201e-07,1.13687e-13,0.0499875
105120,49.9989,49.9989,49.9989,0.209194,0.0604392,0.209194,0.166338,8.36132e-07,1.13687e-13,0.0499875
105180,49.9989,49.9989,49.9989,0.209122,0.0604259,0.209122,0.166287,8.35065e-07,1.7053e-13,0.0499875
105240,49.9989,49.9989,49.9989,0.209049,0.0604126,0.209049,0.166237,8.34001e-07,1.7053e-13,0.0499875
105300,49.9989,49.9989,49.9989,0.208977,0.0603993,0.208977,0.166187,8.32938e-07,1.7053e-13,0.0499875
105360,49.9989,49.9989,49.9989,0.208905,0.060386,0.208905,0.166137,8.31878e-07,2.27374e-13,0.0499875
105420,49.9989,49.9989,49.9989,0.208833,0.0603728,0.208833,0.166088,8.3082e-07,2.27374e-13,0.0499875
105480,49.9989,49.9989,49.9989,0.208761,0.0603596,0.208761,0.166038,8.29764e-07,1.7053e-13,0.0499875
105540,49.9989,49.9989,49.9989,0.208689,0.0603464,0.208689,0.165988,8.2871e-07,1.7053e-13,0.0499875
105600,49.9989,49.9989,49.9989,0.208618,0.0603333,0.208618,0.165938,8.27658e-07,1.7053e-13,0.0499875
105660,49.9989,49.9989,49.9989,0.208546,0.0603201,0.208546,0.165889,8.26608e-07,1.7053e-13,0.0499875
105720,49.9989,49.9989,49.9989,0.208474,0.0603071,0.208474,0.165839,8.25561e-07,1.13687e-13,0.0499875
105780,49.9989,49.9989,49.9989,0.208403,0.060294,0.208403,0.16579,8.24515e-07,1.7053e-13,0.0499875
105840,49.9989,49.9989,49.9989,0.208332,0.0602809,0.208332,0.16574,8.23472e-07,2.27374e-13,0.0499875
105900,49.9989,49.9989,49.9989,0.20826,0.0602679,0.20826,0.165691,8.22431e-07,2.27374e-13,0.0499875
105960,49.9989,49.9989,49.9989,0.208189,0.0602549,0.208189,0.165641,8.21392e-07,2.84217e-13,0.0499875
106020,49.9989,49.9989,49.9989,0.208118,0.060242,0.208118,0.165592,8.20355e-07,2.84217e-13,0.0499875
106080,49.9989,49.9989,49.9989,0.208047,0.060229,0.208047,0.165543,8.1932e-07,2.84217e-13,0.0499875
106140,49.9989,49.9989,49.9989,0.207976,0.0602161,0.207976,0.165494,8.18288e-07,2.27374e-13,0.0499875
106200,49.9989,49.9989,49.9989,0.207906,0.0602033,0.207906,0.165445,8.17257e-07,1.7053e-13,0.0499875
106260,49.9989,49.9989,49.9989,0.207835,0.0601904,0.207835,0.165396,8.16228e-07,1.13687e-13,0.0499875
106320,49.9989,49.9989,49.9989,0.207764,0.0601776,0.207764,0.165347,8.15202e-07,1.7053e-13,0.0499875
106380,49.9989,49.9989,49.9989,0.207694,0.0601648,0.207694,0.165298,8.14178e-07,1.7053e-13,0.0499875
106440,49.9989,49.9989,49.9989,0.207623,0.060152,0.207623,0.165249,8.13155e-07,1.7053e-13,0.0499875
106500,49.9989,49.9989,49.9989,0.207553,0.0601392,0.207553,0.1652,8.12135e-07,2.27374e-13,0.0499875
106560,49.9989,49.9989,49.9989,0.207483,0.0601265,0.207483,0.165152,8.11117e-07,2.27374e-13,0.0499875
106620,49.9989,49.9989,49.9989,0.207413,0.0601138,0.207413,0.165103,8.101e-07,2.27374e-13,0.0499875
106680,49.9989,49.9989,49.9989,0.207343,0.0601011,0.207343,0.165055,8.09086e-07,2.27374e-13,0.0499875
106740,49.9989,49.9989,49.9989,0.207273,0.0600885,0.207273,0.165006,8.08074e-07,1.7053e-13,0.0499875
106800,49.9989,49.9989,49.9989,0.207203,0.0600758,0.207203,0.164958,8.07064e-07,1.7053e-13,0.0499875
106860,49.9989,49.9989,49.9989,0.207133,0.0600632,0.207133,0.164909,8.06056e-07,1.13687e-13,0.0499875
106920,49.9989,49.9989,49.9989,0.207063,0.0600507,0.207063,0.164861,8.0505e-07,1.7053e-13,0.0499875
106980,49.9989,49.9989,49.9989,0.206994,0.0600381,0.206994,0.164813,8.04046e-07,1.7053e-13,0.0499875
107040,49.9989,49.9989,49.9989,0.206924,0.0600256,0.206924,0.164764,8.03044e-07,1.7053e-13,0.0499875
107100,49.9989,49.9989,49.9989,0.206855,0.0600131,0.206855,0.164716,8.02044e-07,1.7053e-13,0.0499875
107160,49.9989,49.9989,49.9989,0.206785,0.0600006,0.206785,0.164668,8.01046e-07,2.27374e-13,0.0499875
107220,49.9989,49.9989,49.9989,0.206716,0.0599882,0.206716,0.16462,8.0005e-07,2.27374e-13,0.0499875
107280,49.9989,49.9989,49.9989,0.206647,0.0599757,0.206647,0.164572,7.99056e-07,1.7053e-13,0.0499875
107340,49.9989,49.9989,49.9989,0.206578,0.0599633,0.206578,0.164524,7.98064e-07,1.7053e-13,0.0499875
107400,49.9989,49.9989,49.9989,0.206509,0.059951,0.206509,0.164476,7.97074e-07,1.7053e-13,0.0499875
107460,49.9989,49.9989,49.9989,0.20644,0.0599386,0.20644,0.164429,7.96086e-07,1.7053e-13,0.0499875
107520,49.9989,49.9989,49.9989,0.206371,0.0599263,0.206371,0.164381,7.951e-07,1.7053e-13,0.0499875
107580,49.9989,49.9989,49.9989,0.206303,0.059914,0.206303,0.164333,7.94116e-07,1.7053e-13,0.0499875
107640,49.9989,49.9989,49.9989,0.206234,0.0599017,0.206234,0.164285,7.93133e-07,2.27374e-13,0.0499875
107700,49.9989,49.9989,49.9989,0.206165,0.0598895,0.206165,0.164238,7.92153e-07,2.27374e-13,0.0499875
107760,49.9989,49.9989,49.9989,0.206097,0.0598772,0.206097,0.16419,7.91175e-07,2.27374e-13,0.0499875
107820,49.9989,49.9989,49.9989,0.206029,0.059865,0.206029,0.164143,7.90199e-07,2.27374e-13,0.0499875
107880,49.9989,49.9989,49.9989,0.20596,0.0598528,0.20596,0.164096,7.89224e-07,2.27374e-13,0.0499875
107940,49.9989,49.9989,49.9989,0.205892,0.0598407,0.205892,0.164048,7.88252e-07,1.7053e-13,0.0499875
108000,49.9989,49.9989,49.9989,0.205824,0.0598286,0.205824,0.164001,7.87281e-07,1.7053e-13,0.0499875
108060,49.9989,49.9989,49.9989,0.205756,0.0598164,0.205756,0.163954,7.86312e-07,1.13687e-13,0.0499875
108120,49.9989,49.9989,49.9989,0.205688,0.0598044,0.205688,0.163907,7.85346e-07,1.7053e-13,0.0499875
108180,49.9989,49.9989,49.9989,0.20562,0.0597923,0.20562,0.16386,7.84381e-07,1.7053e-13,0.0499875
108240,49.9989,49.9989,49.9989,0.205553,0.0597803,0.205553,0.163813,7.83418e-07,1.7053e-13,0.0499875
108300,49.9989,49.9989,49.9989,0.205485,0.0597683,0.205485,0.163766,7.82457e-07,2.27374e-13,0.0499875
108360,49.9989,49.9989,49.9989,0.205417,0.0597563,0.205417,0.163719,7.81498e-07,2.27374e-13,0.0499875
108420,49.9989,49.9989,49.9989,0.20535,0.0597443,0.20535,0.163672,7.8054e-07,2.27374e-13,0.0499875
108480,49.9989,49.9989,49.9989,0.205282,0.0597324,0.205282,0.163625,7.79585e-07,2.27374e-13,0.0499875
108540,49.9989,49.9989,49.9989,0.205215,0.0597204,0.205215,0.163578,7.78631e-07,1.7053e-13,0.0499875
108600,49.9989,49.9989,49.9989,0.205148,0.0597085,0.205148,0.163532,7.7768e-07,1.7053e-13,0.0499875
108660,49.9989,49.9989,49.9989,0.205081,0.0596967,0.205081,0.163485,7.7673e-07,1.7053e-13,0.0499875
108720,49.9989,49.9989,49.9989,0.205014,0.0596848,0.205014,0.163438,7.75782e-07,1.7053e-13,0.0499875
108780,49.9989,49.9989,49.9989,0.204947,0.059673,0.204947,0.163392,7.74836e-07,1.7053e-13,0.0499875
108840,49.9989,49.9989,49.9989,0.20488,0.0596612,0.20488,0.163345,7.73892e-07,2.27374e-13,0.0499875
108900,49.9989,49.9989,49.9989,0.204813,0.0596494,0.204813,0.163299,7.7295e-07,2.27374e-13,0.0499875
108960,49.9989,49.9989,49.9989,0.204746,0.0596377,0.204746,0.163253,7.72009e-07,2.27374e-13,0.0499875
109020,49.9989,49.9989,49.9989,0.20468,0.0596259,0.20468,0.163206,7.7107e-07,2.27374e-13,0.0499875
109080,49.9989,49.9989,49.9989,0.204613,0.0596142,0.204613,0.16316,7.70134e-07,2.27374e-13,0.0499875
109140,49.9989,49.9989,49.9989,0.204547,0.0596025,0.204547,0.163114,7.69199e-07,2.27374e-13,0.0499875
109200,49.9989,49.9989,49.9989,0.20448,0.0595909,0.20448,0.163068,7.68265e-07,1.7053e-13,0.0499875
109260,49.9989,49.9989,49.9989,0.204414,0.0595792,0.204414,0.163022,7.67334e-07,1.13687e-13,0.0499875
109320,49.9989,49.9989,49.9989,0.204348,0.0595676,0.204348,0.162976,7.66405e-07,1.7053e-13,0.0499875
109380,49.9989,49.9989,49.9989,0.204282,0.059556,0.204282,0.16293,7.65477e-07,1.7053e-13,0.0499875
109440,49.9989,49.9989,49.9989,0.204216,0.0595444,0.204216,0.162884,7.64551e-07,1.7053e-13,0.0499875
109500,49.9989,49.9989,49.9989,0.20415,0.0595329,0.20415,0.162838,7.63627e-07,2.27374e-13,0.0499875
109560,49.9989,49.9989,49.9989,0.204084,0.0595213,0.204084,0.162792,7.62704e-07,2.27374e-13,0.0499875
109620,49.9989,49.9989,49.9989,0.204018,0.0595098,0.204018,0.162746,7.61784e-07,2.27374e-13,0.0499875
109680,49.9989,49.9989,49.9989,0.203952,0.0594984,0.203952,0.162701,7.60865e-07,2.27374e-13,0.0499875
109740,49.9989,49.9989,49.9989,0.203887,0.0594869,0.203887,0.162655,7.59948e-07,1.7053e-13,0.0499875
109800,49.9989,49.9989,49.9989,0.203821,0.0594755,0.203821,0.16261,7.59033e-07,1.7053e-13,0.0499875
109860,49.9989,49.9989,49.9989,0.203756,0.059464,0.203756,0.162564,7.5812e-07,1.7053e-13,0.0499875
109920,49.9989,49.9989,49.9989,0.20369,0.0594526,0.20369,0.162519,7.57208e-07,1.7053e-13,0.0499875
109980,49.9989,49.9989,49.9989,0.203625,0.0594413,0.203625,0.162473,7.56298e-07,1.7053e-13,0.0499875
110040,49.9989,49.9989,49.9989,0.20356,0.0594299,0.20356,0.162428,7.5539e-07,1.7053e-13,0.0499875
110100,49.9989,49.9989,49.9989,0.203495,0.0594186,0.203495,0.162383,7.54484e-07,1.7053e-13,0.0499875
110160,49.9989,49.9989,49.9989,0.20343,0.0594073,0.20343,0.162337,7.53579e-07,1.7053e-13,0.0499875
110220,49.9989,49.9989,49.9989,0.203365,0.059396,0.203365,0.162292,7.52676e-07,1.7053e-13,0.0499875
110280,49.9989,49.9989,49.9989,0.2033,0.0593847,0.2033,0.162247,7.51775e-07,1.7053e-13,0.0499875
110340,49.9989,49.9989,49.9989,0.203235,0.0593735,0.203235,0.162202,7.50875e-07,1.7053e-13,0.0499875
110400,49.9989,49.9989,49.9989,0.20317,0.0593623,0.20317,0.162157,7.49978e-07,1.7053e-13,0.0499875
110460,49.9989,49.9989,49.9989,0.203106,0.0593511,0.203106,0.162112,7.49082e-07,1.13687e-13,0.0499875
110520,49.9989,49.9989,49.9989,0.203041,0.0593399,0.203041,0.162067,7.48188e-07,1.7053e-13,0.0499875
110580,49.9989,49.9989,49.9989,0.202977,0.0593287,0.202977,0.162022,7.47295e-07,1.7053e-13,0.0499875
110640,49.9989,49.9989,49.9989,0.202912,0.0593176,0.202912,0.161977,7.46404e-07,1.7053e-13,0.0499875
110700,49.9989,49.9989,49.9989,0.202848,0.0593065,0.202848,0.161933,7.45515e-07,1.7053e-13,0.0499875
110760,49.9989,49.9989,49.9989,0.202784,0.0592954,0.202784,0.161888,7.44628e-07,1.7053e-13,0.0499875
110820,49.9989,49.9989,49.9989,0.202719,0.0592843,0.202719,0.161843,7.43742e-07,1.7053e-13,0.0499875
110880,49.9989,49.9989,49.9989,0.202655,0.0592733,0.202655,0.161799,7.42858e-07,1.7053e-13,0.0499875
110940,49.9989,49.9989,49.9989,0.202591,0.0592622,0.202591,0.161754,7.41976e-07,1.7053e-13,0.0499875
111000,49.9989,49.9989,49.9989,0.202527,0.0592512,0.202527,0.16171,7.41095e-07,1.7053e-13,0.0499875
111060,49.9989,49.9989,49.9989,0.202464,0.0592402,0.202464,0.161665,7.40216e-07,1.13687e-13,0.0499875
111120,49.9989,49.9989,49.9989,0.2024,0.0592293,0.2024,0.161621,7.39339e-07,1.7053e-13,0.0499875
111180,49.9989,49.9989,49.9989,0.202336,0.0592183,0.202336,0.161576,7.38463e-07,1.7053e-13,0.0499875
111240,49.9989,49.9989,49.9989,0.202272,0.0592074,0.202272,0.161532,7.37589e-07,1.7053e-13,0.0499875
111300,49.9989,49.9989,49.9989,0.202209,0.0591965,0.202209,0.161488,7.36717e-07,1.7053e-13,0.0499875
111360,49.9989,49.9989,49.9989,0.202145,0.0591856,0.202145,0.161444,7.35846e-07,2.27374e-13,0.0499875
111420,49.9989,49.9989,49.9989,0.202082,0.0591748,0.202082,0.1614,7.34977e-07,1.7053e-13,0.0499875
111480,49.9989,49.9989,49.9989,0.202019,0.0591639,0.202019,0.161356,7.3411e-07,1.7053e-13,0.0499875
111540,49.9989,49.9989,49.9989,0.201956,0.0591531,0.201956,0.161312,7.33244e-07,1.7053e-13,0.0499875
111600,49.9989,49.9989,49.9989,0.201892,0.0591423,0.201892,0.161268,7.3238e-07,1.7053e-13,0.0499875
111660,49.9989,49.9989,49.9989,0.201829,0.0591315,0.201829,0.161224,7.31518e-07,1.13687e-13,0.0499875
111720,49.9989,49.9989,49.9989,0.201766,0.0591208,0.201766,0.16118,7.30657e-07,1.7053e-13,0.0499875
111780,49.9989,49.9989,49.9989,0.201703,0.05911,0.201703,0.161136,7.29798e-07,1.7053e-13,0.0499875
111840,49.9989,49.9989,49.9989,0.201641,0.0590993,0.201641,0.161092,7.28941e-07,1.7053e-13,0.0499875
111900,49.9989,49.9989,49.9989,0.201578,0.0590886,0.201578,0.161048,7.28085e-07,2.27374e-13,0.0499875
111960,49.9989,49.9989,49.9989,0.201515,0.0590779,0.201515,0.161005,7.27231e-07,2.27374e-13,0.0499875
112020,49.9989,49.9989,49.9989,0.201452,0.0590673,0.201452,0.160961,7.26378e-07,2.27374e-13,0.0499875
112080,49.9989,49.9989,49.9989,0.20139,0.0590566,0.20139,0.160918,7.25527e-07,2.27374e-13,0.0499875
112140,49.9989,49.9989,49.9989,0.201328,0.059046,0.201328,0.160874,7.24677e-07,1.7053e-13,0.0499875
112200,49.9989,49.9989,49.9989,0.201265,0.0590354,0.201265,0.160831,7.2383e-07,1.7053e-13,0.0499875
112260,49.9989,49.9989,49.9989,0.201203,0.0590248,0.201203,0.160787,7.22983e-07,1.13687e-13,0.0499875
112320,49.9989,49.9989,49.9989,0.201141,0.0590143,0.201141,0.160744,7.22139e-07,1.7053e-13,0.0499875
112380,49.9989,49.9989,49.9989,0.201078,0.0590037,0.201078,0.160701,7.21296e-07,1.7053e-13,0.0499875
112440,49.9989,49.9989,49.9989,0.201016,0.0589932,0.201016,0.160657,7.20454e-07,1.7053e-13,0.0499875
112500,49.9989,49.9989,49.9989,0.200954,0.0589827,0.200954,0.160614,7.19614e-07,2.27374e-13,0.0499875
112560,49.9989,49.9989,49.9989,0.200892,0.0589722,0.200892,0.160571,7.18776e-07,2.27374e-13,0.0499875
112620,49.9989,49.9989,49.9989,0.200831,0.0589618,0.200831,0.160528,7.17939e-07,2.27374e-13,0.0499875
112680,49.9989,49.9989,49.9989,0.200769,0.0589513,0.200769,0.160485,7.17104e-07,2.27374e-13,0.0499875
112740,49.9989,49.9989,49.9989,0.200707,0.0589409,0.200707,0.160442,7.16271e-07,2.27374e-13,0.0499875
112800,49.9989,49.9989,49.9989,0.200645,0.0589305,0.200645,0.160399,7.15439e-07,1.7053e-13,0.0499875
112860,49.9989,49.9989,49.9989,0.200584,0.0589201,0.200584,0.160356,7.14608e-07,1.13687e-13,0.0499875
112920,49.9989,49.9989,49.9989,0.200522,0.0589098,0.200522,0.160313,7.13779e-07,1.13687e-13,0.0499875
112980,49.9989,49.9989,49.9989,0.200461,0.0588994,0.200461,0.16027,7.12952e-07,1.7053e-13,0.0499875
113040,49.9989,49.9989,49.9989,0.2004,0.0588891,0.2004,0.160228,7.12126e-07,1.7053e-13,0.0499875
113100,49.9989,49.9989,49.9989,0.200338,0.0588788,0.200338,0.160185,7.11302e-07,2.27374e-13,0.0499875
113160,49.9989,49.9989,49.9989,0.200277,0.0588685,0.200277,0.160142,7.10479e-07,2.27374e-13,0.0499875
113220,49.9989,49.9989,49.9989,0.200216,0.0588583,0.200216,0.1601,7.09658e-07,2.27374e-13,0.0499875
113280,49.9989,49.9989,49.9989,0.200155,0.058848,0.200155,0.160057,7.08838e-07,2.27374e-13,0.0499875
113340,49.9989,49.9989,49.9989,0.200094,0.0588378,0.200094,0.160015,7.0802e-07,2.27374e-13,0.0499875
113400,49.9989,49.9989,49.9989,0.200033,0.0588276,0.200033,0.159972,7.07203e-07,1.7053e-13,0.0499875
113460,49.9989,49.9989,49.9989,0.199972,0.0588174,0.199972,0.15993,7.06388e-07,1.7053e-13,0.0499875
113520,49.9989,49.9989,49.9989,0.199912,0.0588072,0.199912,0.159887,7.05574e-07,1.7053e-13,0.0499875
113580,49.9989,49.9989,49.9989,0.199851,0.0587971,0.199851,0.159845,7.04762e-07,1.7053e-13,0.0499875
113640,49.9989,49.9989,49.9989,0.19979,0.0587869,0.19979,0.159803,7.03952e-07,1.7053e-13,0.0499875
113700,49.9989,49.9989,49.9989,0.19973,0.0587768,0.19973,0.159761,7.03142e-07,2.27374e-13,0.0499875
113760,49.9989,49.9989,49.9989,0.199669,0.0587667,0.199669,0.159718,7.02335e-07,2.27374e-13,0.0499875
113820,49.9989,49.9989,49.9989,0.199609,0.0587567,0.199609,0.159676,7.01529e-07,2.27374e-13,0.0499875
113880,49.9989,49.9989,49.9989,0.199549,0.0587466,0.199549,0.159634,7.00724e-07,2.27374e-13,0.0499875
113940,49.9989,49.9989,49.9989,0.199489,0.0587366,0.199489,0.159592,6.99921e-07,1.7053e-13,0.0499875
114000,49.9989,49.9989,49.9989,0.199428,0.0587265,0.199428,0.15955,6.99119e-07,1.7053e-13,0.0499875
114060,49.9989,49.9989,49.9989,0.199368,0.0587165,0.199368,0.159508,6.98319e-07,1.13687e-13,0.0499875
114120,49.9989,49.9989,49.9989,0.199308,0.0587065,0.199308,0.159466,6.9752e-07,1.7053e-13,0.0499875
114180,49.9989,49.9989,49.9989,0.199248,0.0586966,0.199248,0.159425,6.96723e-07,1.7053e-13,0.0499875
114240,49.9989,49.9989,49.9989,0.199188,0.0586866,0.199188,0.159383,6.95928e-07,1.7053e-13,0.0499875
114300,49.9989,49.9989,49.9989,0.199129,0.0586767,0.199129,0.159341,6.95133e-07,2.27374e-13,0.0499875
114360,49.9989,49.9989,49.9989,0.199069,0.0586668,0.199069,0.159299,6.9434e-07,2.27374e-13,0.0499875
114420,49.9989,49.9989,49.9989,0.199009,0.0586569,0.199009,0.159258,6.93549e-07,2.27374e-13,0.0499875
114480,49.9989,49.9989,49.9989,0.19895,0.058647,0.19895,0.159216,6.92759e-07,1.7053e-13,0.0499875
114540,49.9989,49.9989,49.9989,0.19889,0.0586372,0.19889,0.159175,6.91971e-07,1.7053e-13,0.0499875
114600,49.9989,49.9989,49.9989,0.198831,0.0586273,0.198831,0.159133,6.91184e-07,1.7053e-13,0.0499875
114660,49.9989,49.9989,49.9989,0.198771,0.0586175,0.198771,0.159092,6.90398e-07,1.13687e-13,0.0499875
114720,49.9989,49.9989,49.9989,0.198712,0.0586077,0.198712,0.15905,6.89614e-07,1.7053e-13,0.0499875
114780,49.9989,49.9989,49.9989,0.198653,0.0585979,0.198653,0.159009,6.88831e-07,1.7053e-13,0.0499875
114840,49.9989,49.9989,49.9989,0.198594,0.0585882,0.198594,0.158968,6.8805e-07,1.7053e-13,0.0499875
114900,49.9989,49.9989,49.9989,0.198534,0.0585784,0.198534,0.158926,6.8727e-07,2.27374e-13,0.0499875
114960,49.9989,49.9989,49.9989,0.198475,0.0585687,0.198475,0.158885,6.86492e-07,2.27374e-13,0.0499875
115020,49.9989,49.9989,49.9989,0.198416,0.058559,0.198416,0.158844,6.85715e-07,2.27374e-13,0.0499875
115080,49.9989,49.9989,49.9989,0.198358,0.0585493,0.198358,0.158803,6.84939e-07,2.27374e-13,0.0499875
115140,49.9989,49.9989,49.9989,0.198299,0.0585396,0.198299,0.158762,6.84165e-07,2.27374e-13,0.0499875
115200,49.9989,49.9989,49.9989,0.19824,0.0585299,0.19824,0.158721,6.83392e-07,1.7053e-13,0.0499875
115260,49.9989,49.9989,49.9989,0.198181,0.0585203,0.198181,0.15868,6.82621e-07,1.13687e-13,0.0499875
115320,49.9989,49.9989,49.9989,0.198123,0.0585107,0.198123,0.158639,6.81851e-07,1.7053e-13,0.0499875
115380,49.9989,49.9989,49.9989,0.198064,0.0585011,0.198064,0.158598,6.81082e-07,1.7053e-13,0.0499875
115440,49.9989,49.9989,49.9989,0.198006,0.0584915,0.198006,0.158557,6.80315e-07,1.7053e-13,0.0499875
115500,49.9989,49.9989,49.9989,0.197947,0.0584819,0.197947,0.158516,6.79549e-07,2.27374e-13,0.0499875
115560,49.9989,49.9989,49.9989,0.197889,0.0584724,0.197889,0.158476,6.78785e-07,2.27374e-13,0.0499875
115620,49.9989,49.9989,49.9989,0.197831,0.0584628,0.197831,0.158435,6.78022e-07,2.27374e-13,0.0499875
115680,49.9989,49.9989,49.9989,0.197772,0.0584533,0.197772,0.158394,6.7726e-07,2.27374e-13,0.0499875
115740,49.9989,49.9989,49.9989,0.197714,0.0584438,0.197714,0.158354,6.765e-07,1.7053e-13,0.0499875
115800,49.9989,49.9989,49.9989,0.197656,0.0584343,0.197656,0.158313,6.75741e-07,1.7053e-13,0.0499875
115860,49.9989,49.9989,49.9989,0.197598,0.0584248,0.197598,0.158273,6.74984e-07,1.13687e-13,0.0499875
115920,49.9989,49.9989,49.9989,0.19754,0.0584154,0.19754,0.158232,6.74228e-07,1.7053e-13,0.0499875
115980,49.9989,49.9989,49.9989,0.197482,0.058406,0.197482,0.158192,6.73473e-07,1.7053e-13,0.0499875
116040,49.9989,49.9989,49.9989,0.197425,0.0583965,0.197425,0.158151,6.7272e-07,1.7053e-13,0.0499875
116100,49.9989,49.9989,49.9989,0.197367,0.0583871,0.197367,0.158111,6.71968e-07,1.7053e-13,0.0499875
116160,49.9989,49.9989,49.9989,0.197309,0.0583778,0.197309,0.158071,6.71217e-07,2.27374e-13,0.0499875
116220,49.9989,49.9989,49.9989,0.197252,0.0583684,0.197252,0.15803,6.70468e-07,2.27374e-13,0.0499875
116280,49.9989,49.9989,49.9989,0.197194,0.058359,0.197194,0.15799,6.6972e-07,2.27374e-13,0.0499875
116340,49.9989,49.9989,49.9989,0.197137,0.0583497,0.197137,0.15795,6.68973e-07,2.27374e-13,0.0499875
116400,49.9989,49.9989,49.9989,0.197079,0.0583404,0.197079,0.15791,6.68228e-07,1.7053e-13,0.0499875
116460,49.9989,49.9989,49.9989,0.197022,0.0583311,0.197022,0.15787,6.67484e-07,1.7053e-13,0.0499875
116520,49.9989,49.9989,49.9989,0.196965,0.0583218,0.196965,0.15783,6.66741e-07,1.7053e-13,0.0499875
116580,49.9989,49.9989,49.9989,0.196907,0.0583125,0.196907,0.15779,6.66e-07,1.7053e-13,0.0499875
116640,49.9989,49.9989,49.9989,0.19685,0.0583033,0.19685,0.15775,6.6526e-07,1.7053e-13,0.0499875
116700,49.9989,49.9989,49.9989,0.196793,0.0582941,0.196793,0.15771,6.64522e-07,1.7053e-13,0.0499875
116760,49.9989,49.9989,49.9989,0.196736,0.0582848,0.196736,0.15767,6.63784e-07,2.27374e-13,0.0499875
116820,49.9989,49.9989,49.9989,0.196679,0.0582756,0.196679,0.15763,6.63048e-07,2.27374e-13,0.0499875
116880,49.9989,49.9989,49.9989,0.196622,0.0582665,0.196622,0.157591,6.62314e-07,2.27374e-13,0.0499875
116940,49.9989,49.9989,49.9989,0.196566,0.0582573,0.196566,0.157551,6.6158e-07,2.27374e-13,0.0499875
117000,49.9989,49.9989,49.9989,0.196509,0.0582481,0.196509,0.157511,6.60848e-07,1.7053e-13,0.0499875
117060,49.9989,49.9989,49.9989,0.196452,0.058239,0.196452,0.157472,6.60118e-07,1.7053e-13,0.0499875
117120,49.9989,49.9989,49.9989,0.196396,0.0582299,0.196396,0.157432,6.59388e-07,1.7053e-13,0.0499875
117180,49.9989,49.9989,49.9989,0.196339,0.0582208,0.196339,0.157392,6.5866e-07,1.7053e-13,0.0499875
117240,49.9989,49.9989,49.9989,0.196283,0.0582117,0.196283,0.157353,6.57933e-07,1.7053e-13,0.0499875
117300,49.9989,49.9989,49.9989,0.196226,0.0582026,0.196226,0.157313,6.57208e-07,2.27374e-13,0.0499875
117360,49.9989,49.9989,49.9989,0.19617,0.0581936,0.19617,0.157274,6.56484e-07,2.27374e-13,0.0499875
117420,49.9989,49.9989,49.9989,0.196114,0.0581846,0.196114,0.157235,6.55761e-07,2.27374e-13,0.0499875
117480,49.9989,49.9989,49.9989,0.196057,0.0581755,0.196057,0.157195,6.55039e-07,2.27374e-13,0.0499875
117540,49.9989,49.9989,49.9989,0.196001,0.0581665,0.196001,0.157156,6.54319e-07,1.7053e-13,0.0499875
117600,49.9989,49.9989,49.9989,0.195945,0.0581575,0.195945,0.157117,6.536e-07,1.7053e-13,0.0499875
117660,49.9989,49.9989,49.9989,0.195889,0.0581486,0.195889,0.157078,6.52882e-07,1.13687e-13,0.0499875
117720,49.9989,49.9989,49.9989,0.195833,0.0581396,0.195833,0.157038,6.52165e-07,1.13687e-13,0.0499875
117780,49.9989,49.9989,49.9989,0.195777,0.0581307,0.195777,0.156999,6.5145e-07,1.7053e-13,0.0499875
117840,49.9989,49.9989,49.9989,0.195721,0.0581217,0.195721,0.15696,6.50736e-07,1.7053e-13,0.0499875
117900,49.9989,49.9989,49.9989,0.195666,0.0581128,0.195666,0.156921,6.50023e-07,1.7053e-13,0.0499875
117960,49.9989,49.9989,49.9989,0.19561,0.0581039,0.19561,0.156882,6.49312e-07,2.27374e-13,0.0499875
118020,49.9989,49.9989,49.9989,0.195554,0.0580951,0.195554,0.156843,6.48602e-07,2.27374e-13,0.0499875
118080,49.9989,49.9989,49.9989,0.195499,0.0580862,0.195499,0.156804,6.47893e-07,2.27374e-13,0.0499875
118140,49.9989,49.9989,49.9989,0.195443,0.0580774,0.195443,0.156766,6.47185e-07,2.27374e-13,0.0499875
118200,49.9989,49.9989,49.9989,0.195388,0.0580685,0.195388,0.156727,6.46479e-07,1.7053e-13,0.0499875
118260,49.9989,49.9989,49.9989,0.195332,0.0580597,0.195332,0.156688,6.45773e-07,1.13687e-13,0.0499875
118320,49.9989,49.9989,49.9989,0.195277,0.0580509,0.195277,0.156649,6.45069e-07,1.7053e-13,0.0499875
118380,49.9989,49.9989,49.9989,0.195222,0.0580421,0.195222,0.156611,6.44367e-07,1.7053e-13,0.0499875
118440,49.9989,49.9989,49.9989,0.195167,0.0580334,0.195167,0.156572,6.43665e-07,2.27374e-13,0.0499875
118500,49.9989,49.9989,49.9989,0.195111,0.0580246,0.195111,0.156533,6.42965e-07,2.27374e-13,0.0499875
118560,49.9989,49.9989,49.9989,0.195056,0.0580159,0.195056,0.156495,6.42266e-07,2.27374e-13,0.0499875
118620,49.9989,49.9989,49.9989,0.195001,0.0580071,0.195001,0.156456,6.41568e-07,2.27374e-13,0.0499875
118680,49.9989,49.9989,49.9989,0.194946,0.0579984,0.194946,0.156418,6.40872e-07,2.27374e-13,0.0499875
118740,49.9989,49.9989,49.9989,0.194891,0.0579897,0.194891,0.156379,6.40176e-07,2.27374e-13,0.0499875
118800,49.9989,49.9989,49.9989,0.194837,0.0579811,0.194837,0.156341,6.39482e-07,1.7053e-13,0.0499875
118860,49.9989,49.9989,49.9989,0.194782,0.0579724,0.194782,0.156303,6.38789e-07,1.13687e-13,0.0499875
118920,49.9989,49.9989,49.9989,0.194727,0.0579638,0.194727,0.156264,6.38097e-07,1.13687e-13,0.0499875
118980,49.9989,49.9989,49.9989,0.194673,0.0579551,0.194673,0.156226,6.37407e-07,1.7053e-13,0.0499875
119040,49.9989,49.9989,49.9989,0.194618,0.0579465,0.194618,0.156188,6.36718e-07,1.7053e-13,0.0499875
119100,49.9989,49.9989,49.9989,0.194563,0.0579379,0.194563,0.15615,6.3603e-07,2.27374e-13,0.0499875
119160,49.9989,49.9989,49.9989,0.194509,0.0579293,0.194509,0.156112,6.35343e-07,2.27374e-13,0.0499875
119220,49.9989,49.9989,49.9989,0.194455,0.0579208,0.194455,0.156073,6.34657e-07,2.27374e-13,0.0499875
119280,49.9989,49.9989,49.9989,0.1944,0.0579122,0.1944,0.156035,6.33973e-07,2.27374e-13,0.0499875
119340,49.9989,49.9989,49.9989,0.194346,0.0579037,0.194346,0.155997,6.33289e-07,1.7053e-13,0.0499875
119400,49.9989,49.9989,49.9989,0.194292,0.0578951,0.194292,0.155959,6.32607e-07,1.7053e-13,0.0499875
119460,49.9989,49.9989,49.9989,0.194238,0.0578866,0.194238,0.155921,6.31926e-07,1.7053e-13,0.0499875
119520,49.9989,49.9989,49.9989,0.194184,0.0578781,0.194184,0.155884,6.31246e-07,1.7053e-13,0.0499875
119580,49.9989,49.9989,49.9989,0.194129,0.0578696,0.194129,0.155846,6.30568e-07,1.7053e-13,0.0499875
119640,49.9989,49.9989,49.9989,0.194076,0.0578612,0.194076,0.155808,6.29891e-07,1.7053e-13,0.0499875
119700,49.9989,49.9989,49.9989,0.194022,0.0578527,0.194022,0.15577,6.29214e-07,1.7053e-13,0.0499875
119760,49.9989,49.9989,49.9989,0.193968,0.0578443,0.193968,0.155732,6.28539e-07,1.7053e-13,0.0499875
119820,49.9989,49.9989,49.9989,0.193914,0.0578359,0.193914,0.155695,6.27865e-07,2.27374e-13,0.0499875
119880,49.9989,49.9989,49.9989,0.19386,0.0578275,0.19386,0.155657,6.27193e-07,2.27374e-13,0.0499875
119940,49.9989,49.9989,49.9989,0.193807,0.0578191,0.193807,0.155619,6.26521e-07,1.7053e-13,0.0499875
120000,49.9989,49.9989,49.9989,0.193753,0.0578107,0.193753,0.155582,6.25851e-07,1.7053e-13,0.0499875
120060,49.9989,49.9989,49.9989,0.193699,0.0578023,0.193699,0.155544,6.25182e-07,1.13687e-13,0.0499875
120120,49.9989,49.9989,49.9989,0.193646,0.057794,0.193646,0.155507,6.24514e-07,1.7053e-13,0.0499875
120180,49.9989,49.9989,49.9989,0.193592,0.0577856,0.193592,0.155469,6.23847e-07,1.7053e-13,0.0499875
120240,49.9989,49.9989,49.9989,0.193539,0.0577773,0.193539,0.155432,6.23181e-07,1.7053e-13,0.0499875
120300,49.9989,49.9989,49.9989,0.193486,0.057769,0.193486,0.155395,6.22516e-07,1.7053e-13,0.0499875
120360,49.9989,49.9989,49.9989,0.193433,0.0577607,0.193433,0.155357,6.21853e-07,2.27374e-13,0.0499875
120420,49.9989,49.9989,49.9989,0.193379,0.0577524,0.193379,0.15532,6.21191e-07,2.27374e-13,0.0499875
120480,49.9989,49.9989,49.9989,0.193326,0.0577442,0.193326,0.155283,6.2053e-07,2.27374e-13,0.0499875
120540,49.9989,49.9989,49.9989,0.193273,0.0577359,0.193273,0.155246,6.1987e-07,2.27374e-13,0.0499875
120600,49.9989,49.9989,49.9989,0.19322,0.0577277,0.19322,0.155208,6.19211e-07,1.7053e-13,0.0499875
120660,49.9989,49.9989,49.9989,0.193167,0.0577195,0.193167,0.155171,6.18553e-07,1.13687e-13,0.0499875
120720,49.9989,49.9989,49.9989,0.193114,0.0577112,0.193114,0.155134,6.17896e-07,1.7053e-13,0.0499875
120780,49.9989,49.9989,49.9989,0.193061,0.0577031,0.193061,0.155097,6.17241e-07,1.7053e-13,0.0499875
120840,49.9989,49.9989,49.9989,0.193009,0.0576949,0.193009,0.15506,6.16586e-07,2.27374e-13,0.0499875
120900,49.9989,49.9989,49.9989,0.192956,0.0576867,0.192956,0.155023,6.15933e-07,2.27374e-13,0.0499875
120960,49.9989,49.9989,49.9989,0.192903,0.0576786,0.192903,0.154986,6.15281e-07,2.27374e-13,0.0499875
121020,49.9989,49.9989,49.9989,0.192851,0.0576704,0.192851,0.154949,6.1463e-07,2.27374e-13,0.0499875
121080,49.9989,49.9989,49.9989,0.192798,0.0576623,0.192798,0.154912,6.1398e-07,2.27374e-13,0.0499875
121140,49.9989,49.9989,49.9989,0.192746,0.0576542,0.192746,0.154876,6.13331e-07,2.27374e-13,0.0499875
121200,49.9989,49.9989,49.9989,0.192693,0.0576461,0.192693,0.154839,6.12684e-07,1.7053e-13,0.0499875
121260,49.9989,49.9989,49.9989,0.192641,0.057638,0.192641,0.154802,6.12037e-07,1.13687e-13,0.0499875
121320,49.9989,49.9989,49.9989,0.192588,0.0576299,0.192588,0.154765,6.11392e-07,1.7053e-13,0.0499875
121380,49.9989,49.9989,49.9989,0.192536,0.0576219,0.192536,0.154729,6.10747e-07,1.7053e-13,0.0499875
121440,49.9989,49.9989,49.9989,0.192484,0.0576138,0.192484,0.154692,6.10104e-07,1.7053e-13,0.0499875
121500,49.9989,49.9989,49.9989,0.192432,0.0576058,0.192432,0.154655,6.09462e-07,1.7053e-13,0.0499875
121560,49.9989,49.9989,49.9989,0.19238,0.0575978,0.19238,0.154619,6.08821e-07,2.27374e-13,0.0499875
121620,49.9989,49.9989,49.9989,0.192328,0.0575898,0.192328,0.154582,6.08181e-07,2.27374e-13,0.0499875
121680,49.9989,49.9989,49.9989,0.192276,0.0575818,0.192276,0.154546,6.07542e-07,2.27374e-13,0.0499875
121740,49.9989,49.9989,49.9989,0.192224,0.0575738,0.192224,0.15451,6.06904e-07,1.7053e-13,0.0499875
121800,49.9989,49.9989,49.9989,0.192172,0.0575659,0.192172,0.154473,6.06267e-07,1.7053e-13,0.0499875
121860,49.9989,49.9989,49.9989,0.19212,0.0575579,0.19212,0.154437,6.05632e-07,1.13687e-13,0.0499875
121920,49.9989,49.9989,49.9989,0.192068,0.05755,0.192068,0.1544,6.04997e-07,1.7053e-13,0.0499875
121980,49.9989,49.9989,49.9989,0.192017,0.0575421,0.192017,0.154364,6.04364e-07,1.7053e-13,0.0499875
122040,49.9989,49.9989,49.9989,0.191965,0.0575342,0.191965,0.154328,6.03731e-07,1.7053e-13,0.0499875
122100,49.9989,49.9989,49.9989,0.191913,0.0575263,0.191913,0.154292,6.031e-07,1.7053e-13,0.0499875
122160,49.9989,49.9989,49.9989,0.191862,0.0575184,0.191862,0.154256,6.0247e-07,2.27374e-13,0.0499875
122220,49.9989,49.9989,49.9989,0.19181,0.0575105,0.19181,0.154219,6.0184e-07,2.27374e-13,0.0499875
122280,49.9989,49.9989,49.9989,0.191759,0.0575027,0.191759,0.154183,6.01212e-07,2.27374e-13,0.0499875
122340,49.9989,49.9989,49.9989,0.191708,0.0574949,0.191708,0.154147,6.00585e-07,2.27374e-13,0.0499875
122400,49.9989,49.9989,49.9989,0.191656,0.057487,0.191656,0.154111,5.99959e-07,1.7053e-13,0.0499875
122460,49.9989,49.9989,49.9989,0.191605,0.0574792,0.191605,0.154075,5.99334e-07,1.13687e-13,0.0499875
122520,49.9989,49.9989,49.9989,0.191554,0.0574714,0.191554,0.154039,5.9871e-07,1.13687e-13,0.0499875
122580,49.9989,49.9989,49.9989,0.191503,0.0574636,0.191503,0.154003,5.98087e-07,1.7053e-13,0.0499875
122640,49.9989,49.9989,49.9989,0.191452,0.0574559,0.191452,0.153968,5.97466e-07,1.7053e-13,0.0499875
122700,49.9989,49.9989,49.9989,0.191401,0.0574481,0.191401,0.153932,5.96845e-07,1.7053e-13,0.0499875
122760,49.9989,49.9989,49.9989,0.19135,0.0574404,0.19135,0.153896,5.96225e-07,2.27374e-13,0.0499875
122820,49.9989,49.9989,49.9989,0.191299,0.0574326,0.191299,0.15386,5.95606e-07,2.27374e-13,0.0499875
122880,49.9989,49.9989,49.9989,0.191248,0.0574249,0.191248,0.153824,5.94989e-07,2.27374e-13,0.0499875
122940,49.9989,49.9989,49.9989,0.191197,0.0574172,0.191197,0.153789,5.94372e-07,1.7053e-13,0.0499875
123000,49.9989,49.9989,49.9989,0.191146,0.0574095,0.191146,0.153753,5.93757e-07,1.7053e-13,0.0499875
123060,49.9989,49.9989,49.9989,0.191096,0.0574018,0.191096,0.153718,5.93142e-07,1.13687e-13,0.0499875
123120,49.9989,49.9989,49.9989,0.191045,0.0573941,0.191045,0.153682,5.92528e-07,1.7053e-13,0.0499875
123180,49.9989,49.9989,49.9989,0.190994,0.0573865,0.190994,0.153646,5.91916e-07,1.7053e-13,0.0499875
123240,49.9989,49.9989,49.9989,0.190944,0.0573788,0.190944,0.153611,5.91305e-07,1.7053e-13,0.0499875
123300,49.9989,49.9989,49.9989,0.190893,0.0573712,0.190893,0.153575,5.90694e-07,2.27374e-13,0.0499875
123360,49.9989,49.9989,49.9989,0.190843,0.0573636,0.190843,0.15354,5.90085e-07,2.27374e-13,0.0499875
123420,49.9989,49.9989,49.9989,0.190793,0.057356,0.190793,0.153505,5.89476e-07,2.27374e-13,0.0499875
123480,49.9989,49.9989,49.9989,0.190742,0.0573484,0.190742,0.153469,5.88869e-07,2.27374e-13,0.0499875
123540,49.9989,49.9989,49.9989,0.190692,0.0573408,0.190692,0.153434,5.88263e-07,1.7053e-13,0.0499875
123600,49.9989,49.9989,49.9989,0.190642,0.0573333,0.190642,0.153399,5.87657e-07,1.7053e-13,0.0499875
123660,49.9989,49.9989,49.9989,0.190592,0.0573257,0.190592,0.153363,5.87053e-07,1.13687e-13,0.0499875
123720,49.9989,49.9989,49.9989,0.190542,0.0573182,0.190542,0.153328,5.86449e-07,1.7053e-13,0.0499875
123780,49.9989,49.9989,49.9989,0.190492,0.0573106,0.190492,0.153293,5.85847e-07,1.7053e-13,0.0499875
123840,49.9989,49.9989,49.9989,0.190442,0.0573031,0.190442,0.153258,5.85246e-07,1.7053e-13,0.0499875
123900,49.9989,49.9989,49.9989,0.190392,0.0572956,0.190392,0.153223,5.84645e-07,2.27374e-13,0.0499875
123960,49.9989,49.9989,49.9989,0.190342,0.0572881,0.190342,0.153188,5.84046e-07,2.27374e-13,0.0499875
124020,49.9989,49.9989,49.9989,0.190292,0.0572806,0.190292,0.153153,5.83448e-07,2.27374e-13,0.0499875
124080,49.9989,49.9989,49.9989,0.190242,0.0572732,0.190242,0.153118,5.8285e-07,2.27374e-13,0.0499875
124140,49.9989,49.9989,49.9989,0.190192,0.0572657,0.190192,0.153083,5.82254e-07,2.27374e-13,0.0499875
124200,49.9989,49.9989,49.9989,0.190143,0.0572583,0.190143,0.153048,5.81659e-07,1.7053e-13,0.0499875
124260,49.9989,49.9989,49.9989,0.190093,0.0572508,0.190093,0.153013,5.81064e-07,1.13687e-13,0.0499875
124320,49.9989,49.9989,49.9989,0.190044,0.0572434,0.190044,0.152978,5.80471e-07,1.7053e-13,0.0499875
124380,49.9989,49.9989,49.9989,0.189994,0.057236,0.189994,0.152943,5.79879e-07,1.7053e-13,0.0499875
124440,49.9989,49.9989,49.9989,0.189945,0.0572286,0.189945,0.152909,5.79287e-07,1.7053e-13,0.0499875
124500,49.9989,49.9989,49.9989,0.189895,0.0572212,0.189895,0.152874,5.78697e-07,2.27374e-13,0.0499875
124560,49.9989,49.9989,49.9989,0.189846,0.0572139,0.189846,0.152839,5.78107e-07,2.27374e-13,0.0499875
124620,49.9989,49.9989,49.9989,0.189796,0.0572065,0.189796,0.152805,5.77519e-07,2.27374e-13,0.0499875
124680,49.9989,49.9989,49.9989,0.189747,0.0571992,0.189747,0.15277,5.76931e-07,2.27374e-13,0.0499875
124740,49.9989,49.9989,49.9989,0.189698,0.0571918,0.189698,0.152735,5.76345e-07,1.7053e-13,0.0499875
124800,49.9989,49.9989,49.9989,0.189649,0.0571845,0.189649,0.152701,5.75759e-07,1.7053e-13,0.0499875
124860,49.9989,49.9989,49.9989,0.1896,0.0571772,0.1896,0.152666,5.75174e-07,1.13687e-13,0.0499875
124920,49.9989,49.9989,49.9989,0.189551,0.0571699,0.189551,0.152632,5.74591e-07,1.13687e-13,0.0499875
124980,49.9989,49.9989,49.9989,0.189502,0.0571626,0.189502,0.152597,5.74008e-07,1.7053e-13,0.0499875
125040,49.9989,49.9989,49.9989,0.189453,0.0571554,0.189453,0.152563,5.73426e-07,1.7053e-13,0.0499875
125100,49.9989,49.9989,49.9989,0.189404,0.0571481,0.189404,0.152528,5.72845e-07,1.7053e-13,0.0499875
125160,49.9989,49.9989,49.9989,0.189355,0.0571409,0.189355,0.152494,5.72265e-07,2.27374e-13,0.0499875
125220,49.9989,49.9989,49.9989,0.189306,0.0571336,0.189306,0.15246,5.71687e-07,2.27374e-13,0.0499875
125280,49.9989,49.9989,49.9989,0.189258,0.0571264,0.189258,0.152425,5.71109e-07,2.27374e-13,0.0499875
125340,49.9989,49.9989,49.9989,0.189209,0.0571192,0.189209,0.152391,5.70532e-07,2.27374e-13,0.0499875
125400,49.9989,49.9989,49.9989,0.18916,0.057112,0.18916,0.152357,5.69956e-07,1.7053e-13,0.0499875
125460,49.9989,49.9989,49.9989,0.189112,0.0571048,0.189112,0.152323,5.6938e-07,1.7053e-13,0.0499875
125520,49.9989,49.9989,49.9989,0.189063,0.0570976,0.189063,0.152289,5.68806e-07,1.7053e-13,0.0499875
125580,49.9989,49.9989,49.9989,0.189015,0.0570905,0.189015,0.152255,5.68233e-07,1.7053e-13,0.0499875
125640,49.9989,49.9989,49.9989,0.188966,0.0570833,0.188966,0.152221,5.67661e-07,1.7053e-13,0.0499875
125700,49.9989,49.9989,49.9989,0.188918,0.0570762,0.188918,0.152186,5.67089e-07,2.27374e-13,0.0499875
125760,49.9989,49.9989,49.9989,0.188869,0.057069,0.188869,0.152152,5.66519e-07,2.27374e-13,0.0499875
125820,49.9989,49.9989,49.9989,0.188821,0.0570619,0.188821,0.152118,5.65949e-07,2.27374e-13,0.0499875
125880,49.9989,49.9989,49.9989,0.188773,0.0570548,0.188773,0.152085,5.65381e-07,1.7053e-13,0.0499875
125940,49.9989,49.9989,49.9989,0.188725,0.0570477,0.188725,0.152051,5.64813e-07,1.7053e-13,0.0499875
126000,49.9989,49.9989,49.9989,0.188677,0.0570406,0.188677,0.152017,5.64246e-07,1.7053e-13,0.0499875
126060,49.9989,49.9989,49.9989,0.188629,0.0570335,0.188629,0.151983,5.63681e-07,1.13687e-13,0.0499875
126120,49.9989,49.9989,49.9989,0.188581,0.0570265,0.188581,0.151949,5.63116e-07,1.7053e-13,0.0499875
126180,49.9989,49.9989,49.9989,0.188533,0.0570194,0.188533,0.151915,5.62552e-07,1.7053e-13,0.0499875
126240,49.9989,49.9989,49.9989,0.188485,0.0570124,0.188485,0.151882,5.61989e-07,1.7053e-13,0.0499875
126300,49.9989,49.9989,49.9989,0.188437,0.0570054,0.188437,0.151848,5.61427e-07,2.27374e-13,0.0499875
126360,49.9989,49.9989,49.9989,0.188389,0.0569984,0.188389,0.151814,5.60865e-07,2.27374e-13,0.0499875
126420,49.9989,49.9989,49.9989,0.188341,0.0569914,0.188341,0.151781,5.60305e-07,2.27374e-13,0.0499875
126480,49.9989,49.9989,49.9989,0.188293,0.0569844,0.188293,0.151747,5.59746e-07,2.27374e-13,0.0499875
126540,49.9989,49.9989,49.9989,0.188246,0.0569774,0.188246,0.151713,5.59187e-07,2.27374e-13,0.0499875
126600,49.9989,49.9989,49.9989,0.188198,0.0569704,0.188198,0.15168,5.5863e-07,1.7053e-13,0.0499875
126660,49.9989,49.9989,49.9989,0.188151,0.0569635,0.188151,0.151646,5.58073e-07,1.13687e-13,0.0499875
126720,49.9989,49.9989,49.9989,0.188103,0.0569565,0.188103,0.151613,5.57517e-07,1.7053e-13,0.0499875
126780,49.9989,49.9989,49.9989,0.188056,0.0569496,0.188056,0.15158,5.56962e-07,1.7053e-13,0.0499875
126840,49.9989,49.9989,49.9989,0.188008,0.0569426,0.188008,0.151546,5.56408e-07,1.7053e-13,0.0499875
126900,49.9989,49.9989,49.9989,0.187961,0.0569357,0.187961,0.151513,5.55855e-07,2.27374e-13,0.0499875
126960,49.9989,49.9989,49.9989,0.187913,0.0569288,0.187913,0.151479,5.55303e-07,2.27374e-13,0.0499875
127020,49.9989,49.9989,49.9989,0.187866,0.0569219,0.187866,0.151446,5.54752e-07,2.27374e-13,0.0499875
127080,49.9989,49.9989,49.9989,0.187819,0.0569151,0.187819,0.151413,5.54201e-07,2.27374e-13,0.0499875
127140,49.9989,49.9989,49.9989,0.187772,0.0569082,0.187772,0.15138,5.53652e-07,1.7053e-13,0.0499875
127200,49.9989,49.9989,49.9989,0.187725,0.0569013,0.187725,0.151346,5.53103e-07,1.7053e-13,0.0499875
127260,49.9989,49.9989,49.9989,0.187677,0.0568945,0.187677,0.151313,5.52555e-07,1.13687e-13,0.0499875
127320,49.9989,49.9989,49.9989,0.18763,0.0568876,0.18763,0.15128,5.52008e-07,1.7053e-13,0.0499875
127380,49.9989,49.9989,49.9989,0.187583,0.0568808,0.187583,0.151247,5.51462e-07,1.7053e-13,0.0499875
127440,49.9989,49.9989,49.9989,0.187536,0.056874,0.187536,0.151214,5.50917e-07,1.7053e-13,0.0499875
127500,49.9989,49.9989,49.9989,0.18749,0.0568672,0.18749,0.151181,5.50373e-07,1.7053e-13,0.0499875
127560,49.9989,49.9989,49.9989,0.187443,0.0568604,0.187443,0.151148,5.49829e-07,2.27374e-13,0.0499875
127620,49.9989,49.9989,49.9989,0.187396,0.0568536,0.187396,0.151115,5.49287e-07,2.27374e-13,0.0499875
127680,49.9989,49.9989,49.9989,0.187349,0.0568469,0.187349,0.151082,5.48745e-07,2.27374e-13,0.0499875
127740,49.9989,49.9989,49.9989,0.187302,0.0568401,0.187302,0.151049,5.48205e-07,2.27374e-13,0.0499875
127800,49.9989,49.9989,49.9989,0.187256,0.0568333,0.187256,0.151016,5.47665e-07,1.7053e-13,0.0499875
127860,49.9989,49.9989,49.9989,0.187209,0.0568266,0.187209,0.150983,5.47126e-07,1.13687e-13,0.0499875
127920,49.9989,49.9989,49.9989,0.187163,0.0568199,0.187163,0.150951,5.46587e-07,1.7053e-13,0.0499875
127980,49.9989,49.9989,49.9989,0.187116,0.0568132,0.187116,0.150918,5.4605e-07,1.7053e-13,0.0499875
128040,49.9989,49.9989,49.9989,0.18707,0.0568065,0.18707,0.150885,5.45513e-07,1.7053e-13,0.0499875
128100,49.9989,49.9989,49.9989,0.187023,0.0567998,0.187023,0.150852,5.44978e-07,1.7053e-13,0.0499875
128160,49.9989,49.9989,49.9989,0.186977,0.0567931,0.186977,0.15082,5.44443e-07,1.7053e-13,0.0499875
128220,49.9989,49.9989,49.9989,0.186931,0.0567864,0.186931,0.150787,5.43909e-07,1.7053e-13,0.0499875
128280,49.9989,49.9989,49.9989,0.186884,0.0567797,0.186884,0.150754,5.43376e-07,1.7053e-13,0.0499875
128340,49.9989,49.9989,49.9989,0.186838,0.0567731,0.186838,0.150722,5.42844e-07,1.7053e-13,0.0499875
128400,49.9989,49.9989,49.9989,0.186792,0.0567664,0.186792,0.150689,5.42312e-07,1.7053e-13,0.0499875
128460,49.9989,49.9989,49.9989,0.186746,0.0567598,0.186746,0.150657,5.41782e-07,1.13687e-13,0.0499875
128520,49.9989,49.9989,49.9989,0.1867,0.0567532,0.1867,0.150624,5.41252e-07,1.7053e-13,0.0499875
128580,49.9989,49.9989,49.9989,0.186654,0.0567466,0.186654,0.150592,5.40723e-07,1.7053e-13,0.0499875
128640,49.9989,49.9989,49.9989,0.186608,0.05674,0.186608,0.150559,5.40195e-07,2.27374e-13,0.0499875
128700,49.9989,49.9989,49.9989,0.186562,0.0567334,0.186562,0.150527,5.39668e-07,2.27374e-13,0.0499875
128760,49.9989,49.9989,49.9989,0.186516,0.0567268,0.186516,0.150495,5.39142e-07,2.27374e-13,0.0499875
128820,49.9989,49.9989,49.9989,0.18647,0.0567202,0.18647,0.150462,5.38616e-07,2.27374e-13,0.0499875
128880,49.9989,49.9989,49.9989,0.186424,0.0567137,0.186424,0.15043,5.38092e-07,2.27374e-13,0.0499875
128940,49.9989,49.9989,49.9989,0.186378,0.0567071,0.186378,0.150398,5.37568e-07,1.7053e-13,0.0499875
129000,49.9989,49.9989,49.9989,0.186333,0.0567006,0.186333,0.150365,5.37045e-07,1.7053e-13,0.0499875
129060,49.9989,49.9989,49.9989,0.186287,0.0566941,0.186287,0.150333,5.36523e-07,1.13687e-13,0.0499875
129120,49.9989,49.9989,49.9989,0.186241,0.0566876,0.186241,0.150301,5.36001e-07,1.7053e-13,0.0499875
129180,49.9989,49.9989,49.9989,0.186196,0.0566811,0.186196,0.150269,5.35481e-07,1.7053e-13,0.0499875
129240,49.9989,49.9989,49.9989,0.18615,0.0566746,0.18615,0.150237,5.34961e-07,1.7053e-13,0.0499875
129300,49.9989,49.9989,49.9989,0.186105,0.0566681,0.186105,0.150205,5.34442e-07,2.27374e-13,0.0499875
129360,49.9989,49.9989,49.9989,0.186059,0.0566616,0.186059,0.150173,5.33924e-07,2.27374e-13,0.0499875
129420,49.9989,49.9989,49.9989,0.186014,0.0566551,0.186014,0.150141,5.33407e-07,2.27374e-13,0.0499875
129480,49.9989,49.9989,49.9989,0.185969,0.0566487,0.185969,0.150109,5.3289e-07,2.27374e-13,0.0499875
129540,49.9989,49.9989,49.9989,0.185923,0.0566422,0.185923,0.150077,5.32375e-07,1.7053e-13,0.0499875
129600,49.9989,49.9989,49.9989,0.185878,0.0566358,0.185878,0.150045,5.3186e-07,1.7053e-13,0.0499875
129660,49.9989,49.9989,49.9989,0.185833,0.0566294,0.185833,0.150013,5.31346e-07,1.13687e-13,0.0499875
129720,49.9989,49.9989,49.9989,0.185788,0.0566229,0.185788,0.149981,5.30833e-07,1.7053e-13,0.0499875
129780,49.9989,49.9989,49.9989,0.185742,0.0566165,0.185742,0.149949,5.3032e-07,1.7053e-13,0.0499875
129840,49.9989,49.9989,49.9989,0.185697,0.0566101,0.185697,0.149917,5.29809e-07,1.7053e-13,0.0499875
129900,49.9989,49.9989,49.9989,0.185652,0.0566038,0.185652,0.149886,5.29298e-07,1.7053e-13,0.0499875
129960,49.9989,49.9989,49.9989,0.185607,0.0565974,0.185607,0.149854,5.28788e-07,1.7053e-13,0.0499875
130020,49.9989,49.9989,49.9989,0.185562,0.056591,0.185562,0.149822,5.28279e-07,1.7053e-13,0.0499875
130080,49.9989,49.9989,49.9989,0.185518,0.0565847,0.185518,0.14979,5.2777e-07,1.7053e-13,0.0499875
130140,49.9989,49.9989,49.9989,0.185473,0.0565783,0.185473,0.149759,5.27263e-07,1.7053e-13,0.0499875
130200,49.9989,49.9989,49.9989,0.185428,0.056572,0.185428,0.149727,5.26756e-07,1.7053e-13,0.0499875
130260,49.9989,49.9989,49.9989,0.185383,0.0565657,0.185383,0.149696,5.2625e-07,1.13687e-13,0.0499875
130320,49.9989,49.9989,49.9989,0.185338,0.0565593,0.185338,0.149664,5.25744e-07,1.13687e-13,0.0499875
130380,49.9989,49.9989,49.9989,0.185294,0.056553,0.185294,0.149632,5.2524e-07,1.7053e-13,0.0499875
130440,49.9989,49.9989,49.9989,0.185249,0.0565467,0.185249,0.149601,5.24736e-07,1.7053e-13,0.0499875
130500,49.9989,49.9989,49.9989,0.185205,0.0565405,0.185205,0.149569,5.24233e-07,1.7053e-13,0.0499875
130560,49.9989,49.9989,49.9989,0.18516,0.0565342,0.18516,0.149538,5.23731e-07,1.7053e-13,0.0499875
130620,49.9989,49.9989,49.9989,0.185116,0.0565279,0.185116,0.149507,5.2323e-07,1.7053e-13,0.0499875
130680,49.9989,49.9989,49.9989,0.185071,0.0565217,0.185071,0.149475,5.2273e-07,1.7053e-13,0.0499875
130740,49.9989,49.9989,49.9989,0.185027,0.0565154,0.185027,0.149444,5.2223e-07,1.7053e-13,0.0499875
130800,49.9989,49.9989,49.9989,0.184982,0.0565092,0.184982,0.149413,5.21731e-07,1.7053e-13,0.0499875
130860,49.9989,49.9989,49.9989,0.184938,0.0565029,0.184938,0.149381,5.21233e-07,1.13687e-13,0.0499875
130920,49.9989,49.9989,49.9989,0.184894,0.0564967,0.184894,0.14935,5.20735e-07,1.7053e-13,0.0499875
130980,49.9989,49.9989,49.9989,0.18485,0.0564905,0.18485,0.149319,5.20238e-07,1.7053e-13,0.0499875
131040,49.9989,49.9989,49.9989,0.184805,0.0564843,0.184805,0.149288,5.19743e-07,1.7053e-13,0.0499875
131100,49.9989,49.9989,49.9989,0.184761,0.0564781,0.184761,0.149256,5.19247e-07,1.7053e-13,0.0499875
131160,49.9989,49.9989,49.9989,0.184717,0.056472,0.184717,0.149225,5.18753e-07,2.27374e-13,0.0499875
131220,49.9989,49.9989,49.9989,0.184673,0.0564658,0.184673,0.149194,5.1826e-07,2.27374e-13,0.0499875
131280,49.9989,49.9989,49.9989,0.184629,0.0564596,0.184629,0.149163,5.17767e-07,2.27374e-13,0.0499875
131340,49.9989,49.9989,49.9989,0.184585,0.0564535,0.184585,0.149132,5.17275e-07,1.7053e-13,0.0499875
131400,49.9989,49.9989,49.9989,0.184541,0.0564473,0.184541,0.149101,5.16783e-07,1.7053e-13,0.0499875
131460,49.9989,49.9989,49.9989,0.184497,0.0564412,0.184497,0.14907,5.16293e-07,1.13687e-13,0.0499875
131520,49.9989,49.9989,49.9989,0.184453,0.0564351,0.184453,0.149039,5.15803e-07,1.13687e-13,0.0499875
131580,49.9989,49.9989,49.9989,0.18441,0.056429,0.18441,0.149008,5.15314e-07,1.7053e-13,0.0499875
131640,49.9989,49.9989,49.9989,0.184366,0.0564229,0.184366,0.148977,5.14826e-07,1.7053e-13,0.0499875
131700,49.9989,49.9989,49.9989,0.184322,0.0564168,0.184322,0.148946,5.14338e-07,1.7053e-13,0.0499875
131760,49.9989,49.9989,49.9989,0.184279,0.0564107,0.184279,0.148916,5.13851e-07,1.7053e-13,0.0499875
131820,49.9989,49.9989,49.9989,0.184235,0.0564046,0.184235,0.148885,5.13365e-07,1.7053e-13,0.0499875
131880,49.9989,49.9989,49.9989,0.184191,0.0563985,0.184191,0.148854,5.1288e-07,1.7053e-13,0.0499875
131940,49.9989,49.9989,49.9989,0.184148,0.0563925,0.184148,0.148823,5.12396e-07,1.7053e-13,0.0499875
132000,49.9989,49.9989,49.9989,0.184104,0.0563864,0.184104,0.148792,5.11912e-07,1.7053e-13,0.0499875
132060,49.9989,49.9989,49.9989,0.184061,0.0563804,0.184061,0.148762,5.11429e-07,1.13687e-13,0.0499875
132120,49.9989,49.9989,49.9989,0.184017,0.0563744,0.184017,0.148731,5.10946e-07,1.7053e-13,0.0499875
132180,49.9989,49.9989,49.9989,0.183974,0.0563684,0.183974,0.1487,5.10465e-07,1.7053e-13,0.0499875
132240,49.9989,49.9989,49.9989,0.183931,0.0563623,0.183931,0.14867,5.09984e-07,1.7053e-13,0.0499875
132300,49.9989,49.9989,49.9989,0.183888,0.0563563,0.183888,0.148639,5.09504e-07,2.27374e-13,0.0499875
132360,49.9989,49.9989,49.9989,0.183844,0.0563503,0.183844,0.148609,5.09025e-07,2.27374e-13,0.0499875
132420,49.9989,49.9989,49.9989,0.183801,0.0563444,0.183801,0.148578,5.08546e-07,2.27374e-13,0.0499875
132480,49.9989,49.9989,49.9989,0.183758,0.0563384,0.183758,0.148548,5.08068e-07,2.27374e-13,0.0499875
132540,49.9989,49.9989,49.9989,0.183715,0.0563324,0.183715,0.148517,5.07591e-07,1.7053e-13,0.0499875
132600,49.9989,49.9989,49.9989,0.183672,0.0563265,0.183672,0.148487,5.07114e-07,1.7053e-13,0.0499875
132660,49.9989,49.9989,49.9989,0.183629,0.0563205,0.183629,0.148456,5.06639e-07,1.13687e-13,0.0499875
132720,49.9989,49.9989,49.9989,0.183586,0.0563146,0.183586,0.148426,5.06164e-07,1.13687e-13,0.0499875
132780,49.9989,49.9989,49.9989,0.183543,0.0563087,0.183543,0.148396,5.0569e-07,1.7053e-13,0.0499875
132840,49.9989,49.9989,49.9989,0.1835,0.0563027,0.1835,0.148365,5.05216e-07,1.7053e-13,0.0499875
132900,49.9989,49.9989,49.9989,0.183457,0.0562968,0.183457,0.148335,5.04743e-07,1.7053e-13,0.0499875
132960,49.9989,49.9989,49.9989,0.183414,0.0562909,0.183414,0.148305,5.04271e-07,1.7053e-13,0.0499875
133020,49.9989,49.9989,49.9989,0.183371,0.056285,0.183371,0.148274,5.038e-07,1.7053e-13,0.0499875
133080,49.9989,49.9989,49.9989,0.183329,0.0562792,0.183329,0.148244,5.03329e-07,1.7053e-13,0.0499875
133140,49.9989,49.9989,49.9989,0.183286,0.0562733,0.183286,0.148214,5.02859e-07,1.7053e-13,0.0499875
133200,49.9989,49.9989,49.9989,0.183243,0.0562674,0.183243,0.148184,5.0239e-07,1.13687e-13,0.0499875
133260,49.9989,49.9989,49.9989,0.183201,0.0562616,0.183201,0.148154,5.01921e-07,1.13687e-13,0.0499875
133320,49.9989,49.9989,49.9989,0.183158,0.0562557,0.183158,0.148124,5.01454e-07,1.13687e-13,0.0499875
133380,49.9989,49.9989,49.9989,0.183116,0.0562499,0.183116,0.148094,5.00987e-07,1.7053e-13,0.0499875
133440,49.9989,49.9989,49.9989,0.183073,0.056244,0.183073,0.148064,5.0052e-07,1.7053e-13,0.0499875
133500,49.9989,49.9989,49.9989,0.183031,0.0562382,0.183031,0.148034,5.00054e-07,1.7053e-13,0.0499875
133560,49.9989,49.9989,49.9989,0.182988,0.0562324,0.182988,0.148004,4.9959e-07,2.27374e-13,0.0499875
133620,49.9989,49.9989,49.9989,0.182946,0.0562266,0.182946,0.147974,4.99125e-07,2.27374e-13,0.0499875
133680,49.9989,49.9989,49.9989,0.182904,0.0562208,0.182904,0.147944,4.98662e-07,2.27374e-13,0.0499875
133740,49.9989,49.9989,49.9989,0.182861,0.056215,0.182861,0.147914,4.98199e-07,2.27374e-13,0.0499875
133800,49.9989,49.9989,49.9989,0.182819,0.0562092,0.182819,0.147884,4.97737e-07,1.7053e-13,0.0499875
133860,49.9989,49.9989,49.9989,0.182777,0.0562035,0.182777,0.147854,4.97275e-07,1.13687e-13,0.0499875
133920,49.9989,49.9989,49.9989,0.182735,0.0561977,0.182735,0.147824,4.96814e-07,1.7053e-13,0.0499875
133980,49.9989,49.9989,49.9989,0.182693,0.056192,0.182693,0.147794,4.96354e-07,1.7053e-13,0.0499875
134040,49.9989,49.9989,49.9989,0.182651,0.0561862,0.182651,0.147765,4.95895e-07,1.7053e-13,0.0499875
134100,49.9989,49.9989,49.9989,0.182609,0.0561805,0.182609,0.147735,4.95436e-07,2.27374e-13,0.0499875
134160,49.9989,49.9989,49.9989,0.182567,0.0561748,0.182567,0.147705,4.94978e-07,2.27374e-13,0.0499875
134220,49.9989,49.9989,49.9989,0.182525,0.0561691,0.182525,0.147675,4.94521e-07,2.27374e-13,0.0499875
134280,49.9989,49.9989,49.9989,0.182483,0.0561633,0.182483,0.147646,4.94064e-07,1.7053e-13,0.0499875
134340,49.9989,49.9989,49.9989,0.182441,0.0561576,0.182441,0.147616,4.93608e-07,1.7053e-13,0.0499875
134400,49.9989,49.9989,49.9989,0.182399,0.056152,0.182399,0.147587,4.93153e-07,1.13687e-13,0.0499875
134460,49.9989,49.9989,49.9989,0.182357,0.0561463,0.182357,0.147557,4.92699e-07,1.13687e-13,0.0499875
134520,49.9989,49.9989,49.9989,0.182315,0.0561406,0.182315,0.147527,4.92245e-07,1.7053e-13,0.0499875
134580,49.9989,49.9989,49.9989,0.182274,0.0561349,0.182274,0.147498,4.91792e-07,1.7053e-13,0.0499875
134640,49.9989,49.9989,49.9989,0.182232,0.0561293,0.182232,0.147468,4.91339e-07,1.7053e-13,0.0499875
134700,49.9989,49.9989,49.9989,0.18219,0.0561236,0.18219,0.147439,4.90887e-07,1.7053e-13,0.0499875
134760,49.9989,49.9989,49.9989,0.182149,0.056118,0.182149,0.14741,4.90436e-07,1.7053e-13,0.0499875
134820,49.9989,49.9989,49.9989,0.182107,0.0561124,0.182107,0.14738,4.89985e-07,1.7053e-13,0.0499875
134880,49.9989,49.9989,49.9989,0.182066,0.0561067,0.182066,0.147351,4.89536e-07,1.7053e-13,0.0499875
134940,49.9989,49.9989,49.9989,0.182024,0.0561011,0.182024,0.147321,4.89087e-07,1.7053e-13,0.0499875
135000,49.9989,49.9989,49.9989,0.181983,0.0560955,0.181983,0.147292,4.88638e-07,1.13687e-13,0.0499875
135060,49.9989,49.9989,49.9989,0.181942,0.0560899,0.181942,0.147263,4.8819e-07,1.13687e-13,0.0499875
135120,49.9989,49.9989,49.9989,0.1819,0.0560843,0.1819,0.147233,4.87743e-07,1.7053e-13,0.0499875
135180,49.9989,49.9989,49.9989,0.181859,0.0560787,0.181859,0.147204,4.87297e-07,1.7053e-13,0.0499875
135240,49.9989,49.9989,49.9989,0.181818,0.0560732,0.181818,0.147175,4.86851e-07,1.7053e-13,0.0499875
135300,49.9989,49.9989,49.9989,0.181776,0.0560676,0.181776,0.147146,4.86406e-07,1.7053e-13,0.0499875
135360,49.9989,49.9989,49.9989,0.181735,0.0560621,0.181735,0.147117,4.85961e-07,1.7053e-13,0.0499875
135420,49.9989,49.9989,49.9989,0.181694,0.0560565,0.181694,0.147087,4.85517e-07,1.7053e-13,0.0499875
135480,49.9989,49.9989,49.9989,0.181653,0.056051,0.181653,0.147058,4.85074e-07,1.7053e-13,0.0499875
135540,49.9989,49.9989,49.9989,0.181612,0.0560454,0.181612,0.147029,4.84632e-07,1.7053e-13,0.0499875
135600,49.9989,49.9989,49.9989,0.181571,0.0560399,0.181571,0.147,4.8419e-07,1.7053e-13,0.0499875
135660,49.9989,49.9989,49.9989,0.18153,0.0560344,0.18153,0.146971,4.83749e-07,1.13687e-13,0.0499875
135720,49.9989,49.9989,49.9989,0.181489,0.0560289,0.181489,0.146942,4.83308e-07,1.7053e-13,0.0499875
135780,49.9989,49.9989,49.9989,0.181448,0.0560234,0.181448,0.146913,4.82868e-07,1.7053e-13,0.0499875
135840,49.9989,49.9989,49.9989,0.181407,0.0560179,0.181407,0.146884,4.82429e-07,1.7053e-13,0.0499875
135900,49.9989,49.9989,49.9989,0.181366,0.0560124,0.181366,0.146855,4.8199e-07,1.7053e-13,0.0499875
135960,49.9989,49.9989,49.9989,0.181325,0.0560069,0.181325,0.146826,4.81553e-07,1.7053e-13,0.0499875
136020,49.9989,49.9989,49.9989,0.181284,0.0560015,0.181284,0.146797,4.81115e-07,1.7053e-13,0.0499875
136080,49.9989,49.9989,49.9989,0.181244,0.055996,0.181244,0.146769,4.80679e-07,1.7053e-13,0.0499875
136140,49.9989,49.9989,49.9989,0.181203,0.0559906,0.181203,0.14674,4.80243e-07,1.7053e-13,0.0499875
136200,49.9989,49.9989,49.9989,0.181162,0.0559851,0.181162,0.146711,4.79807e-07,1.7053e-13,0.0499875
136260,49.9989,49.9989,49.9989,0.181122,0.0559797,0.181122,0.146682,4.79373e-07,1.13687e-13,0.0499875
136320,49.9989,49.9989,49.9989,0.181081,0.0559743,0.181081,0.146653,4.78939e-07,1.7053e-13,0.0499875
136380,49.9989,49.9989,49.9989,0.181041,0.0559689,0.181041,0.146625,4.78505e-07,1.7053e-13,0.0499875
136440,49.9989,49.9989,49.9989,0.181,0.0559634,0.181,0.146596,4.78072e-07,1.7053e-13,0.0499875
136500,49.9989,49.9989,49.9989,0.18096,0.055958,0.18096,0.146567,4.7764e-07,2.27374e-13,0.0499875
136560,49.9989,49.9989,49.9989,0.180919,0.0559527,0.180919,0.146539,4.77209e-07,2.27374e-13,0.0499875
136620,49.9989,49.9989,49.9989,0.180879,0.0559473,0.180879,0.14651,4.76778e-07,2.27374e-13,0.0499875
136680,49.9989,49.9989,49.9989,0.180839,0.0559419,0.180839,0.146482,4.76348e-07,2.27374e-13,0.0499875
136740,49.9989,49.9989,49.9989,0.180798,0.0559365,0.180798,0.146453,4.75918e-07,1.7053e-13,0.0499875
136800,49.9989,49.9989,49.9989,0.180758,0.0559312,0.180758,0.146424,4.75489e-07,1.7053e-13,0.0499875
136860,49.9989,49.9989,49.9989,0.180718,0.0559258,0.180718,0.146396,4.75061e-07,1.13687e-13,0.0499875
136920,49.9989,49.9989,49.9989,0.180678,0.0559205,0.180678,0.146367,4.74633e-07,1.7053e-13,0.0499875
136980,49.9989,49.9989,49.9989,0.180637,0.0559151,0.180637,0.146339,4.74206e-07,1.7053e-13,0.0499875
137040,49.9989,49.9989,49.9989,0.180597,0.0559098,0.180597,0.146311,4.7378e-07,1.7053e-13,0.0499875
137100,49.9989,49.9989,49.9989,0.180557,0.0559045,0.180557,0.146282,4.73354e-07,1.7053e-13,0.0499875
137160,49.9989,49.9989,49.9989,0.180517,0.0558991,0.180517,0.146254,4.72928e-07,2.27374e-13,0.0499875
137220,49.9989,49.9989,49.9989,0.180477,0.0558938,0.180477,0.146225,4.72504e-07,2.27374e-13,0.0499875
137280,49.9989,49.9989,49.9989,0.180437,0.0558885,0.180437,0.146197,4.7208e-07,1.7053e-13,0.0499875
137340,49.9989,49.9989,49.9989,0.180397,0.0558832,0.180397,0.146169,4.71657e-07,1.7053e-13,0.0499875
137400,49.9989,49.9989,49.9989,0.180357,0.055878,0.180357,0.14614,4.71234e-07,1.7053e-13,0.0499875
137460,49.9989,49.9989,49.9989,0.180317,0.0558727,0.180317,0.146112,4.70812e-07,1.13687e-13,0.0499875
137520,49.9989,49.9989,49.9989,0.180278,0.0558674,0.180278,0.146084,4.7039e-07,1.7053e-13,0.0499875
137580,49.9989,49.9989,49.9989,0.180238,0.0558622,0.180238,0.146056,4.69969e-07,1.7053e-13,0.0499875
137640,49.9989,49.9989,49.9989,0.180198,0.0558569,0.180198,0.146028,4.69549e-07,1.7053e-13,0.0499875
137700,49.9989,49.9989,49.9989,0.180158,0.0558517,0.180158,0.145999,4.69129e-07,1.7053e-13,0.0499875
137760,49.9989,49.9989,49.9989,0.180119,0.0558464,0.180119,0.145971,4.6871e-07,1.7053e-13,0.0499875
137820,49.9989,49.9989,49.9989,0.180079,0.0558412,0.180079,0.145943,4.68292e-07,2.27374e-13,0.0499875
137880,49.9989,49.9989,49.9989,0.180039,0.055836,0.180039,0.145915,4.67874e-07,2.27374e-13,0.0499875
137940,49.9989,49.9989,49.9989,0.18,0.0558308,0.18,0.145887,4.67457e-07,1.7053e-13,0.0499875
138000,49.9989,49.9989,49.9989,0.17996,0.0558255,0.17996,0.145859,4.6704e-07,1.7053e-13,0.0499875
138060,49.9989,49.9989,49.9989,0.179921,0.0558203,0.179921,0.145831,4.66624e-07,1.13687e-13,0.0499875
138120,49.9989,49.9989,49.9989,0.179881,0.0558152,0.179881,0.145803,4.66209e-07,1.13687e-13,0.0499875
138180,49.9989,49.9989,49.9989,0.179842,0.05581,0.179842,0.145775,4.65794e-07,1.7053e-13,0.0499875
138240,49.9989,49.9989,49.9989,0.179803,0.0558048,0.179803,0.145747,4.6538e-07,1.7053e-13,0.0499875
138300,49.9989,49.9989,49.9989,0.179763,0.0557996,0.179763,0.145719,4.64966e-07,1.7053e-13,0.0499875
138360,49.9989,49.9989,49.9989,0.179724,0.0557945,0.179724,0.145691,4.64553e-07,1.7053e-13,0.0499875
138420,49.9989,49.9989,49.9989,0.179685,0.0557893,0.179685,0.145663,4.64141e-07,1.7053e-13,0.0499875
138480,49.9989,49.9989,49.9989,0.179645,0.0557842,0.179645,0.145636,4.63729e-07,1.7053e-13,0.0499875
138540,49.9989,49.9989,49.9989,0.179606,0.055779,0.179606,0.145608,4.63318e-07,1.7053e-13,0.0499875
138600,49.9989,49.9989,49.9989,0.179567,0.0557739,0.179567,0.14558,4.62908e-07,1.7053e-13,0.0499875
138660,49.9989,49.9989,49.9989,0.179528,0.0557688,0.179528,0.145552,4.62497e-07,1.13687e-13,0.0499875
138720,49.9989,49.9989,49.9989,0.179489,0.0557636,0.179489,0.145524,4.62088e-07,1.7053e-13,0.0499875
138780,49.9989,49.9989,49.9989,0.17945,0.0557585,0.17945,0.145497,4.61679e-07,1.7053e-13,0.0499875
138840,49.9989,49.9989,49.9989,0.179411,0.0557534,0.179411,0.145469,4.61271e-07,1.7053e-13,0.0499875
138900,49.9989,49.9989,49.9989,0.179372,0.0557483,0.179372,0.145441,4.60863e-07,2.27374e-13,0.0499875
138960,49.9989,49.9989,49.9989,0.179333,0.0557432,0.179333,0.145414,4.60456e-07,2.27374e-13,0.0499875
139020,49.9989,49.9989,49.9989,0.179294,0.0557382,0.179294,0.145386,4.6005e-07,2.27374e-13,0.0499875
139080,49.9989,49.9989,49.9989,0.179255,0.0557331,0.179255,0.145359,4.59644e-07,2.27374e-13,0.0499875
139140,49.9989,49.9989,49.9989,0.179216,0.055728,0.179216,0.145331,4.59239e-07,1.7053e-13,0.0499875
139200,49.9989,49.9989,49.9989,0.179177,0.055723,0.179177,0.145303,4.58834e-07,1.7053e-13,0.0499875
139260,49.9989,49.9989,49.9989,0.179139,0.0557179,0.179139,0.145276,4.5843e-07,1.13687e-13,0.0499875
139320,49.9989,49.9989,49.9989,0.1791,0.0557129,0.1791,0.145248,4.58026e-07,1.13687e-13,0.0499875
139380,49.9989,49.9989,49.9989,0.179061,0.0557078,0.179061,0.145221,4.57623e-07,1.7053e-13,0.0499875
139440,49.9989,49.9989,49.9989,0.179022,0.0557028,0.179022,0.145193,4.57221e-07,1.7053e-13,0.0499875
139500,49.9989,49.9989,49.9989,0.178984,0.0556978,0.178984,0.145166,4.56819e-07,2.27374e-13,0.0499875
139560,49.9989,49.9989,49.9989,0.178945,0.0556928,0.178945,0.145139,4.56418e-07,2.27374e-13,0.0499875
139620,49.9989,49.9989,49.9989,0.178907,0.0556878,0.178907,0.145111,4.56017e-07,2.27374e-13,0.0499875
139680,49.9989,49.9989,49.9989,0.178868,0.0556828,0.178868,0.145084,4.55617e-07,2.27374e-13,0.0499875
139740,49.9989,49.9989,49.9989,0.17883,0.0556778,0.17883,0.145057,4.55218e-07,2.27374e-13,0.0499875
139800,49.9989,49.9989,49.9989,0.178791,0.0556728,0.178791,0.145029,4.54819e-07,1.7053e-13,0.0499875
139860,49.9989,49.9989,49.9989,0.178753,0.0556678,0.178753,0.145002,4.5442e-07,1.13687e-13,0.0499875
139920,49.9989,49.9989,49.9989,0.178714,0.0556628,0.178714,0.144975,4.54022e-07,1.7053e-13,0.0499875
139980,49.9989,49.9989,49.9989,0.178676,0.0556579,0.178676,0.144948,4.53625e-07,1.7053e-13,0.0499875
140040,49.9989,49.9989,49.9989,0.178638,0.0556529,0.178638,0.14492,4.53228e-07,1.7053e-13,0.0499875
140100,49.9989,49.9989,49.9989,0.178599,0.0556479,0.178599,0.144893,4.52832e-07,2.27374e-13,0.0499875
140160,49.9989,49.9989,49.9989,0.178561,0.055643,0.178561,0.144866,4.52437e-07,2.27374e-13,0.0499875
140220,49.9989,49.9989,49.9989,0.178523,0.0556381,0.178523,0.144839,4.52042e-07,2.27374e-13,0.0499875
140280,49.9989,49.9989,49.9989,0.178485,0.0556331,0.178485,0.144812,4.51647e-07,1.7053e-13,0.0499875
140340,49.9989,49.9989,49.9989,0.178447,0.0556282,0.178447,0.144785,4.51254e-07,1.7053e-13,0.0499875
140400,49.9989,49.9989,49.9989,0.178408,0.0556233,0.178408,0.144758,4.5086e-07,1.7053e-13,0.0499875
140460,49.9989,49.9989,49.9989,0.17837,0.0556184,0.17837,0.144731,4.50468e-07,1.13687e-13,0.0499875
140520,49.9989,49.9989,49.9989,0.178332,0.0556135,0.178332,0.144704,4.50075e-07,1.13687e-13,0.0499875
140580,49.9989,49.9989,49.9989,0.178294,0.0556086,0.178294,0.144677,4.49684e-07,1.7053e-13,0.0499875
140640,49.9989,49.9989,49.9989,0.178256,0.0556037,0.178256,0.14465,4.49293e-07,1.7053e-13,0.0499875
140700,49.9989,49.9989,49.9989,0.178218,0.0555988,0.178218,0.144623,4.48902e-07,1.7053e-13,0.0499875
140760,49.9989,49.9989,49.9989,0.178181,0.0555939,0.178181,0.144596,4.48512e-07,1.7053e-13,0.0499875
140820,49.9989,49.9989,49.9989,0.178143,0.0555891,0.178143,0.144569,4.48123e-07,2.27374e-13,0.0499875
140880,49.9989,49.9989,49.9989,0.178105,0.0555842,0.178105,0.144542,4.47734e-07,2.27374e-13,0.0499875
140940,49.9989,49.9989,49.9989,0.178067,0.0555794,0.178067,0.144515,4.47346e-07,1.7053e-13,0.0499875
141000,49.9989,49.9989,49.9989,0.178029,0.0555745,0.178029,0.144488,4.46958e-07,1.7053e-13,0.0499875
141060,49.9989,49.9989,49.9989,0.177992,0.0555697,0.177992,0.144461,4.46571e-07,1.13687e-13,0.0499875
141120,49.9989,49.9989,49.9989,0.177954,0.0555648,0.177954,0.144435,4.46184e-07,1.7053e-13,0.0499875
141180,49.9989,49.9989,49.9989,0.177916,0.05556,0.177916,0.144408,4.45798e-07,1.7053e-13,0.0499875
141240,49.9989,49.9989,49.9989,0.177879,0.0555552,0.177879,0.144381,4.45412e-07,1.7053e-13,0.0499875
141300,49.9989,49.9989,49.9989,0.177841,0.0555504,0.177841,0.144354,4.45027e-07,2.27374e-13,0.0499875
141360,49.9989,49.9989,49.9989,0.177803,0.0555456,0.177803,0.144328,4.44643e-07,2.27374e-13,0.0499875
141420,49.9989,49.9989,49.9989,0.177766,0.0555408,0.177766,0.144301,4.44259e-07,2.27374e-13,0.0499875
141480,49.9989,49.9989,49.9989,0.177728,0.055536,0.177728,0.144274,4.43876e-07,2.27374e-13,0.0499875
141540,49.9989,49.9989,49.9989,0.177691,0.0555312,0.177691,0.144248,4.43493e-07,2.27374e-13,0.0499875
141600,49.9989,49.9989,49.9989,0.177654,0.0555264,0.177654,0.144221,4.4311e-07,1.7053e-13,0.0499875
141660,49.9989,49.9989,49.9989,0.177616,0.0555216,0.177616,0.144195,4.42729e-07,1.13687e-13,0.0499875
141720,49.9989,49.9989,49.9989,0.177579,0.0555169,0.177579,0.144168,4.42347e-07,1.13687e-13,0.0499875
141780,49.9989,49.9989,49.9989,0.177541,0.0555121,0.177541,0.144142,4.41967e-07,1.7053e-13,0.0499875
141840,49.9989,49.9989,49.9989,0.177504,0.0555074,0.177504,0.144115,4.41587e-07,1.7053e-13,0.0499875
141900,49.9989,49.9989,49.9989,0.177467,0.0555026,0.177467,0.144089,4.41207e-07,1.7053e-13,0.0499875
141960,49.9989,49.9989,49.9989,0.17743,0.0554979,0.17743,0.144062,4.40828e-07,1.7053e-13,0.0499875
142020,49.9989,49.9989,49.9989,0.177392,0.0554932,0.177392,0.144036,4.40449e-07,1.7053e-13,0.0499875
142080,49.9989,49.9989,49.9989,0.177355,0.0554884,0.177355,0.144009,4.40071e-07,2.27374e-13,0.0499875
142140,49.9989,49.9989,49.9989,0.177318,0.0554837,0.177318,0.143983,4.39694e-07,1.7053e-13,0.0499875
142200,49.9989,49.9989,49.9989,0.177281,0.055479,0.177281,0.143957,4.39317e-07,1.7053e-13,0.0499875
142260,49.9989,49.9989,49.9989,0.177244,0.0554743,0.177244,0.14393,4.3894e-07,1.13687e-13,0.0499875
142320,49.9989,49.9989,49.9989,0.177207,0.0554696,0.177207,0.143904,4.38564e-07,1.13687e-13,0.0499875
142380,49.9989,49.9989,49.9989,0.17717,0.0554649,0.17717,0.143878,4.38189e-07,1.7053e-13,0.0499875
142440,49.9989,49.9989,49.9989,0.177133,0.0554602,0.177133,0.143851,4.37814e-07,1.7053e-13,0.0499875
142500,49.9989,49.9989,49.9989,0.177096,0.0554555,0.177096,0.143825,4.3744e-07,1.7053e-13,0.0499875
142560,49.9989,49.9989,49.9989,0.177059,0.0554509,0.177059,0.143799,4.37066e-07,1.7053e-13,0.0499875
142620,49.9989,49.9989,49.9989,0.177022,0.0554462,0.177022,0.143773,4.36693e-07,2.27374e-13,0.0499875
142680,49.9989,49.9989,49.9989,0.176986,0.0554415,0.176986,0.143746,4.3632e-07,2.27374e-13,0.0499875
142740,49.9989,49.9989,49.9989,0.176949,0.0554369,0.176949,0.14372,4.35948e-07,1.7053e-13,0.0499875
142800,49.9989,49.9989,49.9989,0.176912,0.0554322,0.176912,0.143694,4.35576e-07,1.7053e-13,0.0499875
142860,49.9989,49.9989,49.9989,0.176875,0.0554276,0.176875,0.143668,4.35205e-07,1.13687e-13,0.0499875
142920,49.9989,49.9989,49.9989,0.176839,0.055423,0.176839,0.143642,4.34834e-07,1.7053e-13,0.0499875
142980,49.9989,49.9989,49.9989,0.176802,0.0554183,0.176802,0.143616,4.34464e-07,1.7053e-13,0.0499875
143040,49.9989,49.9989,49.9989,0.176765,0.0554137,0.176765,0.14359,4.34094e-07,1.7053e-13,0.0499875
143100,49.9989,49.9989,49.9989,0.176729,0.0554091,0.176729,0.143564,4.33725e-07,1.7053e-13,0.0499875
143160,49.9989,49.9989,49.9989,0.176692,0.0554045,0.176692,0.143538,4.33356e-07,1.7053e-13,0.0499875
143220,49.9989,49.9989,49.9989,0.176655,0.0553999,0.176655,0.143512,4.32988e-07,1.7053e-13,0.0499875
143280,49.9989,49.9989,49.9989,0.176619,0.0553953,0.176619,0.143486,4.32621e-07,1.7053e-13,0.0499875
143340,49.9989,49.9989,49.9989,0.176583,0.0553907,0.176583,0.14346,4.32253e-07,1.7053e-13,0.0499875
143400,49.9989,49.9989,49.9989,0.176546,0.0553861,0.176546,0.143434,4.31887e-07,1.7053e-13,0.0499875
143460,49.9989,49.9989,49.9989,0.17651,0.0553816,0.17651,0.143408,4.31521e-07,1.13687e-13,0.0499875
143520,49.9989,49.9989,49.9989,0.176473,0.055377,0.176473,0.143382,4.31155e-07,1.13687e-13,0.0499875
143580,49.9989,49.9989,49.9989,0.176437,0.0553724,0.176437,0.143356,4.3079e-07,1.7053e-13,0.0499875
143640,49.9989,49.9989,49.9989,0.176401,0.0553679,0.176401,0.14333,4.30426e-07,1.7053e-13,0.0499875
143700,49.9989,49.9989,49.9989,0.176364,0.0553633,0.176364,0.143305,4.30061e-07,1.7053e-13,0.0499875
143760,49.9989,49.9989,49.9989,0.176328,0.0553588,0.176328,0.143279,4.29698e-07,1.7053e-13,0.0499875
143820,49.9989,49.9989,49.9989,0.176292,0.0553542,0.176292,0.143253,4.29335e-07,1.7053e-13,0.0499875
143880,49.9989,49.9989,49.9989,0.176256,0.0553497,0.176256,0.143227,4.28972e-07,1.7053e-13,0.0499875
143940,49.9989,49.9989,49.9989,0.17622,0.0553452,0.17622,0.143202,4.2861e-07,1.7053e-13,0.0499875
144000,49.9989,49.9989,49.9989,0.176183,0.0553406,0.176183,0.143176,4.28249e-07,1.7053e-13,0.0499875
144060,49.9989,49.9989,49.9989,0.176147,0.0553361,0.176147,0.14315,4.27888e-07,1.13687e-13,0.0499875
144120,49.9989,49.9989,49.9989,0.176111,0.0553316,0.176111,0.143124,4.27527e-07,1.13687e-13,0.0499875
144180,49.9989,49.9989,49.9989,0.176075,0.0553271,0.176075,0.143099,4.27167e-07,1.7053e-13,0.0499875
144240,49.9989,49.9989,49.9989,0.176039,0.0553226,0.176039,0.143073,4.26807e-07,1.7053e-13,0.0499875
144300,49.9989,49.9989,49.9989,0.176003,0.0553181,0.176003,0.143048,4.26448e-07,1.7053e-13,0.0499875
144360,49.9989,49.9989,49.9989,0.175967,0.0553137,0.175967,0.143022,4.2609e-07,1.7053e-13,0.0499875
144420,49.9989,49.9989,49.9989,0.175931,0.0553092,0.175931,0.142996,4.25732e-07,1.7053e-13,0.0499875
144480,49.9989,49.9989,49.9989,0.175896,0.0553047,0.175896,0.142971,4.25374e-07,1.7053e-13,0.0499875
144540,49.9989,49.9989,49.9989,0.17586,0.0553003,0.17586,0.142945,4.25017e-07,1.7053e-13,0.0499875
144600,49.9989,49.9989,49.9989,0.175824,0.0552958,0.175824,0.14292,4.2466e-07,1.7053e-13,0.0499875
144660,49.9989,49.9989,49.9989,0.175788,0.0552913,0.175788,0.142894,4.24304e-07,1.13687e-13,0.0499875
144720,49.9989,49.9989,49.9989,0.175752,0.0552869,0.175752,0.142869,4.23948e-07,1.7053e-13,0.0499875
144780,49.9989,49.9989,49.9989,0.175717,0.0552825,0.175717,0.142844,4.23593e-07,1.7053e-13,0.0499875
144840,49.9989,49.9989,49.9989,0.175681,0.055278,0.175681,0.142818,4.23239e-07,1.7053e-13,0.0499875
144900,49.9989,49.9989,49.9989,0.175645,0.0552736,0.175645,0.142793,4.22884e-07,1.7053e-13,0.0499875
144960,49.9989,49.9989,49.9989,0.17561,0.0552692,0.17561,0.142767,4.22531e-07,1.7053e-13,0.0499875
145020,49.9989,49.9989,49.9989,0.175574,0.0552648,0.175574,0.142742,4.22178e-07,1.7053e-13,0.0499875
145080,49.9989,49.9989,49.9989,0.175539,0.0552604,0.175539,0.142717,4.21825e-07,1.7053e-13,0.0499875
145140,49.9989,49.9989,49.9989,0.175503,0.0552559,0.175503,0.142691,4.21473e-07,1.7053e-13,0.0499875
145200,49.9989,49.9989,49.9989,0.175468,0.0552516,0.175468,0.142666,4.21121e-07,1.13687e-13,0.0499875
145260,49.9989,49.9989,49.9989,0.175432,0.0552472,0.175432,0.142641,4.20769e-07,1.13687e-13,0.0499875
145320,49.9989,49.9989,49.9989,0.175397,0.0552428,0.175397,0.142616,4.20419e-07,1.7053e-13,0.0499875
145380,49.9989,49.9989,49.9989,0.175361,0.0552384,0.175361,0.14259,4.20068e-07,1.7053e-13,0.0499875
145440,49.9989,49.9989,49.9989,0.175326,0.055234,0.175326,0.142565,4.19718e-07,1.7053e-13,0.0499875
145500,49.9989,49.9989,49.9989,0.175291,0.0552297,0.175291,0.14254,4.19369e-07,1.7053e-13,0.0499875
145560,49.9989,49.9989,49.9989,0.175255,0.0552253,0.175255,0.142515,4.1902e-07,1.7053e-13,0.0499875
145620,49.9989,49.9989,49.9989,0.17522,0.0552209,0.17522,0.14249,4.18672e-07,2.27374e-13,0.0499875
145680,49.9989,49.9989,49.9989,0.175185,0.0552166,0.175185,0.142465,4.18324e-07,2.27374e-13,0.0499875
145740,49.9989,49.9989,49.9989,0.175149,0.0552122,0.175149,0.14244,4.17976e-07,2.27374e-13,0.0499875
145800,49.9989,49.9989,49.9989,0.175114,0.0552079,0.175114,0.142415,4.17629e-07,1.7053e-13,0.0499875
145860,49.9989,49.9989,49.9989,0.175079,0.0552036,0.175079,0.14239,4.17283e-07,1.13687e-13,0.0499875
145920,49.9989,49.9989,49.9989,0.175044,0.0551993,0.175044,0.142365,4.16937e-07,1.7053e-13,0.0499875
145980,49.9989,49.9989,49.9989,0.175009,0.0551949,0.175009,0.142339,4.16591e-07,1.7053e-13,0.0499875
146040,49.9989,49.9989,49.9989,0.174974,0.0551906,0.174974,0.142315,4.16246e-07,1.7053e-13,0.0499875
146100,49.9989,49.9989,49.9989,0.174939,0.0551863,0.174939,0.14229,4.15901e-07,2.27374e-13,0.0499875
146160,49.9989,49.9989,49.9989,0.174904,0.055182,0.174904,0.142265,4.15557e-07,2.27374e-13,0.0499875
146220,49.9989,49.9989,49.9989,0.174869,0.0551777,0.174869,0.14224,4.15213e-07,2.27374e-13,0.0499875
146280,49.9989,49.9989,49.9989,0.174834,0.0551734,0.174834,0.142215,4.1487e-07,2.27374e-13,0.0499875
146340,49.9989,49.9989,49.9989,0.174799,0.0551691,0.174799,0.14219,4.14527e-07,2.27374e-13,0.0499875
146400,49.9989,49.9989,49.9989,0.174764,0.0551649,0.174764,0.142165,4.14185e-07,1.7053e-13,0.0499875
146460,49.9989,49.9989,49.9989,0.174729,0.0551606,0.174729,0.14214,4.13843e-07,1.7053e-13,0.0499875
146520,49.9989,49.9989,49.9989,0.174694,0.0551563,0.174694,0.142115,4.13502e-07,1.13687e-13,0.0499875
146580,49.9989,49.9989,49.9989,0.174659,0.0551521,0.174659,0.142091,4.13161e-07,1.7053e-13,0.0499875
146640,49.9989,49.9989,49.9989,0.174625,0.0551478,0.174625,0.142066,4.1282e-07,1.7053e-13,0.0499875
146700,49.9989,49.9989,49.9989,0.17459,0.0551435,0.17459,0.142041,4.1248e-07,1.7053e-13,0.0499875
146760,49.9989,49.9989,49.9989,0.174555,0.0551393,0.174555,0.142016,4.12141e-07,1.7053e-13,0.0499875
146820,49.9989,49.9989,49.9989,0.174521,0.0551351,0.174521,0.141992,4.11802e-07,1.7053e-13,0.0499875
146880,49.9989,49.9989,49.9989,0.174486,0.0551308,0.174486,0.141967,4.11463e-07,1.7053e-13,0.0499875
146940,49.9989,49.9989,49.9989,0.174451,0.0551266,0.174451,0.141942,4.11125e-07,1.7053e-13,0.0499875
147000,49.9989,49.9989,49.9989,0.174417,0.0551224,0.174417,0.141918,4.10787e-07,1.7053e-13,0.0499875
147060,49.9989,49.9989,49.9989,0.174382,0.0551182,0.174382,0.141893,4.1045e-07,1.13687e-13,0.0499875
147120,49.9989,49.9989,49.9989,0.174348,0.055114,0.174348,0.141868,4.10113e-07,1.13687e-13,0.0499875
147180,49.9989,49.9989,49.9989,0.174313,0.0551097,0.174313,0.141844,4.09776e-07,1.7053e-13,0.0499875
147240,49.9989,49.9989,49.9989,0.174279,0.0551055,0.174279,0.141819,4.09441e-07,1.7053e-13,0.0499875
147300,49.9989,49.9989,49.9989,0.174244,0.0551014,0.174244,0.141795,4.09105e-07,2.27374e-13,0.0499875
147360,49.9989,49.9989,49.9989,0.17421,0.0550972,0.17421,0.14177,4.0877e-07,2.27374e-13,0.0499875
147420,49.9989,49.9989,49.9989,0.174175,0.055093,0.174175,0.141746,4.08435e-07,2.27374e-13,0.0499875
147480,49.9989,49.9989,49.9989,0.174141,0.0550888,0.174141,0.141721,4.08101e-07,2.27374e-13,0.0499875
147540,49.9989,49.9989,49.9989,0.174107,0.0550846,0.174107,0.141697,4.07768e-07,2.27374e-13,0.0499875
147600,49.9989,49.9989,49.9989,0.174072,0.0550805,0.174072,0.141672,4.07434e-07,1.7053e-13,0.0499875
147660,49.9989,49.9989,49.9989,0.174038,0.0550763,0.174038,0.141648,4.07102e-07,1.13687e-13,0.0499875
147720,49.9989,49.9989,49.9989,0.174004,0.0550722,0.174004,0.141623,4.06769e-07,1.7053e-13,0.0499875
147780,49.9989,49.9989,49.9989,0.17397,0.055068,0.17397,0.141599,4.06437e-07,1.7053e-13,0.0499875
147840,49.9989,49.9989,49.9989,0.173936,0.0550639,0.173936,0.141574,4.06106e-07,1.7053e-13,0.0499875
147900,49.9989,49.9989,49.9989,0.173901,0.0550597,0.173901,0.14155,4.05775e-07,2.27374e-13,0.0499875
147960,49.9989,49.9989,49.9989,0.173867,0.0550556,0.173867,0.141526,4.05444e-07,2.27374e-13,0.0499875
148020,49.9989,49.9989,49.9989,0.173833,0.0550515,0.173833,0.141501,4.05114e-07,2.27374e-13,0.0499875
148080,49.9989,49.9989,49.9989,0.173799,0.0550473,0.173799,0.141477,4.04784e-07,2.27374e-13,0.0499875
148140,49.9989,49.9989,49.9989,0.173765,0.0550432,0.173765,0.141453,4.04455e-07,1.7053e-13,0.0499875
148200,49.9989,49.9989,49.9989,0.173731,0.0550391,0.173731,0.141429,4.04126e-07,1.7053e-13,0.0499875
148260,49.9989,49.9989,49.9989,0.173697,0.055035,0.173697,0.141404,4.03798e-07,1.13687e-13,0.0499875
148320,49.9989,49.9989,49.9989,0.173663,0.0550309,0.173663,0.14138,4.0347e-07,1.7053e-13,0.0499875
148380,49.9989,49.9989,49.9989,0.173629,0.0550268,0.173629,0.141356,4.03142e-07,1.7053e-13,0.0499875
148440,49.9989,49.9989,49.9989,0.173595,0.0550227,0.173595,0.141332,4.02815e-07,1.7053e-13,0.0499875
148500,49.9989,49.9989,49.9989,0.173561,0.0550186,0.173561,0.141308,4.02489e-07,2.27374e-13,0.0499875
148560,49.9989,49.9989,49.9989,0.173528,0.0550146,0.173528,0.141283,4.02162e-07,2.27374e-13,0.0499875
148620,49.9989,49.9989,49.9989,0.173494,0.0550105,0.173494,0.141259,4.01837e-07,2.27374e-13,0.0499875
148680,49.9989,49.9989,49.9989,0.17346,0.0550064,0.17346,0.141235,4.01511e-07,2.27374e-13,0.0499875
148740,49.9989,49.9989,49.9989,0.173426,0.0550024,0.173426,0.141211,4.01186e-07,1.7053e-13,0.0499875
148800,49.9989,49.9989,49.9989,0.173392,0.0549983,0.173392,0.141187,4.00862e-07,1.7053e-13,0.0499875
148860,49.9989,49.9989,49.9989,0.173359,0.0549943,0.173359,0.141163,4.00538e-07,1.13687e-13,0.0499875
148920,49.9989,49.9989,49.9989,0.173325,0.0549902,0.173325,0.141139,4.00214e-07,1.7053e-13,0.0499875
148980,49.9989,49.9989,49.9989,0.173291,0.0549862,0.173291,0.141115,3.99891e-07,1.7053e-13,0.0499875
149040,49.9989,49.9989,49.9989,0.173258,0.0549821,0.173258,0.141091,3.99568e-07,1.7053e-13,0.0499875
149100,49.9989,49.9989,49.9989,0.173224,0.0549781,0.173224,0.141067,3.99246e-07,1.7053e-13,0.0499875
149160,49.9989,49.9989,49.9989,0.173191,0.0549741,0.173191,0.141043,3.98924e-07,1.7053e-13,0.0499875
149220,49.9989,49.9989,49.9989,0.173157,0.0549701,0.173157,0.141019,3.98603e-07,2.27374e-13,0.0499875
149280,49.9989,49.9989,49.9989,0.173124,0.0549661,0.173124,0.140995,3.98282e-07,1.7053e-13,0.0499875
149340,49.9989,49.9989,49.9989,0.17309,0.0549621,0.17309,0.140971,3.97961e-07,1.7053e-13,0.0499875
149400,49.9989,49.9989,49.9989,0.173057,0.054958,0.173057,0.140948,3.97641e-07,1.7053e-13,0.0499875
149460,49.9989,49.9989,49.9989,0.173023,0.0549541,0.173023,0.140924,3.97321e-07,1.13687e-13,0.0499875
149520,49.9989,49.9989,49.9989,0.17299,0.0549501,0.17299,0.1409,3.97001e-07,1.7053e-13,0.0499875
149580,49.9989,49.9989,49.9989,0.172957,0.0549461,0.172957,0.140876,3.96683e-07,1.7053e-13,0.0499875
149640,49.9989,49.9989,49.9989,0.172923,0.0549421,0.172923,0.140852,3.96364e-07,1.7053e-13,0.0499875
149700,49.9989,49.9989,49.9989,0.17289,0.0549381,0.17289,0.140829,3.96046e-07,2.27374e-13,0.0499875
149760,49.9989,49.9989,49.9989,0.172857,0.0549341,0.172857,0.140805,3.95728e-07,2.27374e-13,0.0499875
149820,49.9989,49.9989,49.9989,0.172823,0.0549302,0.172823,0.140781,3.95411e-07,2.27374e-13,0.0499875
149880,49.9989,49.9989,49.9989,0.17279,0.0549262,0.17279,0.140757,3.95094e-07,2.27374e-13,0.0499875
149940,49.9989,49.9989,49.9989,0.172757,0.0549223,0.172757,0.140734,3.94778e-07,1.7053e-13,0.0499875
150000,49.9989,49.9989,49.9989,0.172724,0.0549183,0.172724,0.14071,3.94462e-07,1.7053e-13,0.0499875
150060,49.9989,49.9989,49.9989,0.172691,0.0549144,0.172691,0.140686,3.94146e-07,1.13687e-13,0.0499875
150120,49.9989,49.9989,49.9989,0.172658,0.0549104,0.172658,0.140663,3.93831e-07,1.7053e-13,0.0499875
150180,49.9989,49.9989,49.9989,0.172625,0.0549065,0.172625,0.140639,3.93516e-07,1.7053e-13,0.0499875
150240,49.9989,49.9989,49.9989,0.172591,0.0549026,0.172591,0.140615,3.93202e-07,1.7053e-13,0.0499875
150300,49.9989,49.9989,49.9989,0.172558,0.0548986,0.172558,0.140592,3.92888e-07,1.7053e-13,0.0499875
150360,49.9989,49.9989,49.9989,0.172525,0.0548947,0.172525,0.140568,3.92574e-07,1.7053e-13,0.0499875
150420,49.9989,49.9989,49.9989,0.172492,0.0548908,0.172492,0.140545,3.92261e-07,2.27374e-13,0.0499875
150480,49.9989,49.9989,49.9989,0.17246,0.0548869,0.17246,0.140521,3.91948e-07,2.27374e-13,0.0499875
150540,49.9989,49.9989,49.9989,0.172427,0.054883,0.172427,0.140498,3.91636e-07,1.7053e-13,0.0499875
150600,49.9989,49.9989,49.9989,0.172394,0.0548791,0.172394,0.140474,3.91324e-07,1.7053e-13,0.0499875
150660,49.9989,49.9989,49.9989,0.172361,0.0548752,0.172361,0.140451,3.91012e-07,1.13687e-13,0.0499875
150720,49.9989,49.9989,49.9989,0.172328,0.0548713,0.172328,0.140427,3.90701e-07,1.13687e-13,0.0499875
150780,49.9989,49.9989,49.9989,0.172295,0.0548674,0.172295,0.140404,3.90391e-07,1.7053e-13,0.0499875
150840,49.9989,49.9989,49.9989,0.172262,0.0548635,0.172262,0.14038,3.9008e-07,1.7053e-13,0.0499875
150900,49.9989,49.9989,49.9989,0.17223,0.0548597,0.17223,0.140357,3.8977e-07,1.7053e-13,0.0499875
150960,49.9989,49.9989,49.9989,0.172197,0.0548558,0.172197,0.140334,3.89461e-07,1.7053e-13,0.0499875
151020,49.9989,49.9989,49.9989,0.172164,0.0548519,0.172164,0.14031,3.89152e-07,1.7053e-13,0.0499875
151080,49.9989,49.9989,49.9989,0.172132,0.0548481,0.172132,0.140287,3.88843e-07,1.7053e-13,0.0499875
151140,49.9989,49.9989,49.9989,0.172099,0.0548442,0.172099,0.140264,3.88535e-07,1.7053e-13,0.0499875
151200,49.9989,49.9989,49.9989,0.172066,0.0548404,0.172066,0.14024,3.88227e-07,1.13687e-13,0.0499875
151260,49.9989,49.9989,49.9989,0.172034,0.0548365,0.172034,0.140217,3.87919e-07,1.7053e-13,0.0499875
151320,49.9989,49.9989,49.9989,0.172001,0.0548327,0.172001,0.140194,3.87612e-07,1.7053e-13,0.0499875
151380,49.9989,49.9989,49.9989,0.171969,0.0548289,0.171969,0.140171,3.87306e-07,1.7053e-13,0.0499875
151440,49.9989,49.9989,49.9989,0.171936,0.054825,0.171936,0.140147,3.86999e-07,1.7053e-13,0.0499875
151500,49.9989,49.9989,49.9989,0.171904,0.0548212,0.171904,0.140124,3.86694e-07,1.7053e-13,0.0499875
151560,49.9989,49.9989,49.9989,0.171871,0.0548174,0.171871,0.140101,3.86388e-07,1.7053e-13,0.0499875
151620,49.9989,49.9989,49.9989,0.171839,0.0548136,0.171839,0.140078,3.86083e-07,2.27374e-13,0.0499875
151680,49.9989,49.9989,49.9989,0.171806,0.0548098,0.171806,0.140055,3.85778e-07,2.27374e-13,0.0499875
151740,49.9989,49.9989,49.9989,0.171774,0.054806,0.171774,0.140031,3.85474e-07,1.7053e-13,0.0499875
151800,49.9989,49.9989,49.9989,0.171742,0.0548022,0.171742,0.140008,3.8517e-07,1.7053e-13,0.0499875
151860,49.9989,49.9989,49.9989,0.171709,0.0547984,0.171709,0.139985,3.84867e-07,1.7053e-13,0.0499875
151920,49.9989,49.9989,49.9989,0.171677,0.0547946,0.171677,0.139962,3.84563e-07,1.7053e-13,0.0499875
151980,49.9989,49.9989,49.9989,0.171645,0.0547908,0.171645,0.139939,3.84261e-07,1.7053e-13,0.0499875
152040,49.9989,49.9989,49.9989,0.171612,0.054787,0.171612,0.139916,3.83958e-07,1.7053e-13,0.0499875
152100,49.9989,49.9989,49.9989,0.17158,0.0547832,0.17158,0.139893,3.83656e-07,2.27374e-13,0.0499875
152160,49.9989,49.9989,49.9989,0.171548,0.0547795,0.171548,0.13987,3.83355e-07,2.27374e-13,0.0499875
152220,49.9989,49.9989,49.9989,0.171516,0.0547757,0.171516,0.139847,3.83054e-07,2.27374e-13,0.0499875
152280,49.9989,49.9989,49.9989,0.171484,0.054772,0.171484,0.139824,3.82753e-07,2.27374e-13,0.0499875
152340,49.9989,49.9989,49.9989,0.171452,0.0547682,0.171452,0.139801,3.82452e-07,1.7053e-13,0.0499875
152400,49.9989,49.9989,49.9989,0.171419,0.0547644,0.171419,0.139778,3.82152e-07,1.7053e-13,0.0499875
152460,49.9989,49.9989,49.9989,0.171387,0.0547607,0.171387,0.139755,3.81853e-07,1.13687e-13,0.0499875
152520,49.9989,49.9989,49.9989,0.171355,0.054757,0.171355,0.139732,3.81553e-07,1.13687e-13,0.0499875
152580,49.9989,49.9989,49.9989,0.171323,0.0547532,0.171323,0.139709,3.81255e-07,1.7053e-13,0.0499875
152640,49.9989,49.9989,49.9989,0.171291,0.0547495,0.171291,0.139687,3.80956e-07,1.7053e-13,0.0499875
152700,49.9989,49.9989,49.9989,0.171259,0.0547458,0.171259,0.139664,3.80658e-07,1.7053e-13,0.0499875
152760,49.9989,49.9989,49.9989,0.171227,0.054742,0.171227,0.139641,3.8036e-07,1.7053e-13,0.0499875
152820,49.9989,49.9989,49.9989,0.171196,0.0547383,0.171196,0.139618,3.80063e-07,2.27374e-13,0.0499875
152880,49.9989,49.9989,49.9989,0.171164,0.0547346,0.171164,0.139595,3.79766e-07,2.27374e-13,0.0499875
152940,49.9989,49.9989,49.9989,0.171132,0.0547309,0.171132,0.139572,3.7947e-07,1.7053e-13,0.0499875
153000,49.9989,49.9989,49.9989,0.1711,0.0547272,0.1711,0.13955,3.79173e-07,1.7053e-13,0.0499875
153060,49.9989,49.9989,49.9989,0.171068,0.0547235,0.171068,0.139527,3.78878e-07,1.13687e-13,0.0499875
153120,49.9989,49.9989,49.9989,0.171036,0.0547198,0.171036,0.139504,3.78582e-07,1.7053e-13,0.0499875
153180,49.9989,49.9989,49.9989,0.171005,0.0547161,0.171005,0.139482,3.78287e-07,1.7053e-13,0.0499875
153240,49.9989,49.9989,49.9989,0.170973,0.0547124,0.170973,0.139459,3.77992e-07,1.7053e-13,0.0499875
153300,49.9989,49.9989,49.9989,0.170941,0.0547088,0.170941,0.139436,3.77698e-07,1.7053e-13,0.0499875
153360,49.9989,49.9989,49.9989,0.17091,0.0547051,0.17091,0.139414,3.77404e-07,1.7053e-13,0.0499875
153420,49.9989,49.9989,49.9989,0.170878,0.0547014,0.170878,0.139391,3.77111e-07,1.7053e-13,0.0499875
153480,49.9989,49.9989,49.9989,0.170846,0.0546978,0.170846,0.139368,3.76817e-07,1.7053e-13,0.0499875
153540,49.9989,49.9989,49.9989,0.170815,0.0546941,0.170815,0.139346,3.76525e-07,1.7053e-13,0.0499875
153600,49.9989,49.9989,49.9989,0.170783,0.0546904,0.170783,0.139323,3.76232e-07,1.7053e-13,0.0499875
153660,49.9989,49.9989,49.9989,0.170752,0.0546868,0.170752,0.139301,3.7594e-07,1.13687e-13,0.0499875
153720,49.9989,49.9989,49.9989,0.17072,0.0546831,0.17072,0.139278,3.75648e-07,1.7053e-13,0.0499875
153780,49.9989,49.9989,49.9989,0.170689,0.0546795,0.170689,0.139255,3.75357e-07,1.7053e-13,0.0499875
153840,49.9989,49.9989,49.9989,0.170657,0.0546759,0.170657,0.139233,3.75066e-07,1.7053e-13,0.0499875
153900,49.9989,49.9989,49.9989,0.170626,0.0546722,0.170626,0.13921,3.74776e-07,2.27374e-13,0.0499875
153960,49.9989,49.9989,49.9989,0.170594,0.0546686,0.170594,0.139188,3.74485e-07,2.27374e-13,0.0499875
154020,49.9989,49.9989,49.9989,0.170563,0.054665,0.170563,0.139166,3.74196e-07,2.27374e-13,0.0499875
154080,49.9989,49.9989,49.9989,0.170531,0.0546614,0.170531,0.139143,3.73906e-07,2.27374e-13,0.0499875
154140,49.9989,49.9989,49.9989,0.1705,0.0546578,0.1705,0.139121,3.73617e-07,1.7053e-13,0.0499875
154200,49.9989,49.9989,49.9989,0.170469,0.0546541,0.170469,0.139098,3.73328e-07,1.7053e-13,0.0499875
154260,49.9989,49.9989,49.9989,0.170437,0.0546505,0.170437,0.139076,3.7304e-07,1.13687e-13,0.0499875
154320,49.9989,49.9989,49.9989,0.170406,0.0546469,0.170406,0.139053,3.72752e-07,1.7053e-13,0.0499875
154380,49.9989,49.9989,49.9989,0.170375,0.0546433,0.170375,0.139031,3.72464e-07,1.7053e-13,0.0499875
154440,49.9989,49.9989,49.9989,0.170344,0.0546398,0.170344,0.139009,3.72177e-07,2.27374e-13,0.0499875
154500,49.9989,49.9989,49.9989,0.170313,0.0546362,0.170313,0.138986,3.7189e-07,2.27374e-13,0.0499875
154560,49.9989,49.9989,49.9989,0.170281,0.0546326,0.170281,0.138964,3.71604e-07,2.84217e-13,0.0499875
154620,49.9989,49.9989,49.9989,0.17025,0.054629,0.17025,0.138942,3.71317e-07,2.84217e-13,0.0499875
154680,49.9989,49.9989,49.9989,0.170219,0.0546254,0.170219,0.13892,3.71032e-07,2.84217e-13,0.0499875
154740,49.9989,49.9989,49.9989,0.170188,0.0546219,0.170188,0.138897,3.70746e-07,2.27374e-13,0.0499875
154800,49.9989,49.9989,49.9989,0.170157,0.0546183,0.170157,0.138875,3.70461e-07,1.7053e-13,0.0499875
154860,49.9989,49.9989,49.9989,0.170126,0.0546147,0.170126,0.138853,3.70176e-07,1.7053e-13,0.0499875
154920,49.9989,49.9989,49.9989,0.170095,0.0546112,0.170095,0.138831,3.69892e-07,1.7053e-13,0.0499875
154980,49.9989,49.9989,49.9989,0.170064,0.0546076,0.170064,0.138809,3.69608e-07,1.7053e-13,0.0499875
155040,49.9989,49.9989,49.9989,0.170033,0.0546041,0.170033,0.138786,3.69324e-07,1.7053e-13,0.0499875
155100,49.9989,49.9989,49.9989,0.170002,0.0546006,0.170002,0.138764,3.69041e-07,2.27374e-13,0.0499875
155160,49.9989,49.9989,49.9989,0.169971,0.054597,0.169971,0.138742,3.68758e-07,2.27374e-13,0.0499875
155220,49.9989,49.9989,49.9989,0.16994,0.0545935,0.16994,0.13872,3.68475e-07,2.27374e-13,0.0499875
155280,49.9989,49.9989,49.9989,0.169909,0.05459,0.169909,0.138698,3.68193e-07,2.27374e-13,0.0499875
155340,49.9989,49.9989,49.9989,0.169878,0.0545864,0.169878,0.138676,3.67911e-07,1.7053e-13,0.0499875
155400,49.9989,49.9989,49.9989,0.169848,0.0545829,0.169848,0.138654,3.6763e-07,1.7053e-13,0.0499875
155460,49.9989,49.9989,49.9989,0.169817,0.0545794,0.169817,0.138632,3.67349e-07,1.13687e-13,0.0499875
155520,49.9989,49.9989,49.9989,0.169786,0.0545759,0.169786,0.13861,3.67068e-07,1.7053e-13,0.0499875
155580,49.9989,49.9989,49.9989,0.169755,0.0545724,0.169755,0.138588,3.66787e-07,1.7053e-13,0.0499875
155640,49.9989,49.9989,49.9989,0.169725,0.0545689,0.169725,0.138566,3.66507e-07,1.7053e-13,0.0499875
155700,49.9989,49.9989,49.9989,0.169694,0.0545654,0.169694,0.138544,3.66227e-07,1.7053e-13,0.0499875
155760,49.9989,49.9989,49.9989,0.169663,0.0545619,0.169663,0.138522,3.65948e-07,1.7053e-13,0.0499875
155820,49.9989,49.9989,49.9989,0.169632,0.0545584,0.169632,0.1385,3.65669e-07,1.7053e-13,0.0499875
155880,49.9989,49.9989,49.9989,0.169602,0.0545549,0.169602,0.138478,3.6539e-07,2.27374e-13,0.0499875
155940,49.9989,49.9989,49.9989,0.169571,0.0545514,0.169571,0.138456,3.65112e-07,1.7053e-13,0.0499875
156000,49.9989,49.9989,49.9989,0.169541,0.054548,0.169541,0.138434,3.64834e-07,1.7053e-13,0.0499875
156060,49.9989,49.9989,49.9989,0.16951,0.0545445,0.16951,0.138412,3.64556e-07,1.13687e-13,0.0499875
156120,49.9989,49.9989,49.9989,0.16948,0.054541,0.16948,0.13839,3.64279e-07,1.13687e-13,0.0499875
156180,49.9989,49.9989,49.9989,0.169449,0.0545376,0.169449,0.138368,3.64002e-07,1.7053e-13,0.0499875
156240,49.9989,49.9989,49.9989,0.169419,0.0545341,0.169419,0.138347,3.63725e-07,1.7053e-13,0.0499875
156300,49.9989,49.9989,49.9989,0.169388,0.0545307,0.169388,0.138325,3.63449e-07,1.7053e-13,0.0499875
156360,49.9989,49.9989,49.9989,0.169358,0.0545272,0.169358,0.138303,3.63173e-07,1.7053e-13,0.0499875
156420,49.9989,49.9989,49.9989,0.169327,0.0545238,0.169327,0.138281,3.62897e-07,2.27374e-13,0.0499875
156480,49.9989,49.9989,49.9989,0.169297,0.0545203,0.169297,0.138259,3.62622e-07,2.27374e-13,0.0499875
156540,49.9989,49.9989,49.9989,0.169267,0.0545169,0.169267,0.138238,3.62347e-07,1.7053e-13,0.0499875
156600,49.9989,49.9989,49.9989,0.169236,0.0545134,0.169236,0.138216,3.62073e-07,1.7053e-13,0.0499875
156660,49.9989,49.9989,49.9989,0.169206,0.05451,0.169206,0.138194,3.61798e-07,1.13687e-13,0.0499875
156720,49.9989,49.9989,49.9989,0.169176,0.0545066,0.169176,0.138172,3.61525e-07,1.13687e-13,0.0499875
156780,49.9989,49.9989,49.9989,0.169145,0.0545032,0.169145,0.138151,3.61251e-07,1.7053e-13,0.0499875
156840,49.9989,49.9989,49.9989,0.169115,0.0544998,0.169115,0.138129,3.60978e-07,1.7053e-13,0.0499875
156900,49.9989,49.9989,49.9989,0.169085,0.0544964,0.169085,0.138107,3.60705e-07,1.7053e-13,0.0499875
156960,49.9989,49.9989,49.9989,0.169055,0.0544929,0.169055,0.138086,3.60432e-07,1.7053e-13,0.0499875
157020,49.9989,49.9989,49.9989,0.169024,0.0544895,0.169024,0.138064,3.6016e-07,1.7053e-13,0.0499875
157080,49.9989,49.9989,49.9989,0.168994,0.0544861,0.168994,0.138043,3.59888e-07,1.7053e-13,0.0499875
157140,49.9989,49.9989,49.9989,0.168964,0.0544828,0.168964,0.138021,3.59617e-07,1.7053e-13,0.0499875
157200,49.9989,49.9989,49.9989,0.168934,0.0544794,0.168934,0.137999,3.59346e-07,1.7053e-13,0.0499875
157260,49.9989,49.9989,49.9989,0.168904,0.054476,0.168904,0.137978,3.59075e-07,1.13687e-13,0.0499875
157320,49.9989,49.9989,49.9989,0.168874,0.0544726,0.168874,0.137956,3.58804e-07,1.7053e-13,0.0499875
157380,49.9989,49.9989,49.9989,0.168844,0.0544692,0.168844,0.137935,3.58534e-07,1.7053e-13,0.0499875
157440,49.9989,49.9989,49.9989,0.168814,0.0544658,0.168814,0.137913,3.58264e-07,1.7053e-13,0.0499875
157500,49.9989,49.9989,49.9989,0.168784,0.0544625,0.168784,0.137892,3.57995e-07,2.27374e-13,0.0499875
157560,49.9989,49.9989,49.9989,0.168754,0.0544591,0.168754,0.13787,3.57726e-07,2.27374e-13,0.0499875
157620,49.9989,49.9989,49.9989,0.168724,0.0544558,0.168724,0.137849,3.57457e-07,2.27374e-13,0.0499875
157680,49.9989,49.9989,49.9989,0.168694,0.0544524,0.168694,0.137827,3.57188e-07,2.27374e-13,0.0499875
157740,49.9989,49.9989,49.9989,0.168664,0.054449,0.168664,0.137806,3.5692e-07,1.7053e-13,0.0499875
157800,49.9989,49.9989,49.9989,0.168634,0.0544457,0.168634,0.137785,3.56652e-07,1.7053e-13,0.0499875
157860,49.9989,49.9989,49.9989,0.168604,0.0544424,0.168604,0.137763,3.56385e-07,1.13687e-13,0.0499875
157920,49.9989,49.9989,49.9989,0.168575,0.054439,0.168575,0.137742,3.56118e-07,1.13687e-13,0.0499875
157980,49.9989,49.9989,49.9989,0.168545,0.0544357,0.168545,0.137721,3.55851e-07,1.7053e-13,0.0499875
158040,49.9989,49.9989,49.9989,0.168515,0.0544323,0.168515,0.137699,3.55584e-07,1.7053e-13,0.0499875
158100,49.9989,49.9989,49.9989,0.168485,0.054429,0.168485,0.137678,3.55318e-07,1.7053e-13,0.0499875
158160,49.9989,49.9989,49.9989,0.168456,0.0544257,0.168456,0.137657,3.55052e-07,2.27374e-13,0.0499875
158220,49.9989,49.9989,49.9989,0.168426,0.0544224,0.168426,0.137635,3.54787e-07,2.27374e-13,0.0499875
158280,49.9989,49.9989,49.9989,0.168396,0.0544191,0.168396,0.137614,3.54521e-07,2.27374e-13,0.0499875
158340,49.9989,49.9989,49.9989,0.168367,0.0544157,0.168367,0.137593,3.54256e-07,2.27374e-13,0.0499875
158400,49.9989,49.9989,49.9989,0.168337,0.0544124,0.168337,0.137571,3.53992e-07,1.7053e-13,0.0499875
158460,49.9989,49.9989,49.9989,0.168307,0.0544091,0.168307,0.13755,3.53728e-07,1.7053e-13,0.0499875
158520,49.9989,49.9989,49.9989,0.168278,0.0544058,0.168278,0.137529,3.53464e-07,1.13687e-13,0.0499875
158580,49.9989,49.9989,49.9989,0.168248,0.0544025,0.168248,0.137508,3.532e-07,1.7053e-13,0.0499875
158640,49.9989,49.9989,49.9989,0.168219,0.0543993,0.168219,0.137487,3.52937e-07,1.7053e-13,0.0499875
158700,49.9989,49.9989,49.9989,0.168189,0.054396,0.168189,0.137465,3.52674e-07,2.27374e-13,0.0499875
158760,49.9989,49.9989,49.9989,0.16816,0.0543927,0.16816,0.137444,3.52411e-07,2.27374e-13,0.0499875
158820,49.9989,49.9989,49.9989,0.16813,0.0543894,0.16813,0.137423,3.52149e-07,2.27374e-13,0.0499875
158880,49.9989,49.9989,49.9989,0.168101,0.0543861,0.168101,0.137402,3.51887e-07,2.27374e-13,0.0499875
158940,49.9989,49.9989,49.9989,0.168071,0.0543829,0.168071,0.137381,3.51625e-07,1.7053e-13,0.0499875
159000,49.9989,49.9989,49.9989,0.168042,0.0543796,0.168042,0.13736,3.51364e-07,1.7053e-13,0.0499875
159060,49.9989,49.9989,49.9989,0.168012,0.0543763,0.168012,0.137339,3.51103e-07,1.13687e-13,0.0499875
159120,49.9989,49.9989,49.9989,0.167983,0.0543731,0.167983,0.137318,3.50842e-07,1.7053e-13,0.0499875
159180,49.9989,49.9989,49.9989,0.167954,0.0543698,0.167954,0.137297,3.50582e-07,1.7053e-13,0.0499875
159240,49.9989,49.9989,49.9989,0.167924,0.0543666,0.167924,0.137276,3.50322e-07,1.7053e-13,0.0499875
159300,49.9989,49.9989,49.9989,0.167895,0.0543633,0.167895,0.137255,3.50062e-07,1.7053e-13,0.0499875
159360,49.9989,49.9989,49.9989,0.167866,0.0543601,0.167866,0.137234,3.49803e-07,1.7053e-13,0.0499875
159420,49.9989,49.9989,49.9989,0.167837,0.0543568,0.167837,0.137213,3.49543e-07,2.27374e-13,0.0499875
159480,49.9989,49.9989,49.9989,0.167807,0.0543536,0.167807,0.137192,3.49285e-07,2.27374e-13,0.0499875
159540,49.9989,49.9989,49.9989,0.167778,0.0543504,0.167778,0.137171,3.49026e-07,1.7053e-13,0.0499875
159600,49.9989,49.9989,49.9989,0.167749,0.0543471,0.167749,0.13715,3.48768e-07,1.7053e-13,0.0499875
159660,49.9989,49.9989,49.9989,0.16772,0.0543439,0.16772,0.137129,3.4851e-07,1.13687e-13,0.0499875
159720,49.9989,49.9989,49.9989,0.167691,0.0543407,0.167691,0.137108,3.48253e-07,1.7053e-13,0.0499875
159780,49.9989,49.9989,49.9989,0.167662,0.0543375,0.167662,0.137087,3.47995e-07,1.7053e-13,0.0499875
159840,49.9989,49.9989,49.9989,0.167632,0.0543343,0.167632,0.137066,3.47738e-07,1.7053e-13,0.0499875
159900,49.9989,49.9989,49.9989,0.167603,0.0543311,0.167603,0.137045,3.47482e-07,2.27374e-13,0.0499875
159960,49.9989,49.9989,49.9989,0.167574,0.0543279,0.167574,0.137025,3.47225e-07,2.27374e-13,0.0499875
160020,49.9989,49.9989,49.9989,0.167545,0.0543247,0.167545,0.137004,3.4697e-07,2.27374e-13,0.0499875
160080,49.9989,49.9989,49.9989,0.167516,0.0543215,0.167516,0.136983,3.46714e-07,2.27374e-13,0.0499875
160140,49.9989,49.9989,49.9989,0.167487,0.0543183,0.167487,0.136962,3.46458e-07,1.7053e-13,0.0499875
160200,49.9989,49.9989,49.9989,0.167458,0.0543151,0.167458,0.136941,3.46203e-07,1.7053e-13,0.0499875
160260,49.9989,49.9989,49.9989,0.167429,0.0543119,0.167429,0.136921,3.45949e-07,1.13687e-13,0.0499875
160320,49.9989,49.9989,49.9989,0.1674,0.0543087,0.1674,0.1369,3.45694e-07,1.13687e-13,0.0499875
160380,49.9989,49.9989,49.9989,0.167372,0.0543055,0.167372,0.136879,3.4544e-07,1.7053e-13,0.0499875
160440,49.9989,49.9989,49.9989,0.167343,0.0543024,0.167343,0.136858,3.45186e-07,1.7053e-13,0.0499875
160500,49.9989,49.9989,49.9989,0.167314,0.0542992,0.167314,0.136838,3.44933e-07,1.7053e-13,0.0499875
160560,49.9989,49.9989,49.9989,0.167285,0.054296,0.167285,0.136817,3.44679e-07,1.7053e-13,0.0499875
160620,49.9989,49.9989,49.9989,0.167256,0.0542929,0.167256,0.136796,3.44427e-07,2.27374e-13,0.0499875
160680,49.9989,49.9989,49.9989,0.167227,0.0542897,0.167227,0.136776,3.44174e-07,2.27374e-13,0.0499875
160740,49.9989,49.9989,49.9989,0.167199,0.0542866,0.167199,0.136755,3.43922e-07,1.7053e-13,0.0499875
160800,49.9989,49.9989,49.9989,0.16717,0.0542834,0.16717,0.136734,3.4367e-07,1.7053e-13,0.0499875
160860,49.9989,49.9989,49.9989,0.167141,0.0542803,0.167141,0.136714,3.43418e-07,1.13687e-13,0.0499875
160920,49.9989,49.9989,49.9989,0.167113,0.0542771,0.167113,0.136693,3.43167e-07,1.7053e-13,0.0499875
160980,49.9989,49.9989,49.9989,0.167084,0.054274,0.167084,0.136673,3.42916e-07,1.7053e-13,0.0499875
161040,49.9989,49.9989,49.9989,0.167055,0.0542709,0.167055,0.136652,3.42665e-07,1.7053e-13,0.0499875
161100,49.9989,49.9989,49.9989,0.167027,0.0542677,0.167027,0.136631,3.42414e-07,1.7053e-13,0.0499875
161160,49.9989,49.9989,49.9989,0.166998,0.0542646,0.166998,0.136611,3.42164e-07,1.7053e-13,0.0499875
161220,49.9989,49.9989,49.9989,0.166969,0.0542615,0.166969,0.13659,3.41914e-07,1.7053e-13,0.0499875
161280,49.9989,49.9989,49.9989,0.166941,0.0542583,0.166941,0.13657,3.41665e-07,1.7053e-13,0.0499875
161340,49.9989,49.9989,49.9989,0.166912,0.0542552,0.166912,0.136549,3.41415e-07,1.7053e-13,0.0499875
161400,49.9989,49.9989,49.9989,0.166884,0.0542521,0.166884,0.136529,3.41166e-07,1.7053e-13,0.0499875
161460,49.9989,49.9989,49.9989,0.166855,0.054249,0.166855,0.136508,3.40918e-07,1.13687e-13,0.0499875
161520,49.9989,49.9989,49.9989,0.166827,0.0542459,0.166827,0.136488,3.40669e-07,1.7053e-13,0.0499875
161580,49.9989,49.9989,49.9989,0.166798,0.0542428,0.166798,0.136468,3.40421e-07,1.7053e-13,0.0499875
161640,49.9989,49.9989,49.9989,0.16677,0.0542397,0.16677,0.136447,3.40173e-07,1.7053e-13,0.0499875
161700,49.9989,49.9989,49.9989,0.166741,0.0542366,0.166741,0.136427,3.39926e-07,1.7053e-13,0.0499875
161760,49.9989,49.9989,49.9989,0.166713,0.0542335,0.166713,0.136406,3.39679e-07,2.27374e-13,0.0499875
161820,49.9989,49.9989,49.9989,0.166685,0.0542304,0.166685,0.136386,3.39432e-07,2.27374e-13,0.0499875
161880,49.9989,49.9989,49.9989,0.166656,0.0542274,0.166656,0.136366,3.39185e-07,1.7053e-13,0.0499875
161940,49.9989,49.9989,49.9989,0.166628,0.0542243,0.166628,0.136345,3.38939e-07,1.7053e-13,0.0499875
162000,49.9989,49.9989,49.9989,0.1666,0.0542212,0.1666,0.136325,3.38693e-07,1.7053e-13,0.0499875
162060,49.9989,49.9989,49.9989,0.166571,0.0542181,0.166571,0.136305,3.38447e-07,1.7053e-13,0.0499875
162120,49.9989,49.9989,49.9989,0.166543,0.0542151,0.166543,0.136284,3.38202e-07,1.7053e-13,0.0499875
162180,49.9989,49.9989,49.9989,0.166515,0.054212,0.166515,0.136264,3.37957e-07,1.7053e-13,0.0499875
162240,49.9989,49.9989,49.9989,0.166487,0.0542089,0.166487,0.136244,3.37712e-07,1.7053e-13,0.0499875
162300,49.9989,49.9989,49.9989,0.166458,0.0542059,0.166458,0.136224,3.37467e-07,2.27374e-13,0.0499875
162360,49.9989,49.9989,49.9989,0.16643,0.0542028,0.16643,0.136203,3.37223e-07,2.27374e-13,0.0499875
162420,49.9989,49.9989,49.9989,0.166402,0.0541998,0.166402,0.136183,3.36979e-07,2.27374e-13,0.0499875
162480,49.9989,49.9989,49.9989,0.166374,0.0541967,0.166374,0.136163,3.36735e-07,2.27374e-13,0.0499875
162540,49.9989,49.9989,49.9989,0.166346,0.0541937,0.166346,0.136143,3.36492e-07,1.7053e-13,0.0499875
162600,49.9989,49.9989,49.9989,0.166318,0.0541907,0.166318,0.136122,3.36249e-07,1.7053e-13,0.0499875
162660,49.9989,49.9989,49.9989,0.16629,0.0541876,0.16629,0.136102,3.36006e-07,1.13687e-13,0.0499875
162720,49.9989,49.9989,49.9989,0.166262,0.0541846,0.166262,0.136082,3.35763e-07,1.7053e-13,0.0499875
162780,49.9989,49.9989,49.9989,0.166234,0.0541816,0.166234,0.136062,3.35521e-07,1.7053e-13,0.0499875
162840,49.9989,49.9989,49.9989,0.166206,0.0541785,0.166206,0.136042,3.35279e-07,1.7053e-13,0.0499875
162900,49.9989,49.9989,49.9989,0.166178,0.0541755,0.166178,0.136022,3.35038e-07,2.27374e-13,0.0499875
162960,49.9989,49.9989,49.9989,0.16615,0.0541725,0.16615,0.136002,3.34796e-07,2.27374e-13,0.0499875
163020,49.9989,49.9989,49.9989,0.166122,0.0541695,0.166122,0.135982,3.34555e-07,2.27374e-13,0.0499875
163080,49.9989,49.9989,49.9989,0.166094,0.0541665,0.166094,0.135962,3.34314e-07,2.27374e-13,0.0499875
163140,49.9989,49.9989,49.9989,0.166066,0.0541635,0.166066,0.135942,3.34074e-07,2.27374e-13,0.0499875
163200,49.9989,49.9989,49.9989,0.166038,0.0541605,0.166038,0.135921,3.33834e-07,1.7053e-13,0.0499875
163260,49.9989,49.9989,49.9989,0.16601,0.0541575,0.16601,0.135901,3.33594e-07,1.13687e-13,0.0499875
163320,49.9989,49.9989,49.9989,0.165982,0.0541545,0.165982,0.135881,3.33354e-07,1.7053e-13,0.0499875
163380,49.9989,49.9989,49.9989,0.165954,0.0541515,0.165954,0.135861,3.33115e-07,1.7053e-13,0.0499875
163440,49.9989,49.9989,49.9989,0.165927,0.0541485,0.165927,0.135841,3.32875e-07,1.7053e-13,0.0499875
163500,49.9989,49.9989,49.9989,0.165899,0.0541455,0.165899,0.135821,3.32637e-07,1.7053e-13,0.0499875
163560,49.9989,49.9989,49.9989,0.165871,0.0541425,0.165871,0.135802,3.32398e-07,2.27374e-13,0.0499875
163620,49.9989,49.9989,49.9989,0.165843,0.0541395,0.165843,0.135782,3.3216e-07,2.27374e-13,0.0499875
163680,49.9989,49.9989,49.9989,0.165816,0.0541366,0.165816,0.135762,3.31922e-07,1.7053e-13,0.0499875
163740,49.9989,49.9989,49.9989,0.165788,0.0541336,0.165788,0.135742,3.31684e-07,1.7053e-13,0.0499875
163800,49.9989,49.9989,49.9989,0.16576,0.0541306,0.16576,0.135722,3.31447e-07,1.7053e-13,0.0499875
163860,49.9989,49.9989,49.9989,0.165733,0.0541277,0.165733,0.135702,3.3121e-07,1.13687e-13,0.0499875
163920,49.9989,49.9989,49.9989,0.165705,0.0541247,0.165705,0.135682,3.30973e-07,1.7053e-13,0.0499875
163980,49.9989,49.9989,49.9989,0.165677,0.0541217,0.165677,0.135662,3.30736e-07,1.7053e-13,0.0499875
164040,49.9989,49.9989,49.9989,0.16565,0.0541188,0.16565,0.135642,3.305e-07,1.7053e-13,0.0499875
164100,49.9989,49.9989,49.9989,0.165622,0.0541158,0.165622,0.135623,3.30264e-07,1.7053e-13,0.0499875
164160,49.9989,49.9989,49.9989,0.165595,0.0541129,0.165595,0.135603,3.30028e-07,2.27374e-13,0.0499875
164220,49.9989,49.9989,49.9989,0.165567,0.05411,0.165567,0.135583,3.29793e-07,2.27374e-13,0.0499875
164280,49.9989,49.9989,49.9989,0.165539,0.054107,0.165539,0.135563,3.29558e-07,2.27374e-13,0.0499875
164340,49.9989,49.9989,49.9989,0.165512,0.0541041,0.165512,0.135543,3.29323e-07,1.7053e-13,0.0499875
164400,49.9989,49.9989,49.9989,0.165485,0.0541011,0.165485,0.135524,3.29088e-07,1.7053e-13,0.0499875
164460,49.9989,49.9989,49.9989,0.165457,0.0540982,0.165457,0.135504,3.28854e-07,1.13687e-13,0.0499875
164520,49.9989,49.9989,49.9989,0.16543,0.0540953,0.16543,0.135484,3.2862e-07,1.13687e-13,0.0499875
164580,49.9989,49.9989,49.9989,0.165402,0.0540924,0.165402,0.135465,3.28386e-07,1.7053e-13,0.0499875
164640,49.9989,49.9989,49.9989,0.165375,0.0540894,0.165375,0.135445,3.28152e-07,1.7053e-13,0.0499875
164700,49.9989,49.9989,49.9989,0.165347,0.0540865,0.165347,0.135425,3.27919e-07,2.27374e-13,0.0499875
164760,49.9989,49.9989,49.9989,0.16532,0.0540836,0.16532,0.135406,3.27686e-07,2.27374e-13,0.0499875
164820,49.9989,49.9989,49.9989,0.165293,0.0540807,0.165293,0.135386,3.27453e-07,2.27374e-13,0.0499875
164880,49.9989,49.9989,49.9989,0.165265,0.0540778,0.165265,0.135366,3.27221e-07,2.27374e-13,0.0499875
164940,49.9989,49.9989,49.9989,0.165238,0.0540749,0.165238,0.135347,3.26989e-07,1.7053e-13,0.0499875
165000,49.9989,49.9989,49.9989,0.165211,0.054072,0.165211,0.135327,3.26757e-07,1.7053e-13,0.0499875
165060,49.9989,49.9989,49.9989,0.165184,0.0540691,0.165184,0.135307,3.26525e-07,1.13687e-13,0.0499875
165120,49.9989,49.9989,49.9989,0.165156,0.0540662,0.165156,0.135288,3.26294e-07,1.7053e-13,0.0499875
165180,49.9989,49.9989,49.9989,0.165129,0.0540633,0.165129,0.135268,3.26063e-07,1.7053e-13,0.0499875
165240,49.9989,49.9989,49.9989,0.165102,0.0540604,0.165102,0.135249,3.25832e-07,2.27374e-13,0.0499875
165300,49.9989,49.9989,49.9989,0.165075,0.0540576,0.165075,0.135229,3.25601e-07,2.27374e-13,0.0499875
165360,49.9989,49.9989,49.9989,0.165048,0.0540547,0.165048,0.13521,3.25371e-07,2.27374e-13,0.0499875
165420,49.9989,49.9989,49.9989,0.165021,0.0540518,0.165021,0.13519,3.25141e-07,2.27374e-13,0.0499875
165480,49.9989,49.9989,49.9989,0.164993,0.0540489,0.164993,0.135171,3.24911e-07,2.27374e-13,0.0499875
165540,49.9989,49.9989,49.9989,0.164966,0.0540461,0.164966,0.135151,3.24682e-07,2.27374e-13,0.0499875
165600,49.9989,49.9989,49.9989,0.164939,0.0540432,0.164939,0.135132,3.24453e-07,1.7053e-13,0.0499875
165660,49.9989,49.9989,49.9989,0.164912,0.0540403,0.164912,0.135112,3.24224e-07,1.13687e-13,0.0499875
165720,49.9989,49.9989,49.9989,0.164885,0.0540375,0.164885,0.135093,3.23995e-07,1.7053e-13,0.0499875
165780,49.9989,49.9989,49.9989,0.164858,0.0540346,0.164858,0.135073,3.23767e-07,1.7053e-13,0.0499875
165840,49.9989,49.9989,49.9989,0.164831,0.0540318,0.164831,0.135054,3.23538e-07,1.7053e-13,0.0499875
165900,49.9989,49.9989,49.9989,0.164804,0.0540289,0.164804,0.135034,3.23311e-07,2.27374e-13,0.0499875
165960,49.9989,49.9989,49.9989,0.164777,0.0540261,0.164777,0.135015,3.23083e-07,2.27374e-13,0.0499875
166020,49.9989,49.9989,49.9989,0.16475,0.0540232,0.16475,0.134996,3.22856e-07,2.27374e-13,0.0499875
166080,49.9989,49.9989,49.9989,0.164723,0.0540204,0.164723,0.134976,3.22628e-07,2.27374e-13,0.0499875
166140,49.9989,49.9989,49.9989,0.164696,0.0540176,0.164696,0.134957,3.22402e-07,1.7053e-13,0.0499875
166200,49.9989,49.9989,49.9989,0.16467,0.0540147,0.16467,0.134938,3.22175e-07,1.7053e-13,0.0499875
166260,49.9989,49.9989,49.9989,0.164643,0.0540119,0.164643,0.134918,3.21949e-07,1.13687e-13,0.0499875
166320,49.9989,49.9989,49.9989,0.164616,0.0540091,0.164616,0.134899,3.21723e-07,1.7053e-13,0.0499875
166380,49.9989,49.9989,49.9989,0.164589,0.0540063,0.164589,0.13488,3.21497e-07,1.7053e-13,0.0499875
166440,49.9989,49.9989,49.9989,0.164562,0.0540034,0.164562,0.13486,3.21271e-07,1.7053e-13,0.0499875
166500,49.9989,49.9989,49.9989,0.164535,0.0540006,0.164535,0.134841,3.21046e-07,2.27374e-13,0.0499875
166560,49.9989,49.9989,49.9989,0.164509,0.0539978,0.164509,0.134822,3.20821e-07,2.27374e-13,0.0499875
166620,49.9989,49.9989,49.9989,0.164482,0.053995,0.164482,0.134803,3.20596e-07,2.27374e-13,0.0499875
166680,49.9989,49.9989,49.9989,0.164455,0.0539922,0.164455,0.134783,3.20372e-07,2.27374e-13,0.0499875
166740,49.9989,49.9989,49.9989,0.164429,0.0539894,0.164429,0.134764,3.20148e-07,1.7053e-13,0.0499875
166800,49.9989,49.9989,49.9989,0.164402,0.0539866,0.164402,0.134745,3.19924e-07,1.7053e-13,0.0499875
166860,49.9989,49.9989,49.9989,0.164375,0.0539838,0.164375,0.134726,3.197e-07,1.13687e-13,0.0499875
166920,49.9989,49.9989,49.9989,0.164349,0.053981,0.164349,0.134707,3.19477e-07,1.7053e-13,0.0499875
166980,49.9989,49.9989,49.9989,0.164322,0.0539782,0.164322,0.134687,3.19253e-07,1.7053e-13,0.0499875
167040,49.9989,49.9989,49.9989,0.164295,0.0539754,0.164295,0.134668,3.1903e-07,1.7053e-13,0.0499875
167100,49.9989,49.9989,49.9989,0.164269,0.0539726,0.164269,0.134649,3.18808e-07,2.27374e-13,0.0499875
167160,49.9989,49.9989,49.9989,0.164242,0.0539699,0.164242,0.13463,3.18585e-07,2.27374e-13,0.0499875
167220,49.9989,49.9989,49.9989,0.164216,0.0539671,0.164216,0.134611,3.18363e-07,2.27374e-13,0.0499875
167280,49.9989,49.9989,49.9989,0.164189,0.0539643,0.164189,0.134592,3.18141e-07,2.27374e-13,0.0499875
167340,49.9989,49.9989,49.9989,0.164163,0.0539615,0.164163,0.134573,3.1792e-07,2.27374e-13,0.0499875
167400,49.9989,49.9989,49.9989,0.164136,0.0539588,0.164136,0.134554,3.17698e-07,1.7053e-13,0.0499875
167460,49.9989,49.9989,49.9989,0.16411,0.053956,0.16411,0.134535,3.17477e-07,1.13687e-13,0.0499875
167520,49.9989,49.9989,49.9989,0.164083,0.0539532,0.164083,0.134516,3.17256e-07,1.7053e-13,0.0499875
167580,49.9989,49.9989,49.9989,0.164057,0.0539505,0.164057,0.134497,3.17036e-07,1.7053e-13,0.0499875
167640,49.9989,49.9989,49.9989,0.16403,0.0539477,0.16403,0.134478,3.16815e-07,1.7053e-13,0.0499875
167700,49.9989,49.9989,49.9989,0.164004,0.053945,0.164004,0.134459,3.16595e-07,1.7053e-13,0.0499875
167760,49.9989,49.9989,49.9989,0.163978,0.0539422,0.163978,0.13444,3.16375e-07,2.27374e-13,0.0499875
167820,49.9989,49.9989,49.9989,0.163951,0.0539395,0.163951,0.134421,3.16156e-07,2.27374e-13,0.0499875
167880,49.9989,49.9989,49.9989,0.163925,0.0539367,0.163925,0.134402,3.15936e-07,2.27374e-13,0.0499875
167940,49.9989,49.9989,49.9989,0.163899,0.053934,0.163899,0.134383,3.15717e-07,1.7053e-13,0.0499875
168000,49.9989,49.9989,49.9989,0.163872,0.0539313,0.163872,0.134364,3.15498e-07,1.7053e-13,0.0499875
168060,49.9989,49.9989,49.9989,0.163846,0.0539285,0.163846,0.134345,3.1528e-07,1.13687e-13,0.0499875
168120,49.9989,49.9989,49.9989,0.16382,0.0539258,0.16382,0.134326,3.15061e-07,1.7053e-13,0.0499875
168180,49.9989,49.9989,49.9989,0.163793,0.0539231,0.163793,0.134307,3.14843e-07,1.7053e-13,0.0499875
168240,49.9989,49.9989,49.9989,0.163767,0.0539204,0.163767,0.134288,3.14625e-07,1.7053e-13,0.0499875
168300,49.9989,49.9989,49.9989,0.163741,0.0539176,0.163741,0.134269,3.14408e-07,1.7053e-13,0.0499875
168360,49.9989,49.9989,49.9989,0.163715,0.0539149,0.163715,0.13425,3.1419e-07,2.27374e-13,0.0499875
168420,49.9989,49.9989,49.9989,0.163689,0.0539122,0.163689,0.134232,3.13973e-07,2.27374e-13,0.0499875
168480,49.9989,49.9989,49.9989,0.163663,0.0539095,0.163663,0.134213,3.13756e-07,2.27374e-13,0.0499875
168540,49.9989,49.9989,49.9989,0.163636,0.0539068,0.163636,0.134194,3.1354e-07,1.7053e-13,0.0499875
168600,49.9989,49.9989,49.9989,0.16361,0.0539041,0.16361,0.134175,3.13323e-07,1.7053e-13,0.0499875
168660,49.9989,49.9989,49.9989,0.163584,0.0539014,0.163584,0.134156,3.13107e-07,1.13687e-13,0.0499875
168720,49.9989,49.9989,49.9989,0.163558,0.0538987,0.163558,0.134138,3.12891e-07,1.7053e-13,0.0499875
168780,49.9989,49.9989,49.9989,0.163532,0.053896,0.163532,0.134119,3.12675e-07,1.7053e-13,0.0499875
168840,49.9989,49.9989,49.9989,0.163506,0.0538933,0.163506,0.1341,3.1246e-07,1.7053e-13,0.0499875
168900,49.9989,49.9989,49.9989,0.16348,0.0538906,0.16348,0.134081,3.12245e-07,2.27374e-13,0.0499875
168960,49.9989,49.9989,49.9989,0.163454,0.0538879,0.163454,0.134063,3.1203e-07,2.27374e-13,0.0499875
169020,49.9989,49.9989,49.9989,0.163428,0.0538852,0.163428,0.134044,3.11815e-07,2.27374e-13,0.0499875
169080,49.9989,49.9989,49.9989,0.163402,0.0538826,0.163402,0.134025,3.11601e-07,2.27374e-13,0.0499875
169140,49.9989,49.9989,49.9989,0.163376,0.0538799,0.163376,0.134006,3.11387e-07,1.7053e-13,0.0499875
169200,49.9989,49.9989,49.9989,0.16335,0.0538772,0.16335,0.133988,3.11173e-07,1.7053e-13,0.0499875
169260,49.9989,49.9989,49.9989,0.163324,0.0538745,0.163324,0.133969,3.10959e-07,1.13687e-13,0.0499875
169320,49.9989,49.9989,49.9989,0.163298,0.0538719,0.163298,0.13395,3.10746e-07,1.7053e-13,0.0499875
169380,49.9989,49.9989,49.9989,0.163273,0.0538692,0.163273,0.133932,3.10532e-07,1.7053e-13,0.0499875
169440,49.9989,49.9989,49.9989,0.163247,0.0538665,0.163247,0.133913,3.10319e-07,1.7053e-13,0.0499875
169500,49.9989,49.9989,49.9989,0.163221,0.0538639,0.163221,0.133895,3.10107e-07,1.7053e-13,0.0499875
169560,49.9989,49.9989,49.9989,0.163195,0.0538612,0.163195,0.133876,3.09894e-07,2.27374e-13,0.0499875
169620,49.9989,49.9989,49.9989,0.163169,0.0538586,0.163169,0.133857,3.09682e-07,2.27374e-13,0.0499875
169680,49.9989,49.9989,49.9989,0.163143,0.0538559,0.163143,0.133839,3.0947e-07,2.27374e-13,0.0499875
169740,49.9989,49.9989,49.9989,0.163118,0.0538533,0.163118,0.13382,3.09258e-07,1.7053e-13,0.0499875
169800,49.9989,49.9989,49.9989,0.163092,0.0538506,0.163092,0.133802,3.09046e-07,1.7053e-13,0.0499875
169860,49.9989,49.9989,49.9989,0.163066,0.053848,0.163066,0.133783,3.08835e-07,1.13687e-13,0.0499875
169920,49.9989,49.9989,49.9989,0.163041,0.0538453,0.163041,0.133765,3.08624e-07,1.7053e-13,0.0499875
169980,49.9989,49.9989,49.9989,0.163015,0.0538427,0.163015,0.133746,3.08413e-07,1.7053e-13,0.0499875
170040,49.9989,49.9989,49.9989,0.162989,0.0538401,0.162989,0.133728,3.08203e-07,1.7053e-13,0.0499875
170100,49.9989,49.9989,49.9989,0.162964,0.0538374,0.162964,0.133709,3.07992e-07,1.7053e-13,0.0499875
170160,49.9989,49.9989,49.9989,0.162938,0.0538348,0.162938,0.133691,3.07782e-07,2.27374e-13,0.0499875
170220,49.9989,49.9989,49.9989,0.162912,0.0538322,0.162912,0.133672,3.07572e-07,2.27374e-13,0.0499875
170280,49.9989,49.9989,49.9989,0.162887,0.0538296,0.162887,0.133654,3.07363e-07,2.27374e-13,0.0499875
170340,49.9989,49.9989,49.9989,0.162861,0.053827,0.162861,0.133635,3.07153e-07,2.27374e-13,0.0499875
170400,49.9989,49.9989,49.9989,0.162836,0.0538243,0.162836,0.133617,3.06944e-07,1.7053e-13,0.0499875
170460,49.9989,49.9989,49.9989,0.16281,0.0538217,0.16281,0.133598,3.06735e-07,1.13687e-13,0.0499875
170520,49.9989,49.9989,49.9989,0.162784,0.0538191,0.162784,0.13358,3.06527e-07,1.7053e-13,0.0499875
170580,49.9989,49.9989,49.9989,0.162759,0.0538165,0.162759,0.133562,3.06318e-07,1.7053e-13,0.0499875
170640,49.9989,49.9989,49.9989,0.162733,0.0538139,0.162733,0.133543,3.0611e-07,1.7053e-13,0.0499875
170700,49.9989,49.9989,49.9989,0.162708,0.0538113,0.162708,0.133525,3.05902e-07,2.27374e-13,0.0499875
170760,49.9989,49.9989,49.9989,0.162683,0.0538087,0.162683,0.133507,3.05694e-07,2.27374e-13,0.0499875
170820,49.9989,49.9989,49.9989,0.162657,0.0538061,0.162657,0.133488,3.05487e-07,2.27374e-13,0.0499875
170880,49.9989,49.9989,49.9989,0.162632,0.0538035,0.162632,0.13347,3.05279e-07,2.27374e-13,0.0499875
170940,49.9989,49.9989,49.9989,0.162606,0.0538009,0.162606,0.133452,3.05072e-07,2.27374e-13,0.0499875
171000,49.9989,49.9989,49.9989,0.162581,0.0537984,0.162581,0.133433,3.04865e-07,1.7053e-13,0.0499875
171060,49.9989,49.9989,49.9989,0.162556,0.0537958,0.162556,0.133415,3.04659e-07,1.13687e-13,0.0499875
171120,49.9989,49.9989,49.9989,0.16253,0.0537932,0.16253,0.133397,3.04452e-07,1.7053e-13,0.0499875
171180,49.9989,49.9989,49.9989,0.162505,0.0537906,0.162505,0.133379,3.04246e-07,1.7053e-13,0.0499875
171240,49.9989,49.9989,49.9989,0.16248,0.053788,0.16248,0.13336,3.0404e-07,2.27374e-13,0.0499875
171300,49.9989,49.9989,49.9989,0.162454,0.0537855,0.162454,0.133342,3.03835e-07,2.27374e-13,0.0499875
171360,49.9989,49.9989,49.9989,0.162429,0.0537829,0.162429,0.133324,3.03629e-07,2.84217e-13,0.0499875
171420,49.9989,49.9989,49.9989,0.162404,0.0537803,0.162404,0.133306,3.03424e-07,2.84217e-13,0.0499875
171480,49.9989,49.9989,49.9989,0.162379,0.0537778,0.162379,0.133287,3.03219e-07,2.84217e-13,0.0499875
171540,49.9989,49.9989,49.9989,0.162353,0.0537752,0.162353,0.133269,3.03014e-07,2.27374e-13,0.0499875
171600,49.9989,49.9989,49.9989,0.162328,0.0537727,0.162328,0.133251,3.0281e-07,1.7053e-13,0.0499875
171660,49.9989,49.9989,49.9989,0.162303,0.0537701,0.162303,0.133233,3.02605e-07,1.7053e-13,0.0499875
171720,49.9989,49.9989,49.9989,0.162278,0.0537676,0.162278,0.133215,3.02401e-07,1.7053e-13,0.0499875
171780,49.9989,49.9989,49.9989,0.162253,0.053765,0.162253,0.133197,3.02197e-07,1.7053e-13,0.0499875
171840,49.9989,49.9989,49.9989,0.162227,0.0537625,0.162227,0.133178,3.01994e-07,1.7053e-13,0.0499875
171900,49.9989,49.9989,49.9989,0.162202,0.0537599,0.162202,0.13316,3.0179e-07,1.7053e-13,0.0499875
171960,49.9989,49.9989,49.9989,0.162177,0.0537574,0.162177,0.133142,3.01587e-07,2.27374e-13,0.0499875
172020,49.9989,49.9989,49.9989,0.162152,0.0537548,0.162152,0.133124,3.01384e-07,2.27374e-13,0.0499875
172080,49.9989,49.9989,49.9989,0.162127,0.0537523,0.162127,0.133106,3.01181e-07,2.27374e-13,0.0499875
172140,49.9989,49.9989,49.9989,0.162102,0.0537498,0.162102,0.133088,3.00979e-07,2.27374e-13,0.0499875
172200,49.9989,49.9989,49.9989,0.162077,0.0537472,0.162077,0.13307,3.00777e-07,1.7053e-13,0.0499875
172260,49.9989,49.9989,49.9989,0.162052,0.0537447,0.162052,0.133052,3.00575e-07,1.13687e-13,0.0499875
172320,49.9989,49.9989,49.9989,0.162027,0.0537422,0.162027,0.133034,3.00373e-07,1.7053e-13,0.0499875
172380,49.9989,49.9989,49.9989,0.162002,0.0537397,0.162002,0.133016,3.00171e-07,1.7053e-13,0.0499875
172440,49.9989,49.9989,49.9989,0.161977,0.0537372,0.161977,0.132998,2.9997e-07,1.7053e-13,0.0499875
172500,49.9989,49.9989,49.9989,0.161952,0.0537346,0.161952,0.13298,2.99769e-07,1.7053e-13,0.0499875
172560,49.9989,49.9989,49.9989,0.161927,0.0537321,0.161927,0.132962,2.99568e-07,1.7053e-13,0.0499875
172620,49.9989,49.9989,49.9989,0.161902,0.0537296,0.161902,0.132944,2.99367e-07,1.7053e-13,0.0499875
172680,49.9989,49.9989,49.9989,0.161877,0.0537271,0.161877,0.132926,2.99167e-07,1.7053e-13,0.0499875
172740,49.9989,49.9989,49.9989,0.161853,0.0537246,0.161853,0.132908,2.98966e-07,1.13687e-13,0.0499875
172800,49.9989,49.9989,49.9989,0.161828,0.0537221,0.161828,0.13289,2.98766e-07,1.13687e-13,0.0499875
172860,49.9989,49.9989,49.9989,0.161803,0.0537196,0.161803,0.132872,2.98566e-07,1.13687e-13,0.0499875
172920,49.9989,49.9989,49.9989,0.161778,0.0537171,0.161778,0.132854,2.98367e-07,1.7053e-13,0.0499875
172980,49.9989,49.9989,49.9989,0.161753,0.0537146,0.161753,0.132836,2.98167e-07,1.7053e-13,0.0499875
173040,49.9989,49.9989,49.9989,0.161728,0.0537121,0.161728,0.132819,2.97968e-07,1.7053e-13,0.0499875
173100,49.9989,49.9989,49.9989,0.161704,0.0537097,0.161704,0.132801,2.97769e-07,1.7053e-13,0.0499875
173160,49.9989,49.9989,49.9989,0.161679,0.0537072,0.161679,0.132783,2.97571e-07,1.7053e-13,0.0499875
173220,49.9989,49.9989,49.9989,0.161654,0.0537047,0.161654,0.132765,2.97372e-07,1.7053e-13,0.0499875
173280,49.9989,49.9989,49.9989,0.16163,0.0537022,0.16163,0.132747,2.97174e-07,1.7053e-13,0.0499875
173340,49.9989,49.9989,49.9989,0.161605,0.0536997,0.161605,0.132729,2.96976e-07,1.7053e-13,0.0499875
173400,49.9989,49.9989,49.9989,0.16158,0.0536973,0.16158,0.132711,2.96778e-07,1.13687e-13,0.0499875
173460,49.9989,49.9989,49.9989,0.161555,0.0536948,0.161555,0.132694,2.9658e-07,1.13687e-13,0.0499875
173520,49.9989,49.9989,49.9989,0.161531,0.0536923,0.161531,0.132676,2.96383e-07,1.7053e-13,0.0499875
173580,49.9989,49.9989,49.9989,0.161506,0.0536899,0.161506,0.132658,2.96186e-07,1.7053e-13,0.0499875
173640,49.9989,49.9989,49.9989,0.161482,0.0536874,0.161482,0.13264,2.95989e-07,1.7053e-13,0.0499875
173700,49.9989,49.9989,49.9989,0.161457,0.0536849,0.161457,0.132623,2.95792e-07,1.7053e-13,0.0499875
173760,49.9989,49.9989,49.9989,0.161432,0.0536825,0.161432,0.132605,2.95595e-07,1.7053e-13,0.0499875
173820,49.9989,49.9989,49.9989,0.161408,0.05368,0.161408,0.132587,2.95399e-07,1.7053e-13,0.0499875
173880,49.9989,49.9989,49.9989,0.161383,0.0536776,0.161383,0.132569,2.95203e-07,1.7053e-13,0.0499875
173940,49.9989,49.9989,49.9989,0.161359,0.0536751,0.161359,0.132552,2.95007e-07,1.7053e-13,0.0499875
174000,49.9989,49.9989,49.9989,0.161334,0.0536727,0.161334,0.132534,2.94811e-07,1.13687e-13,0.0499875
174060,49.9989,49.9989,49.9989,0.16131,0.0536702,0.16131,0.132516,2.94616e-07,1.13687e-13,0.0499875
174120,49.9989,49.9989,49.9989,0.161285,0.0536678,0.161285,0.132499,2.9442e-07,1.13687e-13,0.0499875
174180,49.9989,49.9989,49.9989,0.161261,0.0536654,0.161261,0.132481,2.94225e-07,1.7053e-13,0.0499875
174240,49.9989,49.9989,49.9989,0.161236,0.0536629,0.161236,0.132463,2.94031e-07,1.7053e-13,0.0499875
174300,49.9989,49.9989,49.9989,0.161212,0.0536605,0.161212,0.132446,2.93836e-07,1.7053e-13,0.0499875
174360,49.9989,49.9989,49.9989,0.161188,0.0536581,0.161188,0.132428,2.93642e-07,1.7053e-13,0.0499875
174420,49.9989,49.9989,49.9989,0.161163,0.0536556,0.161163,0.13241,2.93447e-07,1.7053e-13,0.0499875
174480,49.9989,49.9989,49.9989,0.161139,0.0536532,0.161139,0.132393,2.93253e-07,1.7053e-13,0.0499875
174540,49.9989,49.9989,49.9989,0.161114,0.0536508,0.161114,0.132375,2.9306e-07,1.7053e-13,0.0499875
174600,49.9989,49.9989,49.9989,0.16109,0.0536484,0.16109,0.132358,2.92866e-07,1.13687e-13,0.0499875
174660,49.9989,49.9989,49.9989,0.161066,0.0536459,0.161066,0.13234,2.92673e-07,1.13687e-13,0.0499875
174720,49.9989,49.9989,49.9989,0.161041,0.0536435,0.161041,0.132323,2.9248e-07,1.7053e-13,0.0499875
174780,49.9989,49.9989,49.9989,0.161017,0.0536411,0.161017,0.132305,2.92287e-07,1.7053e-13,0.0499875
174840,49.9989,49.9989,49.9989,0.160993,0.0536387,0.160993,0.132287,2.92094e-07,1.7053e-13,0.0499875
174900,49.9989,49.9989,49.9989,0.160969,0.0536363,0.160969,0.13227,2.91901e-07,1.7053e-13,0.0499875
174960,49.9989,49.9989,49.9989,0.160944,0.0536339,0.160944,0.132252,2.91709e-07,1.7053e-13,0.0499875
175020,49.9989,49.9989,49.9989,0.16092,0.0536315,0.16092,0.132235,2.91517e-07,1.7053e-13,0.0499875
175080,49.9989,49.9989,49.9989,0.160896,0.0536291,0.160896,0.132217,2.91325e-07,1.7053e-13,0.0499875
175140,49.9989,49.9989,49.9989,0.160872,0.0536267,0.160872,0.1322,2.91133e-07,1.13687e-13,0.0499875
175200,49.9989,49.9989,49.9989,0.160847,0.0536243,0.160847,0.132183,2.90942e-07,1.13687e-13,0.0499875
175260,49.9989,49.9989,49.9989,0.160823,0.0536219,0.160823,0.132165,2.90751e-07,1.13687e-13,0.0499875
175320,49.9989,49.9989,49.9989,0.160799,0.0536195,0.160799,0.132148,2.9056e-07,1.13687e-13,0.0499875
175380,49.9989,49.9989,49.9989,0.160775,0.0536172,0.160775,0.13213,2.90369e-07,1.13687e-13,0.0499875
175440,49.9989,49.9989,49.9989,0.160751,0.0536148,0.160751,0.132113,2.90178e-07,1.7053e-13,0.0499875
175500,49.9989,49.9989,49.9989,0.160727,0.0536124,0.160727,0.132095,2.89988e-07,1.7053e-13,0.0499875
175560,49.9989,49.9989,49.9989,0.160703,0.05361,0.160703,0.132078,2.89797e-07,1.7053e-13,0.0499875
175620,49.9989,49.9989,49.9989,0.160679,0.0536076,0.160679,0.132061,2.89607e-07,1.7053e-13,0.0499875
175680,49.9989,49.9989,49.9989,0.160655,0.0536053,0.160655,0.132043,2.89418e-07,1.7053e-13,0.0499875
175740,49.9989,49.9989,49.9989,0.160631,0.0536029,0.160631,0.132026,2.89228e-07,1.13687e-13,0.0499875
175800,49.9989,49.9989,49.9989,0.160607,0.0536005,0.160607,0.132009,2.89039e-07,1.13687e-13,0.0499875
175860,49.9989,49.9989,49.9989,0.160583,0.0535982,0.160583,0.131991,2.88849e-07,1.13687e-13,0.0499875
175920,49.9989,49.9989,49.9989,0.160559,0.0535958,0.160559,0.131974,2.8866e-07,1.7053e-13,0.0499875
175980,49.9989,49.9989,49.9989,0.160535,0.0535934,0.160535,0.131957,2.88472e-07,1.7053e-13,0.0499875
176040,49.9989,49.9989,49.9989,0.160511,0.0535911,0.160511,0.131939,2.88283e-07,1.7053e-13,0.0499875
176100,49.9989,49.9989,49.9989,0.160487,0.0535887,0.160487,0.131922,2.88095e-07,1.7053e-13,0.0499875
176160,49.9989,49.9989,49.9989,0.160463,0.0535864,0.160463,0.131905,2.87907e-07,1.7053e-13,0.0499875
176220,49.9989,49.9989,49.9989,0.160439,0.053584,0.160439,0.131887,2.87719e-07,1.7053e-13,0.0499875
176280,49.9989,49.9989,49.9989,0.160415,0.0535817,0.160415,0.13187,2.87531e-07,1.7053e-13,0.0499875
176340,49.9989,49.9989,49.9989,0.160391,0.0535793,0.160391,0.131853,2.87343e-07,1.7053e-13,0.0499875
176400,49.9989,49.9989,49.9989,0.160367,0.053577,0.160367,0.131836,2.87156e-07,1.13687e-13,0.0499875
176460,49.9989,49.9989,49.9989,0.160344,0.0535746,0.160344,0.131818,2.86969e-07,1.13687e-13,0.0499875
176520,49.9989,49.9989,49.9989,0.16032,0.0535723,0.16032,0.131801,2.86782e-07,1.7053e-13,0.0499875
176580,49.9989,49.9989,49.9989,0.160296,0.05357,0.160296,0.131784,2.86595e-07,1.7053e-13,0.0499875
176640,49.9989,49.9989,49.9989,0.160272,0.0535676,0.160272,0.131767,2.86408e-07,1.7053e-13,0.0499875
176700,49.9989,49.9989,49.9989,0.160248,0.0535653,0.160248,0.13175,2.86222e-07,1.13687e-13,0.0499875
176760,49.9989,49.9989,49.9989,0.160225,0.053563,0.160225,0.131733,2.86036e-07,1.7053e-13,0.0499875
176820,49.9989,49.9989,49.9989,0.160201,0.0535607,0.160201,0.131715,2.8585e-07,1.7053e-13,0.0499875
176880,49.9989,49.9989,49.9989,0.160177,0.0535583,0.160177,0.131698,2.85664e-07,1.7053e-13,0.0499875
176940,49.9989,49.9989,49.9989,0.160153,0.053556,0.160153,0.131681,2.85479e-07,1.13687e-13,0.0499875
177000,49.9989,49.9989,49.9989,0.16013,0.0535537,0.16013,0.131664,2.85293e-07,1.13687e-13,0.0499875
177060,49.9989,49.9989,49.9989,0.160106,0.0535514,0.160106,0.131647,2.85108e-07,1.13687e-13,0.0499875
177120,49.9989,49.9989,49.9989,0.160082,0.0535491,0.160082,0.13163,2.84923e-07,1.13687e-13,0.0499875
177180,49.9989,49.9989,49.9989,0.160059,0.0535468,0.160059,0.131613,2.84738e-07,1.7053e-13,0.0499875
177240,49.9989,49.9989,49.9989,0.160035,0.0535445,0.160035,0.131596,2.84554e-07,1.7053e-13,0.0499875
177300,49.9989,49.9989,49.9989,0.160011,0.0535422,0.160011,0.131579,2.84369e-07,1.7053e-13,0.0499875
177360,49.9989,49.9989,49.9989,0.159988,0.0535399,0.159988,0.131561,2.84185e-07,1.7053e-13,0.0499875
177420,49.9989,49.9989,49.9989,0.159964,0.0535376,0.159964,0.131544,2.84001e-07,1.7053e-13,0.0499875
177480,49.9989,49.9989,49.9989,0.159941,0.0535353,0.159941,0.131527,2.83818e-07,1.7053e-13,0.0499875
177540,49.9989,49.9989,49.9989,0.159917,0.053533,0.159917,0.13151,2.83634e-07,1.13687e-13,0.0499875
177600,49.9989,49.9989,49.9989,0.159894,0.0535307,0.159894,0.131493,2.83451e-07,1.13687e-13,0.0499875
177660,49.9989,49.9989,49.9989,0.15987,0.0535284,0.15987,0.131476,2.83267e-07,1.13687e-13,0.0499875
177720,49.9989,49.9989,49.9989,0.159847,0.0535261,0.159847,0.131459,2.83084e-07,1.13687e-13,0.0499875
177780,49.9989,49.9989,49.9989,0.159823,0.0535238,0.159823,0.131442,2.82902e-07,1.13687e-13,0.0499875
177840,49.9989,49.9989,49.9989,0.1598,0.0535215,0.1598,0.131425,2.82719e-07,1.7053e-13,0.0499875
177900,49.9989,49.9989,49.9989,0.159776,0.0535192,0.159776,0.131408,2.82537e-07,1.7053e-13,0.0499875
177960,49.9989,49.9989,49.9989,0.159753,0.053517,0.159753,0.131391,2.82354e-07,1.7053e-13,0.0499875
178020,49.9989,49.9989,49.9989,0.159729,0.0535147,0.159729,0.131375,2.82172e-07,1.7053e-13,0.0499875
178080,49.9989,49.9989,49.9989,0.159706,0.0535124,0.159706,0.131358,2.81991e-07,1.7053e-13,0.0499875
178140,49.9989,49.9989,49.9989,0.159683,0.0535102,0.159683,0.131341,2.81809e-07,1.7053e-13,0.0499875
178200,49.9989,49.9989,49.9989,0.159659,0.0535079,0.159659,0.131324,2.81627e-07,1.13687e-13,0.0499875
178260,49.9989,49.9989,49.9989,0.159636,0.0535056,0.159636,0.131307,2.81446e-07,1.13687e-13,0.0499875
178320,49.9989,49.9989,49.9989,0.159612,0.0535034,0.159612,0.13129,2.81265e-07,1.7053e-13,0.0499875
178380,49.9989,49.9989,49.9989,0.159589,0.0535011,0.159589,0.131273,2.81084e-07,1.7053e-13,0.0499875
178440,49.9989,49.9989,49.9989,0.159566,0.0534988,0.159566,0.131256,2.80904e-07,1.7053e-13,0.0499875
178500,49.9989,49.9989,49.9989,0.159543,0.0534966,0.159543,0.131239,2.80723e-07,1.7053e-13,0.0499875
178560,49.9989,49.9989,49.9989,0.159519,0.0534943,0.159519,0.131223,2.80543e-07,1.7053e-13,0.0499875
178620,49.9989,49.9989,49.9989,0.159496,0.0534921,0.159496,0.131206,2.80363e-07,1.7053e-13,0.0499875
178680,49.9989,49.9989,49.9989,0.159473,0.0534898,0.159473,0.131189,2.80183e-07,1.13687e-13,0.0499875
178740,49.9989,49.9989,49.9989,0.159449,0.0534876,0.159449,0.131172,2.80003e-07,1.13687e-13,0.0499875
178800,49.9989,49.9989,49.9989,0.159426,0.0534853,0.159426,0.131155,2.79824e-07,1.13687e-13,0.0499875
178860,49.9989,49.9989,49.9989,0.159403,0.0534831,0.159403,0.131139,2.79644e-07,1.13687e-13,0.0499875
178920,49.9989,49.9989,49.9989,0.15938,0.0534809,0.15938,0.131122,2.79465e-07,1.13687e-13,0.0499875
178980,49.9989,49.9989,49.9989,0.159357,0.0534786,0.159357,0.131105,2.79286e-07,1.7053e-13,0.0499875
179040,49.9989,49.9989,49.9989,0.159334,0.0534764,0.159334,0.131088,2.79107e-07,1.7053e-13,0.0499875
179100,49.9989,49.9989,49.9989,0.15931,0.0534742,0.15931,0.131072,2.78929e-07,1.7053e-13,0.0499875
179160,49.9989,49.9989,49.9989,0.159287,0.0534719,0.159287,0.131055,2.78751e-07,1.7053e-13,0.0499875
179220,49.9989,49.9989,49.9989,0.159264,0.0534697,0.159264,0.131038,2.78572e-07,1.7053e-13,0.0499875
179280,49.9989,49.9989,49.9989,0.159241,0.0534675,0.159241,0.131021,2.78394e-07,1.7053e-13,0.0499875
179340,49.9989,49.9989,49.9989,0.159218,0.0534652,0.159218,0.131005,2.78217e-07,1.13687e-13,0.0499875
179400,49.9989,49.9989,49.9989,0.159195,0.053463,0.159195,0.130988,2.78039e-07,1.13687e-13,0.0499875
179460,49.9989,49.9989,49.9989,0.159172,0.0534608,0.159172,0.130971,2.77861e-07,1.13687e-13,0.0499875
179520,49.9989,49.9989,49.9989,0.159149,0.0534586,0.159149,0.130955,2.77684e-07,1.7053e-13,0.0499875
179580,49.9989,49.9989,49.9989,0.159126,0.0534564,0.159126,0.130938,2.77507e-07,1.7053e-13,0.0499875
179640,49.9989,49.9989,49.9989,0.159103,0.0534542,0.159103,0.130921,2.7733e-07,1.7053e-13,0.0499875
179700,49.9989,49.9989,49.9989,0.15908,0.053452,0.15908,0.130905,2.77154e-07,1.7053e-13,0.0499875
179760,49.9989,49.9989,49.9989,0.159057,0.0534498,0.159057,0.130888,2.76977e-07,1.7053e-13,0.0499875
179820,49.9989,49.9989,49.9989,0.159034,0.0534476,0.159034,0.130872,2.76801e-07,1.7053e-13,0.0499875
179880,49.9989,49.9989,49.9989,0.159011,0.0534453,0.159011,0.130855,2.76625e-07,1.7053e-13,0.0499875
179940,49.9989,49.9989,49.9989,0.158988,0.0534431,0.158988,0.130838,2.76449e-07,1.7053e-13,0.0499875
180000,49.9989,49.9989,49.9989,0.158965,0.053441,0.158965,0.130822,2.76273e-07,1.13687e-13,0.0499875
180060,49.9989,49.9989,49.9989,0.158942,0.0534388,0.158942,0.130805,2.76097e-07,1.13687e-13,0.0499875
180120,49.9989,49.9989,49.9989,0.158919,0.0534366,0.158919,0.130789,2.75922e-07,1.7053e-13,0.0499875
180180,49.9989,49.9989,49.9989,0.158896,0.0534344,0.158896,0.130772,2.75747e-07,1.7053e-13,0.0499875
180240,49.9989,49.9989,49.9989,0.158874,0.0534322,0.158874,0.130756,2.75572e-07,1.7053e-13,0.0499875
180300,49.9989,49.9989,49.9989,0.158851,0.05343,0.158851,0.130739,2.75397e-07,1.7053e-13,0.0499875
180360,49.9989,49.9989,49.9989,0.158828,0.0534278,0.158828,0.130722,2.75222e-07,1.7053e-13,0.0499875
180420,49.9989,49.9989,49.9989,0.158805,0.0534256,0.158805,0.130706,2.75048e-07,1.13687e-13,0.0499875
180480,49.9989,49.9989,49.9989,0.158782,0.0534235,0.158782,0.130689,2.74873e-07,1.13687e-13,0.0499875
180540,49.9989,49.9989,49.9989,0.158759,0.0534213,0.158759,0.130673,2.74699e-07,1.13687e-13,0.0499875
180600,49.9989,49.9989,49.9989,0.158737,0.0534191,0.158737,0.130656,2.74525e-07,1.13687e-13,0.0499875
180660,49.9989,49.9989,49.9989,0.158714,0.0534169,0.158714,0.13064,2.74352e-07,1.13687e-13,0.0499875
180720,49.9989,49.9989,49.9989,0.158691,0.0534148,0.158691,0.130624,2.74178e-07,1.13687e-13,0.0499875
180780,49.9989,49.9989,49.9989,0.158669,0.0534126,0.158669,0.130607,2.74005e-07,1.7053e-13,0.0499875
180840,49.9989,49.9989,49.9989,0.158646,0.0534104,0.158646,0.130591,2.73831e-07,1.7053e-13,0.0499875
180900,49.9989,49.9989,49.9989,0.158623,0.0534083,0.158623,0.130574,2.73658e-07,1.7053e-13,0.0499875
180960,49.9989,49.9989,49.9989,0.1586,0.0534061,0.1586,0.130558,2.73486e-07,1.7053e-13,0.0499875
181020,49.9989,49.9989,49.9989,0.158578,0.053404,0.158578,0.130541,2.73313e-07,1.7053e-13,0.0499875
181080,49.9989,49.9989,49.9989,0.158555,0.0534018,0.158555,0.130525,2.7314e-07,1.7053e-13,0.0499875
181140,49.9989,49.9989,49.9989,0.158533,0.0533996,0.158533,0.130509,2.72968e-07,1.13687e-13,0.0499875
181200,49.9989,49.9989,49.9989,0.15851,0.0533975,0.15851,0.130492,2.72796e-07,1.13687e-13,0.0499875
181260,49.9989,49.9989,49.9989,0.158487,0.0533953,0.158487,0.130476,2.72624e-07,1.13687e-13,0.0499875
181320,49.9989,49.9989,49.9989,0.158465,0.0533932,0.158465,0.13046,2.72452e-07,1.7053e-13,0.0499875
181380,49.9989,49.9989,49.9989,0.158442,0.0533911,0.158442,0.130443,2.72281e-07,1.7053e-13,0.0499875
181440,49.9989,49.9989,49.9989,0.15842,0.0533889,0.15842,0.130427,2.72109e-07,1.7053e-13,0.0499875
181500,49.9989,49.9989,49.9989,0.158397,0.0533868,0.158397,0.130411,2.71938e-07,1.7053e-13,0.0499875
181560,49.9989,49.9989,49.9989,0.158374,0.0533846,0.158374,0.130394,2.71767e-07,1.7053e-13,0.0499875
181620,49.9989,49.9989,49.9989,0.158352,0.0533825,0.158352,0.130378,2.71596e-07,1.7053e-13,0.0499875
181680,49.9989,49.9989,49.9989,0.158329,0.0533804,0.158329,0.130362,2.71426e-07,1.7053e-13,0.0499875
181740,49.9989,49.9989,49.9989,0.158307,0.0533782,0.158307,0.130345,2.71255e-07,1.13687e-13,0.0499875
181800,49.9989,49.9989,49.9989,0.158285,0.0533761,0.158285,0.130329,2.71085e-07,1.13687e-13,0.0499875
181860,49.9989,49.9989,49.9989,0.158262,0.053374,0.158262,0.130313,2.70915e-07,1.13687e-13,0.0499875
181920,49.9989,49.9989,49.9989,0.15824,0.0533718,0.15824,0.130297,2.70745e-07,1.13687e-13,0.0499875
181980,49.9989,49.9989,49.9989,0.158217,0.0533697,0.158217,0.13028,2.70575e-07,1.13687e-13,0.0499875
182040,49.9989,49.9989,49.9989,0.158195,0.0533676,0.158195,0.130264,2.70405e-07,1.13687e-13,0.0499875
182100,49.9989,49.9989,49.9989,0.158172,0.0533655,0.158172,0.130248,2.70236e-07,1.7053e-13,0.0499875
182160,49.9989,49.9989,49.9989,0.15815,0.0533634,0.15815,0.130232,2.70066e-07,1.7053e-13,0.0499875
182220,49.9989,49.9989,49.9989,0.158128,0.0533613,0.158128,0.130216,2.69897e-07,1.13687e-13,0.0499875
182280,49.9989,49.9989,49.9989,0.158105,0.0533591,0.158105,0.130199,2.69728e-07,1.7053e-13,0.0499875
182340,49.9989,49.9989,49.9989,0.158083,0.053357,0.158083,0.130183,2.6956e-07,1.7053e-13,0.0499875
182400,49.9989,49.9989,49.9989,0.158061,0.0533549,0.158061,0.130167,2.69391e-07,1.7053e-13,0.0499875
182460,49.9989,49.9989,49.9989,0.158038,0.0533528,0.158038,0.130151,2.69223e-07,1.13687e-13,0.0499875
182520,49.9989,49.9989,49.9989,0.158016,0.0533507,0.158016,0.130135,2.69054e-07,1.7053e-13,0.0499875
182580,49.9989,49.9989,49.9989,0.157994,0.0533486,0.157994,0.130119,2.68886e-07,1.7053e-13,0.0499875
182640,49.9989,49.9989,49.9989,0.157971,0.0533465,0.157971,0.130102,2.68718e-07,1.7053e-13,0.0499875
182700,49.9989,49.9989,49.9989,0.157949,0.0533444,0.157949,0.130086,2.68551e-07,1.7053e-13,0.0499875
182760,49.9989,49.9989,49.9989,0.157927,0.0533423,0.157927,0.13007,2.68383e-07,1.7053e-13,0.0499875
182820,49.9989,49.9989,49.9989,0.157905,0.0533402,0.157905,0.130054,2.68216e-07,1.7053e-13,0.0499875
182880,49.9989,49.9989,49.9989,0.157883,0.0533381,0.157883,0.130038,2.68049e-07,1.7053e-13,0.0499875
182940,49.9989,49.9989,49.9989,0.15786,0.0533361,0.15786,0.130022,2.67882e-07,1.13687e-13,0.0499875
183000,49.9989,49.9989,49.9989,0.157838,0.053334,0.157838,0.130006,2.67715e-07,1.13687e-13,0.0499875
183060,49.9989,49.9989,49.9989,0.157816,0.0533319,0.157816,0.12999,2.67548e-07,1.13687e-13,0.0499875
183120,49.9989,49.9989,49.9989,0.157794,0.0533298,0.157794,0.129974,2.67382e-07,1.7053e-13,0.0499875
183180,49.9989,49.9989,49.9989,0.157772,0.0533277,0.157772,0.129958,2.67215e-07,1.7053e-13,0.0499875
183240,49.9989,49.9989,49.9989,0.15775,0.0533257,0.15775,0.129942,2.67049e-07,1.7053e-13,0.0499875
183300,49.9989,49.9989,49.9989,0.157727,0.0533236,0.157727,0.129926,2.66883e-07,1.7053e-13,0.0499875
183360,49.9989,49.9989,49.9989,0.157705,0.0533215,0.157705,0.12991,2.66717e-07,1.7053e-13,0.0499875
183420,49.9989,49.9989,49.9989,0.157683,0.0533194,0.157683,0.129894,2.66552e-07,1.13687e-13,0.0499875
183480,49.9989,49.9989,49.9989,0.157661,0.0533174,0.157661,0.129878,2.66386e-07,1.13687e-13,0.0499875
183540,49.9989,49.9989,49.9989,0.157639,0.0533153,0.157639,0.129862,2.66221e-07,1.13687e-13,0.0499875
183600,49.9989,49.9989,49.9989,0.157617,0.0533132,0.157617,0.129846,2.66056e-07,1.13687e-13,0.0499875
183660,49.9989,49.9989,49.9989,0.157595,0.0533112,0.157595,0.12983,2.65891e-07,1.13687e-13,0.0499875
183720,49.9989,49.9989,49.9989,0.157573,0.0533091,0.157573,0.129814,2.65726e-07,1.7053e-13,0.0499875
183780,49.9989,49.9989,49.9989,0.157551,0.0533071,0.157551,0.129798,2.65561e-07,1.7053e-13,0.0499875
183840,49.9989,49.9989,49.9989,0.157529,0.053305,0.157529,0.129782,2.65397e-07,1.7053e-13,0.0499875
183900,49.9989,49.9989,49.9989,0.157507,0.0533029,0.157507,0.129766,2.65233e-07,1.7053e-13,0.0499875
183960,49.9989,49.9989,49.9989,0.157485,0.0533009,0.157485,0.12975,2.65069e-07,1.7053e-13,0.0499875
184020,49.9989,49.9989,49.9989,0.157463,0.0532988,0.157463,0.129734,2.64905e-07,1.7053e-13,0.0499875
184080,49.9989,49.9989,49.9989,0.157441,0.0532968,0.157441,0.129718,2.64741e-07,1.7053e-13,0.0499875
184140,49.9989,49.9989,49.9989,0.157419,0.0532948,0.157419,0.129702,2.64577e-07,1.13687e-13,0.0499875
184200,49.9989,49.9989,49.9989,0.157398,0.0532927,0.157398,0.129687,2.64414e-07,1.13687e-13,0.0499875
184260,49.9989,49.9989,49.9989,0.157376,0.0532907,0.157376,0.129671,2.6425e-07,1.13687e-13,0.0499875
184320,49.9989,49.9989,49.9989,0.157354,0.0532886,0.157354,0.129655,2.64087e-07,1.7053e-13,0.0499875
184380,49.9989,49.9989,49.9989,0.157332,0.0532866,0.157332,0.129639,2.63924e-07,1.7053e-13,0.0499875
184440,49.9989,49.9989,49.9989,0.15731,0.0532846,0.15731,0.129623,2.63762e-07,1.7053e-13,0.0499875
184500,49.9989,49.9989,49.9989,0.157288,0.0532825,0.157288,0.129607,2.63599e-07,1.7053e-13,0.0499875
184560,49.9989,49.9989,49.9989,0.157266,0.0532805,0.157266,0.129592,2.63437e-07,1.7053e-13,0.0499875
184620,49.9989,49.9989,49.9989,0.157245,0.0532785,0.157245,0.129576,2.63274e-07,1.7053e-13,0.0499875
184680,49.9989,49.9989,49.9989,0.157223,0.0532764,0.157223,0.12956,2.63112e-07,1.7053e-13,0.0499875
184740,49.9989,49.9989,49.9989,0.157201,0.0532744,0.157201,0.129544,2.6295e-07,1.13687e-13,0.0499875
184800,49.9989,49.9989,49.9989,0.157179,0.0532724,0.157179,0.129528,2.62788e-07,1.13687e-13,0.0499875
184860,49.9989,49.9989,49.9989,0.157158,0.0532704,0.157158,0.129513,2.62627e-07,1.13687e-13,0.0499875
184920,49.9989,49.9989,49.9989,0.157136,0.0532684,0.157136,0.129497,2.62465e-07,1.7053e-13,0.0499875
184980,49.9989,49.9989,49.9989,0.157114,0.0532663,0.157114,0.129481,2.62304e-07,1.7053e-13,0.0499875
185040,49.9989,49.9989,49.9989,0.157092,0.0532643,0.157092,0.129465,2.62143e-07,1.7053e-13,0.0499875
185100,49.9989,49.9989,49.9989,0.157071,0.0532623,0.157071,0.12945,2.61982e-07,1.7053e-13,0.0499875
185160,49.9989,49.9989,49.9989,0.157049,0.0532603,0.157049,0.129434,2.61821e-07,1.7053e-13,0.0499875
185220,49.9989,49.9989,49.9989,0.157027,0.0532583,0.157027,0.129418,2.61661e-07,1.7053e-13,0.0499875
185280,49.9989,49.9989,49.9989,0.157006,0.0532563,0.157006,0.129403,2.615e-07,1.7053e-13,0.0499875
185340,49.9989,49.9989,49.9989,0.156984,0.0532543,0.156984,0.129387,2.6134e-07,1.13687e-13,0.0499875
185400,49.9989,49.9989,49.9989,0.156963,0.0532523,0.156963,0.129371,2.6118e-07,1.13687e-13,0.0499875
185460,49.9989,49.9989,49.9989,0.156941,0.0532503,0.156941,0.129356,2.6102e-07,1.13687e-13,0.0499875
185520,49.9989,49.9989,49.9989,0.156919,0.0532483,0.156919,0.12934,2.6086e-07,1.7053e-13,0.0499875
185580,49.9989,49.9989,49.9989,0.156898,0.0532463,0.156898,0.129324,2.607e-07,1.7053e-13,0.0499875
185640,49.9989,49.9989,49.9989,0.156876,0.0532443,0.156876,0.129309,2.60541e-07,1.7053e-13,0.0499875
185700,49.9989,49.9989,49.9989,0.156855,0.0532423,0.156855,0.129293,2.60381e-07,1.7053e-13,0.0499875
185760,49.9989,49.9989,49.9989,0.156833,0.0532403,0.156833,0.129277,2.60222e-07,1.7053e-13,0.0499875
185820,49.9989,49.9989,49.9989,0.156812,0.0532383,0.156812,0.129262,2.60063e-07,1.7053e-13,0.0499875
185880,49.9989,49.9989,49.9989,0.15679,0.0532363,0.15679,0.129246,2.59904e-07,1.13687e-13,0.0499875
185940,49.9989,49.9989,49.9989,0.156769,0.0532344,0.156769,0.129231,2.59746e-07,1.13687e-13,0.0499875
186000,49.9989,49.9989,49.9989,0.156747,0.0532324,0.156747,0.129215,2.59587e-07,1.13687e-13,0.0499875
186060,49.9989,49.9989,49.9989,0.156726,0.0532304,0.156726,0.129199,2.59429e-07,1.13687e-13,0.0499875
186120,49.9989,49.9989,49.9989,0.156704,0.0532284,0.156704,0.129184,2.5927e-07,1.13687e-13,0.0499875
186180,49.9989,49.9989,49.9989,0.156683,0.0532264,0.156683,0.129168,2.59112e-07,1.7053e-13,0.0499875
186240,49.9989,49.9989,49.9989,0.156661,0.0532245,0.156661,0.129153,2.58954e-07,1.7053e-13,0.0499875
186300,49.9989,49.9989,49.9989,0.15664,0.0532225,0.15664,0.129137,2.58797e-07,1.7053e-13,0.0499875
186360,49.9989,49.9989,49.9989,0.156618,0.0532205,0.156618,0.129122,2.58639e-07,1.7053e-13,0.0499875
186420,49.9989,49.9989,49.9989,0.156597,0.0532186,0.156597,0.129106,2.58482e-07,1.7053e-13,0.0499875
186480,49.9989,49.9989,49.9989,0.156576,0.0532166,0.156576,0.129091,2.58324e-07,1.7053e-13,0.0499875
186540,49.9989,49.9989,49.9989,0.156554,0.0532146,0.156554,0.129075,2.58167e-07,1.13687e-13,0.0499875
186600,49.9989,49.9989,49.9989,0.156533,0.0532127,0.156533,0.12906,2.5801e-07,1.13687e-13,0.0499875
186660,49.9989,49.9989,49.9989,0.156512,0.0532107,0.156512,0.129044,2.57854e-07,1.13687e-13,0.0499875
186720,49.9989,49.9989,49.9989,0.15649,0.0532088,0.15649,0.129029,2.57697e-07,1.7053e-13,0.0499875
186780,49.9989,49.9989,49.9989,0.156469,0.0532068,0.156469,0.129013,2.57541e-07,1.7053e-13,0.0499875
186840,49.9989,49.9989,49.9989,0.156448,0.0532048,0.156448,0.128998,2.57384e-07,1.7053e-13,0.0499875
186900,49.9989,49.9989,49.9989,0.156426,0.0532029,0.156426,0.128982,2.57228e-07,1.7053e-13,0.0499875
186960,49.9989,49.9989,49.9989,0.156405,0.0532009,0.156405,0.128967,2.57072e-07,1.7053e-13,0.0499875
187020,49.9989,49.9989,49.9989,0.156384,0.053199,0.156384,0.128952,2.56916e-07,1.7053e-13,0.0499875
187080,49.9989,49.9989,49.9989,0.156363,0.053197,0.156363,0.128936,2.56761e-07,1.7053e-13,0.0499875
187140,49.9989,49.9989,49.9989,0.156341,0.0531951,0.156341,0.128921,2.56605e-07,1.7053e-13,0.0499875
187200,49.9989,49.9989,49.9989,0.15632,0.0531932,0.15632,0.128905,2.5645e-07,1.7053e-13,0.0499875
187260,49.9989,49.9989,49.9989,0.156299,0.0531912,0.156299,0.12889,2.56294e-07,1.13687e-13,0.0499875
187320,49.9989,49.9989,49.9989,0.156278,0.0531893,0.156278,0.128875,2.56139e-07,1.7053e-13,0.0499875
187380,49.9989,49.9989,49.9989,0.156257,0.0531873,0.156257,0.128859,2.55985e-07,1.7053e-13,0.0499875
187440,49.9989,49.9989,49.9989,0.156236,0.0531854,0.156236,0.128844,2.5583e-07,1.7053e-13,0.0499875
187500,49.9989,49.9989,49.9989,0.156214,0.0531835,0.156214,0.128829,2.55675e-07,1.7053e-13,0.0499875
187560,49.9989,49.9989,49.9989,0.156193,0.0531816,0.156193,0.128813,2.55521e-07,1.7053e-13,0.0499875
187620,49.9989,49.9989,49.9989,0.156172,0.0531796,0.156172,0.128798,2.55366e-07,1.7053e-13,0.0499875
187680,49.9989,49.9989,49.9989,0.156151,0.0531777,0.156151,0.128783,2.55212e-07,1.7053e-13,0.0499875
187740,49.9989,49.9989,49.9989,0.15613,0.0531758,0.15613,0.128767,2.55058e-07,1.7053e-13,0.0499875
187800,49.9989,49.9989,49.9989,0.156109,0.0531738,0.156109,0.128752,2.54905e-07,1.13687e-13,0.0499875
187860,49.9989,49.9989,49.9989,0.156088,0.0531719,0.156088,0.128737,2.54751e-07,1.13687e-13,0.0499875
187920,49.9989,49.9989,49.9989,0.156067,0.05317,0.156067,0.128721,2.54597e-07,1.7053e-13,0.0499875
187980,49.9989,49.9989,49.9989,0.156046,0.0531681,0.156046,0.128706,2.54444e-07,1.7053e-13,0.0499875
188040,49.9989,49.9989,49.9989,0.156025,0.0531662,0.156025,0.128691,2.54291e-07,1.7053e-13,0.0499875
188100,49.9989,49.9989,49.9989,0.156004,0.0531643,0.156004,0.128676,2.54138e-07,1.7053e-13,0.0499875
188160,49.9989,49.9989,49.9989,0.155983,0.0531624,0.155983,0.12866,2.53985e-07,1.7053e-13,0.0499875
188220,49.9989,49.9989,49.9989,0.155962,0.0531604,0.155962,0.128645,2.53832e-07,1.7053e-13,0.0499875
188280,49.9989,49.9989,49.9989,0.155941,0.0531585,0.155941,0.12863,2.53679e-07,1.7053e-13,0.0499875
188340,49.9989,49.9989,49.9989,0.15592,0.0531566,0.15592,0.128615,2.53527e-07,1.13687e-13,0.0499875
188400,49.9989,49.9989,49.9989,0.155899,0.0531547,0.155899,0.1286,2.53375e-07,1.13687e-13,0.0499875
188460,49.9989,49.9989,49.9989,0.155878,0.0531528,0.155878,0.128584,2.53223e-07,1.13687e-13,0.0499875
188520,49.9989,49.9989,49.9989,0.155857,0.0531509,0.155857,0.128569,2.53071e-07,1.7053e-13,0.0499875
188580,49.9989,49.9989,49.9989,0.155836,0.053149,0.155836,0.128554,2.52919e-07,1.7053e-13,0.0499875
188640,49.9989,49.9989,49.9989,0.155815,0.0531471,0.155815,0.128539,2.52767e-07,1.7053e-13,0.0499875
188700,49.9989,49.9989,49.9989,0.155794,0.0531452,0.155794,0.128524,2.52616e-07,1.7053e-13,0.0499875
188760,49.9989,49.9989,49.9989,0.155773,0.0531433,0.155773,0.128508,2.52464e-07,1.7053e-13,0.0499875
188820,49.9989,49.9989,49.9989,0.155752,0.0531415,0.155752,0.128493,2.52313e-07,1.7053e-13,0.0499875
188880,49.9989,49.9989,49.9989,0.155732,0.0531396,0.155732,0.128478,2.52162e-07,1.7053e-13,0.0499875
188940,49.9989,49.9989,49.9989,0.155711,0.0531377,0.155711,0.128463,2.52011e-07,1.7053e-13,0.0499875
189000,49.9989,49.9989,49.9989,0.15569,0.0531358,0.15569,0.128448,2.5186e-07,1.13687e-13,0.0499875
189060,49.9989,49.9989,49.9989,0.155669,0.0531339,0.155669,0.128433,2.51709e-07,1.13687e-13,0.0499875
189120,49.9989,49.9989,49.9989,0.155648,0.053132,0.155648,0.128418,2.51559e-07,1.13687e-13,0.0499875
189180,49.9989,49.9989,49.9989,0.155628,0.0531301,0.155628,0.128403,2.51409e-07,1.13687e-13,0.0499875
189240,49.9989,49.9989,49.9989,0.155607,0.0531283,0.155607,0.128388,2.51258e-07,1.13687e-13,0.0499875
189300,49.9989,49.9989,49.9989,0.155586,0.0531264,0.155586,0.128372,2.51108e-07,1.13687e-13,0.0499875
189360,49.9989,49.9989,49.9989,0.155565,0.0531245,0.155565,0.128357,2.50959e-07,1.13687e-13,0.0499875
189420,49.9989,49.9989,49.9989,0.155545,0.0531227,0.155545,0.128342,2.50809e-07,1.13687e-13,0.0499875
189480,49.9989,49.9989,49.9989,0.155524,0.0531208,0.155524,0.128327,2.50659e-07,1.13687e-13,0.0499875
189540,49.9989,49.9989,49.9989,0.155503,0.0531189,0.155503,0.128312,2.5051e-07,1.13687e-13,0.0499875
189600,49.9989,49.9989,49.9989,0.155482,0.053117,0.155482,0.128297,2.5036e-07,1.13687e-13,0.0499875
189660,49.9989,49.9989,49.9989,0.155462,0.0531152,0.155462,0.128282,2.50211e-07,1.13687e-13,0.0499875
189720,49.9989,49.9989,49.9989,0.155441,0.0531133,0.155441,0.128267,2.50062e-07,1.7053e-13,0.0499875
189780,49.9989,49.9989,49.9989,0.15542,0.0531115,0.15542,0.128252,2.49913e-07,1.7053e-13,0.0499875
189840,49.9989,49.9989,49.9989,0.1554,0.0531096,0.1554,0.128237,2.49765e-07,1.7053e-13,0.0499875
189900,49.9989,49.9989,49.9989,0.155379,0.0531077,0.155379,0.128222,2.49616e-07,1.7053e-13,0.0499875
189960,49.9989,49.9989,49.9989,0.155359,0.0531059,0.155359,0.128207,2.49468e-07,1.7053e-13,0.0499875
190020,49.9989,49.9989,49.9989,0.155338,0.053104,0.155338,0.128192,2.49319e-07,1.7053e-13,0.0499875
190080,49.9989,49.9989,49.9989,0.155317,0.0531022,0.155317,0.128177,2.49171e-07,1.7053e-13,0.0499875
190140,49.9989,49.9989,49.9989,0.155297,0.0531003,0.155297,0.128162,2.49023e-07,1.13687e-13,0.0499875
190200,49.9989,49.9989,49.9989,0.155276,0.0530985,0.155276,0.128147,2.48876e-07,1.13687e-13,0.0499875
190260,49.9989,49.9989,49.9989,0.155256,0.0530966,0.155256,0.128133,2.48728e-07,1.13687e-13,0.0499875
190320,49.9989,49.9989,49.9989,0.155235,0.0530948,0.155235,0.128118,2.4858e-07,1.13687e-13,0.0499875
190380,49.9989,49.9989,49.9989,0.155215,0.053093,0.155215,0.128103,2.48433e-07,1.7053e-13,0.0499875
190440,49.9989,49.9989,49.9989,0.155194,0.0530911,0.155194,0.128088,2.48286e-07,1.7053e-13,0.0499875
190500,49.9989,49.9989,49.9989,0.155174,0.0530893,0.155174,0.128073,2.48139e-07,1.7053e-13,0.0499875
190560,49.9989,49.9989,49.9989,0.155153,0.0530874,0.155153,0.128058,2.47992e-07,1.7053e-13,0.0499875
190620,49.9989,49.9989,49.9989,0.155133,0.0530856,0.155133,0.128043,2.47845e-07,1.7053e-13,0.0499875
190680,49.9989,49.9989,49.9989,0.155112,0.0530838,0.155112,0.128028,2.47698e-07,1.7053e-13,0.0499875
190740,49.9989,49.9989,49.9989,0.155092,0.0530819,0.155092,0.128013,2.47552e-07,1.7053e-13,0.0499875
190800,49.9989,49.9989,49.9989,0.155071,0.0530801,0.155071,0.127999,2.47405e-07,1.13687e-13,0.0499875
190860,49.9989,49.9989,49.9989,0.155051,0.0530783,0.155051,0.127984,2.47259e-07,1.13687e-13,0.0499875
190920,49.9989,49.9989,49.9989,0.15503,0.0530765,0.15503,0.127969,2.47113e-07,1.13687e-13,0.0499875
190980,49.9989,49.9989,49.9989,0.15501,0.0530746,0.15501,0.127954,2.46967e-07,1.13687e-13,0.0499875
191040,49.9989,49.9989,49.9989,0.15499,0.0530728,0.15499,0.127939,2.46821e-07,1.13687e-13,0.0499875
191100,49.9989,49.9989,49.9989,0.154969,0.053071,0.154969,0.127925,2.46675e-07,1.13687e-13,0.0499875
191160,49.9989,49.9989,49.9989,0.154949,0.0530692,0.154949,0.12791,2.4653e-07,1.13687e-13,0.0499875
191220,49.9989,49.9989,49.9989,0.154929,0.0530673,0.154929,0.127895,2.46385e-07,1.13687e-13,0.0499875
191280,49.9989,49.9989,49.9989,0.154908,0.0530655,0.154908,0.12788,2.46239e-07,1.13687e-13,0.0499875
191340,49.9989,49.9989,49.9989,0.154888,0.0530637,0.154888,0.127865,2.46094e-07,1.13687e-13,0.0499875
191400,49.9989,49.9989,49.9989,0.154868,0.0530619,0.154868,0.127851,2.45949e-07,1.13687e-13,0.0499875
191460,49.9989,49.9989,49.9989,0.154847,0.0530601,0.154847,0.127836,2.45804e-07,1.13687e-13,0.0499875
191520,49.9989,49.9989,49.9989,0.154827,0.0530583,0.154827,0.127821,2.4566e-07,1.7053e-13,0.0499875
191580,49.9989,49.9989,49.9989,0.154807,0.0530565,0.154807,0.127806,2.45515e-07,1.7053e-13,0.0499875
191640,49.9989,49.9989,49.9989,0.154786,0.0530547,0.154786,0.127792,2.45371e-07,1.7053e-13,0.0499875
191700,49.9989,49.9989,49.9989,0.154766,0.0530529,0.154766,0.127777,2.45227e-07,1.7053e-13,0.0499875
191760,49.9989,49.9989,49.9989,0.154746,0.0530511,0.154746,0.127762,2.45082e-07,1.7053e-13,0.0499875
191820,49.9989,49.9989,49.9989,0.154726,0.0530493,0.154726,0.127748,2.44938e-07,1.7053e-13,0.0499875
191880,49.9989,49.9989,49.9989,0.154705,0.0530475,0.154705,0.127733,2.44795e-07,1.7053e-13,0.0499875
191940,49.9989,49.9989,49.9989,0.154685,0.0530457,0.154685,0.127718,2.44651e-07,1.13687e-13,0.0499875
192000,49.9989,49.9989,49.9989,0.154665,0.0530439,0.154665,0.127703,2.44507e-07,1.13687e-13,0.0499875
192060,49.9989,49.9989,49.9989,0.154645,0.0530421,0.154645,0.127689,2.44364e-07,1.13687e-13,0.0499875
192120,49.9989,49.9989,49.9989,0.154625,0.0530403,0.154625,0.127674,2.44221e-07,1.7053e-13,0.0499875
192180,49.9989,49.9989,49.9989,0.154605,0.0530385,0.154605,0.12766,2.44078e-07,1.7053e-13,0.0499875
192240,49.9989,49.9989,49.9989,0.154584,0.0530367,0.154584,0.127645,2.43935e-07,1.7053e-13,0.0499875
192300,49.9989,49.9989,49.9989,0.154564,0.0530349,0.154564,0.12763,2.43792e-07,1.7053e-13,0.0499875
192360,49.9989,49.9989,49.9989,0.154544,0.0530332,0.154544,0.127616,2.43649e-07,1.7053e-13,0.0499875
192420,49.9989,49.9989,49.9989,0.154524,0.0530314,0.154524,0.127601,2.43506e-07,1.7053e-13,0.0499875
192480,49.9989,49.9989,49.9989,0.154504,0.0530296,0.154504,0.127586,2.43364e-07,1.7053e-13,0.0499875
192540,49.9989,49.9989,49.9989,0.154484,0.0530278,0.154484,0.127572,2.43222e-07,1.13687e-13,0.0499875
192600,49.9989,49.9989,49.9989,0.154464,0.053026,0.154464,0.127557,2.4308e-07,1.13687e-13,0.0499875
192660,49.9989,49.9989,49.9989,0.154444,0.0530243,0.154444,0.127543,2.42937e-07,1.13687e-13,0.0499875
192720,49.9989,49.9989,49.9989,0.154424,0.0530225,0.154424,0.127528,2.42796e-07,1.7053e-13,0.0499875
192780,49.9989,49.9989,49.9989,0.154404,0.0530207,0.154404,0.127513,2.42654e-07,1.7053e-13,0.0499875
192840,49.9989,49.9989,49.9989,0.154384,0.0530189,0.154384,0.127499,2.42512e-07,1.7053e-13,0.0499875
192900,49.9989,49.9989,49.9989,0.154364,0.0530172,0.154364,0.127484,2.42371e-07,1.7053e-13,0.0499875
192960,49.9989,49.9989,49.9989,0.154344,0.0530154,0.154344,0.12747,2.42229e-07,1.7053e-13,0.0499875
193020,49.9989,49.9989,49.9989,0.154324,0.0530136,0.154324,0.127455,2.42088e-07,1.7053e-13,0.0499875
193080,49.9989,49.9989,49.9989,0.154304,0.0530119,0.154304,0.127441,2.41947e-07,1.7053e-13,0.0499875
193140,49.9989,49.9989,49.9989,0.154284,0.0530101,0.154284,0.127426,2.41806e-07,1.7053e-13,0.0499875
193200,49.9989,49.9989,49.9989,0.154264,0.0530084,0.154264,0.127412,2.41665e-07,1.13687e-13,0.0499875
193260,49.9989,49.9989,49.9989,0.154244,0.0530066,0.154244,0.127397,2.41525e-07,1.13687e-13,0.0499875
193320,49.9989,49.9989,49.9989,0.154224,0.0530048,0.154224,0.127383,2.41384e-07,1.7053e-13,0.0499875
193380,49.9989,49.9989,49.9989,0.154204,0.0530031,0.154204,0.127368,2.41244e-07,1.7053e-13,0.0499875
193440,49.9989,49.9989,49.9989,0.154184,0.0530013,0.154184,0.127354,2.41104e-07,1.7053e-13,0.0499875
193500,49.9989,49.9989,49.9989,0.154164,0.0529996,0.154164,0.127339,2.40964e-07,1.7053e-13,0.0499875
193560,49.9989,49.9989,49.9989,0.154144,0.0529978,0.154144,0.127325,2.40824e-07,1.7053e-13,0.0499875
193620,49.9989,49.9989,49.9989,0.154125,0.0529961,0.154125,0.12731,2.40684e-07,1.7053e-13,0.0499875
193680,49.9989,49.9989,49.9989,0.154105,0.0529943,0.154105,0.127296,2.40544e-07,1.7053e-13,0.0499875
193740,49.9989,49.9989,49.9989,0.154085,0.0529926,0.154085,0.127282,2.40404e-07,1.13687e-13,0.0499875
193800,49.9989,49.9989,49.9989,0.154065,0.0529909,0.154065,0.127267,2.40265e-07,1.13687e-13,0.0499875
193860,49.9989,49.9989,49.9989,0.154045,0.0529891,0.154045,0.127253,2.40126e-07,1.13687e-13,0.0499875
193920,49.9989,49.9989,49.9989,0.154025,0.0529874,0.154025,0.127238,2.39986e-07,1.7053e-13,0.0499875
193980,49.9989,49.9989,49.9989,0.154006,0.0529856,0.154006,0.127224,2.39847e-07,1.7053e-13,0.0499875
194040,49.9989,49.9989,49.9989,0.153986,0.0529839,0.153986,0.12721,2.39709e-07,1.7053e-13,0.0499875
194100,49.9989,49.9989,49.9989,0.153966,0.0529822,0.153966,0.127195,2.3957e-07,1.7053e-13,0.0499875
194160,49.9989,49.9989,49.9989,0.153946,0.0529804,0.153946,0.127181,2.39431e-07,1.7053e-13,0.0499875
194220,49.9989,49.9989,49.9989,0.153927,0.0529787,0.153927,0.127166,2.39293e-07,1.7053e-13,0.0499875
194280,49.9989,49.9989,49.9989,0.153907,0.052977,0.153907,0.127152,2.39154e-07,1.7053e-13,0.0499875
194340,49.9989,49.9989,49.9989,0.153887,0.0529752,0.153887,0.127138,2.39016e-07,1.13687e-13,0.0499875
194400,49.9989,49.9989,49.9989,0.153867,0.0529735,0.153867,0.127123,2.38878e-07,1.13687e-13,0.0499875
194460,49.9989,49.9989,49.9989,0.153848,0.0529718,0.153848,0.127109,2.3874e-07,1.13687e-13,0.0499875
194520,49.9989,49.9989,49.9989,0.153828,0.0529701,0.153828,0.127095,2.38602e-07,1.7053e-13,0.0499875
194580,49.9989,49.9989,49.9989,0.153808,0.0529683,0.153808,0.12708,2.38464e-07,1.7053e-13,0.0499875
194640,49.9989,49.9989,49.9989,0.153789,0.0529666,0.153789,0.127066,2.38327e-07,1.7053e-13,0.0499875
194700,49.9989,49.9989,49.9989,0.153769,0.0529649,0.153769,0.127052,2.38189e-07,1.7053e-13,0.0499875
194760,49.9989,49.9989,49.9989,0.153749,0.0529632,0.153749,0.127038,2.38052e-07,1.7053e-13,0.0499875
194820,49.9989,49.9989,49.9989,0.15373,0.0529615,0.15373,0.127023,2.37915e-07,1.7053e-13,0.0499875
194880,49.9989,49.9989,49.9989,0.15371,0.0529598,0.15371,0.127009,2.37778e-07,1.7053e-13,0.0499875
194940,49.9989,49.9989,49.9989,0.153691,0.0529581,0.153691,0.126995,2.37641e-07,1.7053e-13,0.0499875
195000,49.9989,49.9989,49.9989,0.153671,0.0529563,0.153671,0.126981,2.37504e-07,1.13687e-13,0.0499875
195060,49.9989,49.9989,49.9989,0.153651,0.0529546,0.153651,0.126966,2.37367e-07,1.13687e-13,0.0499875
195120,49.9989,49.9989,49.9989,0.153632,0.0529529,0.153632,0.126952,2.37231e-07,1.7053e-13,0.0499875
195180,49.9989,49.9989,49.9989,0.153612,0.0529512,0.153612,0.126938,2.37095e-07,1.7053e-13,0.0499875
195240,49.9989,49.9989,49.9989,0.153593,0.0529495,0.153593,0.126924,2.36958e-07,1.7053e-13,0.0499875
195300,49.9989,49.9989,49.9989,0.153573,0.0529478,0.153573,0.126909,2.36822e-07,1.7053e-13,0.0499875
195360,49.9989,49.9989,49.9989,0.153554,0.0529461,0.153554,0.126895,2.36686e-07,1.7053e-13,0.0499875
195420,49.9989,49.9989,49.9989,0.153534,0.0529444,0.153534,0.126881,2.3655e-07,1.7053e-13,0.0499875
195480,49.9989,49.9989,49.9989,0.153515,0.0529427,0.153515,0.126867,2.36414e-07,1.7053e-13,0.0499875
195540,49.9989,49.9989,49.9989,0.153495,0.052941,0.153495,0.126853,2.36279e-07,1.13687e-13,0.0499875
195600,49.9989,49.9989,49.9989,0.153476,0.0529393,0.153476,0.126838,2.36143e-07,1.13687e-13,0.0499875
195660,49.9989,49.9989,49.9989,0.153456,0.0529376,0.153456,0.126824,2.36008e-07,1.13687e-13,0.0499875
195720,49.9989,49.9989,49.9989,0.153437,0.052936,0.153437,0.12681,2.35873e-07,1.7053e-13,0.0499875
195780,49.9989,49.9989,49.9989,0.153417,0.0529343,0.153417,0.126796,2.35738e-07,1.7053e-13,0.0499875
195840,49.9989,49.9989,49.9989,0.153398,0.0529326,0.153398,0.126782,2.35603e-07,1.7053e-13,0.0499875
195900,49.9989,49.9989,49.9989,0.153378,0.0529309,0.153378,0.126768,2.35468e-07,1.7053e-13,0.0499875
195960,49.9989,49.9989,49.9989,0.153359,0.0529292,0.153359,0.126754,2.35333e-07,1.7053e-13,0.0499875
196020,49.9989,49.9989,49.9989,0.15334,0.0529275,0.15334,0.126739,2.35199e-07,1.13687e-13,0.0499875
196080,49.9989,49.9989,49.9989,0.15332,0.0529258,0.15332,0.126725,2.35064e-07,1.13687e-13,0.0499875
196140,49.9989,49.9989,49.9989,0.153301,0.0529242,0.153301,0.126711,2.3493e-07,1.13687e-13,0.0499875
196200,49.9989,49.9989,49.9989,0.153281,0.0529225,0.153281,0.126697,2.34796e-07,1.13687e-13,0.0499875
196260,49.9989,49.9989,49.9989,0.153262,0.0529208,0.153262,0.126683,2.34661e-07,1.13687e-13,0.0499875
196320,49.9989,49.9989,49.9989,0.153243,0.0529191,0.153243,0.126669,2.34528e-07,1.13687e-13,0.0499875
196380,49.9989,49.9989,49.9989,0.153223,0.0529175,0.153223,0.126655,2.34394e-07,1.13687e-13,0.0499875
196440,49.9989,49.9989,49.9989,0.153204,0.0529158,0.153204,0.126641,2.3426e-07,1.13687e-13,0.0499875
196500,49.9989,49.9989,49.9989,0.153185,0.0529141,0.153185,0.126627,2.34126e-07,1.13687e-13,0.0499875
196560,49.9989,49.9989,49.9989,0.153166,0.0529125,0.153166,0.126613,2.33993e-07,1.13687e-13,0.0499875
196620,49.9989,49.9989,49.9989,0.153146,0.0529108,0.153146,0.126599,2.3386e-07,1.7053e-13,0.0499875
196680,49.9989,49.9989,49.9989,0.153127,0.0529091,0.153127,0.126585,2.33726e-07,1.13687e-13,0.0499875
196740,49.9989,49.9989,49.9989,0.153108,0.0529075,0.153108,0.126571,2.33593e-07,1.13687e-13,0.0499875
196800,49.9989,49.9989,49.9989,0.153089,0.0529058,0.153089,0.126557,2.3346e-07,1.13687e-13,0.0499875
196860,49.9989,49.9989,49.9989,0.153069,0.0529041,0.153069,0.126543,2.33328e-07,1.13687e-13,0.0499875
196920,49.9989,49.9989,49.9989,0.15305,0.0529025,0.15305,0.126529,2.33195e-07,1.13687e-13,0.0499875
196980,49.9989,49.9989,49.9989,0.153031,0.0529008,0.153031,0.126515,2.33062e-07,1.13687e-13,0.0499875
197040,49.9989,49.9989,49.9989,0.153012,0.0528992,0.153012,0.126501,2.3293e-07,1.13687e-13,0.0499875
197100,49.9989,49.9989,49.9989,0.152992,0.0528975,0.152992,0.126487,2.32798e-07,1.13687e-13,0.0499875
197160,49.9989,49.9989,49.9989,0.152973,0.0528959,0.152973,0.126473,2.32665e-07,1.13687e-13,0.0499875
197220,49.9989,49.9989,49.9989,0.152954,0.0528942,0.152954,0.126459,2.32533e-07,1.13687e-13,0.0499875
197280,49.9989,49.9989,49.9989,0.152935,0.0528926,0.152935,0.126445,2.32401e-07,1.13687e-13,0.0499875
197340,49.9989,49.9989,49.9989,0.152916,0.0528909,0.152916,0.126431,2.3227e-07,1.13687e-13,0.0499875
197400,49.9989,49.9989,49.9989,0.152897,0.0528893,0.152897,0.126417,2.32138e-07,1.13687e-13,0.0499875
197460,49.9989,49.9989,49.9989,0.152878,0.0528876,0.152878,0.126403,2.32006e-07,1.13687e-13,0.0499875
197520,49.9989,49.9989,49.9989,0.152858,0.052886,0.152858,0.126389,2.31875e-07,1.7053e-13,0.0499875
197580,49.9989,49.9989,49.9989,0.152839,0.0528843,0.152839,0.126375,2.31744e-07,1.7053e-13,0.0499875
197640,49.9989,49.9989,49.9989,0.15282,0.0528827,0.15282,0.126361,2.31612e-07,1.7053e-13,0.0499875
197700,49.9989,49.9989,49.9989,0.152801,0.0528811,0.152801,0.126347,2.31481e-07,1.7053e-13,0.0499875
197760,49.9989,49.9989,49.9989,0.152782,0.0528794,0.152782,0.126334,2.3135e-07,1.7053e-13,0.0499875
197820,49.9989,49.9989,49.9989,0.152763,0.0528778,0.152763,0.12632,2.3122e-07,1.13687e-13,0.0499875
197880,49.9989,49.9989,49.9989,0.152744,0.0528762,0.152744,0.126306,2.31089e-07,1.13687e-13,0.0499875
197940,49.9989,49.9989,49.9989,0.152725,0.0528745,0.152725,0.126292,2.30958e-07,1.13687e-13,0.0499875
198000,49.9989,49.9989,49.9989,0.152706,0.0528729,0.152706,0.126278,2.30828e-07,1.13687e-13,0.0499875
198060,49.9989,49.9989,49.9989,0.152687,0.0528713,0.152687,0.126264,2.30697e-07,1.13687e-13,0.0499875
198120,49.9989,49.9989,49.9989,0.152668,0.0528696,0.152668,0.12625,2.30567e-07,1.13687e-13,0.0499875
198180,49.9989,49.9989,49.9989,0.152649,0.052868,0.152649,0.126237,2.30437e-07,1.7053e-13,0.0499875
198240,49.9989,49.9989,49.9989,0.15263,0.0528664,0.15263,0.126223,2.30307e-07,1.7053e-13,0.0499875
198300,49.9989,49.9989,49.9989,0.152611,0.0528648,0.152611,0.126209,2.30177e-07,1.7053e-13,0.0499875
198360,49.9989,49.9989,49.9989,0.152592,0.0528631,0.152592,0.126195,2.30048e-07,1.7053e-13,0.0499875
198420,49.9989,49.9989,49.9989,0.152573,0.0528615,0.152573,0.126181,2.29918e-07,1.7053e-13,0.0499875
198480,49.9989,49.9989,49.9989,0.152554,0.0528599,0.152554,0.126168,2.29789e-07,1.7053e-13,0.0499875
198540,49.9989,49.9989,49.9989,0.152535,0.0528583,0.152535,0.126154,2.29659e-07,1.7053e-13,0.0499875
198600,49.9989,49.9989,49.9989,0.152516,0.0528567,0.152516,0.12614,2.2953e-07,1.13687e-13,0.0499875
198660,49.9989,49.9989,49.9989,0.152497,0.0528551,0.152497,0.126126,2.29401e-07,1.13687e-13,0.0499875
198720,49.9989,49.9989,49.9989,0.152479,0.0528534,0.152479,0.126112,2.29272e-07,1.13687e-13,0.0499875
198780,49.9989,49.9989,49.9989,0.15246,0.0528518,0.15246,0.126099,2.29143e-07,1.13687e-13,0.0499875
198840,49.9989,49.9989,49.9989,0.152441,0.0528502,0.152441,0.126085,2.29014e-07,1.13687e-13,0.0499875
198900,49.9989,49.9989,49.9989,0.152422,0.0528486,0.152422,0.126071,2.28886e-07,1.13687e-13,0.0499875
198960,49.9989,49.9989,49.9989,0.152403,0.052847,0.152403,0.126058,2.28757e-07,1.13687e-13,0.0499875
199020,49.9989,49.9989,49.9989,0.152384,0.0528454,0.152384,0.126044,2.28629e-07,1.13687e-13,0.0499875
199080,49.9989,49.9989,49.9989,0.152365,0.0528438,0.152365,0.12603,2.285e-07,1.13687e-13,0.0499875
199140,49.9989,49.9989,49.9989,0.152347,0.0528422,0.152347,0.126016,2.28372e-07,1.13687e-13,0.0499875
199200,49.9989,49.9989,49.9989,0.152328,0.0528406,0.152328,0.126003,2.28244e-07,1.13687e-13,0.0499875
199260,49.9989,49.9989,49.9989,0.152309,0.052839,0.152309,0.125989,2.28116e-07,1.13687e-13,0.0499875
199320,49.9989,49.9989,49.9989,0.15229,0.0528374,0.15229,0.125975,2.27988e-07,1.13687e-13,0.0499875
199380,49.9989,49.9989,49.9989,0.152271,0.0528358,0.152271,0.125962,2.27861e-07,1.7053e-13,0.0499875
199440,49.9989,49.9989,49.9989,0.152253,0.0528342,0.152253,0.125948,2.27733e-07,1.7053e-13,0.0499875
199500,49.9989,49.9989,49.9989,0.152234,0.0528326,0.152234,0.125934,2.27606e-07,1.7053e-13,0.0499875
199560,49.9989,49.9989,49.9989,0.152215,0.052831,0.152215,0.125921,2.27478e-07,1.7053e-13,0.0499875
199620,49.9989,49.9989,49.9989,0.152196,0.0528294,0.152196,0.125907,2.27351e-07,1.7053e-13,0.0499875
199680,49.9989,49.9989,49.9989,0.152178,0.0528278,0.152178,0.125893,2.27224e-07,1.7053e-13,0.0499875
199740,49.9989,49.9989,49.9989,0.152159,0.0528263,0.152159,0.12588,2.27097e-07,1.7053e-13,0.0499875
199800,49.9989,49.9989,49.9989,0.15214,0.0528247,0.15214,0.125866,2.2697e-07,1.13687e-13,0.0499875
199860,49.9989,49.9989,49.9989,0.152122,0.0528231,0.152122,0.125853,2.26844e-07,1.13687e-13,0.0499875
199920,49.9989,49.9989,49.9989,0.152103,0.0528215,0.152103,0.125839,2.26717e-07,1.13687e-13,0.0499875
199980,49.9989,49.9989,49.9989,0.152084,0.0528199,0.152084,0.125825,2.2659e-07,1.13687e-13,0.0499875
200040,49.9989,49.9989,49.9989,0.152066,0.0528183,0.152066,0.125812,2.26464e-07,1.7053e-13,0.0499875
200100,49.9989,49.9989,49.9989,0.152047,0.0528168,0.152047,0.125798,2.26338e-07,1.7053e-13,0.0499875
200160,49.9989,49.9989,49.9989,0.152028,0.0528152,0.152028,0.125785,2.26212e-07,1.7053e-13,0.0499875
200220,49.9989,49.9989,49.9989,0.15201,0.0528136,0.15201,0.125771,2.26086e-07,1.7053e-13,0.0499875
200280,49.9989,49.9989,49.9989,0.151991,0.052812,0.151991,0.125757,2.2596e-07,1.7053e-13,0.0499875
200340,49.9989,49.9989,49.9989,0.151973,0.0528105,0.151973,0.125744,2.25834e-07,1.7053e-13,0.0499875
200400,49.9989,49.9989,49.9989,0.151954,0.0528089,0.151954,0.12573,2.25708e-07,1.13687e-13,0.0499875
200460,49.9989,49.9989,49.9989,0.151935,0.0528073,0.151935,0.125717,2.25583e-07,1.7053e-13,0.0499875
200520,49.9989,49.9989,49.9989,0.151917,0.0528058,0.151917,0.125703,2.25457e-07,1.7053e-13,0.0499875
200580,49.9989,49.9989,49.9989,0.151898,0.0528042,0.151898,0.12569,2.25332e-07,1.7053e-13,0.0499875
200640,49.9989,49.9989,49.9989,0.15188,0.0528026,0.15188,0.125676,2.25207e-07,2.27374e-13,0.0499875
200700,49.9989,49.9989,49.9989,0.151861,0.0528011,0.151861,0.125663,2.25082e-07,2.27374e-13,0.0499875
200760,49.9989,49.9989,49.9989,0.151843,0.0527995,0.151843,0.125649,2.24957e-07,2.27374e-13,0.0499875
200820,49.9989,49.9989,49.9989,0.151824,0.0527979,0.151824,0.125636,2.24832e-07,2.27374e-13,0.0499875
200880,49.9989,49.9989,49.9989,0.151806,0.0527964,0.151806,0.125622,2.24707e-07,2.27374e-13,0.0499875
200940,49.9989,49.9989,49.9989,0.151787,0.0527948,0.151787,0.125609,2.24582e-07,1.7053e-13,0.0499875
201000,49.9989,49.9989,49.9989,0.151769,0.0527933,0.151769,0.125595,2.24458e-07,1.13687e-13,0.0499875
201060,49.9989,49.9989,49.9989,0.15175,0.0527917,0.15175,0.125582,2.24333e-07,1.13687e-13,0.0499875
201120,49.9989,49.9989,49.9989,0.151732,0.0527902,0.151732,0.125568,2.24209e-07,1.13687e-13,0.0499875
201180,49.9989,49.9989,49.9989,0.151713,0.0527886,0.151713,0.125555,2.24085e-07,1.7053e-13,0.0499875
201240,49.9989,49.9989,49.9989,0.151695,0.0527871,0.151695,0.125541,2.23961e-07,1.7053e-13,0.0499875
201300,49.9989,49.9989,49.9989,0.151677,0.0527855,0.151677,0.125528,2.23837e-07,1.7053e-13,0.0499875
201360,49.9989,49.9989,49.9989,0.151658,0.052784,0.151658,0.125515,2.23713e-07,1.7053e-13,0.0499875
201420,49.9989,49.9989,49.9989,0.15164,0.0527824,0.15164,0.125501,2.23589e-07,1.7053e-13,0.0499875
201480,49.9989,49.9989,49.9989,0.151621,0.0527809,0.151621,0.125488,2.23466e-07,1.7053e-13,0.0499875
201540,49.9989,49.9989,49.9989,0.151603,0.0527793,0.151603,0.125474,2.23342e-07,1.7053e-13,0.0499875
201600,49.9989,49.9989,49.9989,0.151585,0.0527778,0.151585,0.125461,2.23219e-07,1.7053e-13,0.0499875
201660,49.9989,49.9989,49.9989,0.151566,0.0527762,0.151566,0.125448,2.23095e-07,1.7053e-13,0.0499875
201720,49.9989,49.9989,49.9989,0.151548,0.0527747,0.151548,0.125434,2.22972e-07,1.13687e-13,0.0499875
201780,49.9989,49.9989,49.9989,0.151529,0.0527732,0.151529,0.125421,2.22849e-07,1.7053e-13,0.0499875
201840,49.9989,49.9989,49.9989,0.151511,0.0527716,0.151511,0.125407,2.22726e-07,1.7053e-13,0.0499875
201900,49.9989,49.9989,49.9989,0.151493,0.0527701,0.151493,0.125394,2.22604e-07,1.7053e-13,0.0499875
201960,49.9989,49.9989,49.9989,0.151475,0.0527686,0.151475,0.125381,2.22481e-07,1.7053e-13,0.0499875
202020,49.9989,49.9989,49.9989,0.151456,0.052767,0.151456,0.125367,2.22358e-07,2.27374e-13,0.0499875
202080,49.9989,49.9989,49.9989,0.151438,0.0527655,0.151438,0.125354,2.22236e-07,2.27374e-13,0.0499875
202140,49.9989,49.9989,49.9989,0.15142,0.052764,0.15142,0.125341,2.22113e-07,1.7053e-13,0.0499875
202200,49.9989,49.9989,49.9989,0.151401,0.0527624,0.151401,0.125327,2.21991e-07,1.7053e-13,0.0499875
202260,49.9989,49.9989,49.9989,0.151383,0.0527609,0.151383,0.125314,2.21869e-07,1.13687e-13,0.0499875
202320,49.9989,49.9989,49.9989,0.151365,0.0527594,0.151365,0.125301,2.21747e-07,1.7053e-13,0.0499875
202380,49.9989,49.9989,49.9989,0.151347,0.0527579,0.151347,0.125287,2.21625e-07,1.7053e-13,0.0499875
202440,49.9989,49.9989,49.9989,0.151328,0.0527563,0.151328,0.125274,2.21503e-07,1.7053e-13,0.0499875
202500,49.9989,49.9989,49.9989,0.15131,0.0527548,0.15131,0.125261,2.21381e-07,1.7053e-13,0.0499875
202560,49.9989,49.9989,49.9989,0.151292,0.0527533,0.151292,0.125248,2.2126e-07,1.7053e-13,0.0499875
202620,49.9989,49.9989,49.9989,0.151274,0.0527518,0.151274,0.125234,2.21138e-07,1.7053e-13,0.0499875
202680,49.9989,49.9989,49.9989,0.151256,0.0527503,0.151256,0.125221,2.21017e-07,1.7053e-13,0.0499875
202740,49.9989,49.9989,49.9989,0.151237,0.0527487,0.151237,0.125208,2.20896e-07,1.7053e-13,0.0499875
202800,49.9989,49.9989,49.9989,0.151219,0.0527472,0.151219,0.125195,2.20775e-07,1.7053e-13,0.0499875
202860,49.9989,49.9989,49.9989,0.151201,0.0527457,0.151201,0.125181,2.20654e-07,1.13687e-13,0.0499875
202920,49.9989,49.9989,49.9989,0.151183,0.0527442,0.151183,0.125168,2.20533e-07,1.7053e-13,0.0499875
202980,49.9989,49.9989,49.9989,0.151165,0.0527427,0.151165,0.125155,2.20412e-07,1.7053e-13,0.0499875
203040,49.9989,49.9989,49.9989,0.151147,0.0527412,0.151147,0.125142,2.20291e-07,1.7053e-13,0.0499875
203100,49.9989,49.9989,49.9989,0.151129,0.0527397,0.151129,0.125128,2.20171e-07,1.7053e-13,0.0499875
203160,49.9989,49.9989,49.9989,0.15111,0.0527382,0.15111,0.125115,2.2005e-07,1.7053e-13,0.0499875
203220,49.9989,49.9989,49.9989,0.151092,0.0527367,0.151092,0.125102,2.1993e-07,2.27374e-13,0.0499875
203280,49.9989,49.9989,49.9989,0.151074,0.0527352,0.151074,0.125089,2.19809e-07,2.27374e-13,0.0499875
203340,49.9989,49.9989,49.9989,0.151056,0.0527337,0.151056,0.125076,2.19689e-07,1.7053e-13,0.0499875
203400,49.9989,49.9989,49.9989,0.151038,0.0527322,0.151038,0.125062,2.19569e-07,1.7053e-13,0.0499875
203460,49.9989,49.9989,49.9989,0.15102,0.0527307,0.15102,0.125049,2.19449e-07,1.7053e-13,0.0499875
203520,49.9989,49.9989,49.9989,0.151002,0.0527292,0.151002,0.125036,2.19329e-07,1.7053e-13,0.0499875
203580,49.9989,49.9989,49.9989,0.150984,0.0527277,0.150984,0.125023,2.1921e-07,1.7053e-13,0.0499875
203640,49.9989,49.9989,49.9989,0.150966,0.0527262,0.150966,0.12501,2.1909e-07,1.7053e-13,0.0499875
203700,49.9989,49.9989,49.9989,0.150948,0.0527247,0.150948,0.124997,2.18971e-07,2.27374e-13,0.0499875
203760,49.9989,49.9989,49.9989,0.15093,0.0527232,0.15093,0.124984,2.18851e-07,2.27374e-13,0.0499875
203820,49.9989,49.9989,49.9989,0.150912,0.0527217,0.150912,0.12497,2.18732e-07,2.27374e-13,0.0499875
203880,49.9989,49.9989,49.9989,0.150894,0.0527202,0.150894,0.124957,2.18613e-07,2.27374e-13,0.0499875
203940,49.9989,49.9989,49.9989,0.150876,0.0527187,0.150876,0.124944,2.18494e-07,1.7053e-13,0.0499875
204000,49.9989,49.9989,49.9989,0.150858,0.0527172,0.150858,0.124931,2.18375e-07,1.7053e-13,0.0499875
204060,49.9989,49.9989,49.9989,0.15084,0.0527157,0.15084,0.124918,2.18256e-07,1.13687e-13,0.0499875
204120,49.9989,49.9989,49.9989,0.150822,0.0527143,0.150822,0.124905,2.18137e-07,1.7053e-13,0.0499875
204180,49.9989,49.9989,49.9989,0.150804,0.0527128,0.150804,0.124892,2.18018e-07,1.7053e-13,0.0499875
204240,49.9989,49.9989,49.9989,0.150786,0.0527113,0.150786,0.124879,2.179e-07,1.7053e-13,0.0499875
204300,49.9989,49.9989,49.9989,0.150768,0.0527098,0.150768,0.124866,2.17782e-07,1.7053e-13,0.0499875
204360,49.9989,49.9989,49.9989,0.150751,0.0527083,0.150751,0.124853,2.17663e-07,1.7053e-13,0.0499875
204420,49.9989,49.9989,49.9989,0.150733,0.0527069,0.150733,0.12484,2.17545e-07,1.7053e-13,0.0499875
204480,49.9989,49.9989,49.9989,0.150715,0.0527054,0.150715,0.124826,2.17427e-07,1.7053e-13,0.0499875
204540,49.9989,49.9989,49.9989,0.150697,0.0527039,0.150697,0.124813,2.17309e-07,1.7053e-13,0.0499875
204600,49.9989,49.9989,49.9989,0.150679,0.0527024,0.150679,0.1248,2.17191e-07,1.7053e-13,0.0499875
204660,49.9989,49.9989,49.9989,0.150661,0.052701,0.150661,0.124787,2.17073e-07,1.13687e-13,0.0499875
204720,49.9989,49.9989,49.9989,0.150643,0.0526995,0.150643,0.124774,2.16956e-07,1.13687e-13,0.0499875
204780,49.9989,49.9989,49.9989,0.150626,0.052698,0.150626,0.124761,2.16838e-07,1.7053e-13,0.0499875
204840,49.9989,49.9989,49.9989,0.150608,0.0526965,0.150608,0.124748,2.16721e-07,1.7053e-13,0.0499875
204900,49.9989,49.9989,49.9989,0.15059,0.0526951,0.15059,0.124735,2.16603e-07,1.7053e-13,0.0499875
204960,49.9989,49.9989,49.9989,0.150572,0.0526936,0.150572,0.124722,2.16486e-07,1.7053e-13,0.0499875
205020,49.9989,49.9989,49.9989,0.150554,0.0526922,0.150554,0.124709,2.16369e-07,2.27374e-13,0.0499875
205080,49.9989,49.9989,49.9989,0.150537,0.0526907,0.150537,0.124696,2.16252e-07,2.27374e-13,0.0499875
205140,49.9989,49.9989,49.9989,0.150519,0.0526892,0.150519,0.124683,2.16135e-07,1.7053e-13,0.0499875
205200,49.9989,49.9989,49.9989,0.150501,0.0526878,0.150501,0.12467,2.16018e-07,1.7053e-13,0.0499875
205260,49.9989,49.9989,49.9989,0.150483,0.0526863,0.150483,0.124658,2.15901e-07,1.13687e-13,0.0499875
205320,49.9989,49.9989,49.9989,0.150466,0.0526848,0.150466,0.124645,2.15785e-07,1.7053e-13,0.0499875
205380,49.9989,49.9989,49.9989,0.150448,0.0526834,0.150448,0.124632,2.15668e-07,1.7053e-13,0.0499875
205440,49.9989,49.9989,49.9989,0.15043,0.0526819,0.15043,0.124619,2.15552e-07,1.7053e-13,0.0499875
205500,49.9989,49.9989,49.9989,0.150412,0.0526805,0.150412,0.124606,2.15435e-07,1.7053e-13,0.0499875
205560,49.9989,49.9989,49.9989,0.150395,0.052679,0.150395,0.124593,2.15319e-07,1.7053e-13,0.0499875
205620,49.9989,49.9989,49.9989,0.150377,0.0526776,0.150377,0.12458,2.15203e-07,1.7053e-13,0.0499875
205680,49.9989,49.9989,49.9989,0.150359,0.0526761,0.150359,0.124567,2.15087e-07,1.7053e-13,0.0499875
205740,49.9989,49.9989,49.9989,0.150342,0.0526747,0.150342,0.124554,2.14971e-07,1.7053e-13,0.0499875
205800,49.9989,49.9989,49.9989,0.150324,0.0526732,0.150324,0.124541,2.14855e-07,1.7053e-13,0.0499875
205860,49.9989,49.9989,49.9989,0.150306,0.0526718,0.150306,0.124528,2.1474e-07,1.13687e-13,0.0499875
205920,49.9989,49.9989,49.9989,0.150289,0.0526703,0.150289,0.124515,2.14624e-07,1.7053e-13,0.0499875
205980,49.9989,49.9989,49.9989,0.150271,0.0526689,0.150271,0.124503,2.14509e-07,1.7053e-13,0.0499875
206040,49.9989,49.9989,49.9989,0.150253,0.0526675,0.150253,0.12449,2.14393e-07,1.7053e-13,0.0499875
206100,49.9989,49.9989,49.9989,0.150236,0.052666,0.150236,0.124477,2.14278e-07,1.7053e-13,0.0499875
206160,49.9989,49.9989,49.9989,0.150218,0.0526646,0.150218,0.124464,2.14163e-07,2.27374e-13,0.0499875
206220,49.9989,49.9989,49.9989,0.150201,0.0526631,0.150201,0.124451,2.14048e-07,2.27374e-13,0.0499875
206280,49.9989,49.9989,49.9989,0.150183,0.0526617,0.150183,0.124438,2.13933e-07,2.27374e-13,0.0499875
206340,49.9989,49.9989,49.9989,0.150165,0.0526603,0.150165,0.124425,2.13818e-07,1.7053e-13,0.0499875
206400,49.9989,49.9989,49.9989,0.150148,0.0526588,0.150148,0.124413,2.13703e-07,1.7053e-13,0.0499875
206460,49.9989,49.9989,49.9989,0.15013,0.0526574,0.15013,0.1244,2.13589e-07,1.7053e-13,0.0499875
206520,49.9989,49.9989,49.9989,0.150113,0.052656,0.150113,0.124387,2.13474e-07,1.7053e-13,0.0499875
206580,49.9989,49.9989,49.9989,0.150095,0.0526545,0.150095,0.124374,2.1336e-07,1.7053e-13,0.0499875
206640,49.9989,49.9989,49.9989,0.150078,0.0526531,0.150078,0.124361,2.13245e-07,1.7053e-13,0.0499875
206700,49.9989,49.9989,49.9989,0.15006,0.0526517,0.15006,0.124349,2.13131e-07,2.27374e-13,0.0499875
206760,49.9989,49.9989,49.9989,0.150043,0.0526503,0.150043,0.124336,2.13017e-07,2.27374e-13,0.0499875
206820,49.9989,49.9989,49.9989,0.150025,0.0526488,0.150025,0.124323,2.12903e-07,2.27374e-13,0.0499875
206880,49.9989,49.9989,49.9989,0.150008,0.0526474,0.150008,0.12431,2.12789e-07,2.27374e-13,0.0499875
206906,49.9989,49.9989,49.9989,0.15,0.0526468,0.15,0.124305,2.12739e-07,2.27374e-13,0.0499875
