t_s,0.00,0.05,0.10,0.15,0.20,0.25,0.30,0.35,0.40,0.45,0.50,0.55,0.60,0.65,0.70,0.75,0.80,0.85,0.90,0.95,1.00,1.05,1.10,1.15,1.20,1.25,1.30,1.35,1.40,1.45,1.50,1.55,1.60,1.65,1.70,1.75,1.80,1.85,1.90,1.95,2.00
0,2.55,2.55,2.55,2.55,2.55,2.55,2.55,2.55,2.55,2.55,2.55,2.55,2.55,2.55,2.55,2.55,2.55,2.55,2.55,2.55,2.55,2.55,2.55,2.55,2.55,2.55,2.55,2.55,2.55,2.55,2.55,2.55,2.55,2.55,2.55,2.55,2.55,2.55,2.55,2.55,2.55
600,2.55,2.55,2.55,2.55,2.55,2.55,2.55,2.55,2.55,2.55,2.55,2.55,2.55,2.55,2.55,2.55,2.55,2.55,2.54999,2.54998,2.54996,2.54992,2.54982,2.54964,2.54929,2.54865,2.54751,2.54554,2.54227,2.537,2.5288,2.51643,2.4984,2.47291,2.43801,2.39164,2.33183,2.25691,2.16563,2.0574,1.93234
1200,2.55,2.55,2.55,2.55,2.55,2.55,2.55,2.54999,2.54999,2.54998,2.54997,2.54994,2.5499,2.54983,2.54972,2.54955,2.54928,2.54886,2.54823,2.54728,2.54589,2.54389,2.54105,2.53709,2.53164,2.52427,2.51447,2.50164,2.48511,2.46416,2.438,2.40585,2.36694,2.32054,2.26602,2.2029,2.13086,2.04978,1.95979,1.86127,1.75484
1800,2.54993,2.54993,2.54992,2.5499,2.54986,2.5498,2.54973,2.54961,2.54945,2.54921,2.54888,2.54843,2.5478,2.54694,2.54578,2.54422,2.54215,2.53944,2.5359,2.53136,2.52556,2.51824,2.50911,2.49782,2.48402,2.4673,2.44726,2.42349,2.39557,2.36309,2.3257,2.28307,2.23493,2.18109,2.12144,2.05598,1.98479,1.90808,1.82617,1.7395,1.64862
2400,2.54879,2.54875,2.54863,2.54843,2.54814,2.54772,2.54716,2.54642,2.54547,2.54424,2.54269,2.54072,2.53825,2.53519,2.5314,2.52674,2.52107,2.51421,2.50597,2.49613,2.48448,2.47077,2.45477,2.43622,2.41487,2.39047,2.36279,2.3316,2.29671,2.25796,2.21522,2.1684,2.11746,2.06242,2.00334,1.94036,1.87365,1.80346,1.73007,1.65384,1.57514
3000,2.5427,2.54257,2.54217,2.5415,2.54052,2.53921,2.53752,2.53541,2.53281,2.52965,2.52584,2.52129,2.5159,2.50955,2.50211,2.49345,2.48342,2.47187,2.45863,2.44356,2.42647,2.40722,2.38563,2.36156,2.33487,2.30542,2.27311,2.23785,2.19956,2.1582,2.11376,2.06626,2.01574,1.96228,1.906,1.84704,1.78556,1.72176,1.65586,1.5881,1.51871
3600,2.52574,2.52547,2.52465,2.52328,2.52132,2.51875,2.51551,2.51157,2.50684,2.50128,2.49479,2.48729,2.47869,2.46889,2.45779,2.44529,2.43126,2.41561,2.39823,2.379,2.35782,2.3346,2.30925,2.28169,2.25185,2.21967,2.18512,2.14817,2.10882,2.06707,2.02296,1.97654,1.92787,1.87704,1.82415,1.76932,1.71269,1.65439,1.59458,1.53342,1.47109
4200,2.49364,2.49322,2.49198,2.4899,2.48696,2.48314,2.47839,2.47268,2.46597,2.45819,2.44929,2.4392,2.42787,2.41522,2.40119,2.3857,2.36868,2.35007,2.32979,2.3078,2.28402,2.25842,2.23095,2.20157,2.17027,2.13702,2.10183,2.06469,2.02563,1.98468,1.94188,1.89727,1.85094,1.80294,1.75336,1.70229,1.64983,1.59607,1.54111,1.48507,1.42805
4800,2.4461,2.44558,2.444,2.44137,2.43767,2.43289,2.42699,2.41995,2.41176,2.40236,2.39172,2.37981,2.36659,2.35201,2.33604,2.31864,2.29976,2.27938,2.25745,2.23396,2.20887,2.18216,2.15382,2.12384,2.09223,2.05897,2.0241,1.98761,1.94955,1.90994,1.86883,1.82625,1.78226,1.73693,1.6903,1.64245,1.59345,1.54337,1.49228,1.44026,1.38736
5400,2.38606,2.38547,2.38369,2.38072,2.37654,2.37116,2.36456,2.35672,2.34763,2.33728,2.32564,2.31269,2.29841,2.2828,2.26581,2.24745,2.22769,2.20651,2.18391,2.15988,2.13441,2.1075,2.07914,2.04935,2.01814,1.98552,1.9515,1.91611,1.87938,1.84134,1.80202,1.76145,1.71969,1.67677,1.63274,1.58763,1.54151,1.4944,1.44635,1.3974,1.34757
6000,2.31773,2.31711,2.31523,2.31209,2.30769,2.30204,2.29511,2.28691,2.27743,2.26667,2.25461,2.24125,2.22659,2.21061,2.19332,2.17471,2.15477,2.13351,2.11092,2.08702,2.06179,2.03526,2.00743,1.97831,1.94791,1.91627,1.88338,1.84929,1.814,1.77756,1.73998,1.70129,1.66154,1.62073,1.57892,1.53613,1.49238,1.44771,1.40216,1.35573,1.30848
6600,2.245,2.24437,2.24246,2.23929,2.23485,2.22914,2.22215,2.2139,2.20437,2.19358,2.18151,2.16817,2.15356,2.13768,2.12054,2.10213,2.08248,2.06157,2.03942,2.01603,1.99143,1.96561,1.93859,1.9104,1.88104,1.85053,1.81889,1.78615,1.75232,1.71743,1.68151,1.64456,1.60663,1.56773,1.52787,1.48709,1.44539,1.4028,1.35933,1.31497,1.26973
7200,2.17085,2.17023,2.16835,2.16522,2.16084,2.15522,2.14834,2.14022,2.13086,2.12027,2.10843,2.09537,2.08108,2.06558,2.04886,2.03094,2.01183,1.99153,1.97005,1.94742,1.92363,1.89871,1.87266,1.84551,1.81727,1.78796,1.75759,1.72619,1.69376,1.66034,1.62594,1.59057,1.55426,1.51702,1.47886,1.4398,1.39984,1.35899,1.31726,1.27463,1.23109
7800,2.09733,2.09672,2.0949,2.09186,2.08761,2.08214,2.07547,2.06759,2.05851,2.04824,2.03678,2.02413,2.01031,1.99532,1.97916,1.96186,1.94342,1.92385,1.90316,1.88137,1.85848,1.83452,1.80949,1.78341,1.7563,1.72817,1.69903,1.66891,1.63781,1.60575,1.57275,1.53882,1.50396,1.46819,1.43151,1.39393,1.35545,1.31607,1.27578,1.23456,1.19238
8400,2.02574,2.02515,2.02339,2.02046,2.01636,2.01109,2.00466,1.99707,1.98833,1.97843,1.96739,1.95522,1.94192,1.92749,1.91196,1.89532,1.87759,1.85878,1.8389,1.81796,1.79597,1.77296,1.74892,1.72388,1.69784,1.67082,1.64283,1.61389,1.58401,1.55319,1.52146,1.48881,1.45526,1.42081,1.38547,1.34923,1.3121,1.27406,1.2351,1.19519,1.15431
9000,1.95664,1.95608,1.95439,1.95157,1.94763,1.94257,1.9364,1.9291,1.9207,1.9112,1.9006,1.8889,1.87613,1.86228,1.84736,1.83138,1.81436,1.79629,1.7772,1.75709,1.73598,1.71387,1.69078,1.66672,1.6417,1.61572,1.58881,1.56098,1.53222,1.50255,1.47199,1.44052,1.40817,1.37492,1.34078,1.30574,1.2698,1.23294,1.19514,1.15639,1.11665
9600,1.89034,1.8898,1.88817,1.88547,1.88169,1.87684,1.87091,1.86391,1.85585,1.84672,1.83655,1.82532,1.81306,1.79976,1.78543,1.77009,1.75374,1.73639,1.71804,1.69872,1.67843,1.65717,1.63496,1.61182,1.58774,1.56273,1.53681,1.50999,1.48227,1.45365,1.42415,1.39376,1.36249,1.33034,1.2973,1.26337,1.22853,1.19279,1.1561,1.11845,1.07979
10200,1.82686,1.82634,1.82479,1.82219,1.81856,1.8139,1.80821,1.80149,1.79375,1.78499,1.77521,1.76443,1.75265,1.73987,1.72611,1.71136,1.69564,1.67896,1.66131,1.64273,1.6232,1.60274,1.58135,1.55905,1.53585,1.51174,1.48674,1.46086,1.43409,1.40645,1.37793,1.34854,1.31827,1.28713,1.2551,1.22218,1.18836,1.15362,1.11792,1.08125,1.04355
10800,1.76618,1.76568,1.76418,1.76169,1.7582,1.75372,1.74825,1.74179,1.73435,1.72593,1.71653,1.70617,1.69483,1.68254,1.6693,1.65511,1.63998,1.62391,1.60692,1.58902,1.5702,1.55047,1.52985,1.50834,1.48595,1.46267,1.43852,1.4135,1.38762,1.36087,1.33326,1.30479,1.27545,1.24523,1.21414,1.18215,1.14926,1.11544,1.08067,1.04491,1.00812
11400,1.70815,1.70767,1.70623,1.70383,1.70047,1.69616,1.6909,1.68468,1.67752,1.66941,1.66036,1.65038,1.63946,1.62762,1.61486,1.60118,1.5866,1.57111,1.55472,1.53745,1.51928,1.50024,1.48033,1.45955,1.4379,1.4154,1.39204,1.36783,1.34277,1.31686,1.2901,1.26249,1.23402,1.20469,1.17447,1.14337,1.11135,1.07839,1.04446,1.00953,0.973549
12000,1.65268,1.65221,1.65083,1.64852,1.64528,1.64113,1.63606,1.63007,1.62316,1.61535,1.60662,1.597,1.58647,1.57505,1.56274,1.54954,1.53547,1.52051,1.50469,1.488,1.47045,1.45205,1.43279,1.41269,1.39174,1.36996,1.34733,1.32387,1.29958,1.27444,1.24847,1.22165,1.19397,1.16544,1.13603,1.10573,1.07451,1.04235,1.00921,0.975042,0.939806
12600,1.59964,1.5992,1.59786,1.59563,1.59251,1.5885,1.58361,1.57783,1.57116,1.56362,1.5552,1.5459,1.53574,1.52471,1.51281,1.50006,1.48645,1.472,1.4567,1.44055,1.42357,1.40576,1.38711,1.36764,1.34734,1.32622,1.30428,1.28152,1.25793,1.23352,1.20827,1.1822,1.15527,1.12749,1.09883,1.06928,1.03881,1.0074,0.974996,0.941566,0.907057
13200,1.5489,1.54847,1.54718,1.54503,1.54201,1.53814,1.53341,1.52782,1.52138,1.51408,1.50594,1.49695,1.48712,1.47645,1.46494,1.4526,1.43943,1.42543,1.41061,1.39498,1.37852,1.36125,1.34317,1.32428,1.30459,1.28409,1.26278,1.24067,1.21774,1.194,1.16945,1.14407,1.11785,1.09079,1.06285,1.03404,1.00431,0.973637,0.941977,0.909273,0.875455
13800,1.50027,1.49985,1.4986,1.49651,1.4936,1.48985,1.48527,1.47986,1.47363,1.46657,1.45868,1.44998,1.44046,1.43012,1.41897,1.40702,1.39425,1.38069,1.36632,1.35115,1.33519,1.31844,1.30089,1.28255,1.26343,1.24351,1.22281,1.20131,1.17902,1.15593,1.13203,1.10732,1.08178,1.0554,1.02816,1.00004,0.971011,0.941031,0.910054,0.878019,0.844849
14400,1.45361,1.4532,1.45199,1.44997,1.44715,1.44351,1.43908,1.43384,1.4278,1.42096,1.41332,1.40488,1.39565,1.38563,1.37482,1.36322,1.35084,1.33768,1.32374,1.30902,1.29352,1.27725,1.26021,1.2424,1.22381,1.20445,1.18432,1.1634,1.14171,1.11923,1.09596,1.07188,1.04698,1.02126,0.99468,0.967224,0.938858,0.909541,0.879224,0.847848,0.815346
15000,1.40881,1.40842,1.40724,1.40529,1.40255,1.39903,1.39473,1.38964,1.38379,1.37715,1.36974,1.36156,1.35261,1.34288,1.33239,1.32114,1.30912,1.29634,1.28281,1.26851,1.25346,1.23765,1.22109,1.20377,1.1857,1.16687,1.14728,1.12692,1.1058,1.08391,1.06123,1.03775,1.01347,0.988355,0.962398,0.935566,0.907827,0.87914,0.849454,0.818705,0.786812
15600,1.3658,1.36542,1.36428,1.36238,1.35972,1.3563,1.35213,1.3472,1.34151,1.33508,1.32788,1.31994,1.31125,1.30181,1.29162,1.28069,1.26902,1.25661,1.24345,1.22956,1.21493,1.19956,1.18345,1.1666,1.14902,1.13069,1.11162,1.0918,1.07122,1.04988,1.02776,1.00487,0.981167,0.956649,0.93129,0.90506,0.877923,0.849837,0.820747,0.790584,0.759263
16200,1.32447,1.3241,1.323,1.32115,1.31857,1.31525,1.3112,1.30641,1.30089,1.29464,1.28765,1.27994,1.2715,1.26232,1.25243,1.24181,1.23046,1.21839,1.2056,1.19209,1.17786,1.16291,1.14724,1.13084,1.11372,1.09587,1.0773,1.05798,1.03792,1.01711,0.995544,0.973197,0.950059,0.926109,0.901321,0.875667,0.849107,0.821595,0.793073,0.763468,0.732687
16800,1.28475,1.28439,1.28332,1.28153,1.27902,1.2758,1.27186,1.26721,1.26184,1.25577,1.24898,1.24148,1.23327,1.22436,1.21474,1.20441,1.19337,1.18164,1.1692,1.15605,1.1422,1.12765,1.11239,1.09643,1.07975,1.06237,1.04426,1.02543,1.00587,0.985575,0.964524,0.942707,0.920105,0.896699,0.87246,0.847356,0.821348,0.794384,0.766404,0.737329,0.707059
17400,1.24656,1.24622,1.24517,1.24343,1.24099,1.23786,1.23403,1.22951,1.2243,1.21839,1.21179,1.2045,1.19652,1.18784,1.17849,1.16844,1.1577,1.14628,1.13418,1.12138,1.1079,1.09373,1.07887,1.06332,1.04707,1.03012,1.01247,0.99411,0.975029,0.955219,0.934666,0.913356,0.89127,0.868385,0.844671,0.820096,0.794615,0.768176,0.740712,0.712139,0.682352
18000,1.20984,1.2095,1.20848,1.20679,1.20442,1.20138,1.19765,1.19326,1.18818,1.18244,1.17602,1.16892,1.16116,1.15272,1.14362,1.13384,1.12339,1.11227,1.10048,1.08803,1.0749,1.06109,1.04661,1.03146,1.01562,0.999096,0.981881,0.963967,0.945345,0.926004,0.905931,0.885109,0.863517,0.841132,0.817923,0.793853,0.768877,0.742938,0.715966,0.687871,0.658537
18600,1.17451,1.17418,1.1732,1.17155,1.16924,1.16628,1.16266,1.15838,1.15345,1.14785,1.14161,1.1347,1.12715,1.11894,1.11007,1.10055,1.09038,1.07955,1.06807,1.05593,1.04314,1.02969,1.01558,1.0008,0.985359,0.969242,0.952446,0.934963,0.916782,0.897893,0.87828,0.857926,0.83681,0.814905,0.79218,0.768595,0.744102,0.718641,0.692137,0.664493,0.635586
19200,1.14053,1.14021,1.13925,1.13765,1.1354,1.13252,1.12899,1.12483,1.12003,1.11458,1.1085,1.10178,1.09443,1.08643,1.0778,1.06853,1.05862,1.04807,1.03688,1.02506,1.01259,0.999478,0.985718,0.971309,0.956244,0.940519,0.924126,0.907057,0.889301,0.870846,0.851676,0.831773,0.811113,0.78967,0.767409,0.744289,0.720258,0.695253,0.669194,0.641977,0.61347
19800,1.10784,1.10752,1.10659,1.10503,1.10284,1.10004,1.0966,1.09255,1.08787,1.08257,1.07665,1.07011,1.06294,1.05516,1.04675,1.03771,1.02806,1.01778,1.00688,0.995351,0.983196,0.970409,0.95699,0.942933,0.928233,0.912884,0.896879,0.880209,0.862862,0.844825,0.826082,0.806612,0.786392,0.765392,0.743577,0.720902,0.697314,0.672744,0.647108,0.620293,0.592159
20400,1.07637,1.07607,1.07516,1.07364,1.07151,1.06878,1.06544,1.06149,1.05694,1.05177,1.04601,1.03963,1.03265,1.02506,1.01687,1.00807,0.998657,0.988639,0.97801,0.966769,0.954915,0.942443,0.92935,0.915633,0.901284,0.886299,0.870668,0.854382,0.837429,0.819795,0.801462,0.782409,0.762612,0.742038,0.720651,0.698404,0.675239,0.651084,0.625848,0.599413,0.571625
21000,1.0461,1.04581,1.04492,1.04344,1.04137,1.0387,1.03545,1.0316,1.02716,1.02214,1.01652,1.0103,1.0035,0.996107,0.98812,0.97954,0.970367,0.960598,0.950233,0.93927,0.927705,0.915536,0.902759,0.889369,0.87536,0.860725,0.845454,0.829539,0.812966,0.79572,0.777782,0.759131,0.73974,0.719576,0.6986,0.676763,0.654003,0.630244,0.605388,0.579309,0.551841
21600,1.01697,1.01668,1.01581,1.01437,1.01235,1.00976,1.00659,1.00284,0.998517,0.993616,0.988138,0.982084,0.975453,0.968244,0.960457,0.952092,0.943146,0.933618,0.923508,0.912812,0.901527,0.889651,0.877178,0.864103,0.850421,0.836124,0.821201,0.805643,0.789436,0.772564,0.755008,0.736744,0.717745,0.697975,0.677394,0.655949,0.633576,0.610194,0.585698,0.559954,0.532779
22200,0.988931,0.98865,0.987807,0.986402,0.984435,0.981906,0.978815,0.975162,0.970947,0.96617,0.96083,0.954928,0.948462,0.941433,0.933839,0.92568,0.916954,0.907659,0.897794,0.887356,0.876342,0.864747,0.852568,0.839799,0.826432,0.812461,0.797874,0.782661,0.766807,0.750296,0.733107,0.715216,0.696594,0.677204,0.657002,0.635934,0.613932,0.590908,0.566753,0.54132,0.514414
22800,0.961948,0.961674,0.960853,0.959483,0.957566,0.9551,0.952087,0.948525,0.944416,0.939758,0.934551,0.928795,0.92249,0.915634,0.908226,0.900266,0.891752,0.882682,0.873054,0.862865,0.852112,0.84079,0.828895,0.81642,0.803358,0.789701,0.775439,0.760559,0.745046,0.728883,0.712049,0.694517,0.676258,0.657233,0.637396,0.61669,0.595041,0.572359,0.548526,0.523384,0.496721
23400,0.935979,0.935712,0.934911,0.933575,0.931706,0.929302,0.926363,0.92289,0.918883,0.91434,0.909261,0.903647,0.897496,0.890807,0.88358,0.875812,0.867503,0.858651,0.849252,0.839303,0.828802,0.817743,0.806122,0.793932,0.781165,0.767812,0.753862,0.739304,0.72412,0.708294,0.691801,0.674617,0.656708,0.638035,0.618549,0.598189,0.576879,0.554522,0.530991,0.506119,0.479675
24000,0.910985,0.910724,0.909943,0.90864,0.906817,0.904472,0.901606,0.898219,0.894309,0.889878,0.884923,0.879446,0.873444,0.866917,0.859864,0.852283,0.844172,0.835529,0.826351,0.816635,0.806378,0.795574,0.784217,0.772302,0.759819,0.74676,0.733114,0.718866,0.704,0.688498,0.672337,0.655487,0.637916,0.619581,0.600432,0.580405,0.559419,0.537371,0.514126,0.489503,0.463252
24600,0.886928,0.886674,0.885912,0.884641,0.882862,0.880575,0.877779,0.874474,0.87066,0.866336,0.861502,0.856156,0.850299,0.843928,0.837043,0.829642,0.821722,0.813282,0.804318,0.794828,0.784806,0.774248,0.763147,0.751498,0.73929,0.726516,0.713162,0.699214,0.684656,0.669468,0.653626,0.637099,0.619854,0.601846,0.583021,0.563313,0.542637,0.520883,0.497906,0.473512,0.447429
25200,0.863774,0.863526,0.862782,0.861542,0.859807,0.857575,0.854847,0.851621,0.847899,0.843679,0.838961,0.833743,0.828025,0.821806,0.815083,0.807856,0.800122,0.791878,0.783121,0.773848,0.764054,0.753734,0.742881,0.731489,0.719548,0.707048,0.693977,0.68032,0.66606,0.651175,0.635641,0.619427,0.602496,0.584802,0.56629,0.546889,0.526509,0.505034,0.482309,0.458125,0.432185
25800,0.841487,0.841245,0.840519,0.839309,0.837616,0.835437,0.832775,0.829627,0.825993,0.821874,0.817268,0.812174,0.806591,0.800517,0.793952,0.786894,0.779338,0.771284,0.762728,0.753666,0.744092,0.734002,0.72339,0.712246,0.700563,0.688329,0.675532,0.662156,0.648184,0.633592,0.618356,0.602444,0.585817,0.568427,0.550216,0.53111,0.511013,0.489802,0.467314,0.44332,0.417499
26400,0.820035,0.819799,0.819091,0.81791,0.816256,0.81413,0.81153,0.808457,0.80491,0.800888,0.79639,0.791416,0.785964,0.780032,0.773619,0.766723,0.759342,0.751471,0.743109,0.73425,0.72489,0.715023,0.704643,0.69374,0.682307,0.670331,0.657799,0.644695,0.631001,0.616694,0.601746,0.586126,0.569792,0.552696,0.534775,0.515951,0.496126,0.475167,0.452899,0.429078,0.40335
27000,0.799387,0.799156,0.798464,0.797312,0.795697,0.793621,0.791083,0.788082,0.784618,0.78069,0.776297,0.771439,0.766113,0.760318,0.754053,0.747315,0.740101,0.732409,0.724234,0.715573,0.70642,0.696769,0.686613,0.675944,0.664752,0.653026,0.640751,0.627911,0.614486,0.600454,0.585786,0.570449,0.554399,0.537585,0.519944,0.501393,0.481827,0.461107,0.439046,0.415378,0.389718
27600,0.779511,0.779286,0.77861,0.777484,0.775908,0.77388,0.771401,0.768471,0.765087,0.761251,0.75696,0.752213,0.74701,0.741348,0.735225,0.72864,0.721589,0.714069,0.706076,0.697606,0.688653,0.679212,0.669274,0.658831,0.647874,0.636389,0.624363,0.611778,0.598615,0.58485,0.570453,0.555388,0.539613,0.523074,0.505703,0.487414,0.468097,0.447604,0.425734,0.402203,0.376586
28200,0.760378,0.760158,0.759498,0.758399,0.756859,0.754878,0.752457,0.749594,0.746289,0.74254,0.738348,0.73371,0.728625,0.723092,0.717108,0.710671,0.703777,0.696424,0.688608,0.680323,0.671564,0.662326,0.652599,0.642376,0.631645,0.620395,0.60861,0.596273,0.583364,0.569857,0.555722,0.540923,0.525414,0.509139,0.492029,0.473993,0.454915,0.434637,0.412946,0.389533,0.363935
28800,0.74196,0.741745,0.741101,0.740026,0.738522,0.736587,0.734221,0.731424,0.728194,0.724532,0.720435,0.715902,0.710932,0.705524,0.699674,0.69338,0.686639,0.679448,0.671802,0.663697,0.655127,0.646085,0.636563,0.626553,0.616042,0.605019,0.593469,0.581373,0.568709,0.555453,0.541573,0.527031,0.51178,0.495762,0.478904,0.461112,0.442262,0.42219,0.400664,0.377354,0.351747
29400,0.724229,0.724019,0.72339,0.72234,0.72087,0.718979,0.716667,0.713934,0.710778,0.707198,0.703193,0.698763,0.693905,0.688616,0.682896,0.676742,0.670149,0.663115,0.655635,0.647704,0.639317,0.630465,0.621142,0.611338,0.601042,0.59024,0.578916,0.567054,0.554629,0.541617,0.527983,0.513691,0.49869,0.482921,0.466307,0.44875,0.430121,0.410243,0.388872,0.365647,0.340006
30000,0.70716,0.706955,0.706339,0.705313,0.703877,0.702029,0.699769,0.697098,0.694012,0.690513,0.686598,0.682267,0.677516,0.672345,0.666751,0.660731,0.654283,0.647401,0.640081,0.63232,0.624109,0.615443,0.606313,0.59671,0.586621,0.576033,0.564931,0.553295,0.541102,0.528326,0.514933,0.500883,0.486125,0.470597,0.45422,0.436891,0.418473,0.398781,0.377552,0.354397,0.328697
30600,0.690726,0.690526,0.689924,0.688922,0.687517,0.685711,0.683502,0.68089,0.677874,0.674453,0.670625,0.666389,0.661743,0.656686,0.651214,0.645325,0.639016,0.632282,0.625118,0.617521,0.609482,0.600996,0.592054,0.582644,0.572757,0.562378,0.55149,0.540074,0.528107,0.515561,0.502402,0.488587,0.474065,0.458772,0.442625,0.425516,0.407302,0.387787,0.36669,0.34359,0.317804
31200,0.674904,0.674708,0.67412,0.67314,0.671767,0.670001,0.667841,0.665287,0.662338,0.658992,0.655249,0.651106,0.646562,0.641615,0.636262,0.6305,0.624325,0.617735,0.610723,0.603285,0.595413,0.587102,0.578341,0.569121,0.55943,0.549253,0.538574,0.527372,0.515625,0.503302,0.49037,0.476784,0.462493,0.447428,0.431504,0.414609,0.396592,0.377246,0.356271,0.333211,0.307312
31800,0.65967,0.659479,0.658903,0.657945,0.656602,0.654875,0.652763,0.650266,0.647381,0.644109,0.640447,0.636395,0.631949,0.627109,0.621871,0.616232,0.610189,0.603738,0.596873,0.58959,0.581881,0.573739,0.565155,0.556119,0.546618,0.536638,0.526162,0.515169,0.503635,0.49153,0.478819,0.465457,0.45139,0.436547,0.42084,0.404152,0.386326,0.367142,0.34628,0.323246,0.297208
32400,0.645001,0.644814,0.644251,0.643314,0.642001,0.640312,0.638246,0.635803,0.632981,0.62978,0.626198,0.622233,0.617884,0.613147,0.608021,0.602502,0.596587,0.59027,0.583549,0.576416,0.568864,0.560887,0.552476,0.543618,0.534303,0.524514,0.514236,0.503446,0.49212,0.480227,0.467732,0.454587,0.440738,0.426112,0.410617,0.394131,0.37649,0.357461,0.336704,0.313683,0.287478
33000,0.630876,0.630692,0.630142,0.629225,0.627941,0.626288,0.624267,0.621877,0.619117,0.615985,0.61248,0.6086,0.604344,0.599708,0.59469,0.589288,0.583496,0.577311,0.570728,0.563742,0.556344,0.548527,0.540283,0.531599,0.522464,0.512862,0.502776,0.492184,0.48106,0.469375,0.457089,0.444158,0.430521,0.416107,0.400818,0.38453,0.367068,0.348189,0.327529,0.304509,0.278109
33600,0.617272,0.617093,0.616555,0.615657,0.614401,0.612784,0.610807,0.608468,0.605767,0.602702,0.599272,0.595475,0.591309,0.586771,0.581859,0.576569,0.570898,0.564841,0.558393,0.551548,0.5443,0.536639,0.528557,0.520043,0.511084,0.501663,0.491765,0.481365,0.470439,0.458956,0.446876,0.434151,0.420723,0.406516,0.391429,0.375333,0.358046,0.339312,0.318742,0.295711,0.26909
34200,0.604171,0.603995,0.603469,0.602591,0.601361,0.599779,0.597844,0.595556,0.592912,0.589912,0.586555,0.582838,0.57876,0.574317,0.569508,0.564328,0.558774,0.552841,0.546524,0.539817,0.532714,0.525205,0.517282,0.508932,0.500144,0.490901,0.481184,0.470973,0.46024,0.448954,0.437074,0.424553,0.411328,0.397323,0.382434,0.366526,0.349411,0.330816,0.310332,0.287279,0.260408
34800,0.591552,0.59138,0.590865,0.590005,0.588802,0.587254,0.58536,0.58312,0.580532,0.577596,0.574309,0.570671,0.566677,0.562327,0.557617,0.552544,0.547104,0.541292,0.535103,0.528531,0.521568,0.514207,0.506438,0.498249,0.489627,0.480557,0.471019,0.460991,0.450446,0.439352,0.427668,0.415345,0.40232,0.388513,0.373819,0.358096,0.341148,0.32269,0.302286,0.279202,0.252053
35400,0.579397,0.579228,0.578724,0.577883,0.576705,0.575189,0.573336,0.571143,0.568609,0.565735,0.562517,0.558954,0.555043,0.550783,0.54617,0.5412,0.535871,0.530176,0.524112,0.51767,0.510845,0.503628,0.496009,0.487977,0.479517,0.470615,0.461251,0.451402,0.441041,0.430135,0.418644,0.406515,0.393685,0.380073,0.365569,0.350027,0.333244,0.31492,0.294592,0.271469,0.244013
36000,0.567687,0.567522,0.567028,0.566205,0.565051,0.563568,0.561753,0.559606,0.557125,0.55431,0.551159,0.54767,0.54384,0.539667,0.535148,0.53028,0.525058,0.519478,0.513534,0.50722,0.500529,0.493452,0.485979,0.478099,0.469798,0.46106,0.451865,0.442192,0.43201,0.421289,0.409984,0.398046,0.385408,0.371987,0.35767,0.342307,0.325687,0.307495,0.28724,0.26407,0.236279
36600,0.556405,0.556243,0.55576,0.554954,0.553824,0.552372,0.550594,0.548492,0.546063,0.543306,0.54022,0.536802,0.53305,0.528962,0.524535,0.519765,0.514648,0.509179,0.503353,0.497163,0.490602,0.483662,0.476332,0.4686,0.460454,0.451876,0.442847,0.433344,0.423339,0.412797,0.401676,0.389925,0.377475,0.364242,0.350109,0.334923,0.318463,0.300402,0.280218,0.256996,0.228841
37200,0.545534,0.545376,0.544902,0.544113,0.543007,0.541584,0.539844,0.537784,0.535405,0.532705,0.529682,0.526334,0.522658,0.518653,0.514315,0.50964,0.504625,0.499264,0.493553,0.487484,0.48105,0.474242,0.467052,0.459465,0.451469,0.443048,0.434181,0.424845,0.415011,0.404646,0.393706,0.382137,0.369873,0.356824,0.342874,0.327862,0.311561,0.293629,0.273515,0.250235,0.22169
37800,0.535058,0.534903,0.534439,0.533666,0.532583,0.531189,0.529484,0.527467,0.525137,0.522491,0.519529,0.516249,0.512648,0.508723,0.504472,0.49989,0.494974,0.489719,0.484119,0.478167,0.471857,0.465179,0.458124,0.450679,0.442831,0.434562,0.425853,0.41668,0.407015,0.396822,0.386059,0.37467,0.362587,0.34972,0.33595,0.321111,0.304968,0.287165,0.267122,0.243781,0.214817
38400,0.524961,0.524809,0.524355,0.523598,0.522537,0.521171,0.519501,0.517525,0.515242,0.51265,0.509747,0.506533,0.503004,0.499157,0.49499,0.490499,0.48568,0.480527,0.475036,0.469199,0.463009,0.456458,0.449535,0.442228,0.434523,0.426404,0.417849,0.408836,0.399335,0.389312,0.378722,0.36751,0.355606,0.342919,0.329326,0.314658,0.298673,0.281,0.261027,0.237623,0.208214
39000,0.515228,0.51508,0.514635,0.513893,0.512853,0.511515,0.509879,0.507943,0.505705,0.503165,0.500321,0.497171,0.493712,0.489941,0.485856,0.481453,0.476728,0.471675,0.46629,0.460565,0.454493,0.448065,0.441271,0.434099,0.426534,0.41856,0.410156,0.4013,0.39196,0.382102,0.371682,0.360644,0.348916,0.336406,0.322989,0.308492,0.292664,0.27512,0.25522,0.231753,0.201872
39600,0.505846,0.5057,0.505264,0.504537,0.503518,0.502207,0.500603,0.498706,0.496513,0.494024,0.491236,0.488148,0.484757,0.481061,0.477056,0.472739,0.468105,0.46315,0.457868,0.452251,0.446294,0.439986,0.433318,0.426277,0.418849,0.411018,0.402762,0.394058,0.384876,0.375181,0.364928,0.35406,0.342506,0.33017,0.316927,0.302599,0.286929,0.269517,0.249692,0.226162,0.195783
40200,0.496799,0.496656,0.496229,0.495516,0.494517,0.493233,0.491661,0.489801,0.487652,0.485212,0.482479,0.479451,0.476127,0.472503,0.468576,0.464342,0.459798,0.454937,0.449755,0.444245,0.4384,0.432209,0.425664,0.418751,0.411457,0.403764,0.395653,0.387099,0.378072,0.368536,0.358446,0.347746,0.336363,0.3242,0.311129,0.29697,0.281456,0.264177,0.244431,0.220841,0.189941
40800,0.488074,0.487934,0.487515,0.486817,0.485838,0.484579,0.483038,0.481215,0.479108,0.476715,0.474036,0.471068,0.467808,0.464254,0.460403,0.456251,0.451793,0.447025,0.441941,0.436534,0.430797,0.424721,0.418296,0.411508,0.404345,0.396788,0.388818,0.38041,0.371534,0.362155,0.352226,0.341691,0.330476,0.318484,0.305584,0.291592,0.276236,0.259092,0.239427,0.215782,0.184338
41400,0.479659,0.479522,0.479111,0.478426,0.477467,0.476232,0.474722,0.472934,0.470868,0.468522,0.465895,0.462985,0.459788,0.456302,0.452525,0.448452,0.444079,0.439401,0.434412,0.429106,0.423475,0.417511,0.411202,0.404537,0.397501,0.390077,0.382245,0.37398,0.365253,0.356027,0.346256,0.335883,0.324834,0.31301,0.30028,0.286454,0.271257,0.25425,0.234672,0.210976,0.178966
42000,0.471541,0.471407,0.471004,0.470333,0.469392,0.468181,0.4667,0.464947,0.462921,0.460621,0.458044,0.455189,0.452054,0.448635,0.444929,0.440933,0.436643,0.432052,0.427157,0.421949,0.416422,0.410566,0.404372,0.397826,0.390914,0.38362,0.375923,0.367799,0.359217,0.350141,0.340525,0.330312,0.319426,0.307769,0.295206,0.281547,0.266508,0.249641,0.230154,0.206414,0.17382
42600,0.463708,0.463577,0.463182,0.462523,0.461601,0.460413,0.458961,0.457241,0.455255,0.452998,0.450471,0.447671,0.444595,0.441241,0.437605,0.433684,0.429474,0.424969,0.420164,0.415052,0.409626,0.403876,0.397793,0.391364,0.384574,0.377407,0.369842,0.361855,0.353415,0.344486,0.335023,0.324966,0.314241,0.302749,0.290352,0.276858,0.26198,0.245254,0.225864,0.202088,0.168892
43200,0.456149,0.45602,0.455633,0.454987,0.454082,0.452918,0.451493,0.449806,0.447857,0.445644,0.443165,0.440417,0.4374,0.434109,0.430541,0.426693,0.422561,0.41814,0.413423,0.408405,0.403077,0.397431,0.391456,0.38514,0.378469,0.371426,0.36399,0.356137,0.347837,0.339053,0.329739,0.319837,0.30927,0.29794,0.285708,0.272379,0.257661,0.24108,0.221791,0.197989,0.164176
43800,0.448853,0.448727,0.448347,0.447713,0.446825,0.445683,0.444285,0.442631,0.440718,0.438547,0.436114,0.433418,0.430457,0.427228,0.423726,0.41995,0.415894,0.411554,0.406923,0.401996,0.396764,0.391219,0.38535,0.379145,0.37259,0.365668,0.358359,0.350637,0.342473,0.333831,0.324663,0.314913,0.304503,0.293332,0.281264,0.268099,0.253541,0.237107,0.217926,0.194107,0.159666
44400,0.441809,0.441685,0.441312,0.44069,0.439819,0.438698,0.437327,0.435704,0.433827,0.431696,0.429309,0.426664,0.423757,0.420588,0.417151,0.413444,0.409462,0.405201,0.400654,0.395815,0.390677,0.385231,0.379465,0.373369,0.366927,0.360124,0.352937,0.345344,0.337314,0.32881,0.319787,0.310185,0.299929,0.288917,0.27701,0.264008,0.249611,0.233327,0.214259,0.190434,0.155354
45000,0.435007,0.434885,0.434519,0.433909,0.433054,0.431954,0.430608,0.429015,0.427174,0.425083,0.42274,0.420143,0.41729,0.414179,0.410805,0.407166,0.403256,0.399072,0.394607,0.389855,0.384807,0.379457,0.373792,0.367802,0.361471,0.354783,0.347717,0.34025,0.33235,0.323982,0.3151,0.305645,0.29554,0.284684,0.272937,0.260098,0.245862,0.229729,0.21078,0.186961,0.151235
45600,0.428437,0.428317,0.427958,0.427359,0.42652,0.425441,0.42412,0.422556,0.420749,0.418696,0.416396,0.413847,0.411047,0.407992,0.404679,0.401106,0.397267,0.393157,0.388772,0.384104,0.379146,0.373889,0.368322,0.362435,0.356212,0.349637,0.342689,0.335344,0.327573,0.319338,0.310594,0.301283,0.291327,0.280625,0.269036,0.256358,0.242283,0.226303,0.207479,0.183678,0.147303
46200,0.422089,0.421972,0.421619,0.421032,0.420208,0.419149,0.417852,0.416317,0.414542,0.412527,0.410269,0.407766,0.405017,0.402017,0.398764,0.395255,0.391484,0.387448,0.38314,0.378554,0.373683,0.368517,0.363047,0.35726,0.351142,0.344677,0.337845,0.33062,0.322974,0.31487,0.306261,0.297091,0.287281,0.27673,0.265298,0.25278,0.238866,0.223042,0.204347,0.180576,0.143551
46800,0.415956,0.41584,0.415494,0.414917,0.414109,0.413069,0.411795,0.410288,0.408546,0.406567,0.40435,0.401892,0.399192,0.396246,0.393051,0.389604,0.3859,0.381935,0.377703,0.373197,0.36841,0.363333,0.357956,0.352268,0.346253,0.339896,0.333176,0.326068,0.318545,0.310568,0.302093,0.29306,0.283395,0.272993,0.261715,0.249356,0.235603,0.219935,0.201375,0.177645,0.139972
47400,0.410027,0.409914,0.409574,0.409008,0.408214,0.407192,0.405942,0.404462,0.402751,0.400808,0.39863,0.396216,0.393564,0.39067,0.387532,0.384146,0.380507,0.376611,0.372452,0.368024,0.36332,0.35833,0.353044,0.347451,0.341537,0.335285,0.328674,0.321682,0.314278,0.306426,0.298081,0.289184,0.27966,0.269405,0.258279,0.246077,0.232484,0.216974,0.198554,0.174877,0.13656
48000,0.404296,0.404184,0.403851,0.403294,0.402515,0.401511,0.400283,0.39883,0.397149,0.395241,0.393102,0.390731,0.388125,0.385282,0.382199,0.378872,0.375296,0.371468,0.367381,0.363029,0.358404,0.353499,0.348302,0.342803,0.336986,0.330836,0.324333,0.317453,0.310166,0.302436,0.294219,0.285455,0.276069,0.265958,0.254983,0.242936,0.229502,0.214151,0.195874,0.172262,0.133309
48600,0.398753,0.398644,0.398316,0.397769,0.397004,0.396018,0.394812,0.393384,0.391733,0.389858,0.387756,0.385427,0.382867,0.380073,0.377044,0.373774,0.37026,0.366498,0.36248,0.358202,0.353656,0.348833,0.343723,0.338314,0.332593,0.326543,0.320145,0.313374,0.306201,0.298591,0.290498,0.281864,0.272614,0.262646,0.251818,0.239925,0.22665,0.211458,0.193327,0.169792,0.130212
49200,0.393391,0.393284,0.392962,0.392425,0.391673,0.390704,0.389519,0.388116,0.386494,0.384652,0.382587,0.380298,0.377782,0.375037,0.372059,0.368846,0.365392,0.361693,0.357744,0.353538,0.349068,0.344325,0.339299,0.333979,0.328351,0.322399,0.316103,0.309438,0.302377,0.294884,0.286913,0.278407,0.26929,0.259461,0.248779,0.237038,0.223919,0.208887,0.190906,0.167458,0.127263
49800,0.388204,0.388098,0.387782,0.387254,0.386515,0.385563,0.384399,0.38302,0.381426,0.379615,0.377586,0.375336,0.372864,0.370165,0.367239,0.36408,0.360684,0.357048,0.353165,0.349029,0.344633,0.339968,0.335025,0.329791,0.324254,0.318397,0.3122,0.30564,0.298688,0.291308,0.283457,0.275075,0.266089,0.256397,0.245858,0.234266,0.221303,0.20643,0.188602,0.16525,0.124455
50400,0.383183,0.383079,0.382768,0.38225,0.381523,0.380588,0.379443,0.378088,0.376522,0.374742,0.372747,0.370536,0.368105,0.365452,0.362575,0.359469,0.35613,0.352554,0.348736,0.344668,0.340344,0.335756,0.330893,0.325743,0.320295,0.31453,0.30843,0.301972,0.295126,0.287858,0.280123,0.271864,0.263005,0.253447,0.243048,0.231604,0.218795,0.204081,0.186408,0.163162,0.121783
51000,0.378322,0.37822,0.377915,0.377405,0.376691,0.375771,0.374646,0.373314,0.371774,0.370024,0.368063,0.365889,0.363499,0.360891,0.358062,0.355007,0.351724,0.348207,0.344451,0.34045,0.336196,0.331682,0.326897,0.32183,0.316467,0.310793,0.304788,0.298429,0.291687,0.284528,0.276906,0.268766,0.260033,0.250606,0.240345,0.229046,0.21639,0.201833,0.184316,0.161185,0.119239
51600,0.373615,0.373515,0.373215,0.372713,0.372011,0.371107,0.370001,0.368691,0.367177,0.365457,0.363528,0.36139,0.35904,0.356475,0.353692,0.350688,0.347459,0.343999,0.340305,0.336368,0.332183,0.327741,0.323032,0.318045,0.312766,0.30718,0.301267,0.295005,0.288364,0.281311,0.273801,0.265777,0.257166,0.247868,0.237743,0.226586,0.21408,0.19968,0.182321,0.159312,0.116818
52200,0.369056,0.368957,0.368662,0.368169,0.367479,0.36659,0.365502,0.364214,0.362725,0.361033,0.359136,0.357033,0.354722,0.352199,0.349462,0.346506,0.343329,0.339926,0.33629,0.332417,0.328298,0.323926,0.319291,0.314382,0.309185,0.303685,0.297862,0.291694,0.285152,0.278203,0.270801,0.262891,0.2544,0.245227,0.235235,0.224219,0.21186,0.197616,0.180415,0.157535,0.114514
52800,0.364638,0.364541,0.364251,0.363766,0.363087,0.362213,0.361143,0.359876,0.358411,0.356747,0.354881,0.352813,0.350539,0.348057,0.345364,0.342456,0.33933,0.335981,0.332403,0.328591,0.324537,0.320234,0.315671,0.310837,0.30572,0.300303,0.294568,0.288492,0.282046,0.275198,0.267902,0.260103,0.251729,0.24268,0.232817,0.221939,0.209726,0.195636,0.178593,0.155848,0.11232
53400,0.360356,0.360261,0.359975,0.359498,0.35883,0.35797,0.356918,0.355671,0.35423,0.352593,0.350758,0.348722,0.346485,0.344043,0.341393,0.338531,0.335455,0.332159,0.328637,0.324885,0.320894,0.316657,0.312164,0.307405,0.302365,0.29703,0.29138,0.285393,0.279042,0.272291,0.265099,0.257409,0.249149,0.24022,0.230485,0.219741,0.207672,0.193734,0.17685,0.154245,0.110231
54000,0.356205,0.356111,0.35583,0.355361,0.354703,0.353857,0.352822,0.351595,0.350177,0.348566,0.34676,0.344757,0.342555,0.340152,0.337544,0.334728,0.331699,0.328454,0.324988,0.321293,0.317364,0.313192,0.308768,0.30408,0.299116,0.29386,0.288293,0.282394,0.276134,0.269479,0.262388,0.254804,0.246655,0.237844,0.228233,0.217622,0.205694,0.191906,0.17518,0.152719,0.108242
54600,0.352179,0.352087,0.35181,0.351348,0.350701,0.349869,0.34885,0.347643,0.346247,0.344661,0.342884,0.340913,0.338745,0.336379,0.333812,0.33104,0.328058,0.324863,0.32145,0.317812,0.313943,0.309834,0.305476,0.300858,0.295967,0.290788,0.285303,0.279488,0.273318,0.266757,0.259763,0.252283,0.244243,0.235547,0.226058,0.215576,0.203787,0.190147,0.173579,0.151266,0.106347
55200,0.348273,0.348183,0.34791,0.347456,0.346819,0.346,0.344996,0.343808,0.342435,0.340874,0.339124,0.337183,0.33505,0.33272,0.330193,0.327463,0.324527,0.321381,0.31802,0.314437,0.310625,0.306578,0.302285,0.297735,0.292916,0.287812,0.282405,0.276674,0.27059,0.26412,0.257222,0.249843,0.241909,0.233325,0.223956,0.213601,0.201947,0.188454,0.172041,0.149879,0.10454
55800,0.344483,0.344394,0.344126,0.343679,0.343052,0.342245,0.341257,0.340088,0.338735,0.337199,0.335476,0.333565,0.331464,0.32917,0.326681,0.323993,0.321101,0.318003,0.314692,0.311162,0.307407,0.30342,0.299189,0.294706,0.289957,0.284926,0.279596,0.273945,0.267946,0.261565,0.254761,0.247479,0.239649,0.231175,0.221922,0.211691,0.200171,0.186821,0.170564,0.148555,0.102819
56400,0.340805,0.340717,0.340452,0.340012,0.339395,0.3386,0.337628,0.336476,0.335145,0.333631,0.331935,0.330053,0.327984,0.325725,0.323273,0.320625,0.317777,0.314724,0.311462,0.307985,0.304285,0.300355,0.296187,0.291768,0.287086,0.282127,0.276872,0.271299,0.265382,0.259088,0.252375,0.245189,0.23746,0.229093,0.219954,0.209845,0.198455,0.185247,0.169142,0.147289,0.101176
57000,0.337232,0.337146,0.336886,0.336452,0.335844,0.335062,0.334104,0.33297,0.331658,0.330168,0.328496,0.326643,0.324605,0.322379,0.319964,0.317355,0.314549,0.311542,0.308327,0.304901,0.301254,0.297381,0.293272,0.288916,0.2843,0.279411,0.274228,0.268732,0.262896,0.256686,0.250061,0.242969,0.235339,0.227076,0.218048,0.208057,0.196795,0.183726,0.167774,0.146077,0.099609
57600,0.333763,0.333678,0.333421,0.332994,0.332395,0.331625,0.330681,0.329564,0.328272,0.326804,0.325157,0.323331,0.321323,0.31913,0.316751,0.31418,0.311415,0.308451,0.305283,0.301906,0.298312,0.294494,0.290442,0.286147,0.281596,0.276774,0.271663,0.266241,0.260482,0.254355,0.247817,0.240816,0.233282,0.225121,0.216201,0.206326,0.19519,0.182257,0.166454,0.144915,0.0981128
58200,0.330392,0.330308,0.330055,0.329635,0.329045,0.328286,0.327356,0.326255,0.324982,0.323535,0.321913,0.320114,0.318135,0.315974,0.313629,0.311095,0.30837,0.305449,0.302326,0.298996,0.295453,0.291689,0.287694,0.283459,0.27897,0.274213,0.269171,0.263822,0.25814,0.252092,0.245638,0.238726,0.231286,0.223224,0.21441,0.204649,0.193635,0.180836,0.165181,0.143799,0.0966836
58800,0.327116,0.327033,0.326784,0.32637,0.325788,0.32504,0.324124,0.323039,0.321785,0.320359,0.31876,0.316987,0.315037,0.312907,0.310595,0.308098,0.305411,0.302531,0.299452,0.296169,0.292676,0.288963,0.285024,0.280846,0.276418,0.271726,0.266751,0.261472,0.255864,0.249894,0.243523,0.236697,0.229348,0.221384,0.212673,0.203023,0.192129,0.179461,0.163952,0.142728,0.0953178
59400,0.323931,0.323849,0.323604,0.323195,0.322623,0.321885,0.320982,0.319913,0.318677,0.317271,0.315695,0.313947,0.312025,0.309925,0.307646,0.305184,0.302535,0.299695,0.296659,0.293422,0.289976,0.286314,0.282428,0.278307,0.273938,0.269308,0.264399,0.259189,0.253653,0.247759,0.241468,0.234726,0.227466,0.219597,0.210987,0.201445,0.190668,0.17813,0.162763,0.141697,0.0940118
60000,0.320834,0.320753,0.320512,0.320109,0.319544,0.318817,0.317927,0.316873,0.315654,0.314268,0.312715,0.310991,0.309096,0.307026,0.304778,0.30235,0.299738,0.296937,0.293943,0.29075,0.287351,0.283739,0.279905,0.275838,0.271527,0.266958,0.262112,0.256969,0.251504,0.245684,0.23947,0.232811,0.225638,0.217861,0.209349,0.199913,0.189251,0.176839,0.161613,0.140704,0.0927623
60600,0.317821,0.317741,0.317503,0.317106,0.316549,0.315832,0.314955,0.313916,0.312714,0.311347,0.309815,0.308116,0.306247,0.304205,0.301989,0.299594,0.297017,0.294255,0.291301,0.288151,0.284797,0.281233,0.27745,0.273437,0.269182,0.264672,0.259888,0.25481,0.249414,0.243666,0.237528,0.230949,0.223861,0.216173,0.207758,0.198425,0.187876,0.175587,0.1605,0.139746,0.0915663
61200,0.314889,0.314811,0.314576,0.314184,0.313635,0.312928,0.312063,0.311038,0.309853,0.308505,0.306994,0.305318,0.303474,0.301461,0.299274,0.296912,0.29437,0.291645,0.28873,0.285622,0.282313,0.278796,0.275062,0.271101,0.266901,0.262448,0.257724,0.25271,0.24738,0.241703,0.235639,0.229138,0.222132,0.214533,0.206211,0.196979,0.186539,0.174372,0.159421,0.138823,0.0904207
61800,0.312036,0.311958,0.311727,0.31134,0.310799,0.310102,0.309248,0.308237,0.307068,0.305739,0.304248,0.302595,0.300776,0.298789,0.296632,0.294301,0.291793,0.289104,0.286228,0.28316,0.279894,0.276423,0.272737,0.268827,0.26468,0.260283,0.255619,0.250666,0.245401,0.239792,0.233801,0.227375,0.220451,0.212937,0.204707,0.195573,0.185241,0.173191,0.158375,0.13793,0.0893229
62400,0.309257,0.309181,0.308953,0.308571,0.308037,0.307349,0.306507,0.30551,0.304356,0.303045,0.301575,0.299943,0.298148,0.296188,0.29406,0.29176,0.289285,0.28663,0.283792,0.280764,0.27754,0.274113,0.270474,0.266613,0.262518,0.258175,0.253568,0.248676,0.243475,0.237933,0.232011,0.22566,0.218814,0.211383,0.203243,0.194206,0.183978,0.172044,0.15736,0.137067,0.0882704
63000,0.306551,0.306476,0.306251,0.305875,0.305348,0.304669,0.303838,0.302854,0.301716,0.300422,0.298971,0.297361,0.29559,0.293655,0.291554,0.289284,0.286841,0.284221,0.281419,0.27843,0.275247,0.271863,0.268269,0.264456,0.260412,0.256123,0.251572,0.246738,0.241598,0.236121,0.230268,0.223989,0.21722,0.209871,0.201817,0.192874,0.182749,0.170929,0.156373,0.136232,0.0872607
63600,0.303915,0.303841,0.303619,0.303248,0.302727,0.302058,0.301238,0.300267,0.299143,0.297866,0.296434,0.294845,0.293097,0.291187,0.289113,0.286872,0.284461,0.281874,0.279107,0.276155,0.273012,0.26967,0.266121,0.262355,0.25836,0.254123,0.249626,0.24485,0.23977,0.234356,0.22857,0.222362,0.215667,0.208398,0.200429,0.191578,0.181552,0.169844,0.155415,0.135422,0.0862915
64200,0.301347,0.301273,0.301054,0.300687,0.300174,0.299513,0.298704,0.297745,0.296636,0.295376,0.293962,0.292393,0.290667,0.288782,0.286735,0.284522,0.282141,0.279586,0.276854,0.273939,0.270835,0.267534,0.264028,0.260308,0.256361,0.252173,0.24773,0.24301,0.237988,0.232636,0.226915,0.220776,0.214154,0.206962,0.199076,0.190315,0.180387,0.168788,0.154483,0.134638,0.0853607
64800,0.298843,0.29877,0.298554,0.298192,0.297685,0.297033,0.296234,0.295287,0.294192,0.292948,0.291552,0.290003,0.288299,0.286437,0.284416,0.282231,0.279879,0.277356,0.274658,0.271778,0.268712,0.265451,0.261987,0.258311,0.254411,0.250273,0.245881,0.241215,0.236251,0.230959,0.225302,0.219229,0.212679,0.205562,0.197758,0.189084,0.179252,0.167759,0.153576,0.133876,0.0844663
65400,0.296401,0.29633,0.296116,0.295759,0.295258,0.294614,0.293825,0.292891,0.29181,0.290581,0.289202,0.287673,0.28599,0.284151,0.282155,0.279996,0.277673,0.275181,0.272516,0.269671,0.266642,0.26342,0.259997,0.256364,0.25251,0.24842,0.244078,0.239465,0.234557,0.229324,0.223728,0.217721,0.21124,0.204197,0.196472,0.187884,0.178145,0.166757,0.152694,0.133137,0.0836066
66000,0.29402,0.29395,0.293738,0.293386,0.292891,0.292255,0.291476,0.290553,0.289485,0.288272,0.28691,0.285399,0.283737,0.281921,0.279949,0.277817,0.275522,0.27306,0.270427,0.267616,0.264622,0.261438,0.258056,0.254465,0.250655,0.246612,0.242319,0.237758,0.232904,0.227728,0.222193,0.21625,0.209836,0.202866,0.195218,0.186713,0.177066,0.165779,0.151834,0.132418,0.0827796
66600,0.291697,0.291627,0.291419,0.29107,0.290582,0.289954,0.289184,0.288273,0.287218,0.286019,0.284674,0.283182,0.28154,0.279746,0.277797,0.275691,0.273423,0.27099,0.268388,0.26561,0.262652,0.259505,0.256161,0.252612,0.248845,0.244847,0.240602,0.236092,0.231291,0.226171,0.220694,0.214814,0.208466,0.201566,0.193994,0.18557,0.176013,0.164826,0.150995,0.13172,0.0819838
67200,0.28943,0.289361,0.289155,0.288811,0.288329,0.287708,0.286948,0.286047,0.285005,0.283821,0.282492,0.281018,0.279395,0.277622,0.275697,0.273615,0.271375,0.26897,0.266398,0.263653,0.260728,0.257617,0.254312,0.250803,0.247078,0.243125,0.238927,0.234465,0.229716,0.224651,0.219231,0.213412,0.207128,0.200297,0.192798,0.184455,0.174985,0.163896,0.150178,0.13104,0.0812176
67800,0.287217,0.287149,0.286946,0.286606,0.286129,0.285516,0.284765,0.283875,0.282845,0.281675,0.280362,0.278905,0.277302,0.27555,0.273647,0.27159,0.269375,0.266998,0.264456,0.261742,0.25885,0.255775,0.252506,0.249036,0.245353,0.241443,0.23729,0.232877,0.228178,0.223166,0.217803,0.212042,0.205822,0.199058,0.191631,0.183365,0.173981,0.162988,0.149381,0.130378,0.0804796
68400,0.285057,0.28499,0.284788,0.284452,0.283982,0.283375,0.282633,0.281754,0.280736,0.27958,0.278282,0.276842,0.275257,0.273526,0.271645,0.269611,0.267422,0.265072,0.262559,0.259875,0.257017,0.253975,0.250743,0.247311,0.243668,0.2398,0.235692,0.231325,0.226676,0.221715,0.216407,0.210705,0.204546,0.197847,0.190491,0.182301,0.173,0.162101,0.148602,0.129732,0.0797684
69000,0.282947,0.28288,0.282681,0.282349,0.281884,0.281285,0.280551,0.279682,0.278676,0.277533,0.276251,0.274827,0.27326,0.271549,0.269689,0.267679,0.265514,0.263191,0.260706,0.258052,0.255225,0.252217,0.24902,0.245625,0.242021,0.238195,0.23413,0.229809,0.225208,0.220298,0.215043,0.209397,0.203299,0.196664,0.189377,0.181261,0.172042,0.161234,0.147842,0.129104,0.0790827
69600,0.280885,0.28082,0.280623,0.280295,0.279835,0.279243,0.278517,0.277658,0.276664,0.275534,0.274266,0.272859,0.27131,0.269617,0.267779,0.265791,0.26365,0.261353,0.258895,0.256271,0.253474,0.250499,0.247337,0.243978,0.240412,0.236626,0.232604,0.228327,0.223773,0.218913,0.21371,0.208119,0.202079,0.195508,0.188287,0.180245,0.171106,0.160387,0.147099,0.12849,0.0784213
70200,0.278871,0.278806,0.278612,0.278287,0.277833,0.277247,0.27653,0.275681,0.274698,0.27358,0.272326,0.270935,0.269403,0.26773,0.265912,0.263946,0.261829,0.259557,0.257126,0.25453,0.251763,0.24882,0.245691,0.242368,0.23884,0.235093,0.231112,0.226879,0.22237,0.217558,0.212407,0.20687,0.200887,0.194376,0.187222,0.179251,0.17019,0.159559,0.146374,0.127891,0.0777831
70800,0.276903,0.276839,0.276646,0.276325,0.275876,0.275297,0.274588,0.273748,0.272776,0.271671,0.270431,0.269055,0.26754,0.265885,0.264087,0.262142,0.260048,0.257801,0.255396,0.252827,0.250091,0.247178,0.244082,0.240794,0.237302,0.233593,0.229653,0.225462,0.220999,0.216234,0.211132,0.205648,0.199721,0.19327,0.186179,0.178278,0.169294,0.158749,0.145664,0.127307,0.077167
71400,0.274978,0.274915,0.274725,0.274407,0.273963,0.27339,0.272689,0.271858,0.270897,0.269804,0.268577,0.267216,0.265718,0.264081,0.262302,0.260378,0.258307,0.256083,0.253704,0.251163,0.248455,0.245573,0.242509,0.239254,0.235798,0.232127,0.228226,0.224077,0.219657,0.214938,0.209885,0.204452,0.19858,0.192188,0.18516,0.177326,0.168417,0.157957,0.14497,0.126736,0.0765719
72000,0.273096,0.273033,0.272845,0.272532,0.272092,0.271525,0.270832,0.27001,0.269059,0.267978,0.266765,0.265418,0.263936,0.262317,0.260557,0.258654,0.256604,0.254404,0.252049,0.249535,0.246855,0.244002,0.24097,0.237748,0.234326,0.230692,0.226829,0.222721,0.218343,0.21367,0.208664,0.203282,0.197463,0.191128,0.184161,0.176395,0.167559,0.157181,0.144291,0.126178,0.0759969
72600,0.271255,0.271193,0.271007,0.270697,0.270262,0.269702,0.269015,0.268202,0.267262,0.266192,0.264992,0.26366,0.262193,0.260591,0.258849,0.256966,0.254938,0.252761,0.25043,0.247942,0.245289,0.242466,0.239464,0.236274,0.232886,0.229288,0.225463,0.221394,0.217058,0.212428,0.207469,0.202136,0.19637,0.190091,0.183184,0.175483,0.166719,0.156422,0.143626,0.125632,0.0754412
73200,0.269455,0.269393,0.269209,0.268902,0.268472,0.267917,0.267238,0.266434,0.265503,0.264445,0.263257,0.261939,0.260488,0.258902,0.257179,0.255315,0.253308,0.251153,0.248846,0.246383,0.243757,0.240962,0.23799,0.234831,0.231477,0.227913,0.224125,0.220095,0.2158,0.211213,0.2063,0.201015,0.1953,0.189075,0.182227,0.17459,0.165896,0.155678,0.142975,0.125098,0.0749038
73800,0.267692,0.267632,0.267449,0.267145,0.26672,0.266171,0.265499,0.264703,0.263782,0.262735,0.26156,0.260255,0.258819,0.257249,0.255544,0.253699,0.251712,0.249579,0.247296,0.244857,0.242257,0.239489,0.236546,0.233419,0.230097,0.226567,0.222815,0.218823,0.214568,0.210023,0.205154,0.199916,0.194251,0.18808,0.18129,0.173714,0.16509,0.15495,0.142338,0.124576,0.0743839
74400,0.265967,0.265907,0.265727,0.265426,0.265005,0.264462,0.263797,0.263009,0.262098,0.261061,0.259898,0.258607,0.257185,0.255632,0.253943,0.252117,0.25015,0.248038,0.245778,0.243363,0.240788,0.238048,0.235134,0.232036,0.228746,0.225249,0.221533,0.217577,0.213361,0.208858,0.204032,0.19884,0.193224,0.187105,0.180371,0.172857,0.1643,0.154236,0.141713,0.124065,0.0738809
75000,0.264279,0.264219,0.264041,0.263743,0.263326,0.262789,0.262131,0.261351,0.260449,0.259422,0.258271,0.256993,0.255586,0.254048,0.252376,0.250568,0.24862,0.246529,0.244291,0.2419,0.23935,0.236636,0.23375,0.230682,0.227422,0.223959,0.220276,0.216357,0.212179,0.207716,0.202932,0.197786,0.192217,0.18615,0.179471,0.172017,0.163525,0.153536,0.141101,0.123564,0.0733939
75600,0.262625,0.262566,0.26239,0.262095,0.261682,0.26115,0.260499,0.259727,0.258833,0.257818,0.256678,0.255412,0.254019,0.252496,0.250841,0.249051,0.247122,0.245052,0.242835,0.240467,0.237942,0.235253,0.232394,0.229355,0.226126,0.222694,0.219045,0.215161,0.21102,0.206596,0.201855,0.196752,0.191231,0.185213,0.178588,0.171193,0.162766,0.15285,0.140501,0.123073,0.0729223
76200,0.261005,0.260947,0.260772,0.260481,0.260072,0.259545,0.2589,0.258136,0.257251,0.256246,0.255117,0.253864,0.252484,0.250976,0.249337,0.247564,0.245655,0.243604,0.241408,0.239062,0.236561,0.233898,0.231065,0.228054,0.224855,0.221454,0.217838,0.213989,0.209885,0.205499,0.200798,0.195739,0.190264,0.184295,0.177723,0.170385,0.162021,0.152177,0.139912,0.122592,0.0724654
76800,0.259419,0.259361,0.259188,0.258899,0.258494,0.257973,0.257334,0.256577,0.255702,0.254706,0.253588,0.252347,0.250981,0.249487,0.247864,0.246108,0.244216,0.242185,0.24001,0.237686,0.235209,0.23257,0.229764,0.22678,0.223609,0.220239,0.216655,0.21284,0.208772,0.204424,0.199763,0.194745,0.189315,0.183394,0.176874,0.169592,0.161291,0.151517,0.139335,0.122121,0.0720227
77400,0.257864,0.257807,0.257635,0.257349,0.256948,0.256432,0.2558,0.25505,0.254183,0.253196,0.252089,0.25086,0.249507,0.248028,0.24642,0.244681,0.242807,0.240795,0.23864,0.236338,0.233883,0.231268,0.228487,0.225531,0.222388,0.219048,0.215496,0.211713,0.20768,0.203369,0.198747,0.193771,0.188384,0.182511,0.176041,0.168815,0.160575,0.15087,0.138769,0.121659,0.0715935
78000,0.25634,0.256284,0.256114,0.25583,0.255433,0.254922,0.254296,0.253553,0.252694,0.251717,0.250621,0.249403,0.248063,0.246598,0.245005,0.243282,0.241425,0.239432,0.237297,0.235016,0.232583,0.229992,0.227236,0.224306,0.221191,0.21788,0.214358,0.210609,0.206609,0.202334,0.19775,0.192815,0.187472,0.181644,0.175224,0.168052,0.159871,0.150234,0.138213,0.121206,0.0711773
78600,0.254846,0.25479,0.254622,0.254342,0.253948,0.253442,0.252821,0.252086,0.251235,0.250267,0.249181,0.247975,0.246647,0.245195,0.243617,0.24191,0.24007,0.238095,0.235979,0.233719,0.231308,0.22874,0.226009,0.223104,0.220017,0.216734,0.213243,0.209525,0.205559,0.201319,0.196773,0.191877,0.186576,0.180793,0.174422,0.167303,0.159181,0.14961,0.137667,0.120761,0.0707735
79200,0.253382,0.253326,0.25316,0.252882,0.252492,0.25199,0.251375,0.250647,0.249804,0.248845,0.247769,0.246574,0.245258,0.24382,0.242256,0.240565,0.238742,0.236784,0.234688,0.232447,0.230058,0.227513,0.224805,0.221926,0.218865,0.21561,0.212148,0.208461,0.204528,0.200323,0.195813,0.190956,0.185697,0.179959,0.173635,0.166567,0.158503,0.148997,0.137132,0.120324,0.0703817
79800,0.251946,0.251891,0.251726,0.25145,0.251064,0.250567,0.249958,0.249236,0.248401,0.247451,0.246384,0.2452,0.243897,0.242471,0.240922,0.239245,0.237439,0.235498,0.23342,0.2312,0.228831,0.226308,0.223624,0.220769,0.217734,0.214507,0.211074,0.207418,0.203517,0.199346,0.194872,0.190053,0.184834,0.179139,0.172862,0.165846,0.157838,0.148396,0.136605,0.119896,0.0700014
80400,0.250537,0.250482,0.250319,0.250046,0.249663,0.249171,0.248567,0.247852,0.247024,0.246083,0.245026,0.243853,0.242561,0.241148,0.239612,0.237951,0.23616,0.234237,0.232177,0.229976,0.227628,0.225127,0.222465,0.219634,0.216625,0.213425,0.21002,0.206393,0.202524,0.198386,0.193947,0.189166,0.183986,0.178334,0.172103,0.165136,0.157184,0.147805,0.136089,0.119475,0.0696322
81000,0.249155,0.249101,0.248939,0.248668,0.248289,0.247801,0.247203,0.246494,0.245674,0.244741,0.243693,0.24253,0.24125,0.23985,0.238327,0.23668,0.234905,0.232999,0.230957,0.228775,0.226447,0.223967,0.221327,0.218521,0.215536,0.212362,0.208985,0.205388,0.201549,0.197444,0.19304,0.188295,0.183154,0.177543,0.171358,0.16444,0.156542,0.147224,0.135581,0.119062,0.0692736
81600,0.247799,0.247745,0.247584,0.247316,0.246941,0.246457,0.245864,0.245161,0.244348,0.243424,0.242386,0.241233,0.239963,0.238576,0.237067,0.235434,0.233674,0.231784,0.229759,0.227596,0.225287,0.222828,0.220211,0.217427,0.214467,0.211319,0.207969,0.2044,0.200592,0.196519,0.192148,0.187439,0.182337,0.176767,0.170625,0.163756,0.15591,0.146653,0.135082,0.118655,0.0689251
82200,0.246468,0.246415,0.246255,0.24599,0.245617,0.245138,0.24455,0.243854,0.243048,0.242131,0.241102,0.239959,0.238701,0.237325,0.235829,0.23421,0.232465,0.230591,0.228584,0.226438,0.224149,0.22171,0.219114,0.216354,0.213418,0.210295,0.206972,0.203431,0.199652,0.19561,0.191272,0.186598,0.181533,0.176004,0.169905,0.163083,0.15529,0.146092,0.134591,0.118256,0.0685865
82800,0.245161,0.245109,0.244951,0.244687,0.244318,0.243843,0.24326,0.24257,0.241771,0.240862,0.239842,0.238709,0.237461,0.236097,0.234614,0.233009,0.231279,0.22942,0.227429,0.225302,0.223031,0.220612,0.218038,0.215299,0.212387,0.209289,0.205991,0.202478,0.198729,0.194717,0.190412,0.185772,0.180744,0.175254,0.169198,0.162422,0.15468,0.145541,0.134109,0.117864,0.0682574
83400,0.243878,0.243826,0.24367,0.243409,0.243043,0.242571,0.241994,0.241309,0.240517,0.239616,0.238605,0.237481,0.236244,0.234891,0.233421,0.231829,0.230113,0.22827,0.226296,0.224185,0.221934,0.219534,0.21698,0.214264,0.211374,0.2083,0.205029,0.201542,0.197821,0.19384,0.189567,0.184961,0.179969,0.174517,0.168503,0.161772,0.154081,0.144999,0.133635,0.117478,0.0679373
84000,0.242619,0.242567,0.242412,0.242153,0.24179,0.241323,0.24075,0.240072,0.239286,0.238392,0.23739,0.236276,0.235049,0.233707,0.232249,0.23067,0.228969,0.227141,0.225182,0.223089,0.220855,0.218475,0.215941,0.213246,0.210379,0.207329,0.204083,0.200623,0.19693,0.192978,0.188736,0.184163,0.179206,0.173792,0.167819,0.161133,0.153492,0.144466,0.133168,0.117099,0.0676261
84600,0.241382,0.24133,0.241177,0.24092,0.24056,0.240097,0.239529,0.238856,0.238077,0.237191,0.236196,0.235091,0.233875,0.232544,0.231098,0.229532,0.227844,0.226031,0.224088,0.222012,0.219796,0.217435,0.214921,0.212246,0.209402,0.206375,0.203153,0.199719,0.196053,0.19213,0.187919,0.183379,0.178457,0.17308,0.167147,0.160505,0.152912,0.143941,0.132709,0.116726,0.0673232
85200,0.240167,0.240116,0.239963,0.239709,0.239352,0.238892,0.238329,0.237662,0.236889,0.23601,0.235024,0.233928,0.232721,0.231402,0.229967,0.228414,0.226739,0.224941,0.223014,0.220953,0.218755,0.216412,0.213918,0.211264,0.208441,0.205437,0.202239,0.198831,0.195192,0.191297,0.187116,0.182608,0.17772,0.17238,0.166486,0.159887,0.152341,0.143425,0.132258,0.116359,0.0670285
85800,0.238973,0.238922,0.238771,0.238518,0.238164,0.237709,0.23715,0.236488,0.235722,0.23485,0.233872,0.232785,0.231588,0.230279,0.228855,0.227315,0.225654,0.223869,0.221957,0.219913,0.217732,0.215407,0.212932,0.210298,0.207496,0.204515,0.201341,0.197957,0.194345,0.190478,0.186326,0.181849,0.176995,0.171691,0.165835,0.159279,0.15178,0.142917,0.131814,0.115998,0.0667416
86400,0.2378,0.23775,0.237599,0.237349,0.236998,0.236546,0.235992,0.235335,0.234575,0.23371,0.23274,0.231662,0.230474,0.229175,0.227763,0.226235,0.224587,0.222816,0.220919,0.218891,0.216726,0.214419,0.211962,0.209349,0.206568,0.203608,0.200458,0.197099,0.193512,0.189672,0.18555,0.181104,0.176282,0.171013,0.165196,0.15868,0.151228,0.142418,0.131376,0.115642,0.0664623
87000,0.236647,0.236597,0.236448,0.2362,0.235851,0.235403,0.234853,0.234202,0.233448,0.23259,0.231627,0.230557,0.229379,0.228091,0.22669,0.225173,0.223538,0.221781,0.219898,0.217886,0.215737,0.213448,0.21101,0.208415,0.205655,0.202717,0.199589,0.196254,0.192693,0.18888,0.184786,0.18037,0.17558,0.170346,0.164566,0.158092,0.150685,0.141926,0.130946,0.115293,0.0661903
87600,0.235513,0.235464,0.235316,0.23507,0.234724,0.234279,0.233734,0.233088,0.23234,0.231489,0.230533,0.229472,0.228303,0.227025,0.225634,0.224129,0.222507,0.220763,0.218895,0.216897,0.214765,0.212492,0.210072,0.207497,0.204757,0.20184,0.198735,0.195423,0.191887,0.188101,0.184034,0.179648,0.17489,0.16969,0.163946,0.157512,0.15015,0.141441,0.130522,0.114948,0.0659254
88200,0.234399,0.23435,0.234204,0.233959,0.233616,0.233175,0.232634,0.231993,0.23125,0.230406,0.229458,0.228405,0.227245,0.225976,0.224596,0.223103,0.221493,0.219762,0.217908,0.215925,0.213809,0.211553,0.209151,0.206594,0.203874,0.200978,0.197894,0.194606,0.191094,0.187334,0.183295,0.178938,0.174211,0.169044,0.163337,0.156942,0.149623,0.140965,0.130105,0.114609,0.0656672
88800,0.233304,0.233255,0.23311,0.232867,0.232527,0.232089,0.231552,0.230916,0.230179,0.229341,0.2284,0.227355,0.226204,0.224945,0.223576,0.222094,0.220495,0.218778,0.216938,0.214969,0.212869,0.210629,0.208244,0.205706,0.203005,0.20013,0.197067,0.193802,0.190314,0.186579,0.182567,0.178239,0.173542,0.168408,0.162736,0.15638,0.149104,0.140495,0.129694,0.114275,0.0654156
89400,0.232226,0.232178,0.232034,0.231793,0.231455,0.231021,0.230488,0.229857,0.229126,0.228294,0.22736,0.226323,0.225181,0.223931,0.222572,0.221101,0.219515,0.21781,0.215983,0.214029,0.211943,0.20972,0.207352,0.204832,0.20215,0.199295,0.196254,0.193011,0.189546,0.185836,0.181851,0.177551,0.172884,0.167782,0.162145,0.155827,0.148594,0.140033,0.129289,0.113946,0.0651703
90000,0.231167,0.231119,0.230976,0.230737,0.230402,0.22997,0.229441,0.228815,0.228089,0.227264,0.226337,0.225308,0.224174,0.222934,0.221585,0.220124,0.21855,0.216857,0.215044,0.213104,0.211033,0.208826,0.206475,0.203972,0.201308,0.198473,0.195453,0.192232,0.188791,0.185105,0.181146,0.176873,0.172236,0.167166,0.161563,0.155282,0.148091,0.139577,0.12889,0.113622,0.0649312
90600,0.230124,0.230077,0.229935,0.229697,0.229365,0.228937,0.228412,0.22779,0.22707,0.226251,0.225331,0.224309,0.223184,0.221952,0.220613,0.219163,0.2176,0.21592,0.214119,0.212193,0.210137,0.207946,0.205611,0.203126,0.200481,0.197665,0.194665,0.191465,0.188047,0.184386,0.180452,0.176206,0.171598,0.166559,0.16099,0.154746,0.147595,0.139128,0.128497,0.113302,0.064698
91200,0.229099,0.229052,0.22891,0.228675,0.228345,0.22792,0.227399,0.226782,0.226067,0.225254,0.224341,0.223326,0.222209,0.220987,0.219657,0.218218,0.216666,0.214998,0.21321,0.211297,0.209256,0.207079,0.204761,0.202293,0.199666,0.196869,0.193889,0.19071,0.187314,0.183677,0.179768,0.175549,0.17097,0.165961,0.160425,0.154217,0.147107,0.138686,0.12811,0.112988,0.0644705
91800,0.228089,0.228043,0.227903,0.227669,0.227341,0.226919,0.226402,0.225789,0.22508,0.224272,0.223366,0.222359,0.22125,0.220036,0.218716,0.217287,0.215746,0.21409,0.212314,0.210416,0.208388,0.206227,0.203924,0.201473,0.198863,0.196085,0.193125,0.189967,0.186593,0.182979,0.179095,0.174902,0.170351,0.165372,0.159869,0.153697,0.146626,0.13825,0.127728,0.112677,0.0642485
92400,0.227096,0.22705,0.226911,0.226679,0.226354,0.225935,0.225421,0.224813,0.224108,0.223307,0.222407,0.221407,0.220306,0.219101,0.21779,0.216371,0.214841,0.213196,0.211433,0.209547,0.207534,0.205387,0.2031,0.200665,0.198073,0.195313,0.192373,0.189236,0.185883,0.182292,0.178432,0.174265,0.169741,0.164792,0.159321,0.153184,0.146152,0.137821,0.127352,0.112372,0.0640319
93000,0.226119,0.226073,0.225935,0.225704,0.225381,0.224965,0.224456,0.223852,0.223152,0.222356,0.221463,0.22047,0.219376,0.21818,0.216878,0.215469,0.21395,0.212316,0.210565,0.208693,0.206693,0.20456,0.202289,0.19987,0.197295,0.194553,0.191632,0.188515,0.185184,0.181615,0.177779,0.173637,0.169141,0.16422,0.158781,0.152678,0.145685,0.137397,0.126981,0.11207,0.0638205
93600,0.225156,0.225111,0.224974,0.224745,0.224424,0.224011,0.223505,0.222905,0.222211,0.221421,0.220533,0.219547,0.218461,0.217273,0.215981,0.214582,0.213072,0.21145,0.209711,0.207851,0.205865,0.203746,0.20149,0.199087,0.196529,0.193805,0.190902,0.187805,0.184495,0.180948,0.177135,0.173019,0.168549,0.163657,0.158248,0.15218,0.145224,0.13698,0.126615,0.111773,0.0636141
94200,0.224209,0.224163,0.224027,0.2238,0.223482,0.223072,0.222569,0.221974,0.221284,0.220499,0.219618,0.218639,0.217561,0.216381,0.215097,0.213707,0.212208,0.210597,0.20887,0.207022,0.205049,0.202945,0.200703,0.198316,0.195774,0.193068,0.190183,0.187105,0.183816,0.180291,0.176501,0.172409,0.167965,0.163102,0.157724,0.151689,0.14477,0.136568,0.126255,0.11148,0.0634126
94800,0.223276,0.223231,0.223096,0.22287,0.222554,0.222147,0.221648,0.221056,0.220371,0.219592,0.218717,0.217745,0.216673,0.215501,0.214227,0.212846,0.211357,0.209757,0.208041,0.206205,0.204245,0.202155,0.199928,0.197556,0.195031,0.192341,0.189475,0.186416,0.183147,0.179643,0.175876,0.171809,0.16739,0.162555,0.157207,0.151204,0.144322,0.136162,0.125899,0.11119,0.0632158
95400,0.222357,0.222312,0.222178,0.221954,0.22164,0.221236,0.22074,0.220152,0.219472,0.218698,0.217829,0.216863,0.2158,0.214636,0.213369,0.211998,0.210519,0.208929,0.207225,0.205401,0.203454,0.201377,0.199164,0.196807,0.194298,0.191626,0.188777,0.185737,0.182488,0.179005,0.17526,0.171216,0.166824,0.162015,0.156697,0.150727,0.143881,0.135762,0.125548,0.110905,0.0630235
96000,0.221452,0.221408,0.221274,0.221052,0.22074,0.220338,0.219846,0.219262,0.218587,0.217818,0.216955,0.215996,0.214939,0.213783,0.212525,0.211162,0.209693,0.208114,0.20642,0.204609,0.202674,0.20061,0.198412,0.19607,0.193576,0.19092,0.188089,0.185068,0.181838,0.178376,0.174653,0.170633,0.166265,0.161484,0.156194,0.150256,0.143445,0.135367,0.125202,0.110624,0.0628356
96600,0.220561,0.220516,0.220384,0.220163,0.219853,0.219454,0.218965,0.218386,0.217715,0.216951,0.216093,0.215141,0.214091,0.212942,0.211693,0.210339,0.20888,0.207311,0.205628,0.203828,0.201906,0.199855,0.19767,0.195343,0.192865,0.190225,0.187411,0.184408,0.181197,0.177756,0.174055,0.170057,0.165714,0.160959,0.155698,0.149791,0.143016,0.134978,0.12486,0.110346,0.062652
97200,0.219682,0.219638,0.219507,0.219287,0.21898,0.218583,0.218098,0.217522,0.216855,0.216097,0.215245,0.214298,0.213255,0.212114,0.210873,0.209528,0.208078,0.206519,0.204847,0.203059,0.201148,0.199111,0.196939,0.194627,0.192164,0.18954,0.186743,0.183758,0.180566,0.177145,0.173465,0.16949,0.165171,0.160442,0.155209,0.149333,0.142592,0.134594,0.124523,0.110072,0.0624726
97800,0.218817,0.218773,0.218643,0.218425,0.218119,0.217725,0.217243,0.216671,0.216008,0.215255,0.214408,0.213468,0.212432,0.211298,0.210065,0.208729,0.207288,0.205739,0.204078,0.2023,0.200402,0.198377,0.196219,0.19392,0.191472,0.188864,0.186084,0.183117,0.179943,0.176542,0.172883,0.16893,0.164635,0.159932,0.154727,0.148881,0.142174,0.134214,0.124191,0.109801,0.0622972
98400,0.217964,0.217921,0.217791,0.217574,0.217271,0.21688,0.2164,0.215832,0.215174,0.214425,0.213584,0.21265,0.211621,0.210494,0.209268,0.207941,0.206509,0.20497,0.203319,0.201553,0.199666,0.197654,0.195509,0.193224,0.190791,0.188199,0.185435,0.182485,0.17933,0.175947,0.172309,0.168378,0.164107,0.159429,0.154251,0.148435,0.141762,0.13384,0.123862,0.109534,0.0621257
99000,0.217124,0.217081,0.216952,0.216736,0.216435,0.216046,0.21557,0.215005,0.214351,0.213607,0.212772,0.211844,0.210821,0.209701,0.208483,0.207164,0.205742,0.204212,0.202571,0.200816,0.198941,0.196941,0.194809,0.192538,0.190119,0.187542,0.184794,0.181861,0.178724,0.175361,0.171743,0.167834,0.163586,0.158932,0.153781,0.147995,0.141355,0.133471,0.123538,0.109271,0.0619579
99600,0.216295,0.216253,0.216124,0.215911,0.215611,0.215225,0.214751,0.21419,0.213541,0.212801,0.211971,0.211049,0.210032,0.20892,0.20771,0.206399,0.204985,0.203464,0.201834,0.200089,0.198226,0.196237,0.194118,0.191861,0.189456,0.186894,0.184163,0.181246,0.178127,0.174783,0.171185,0.167297,0.163071,0.158442,0.153318,0.147561,0.140953,0.133106,0.123219,0.10901,0.0617939
100200,0.215479,0.215436,0.215309,0.215096,0.214798,0.214415,0.213944,0.213387,0.212741,0.212007,0.211182,0.210265,0.209255,0.20815,0.206947,0.205644,0.204239,0.202728,0.201107,0.199373,0.19752,0.195544,0.193438,0.191193,0.188803,0.186256,0.18354,0.18064,0.177538,0.174212,0.170634,0.166767,0.162564,0.157959,0.152861,0.147133,0.140556,0.132746,0.122903,0.108753,0.0616334
100800,0.214673,0.214631,0.214505,0.214294,0.213998,0.213616,0.213149,0.212595,0.211953,0.211223,0.210404,0.209492,0.208489,0.20739,0.206194,0.2049,0.203503,0.202001,0.20039,0.198666,0.196825,0.19486,0.192766,0.190535,0.188158,0.185626,0.182925,0.180042,0.176957,0.17365,0.170091,0.166245,0.162063,0.157482,0.15241,0.14671,0.140165,0.132391,0.122591,0.1085,0.0614763
101400,0.21388,0.213838,0.213712,0.213502,0.213208,0.212829,0.212364,0.211814,0.211176,0.210451,0.209636,0.208731,0.207733,0.206641,0.205453,0.204166,0.202777,0.201284,0.199683,0.19797,0.196139,0.194186,0.192104,0.189886,0.187523,0.185004,0.182319,0.179451,0.176384,0.173094,0.169555,0.165729,0.161569,0.157012,0.151965,0.146292,0.139779,0.13204,0.122283,0.108249,0.0613227
102000,0.213097,0.213055,0.21293,0.212721,0.212429,0.212052,0.211591,0.211044,0.21041,0.209689,0.208879,0.207979,0.206987,0.205902,0.204721,0.203442,0.202062,0.200577,0.198986,0.197282,0.195462,0.19352,0.19145,0.189245,0.186895,0.184391,0.181721,0.178869,0.175818,0.172546,0.169026,0.16522,0.161082,0.156547,0.151525,0.14588,0.139397,0.131694,0.121979,0.108001,0.0611722
102600,0.212325,0.212283,0.212159,0.211952,0.211661,0.211287,0.210828,0.210284,0.209654,0.208938,0.208133,0.207238,0.206252,0.205173,0.203999,0.202728,0.201356,0.19988,0.198298,0.196604,0.194795,0.192864,0.190806,0.188613,0.186276,0.183786,0.18113,0.178294,0.17526,0.172006,0.168503,0.164717,0.1606,0.156088,0.151091,0.145473,0.13902,0.131352,0.121679,0.107757,0.061025
103200,0.211563,0.211522,0.211398,0.211192,0.210903,0.210531,0.210075,0.209535,0.208909,0.208196,0.207396,0.206507,0.205527,0.204454,0.203287,0.202023,0.200659,0.199192,0.197619,0.195935,0.194136,0.192217,0.19017,0.187989,0.185666,0.183189,0.180548,0.177727,0.174709,0.171472,0.167988,0.164221,0.160125,0.155636,0.150662,0.145072,0.138648,0.131014,0.121382,0.107515,0.0608808
103800,0.210812,0.210771,0.210648,0.210443,0.210156,0.209786,0.209333,0.208796,0.208173,0.207465,0.20667,0.205786,0.204811,0.203745,0.202585,0.201328,0.199972,0.198514,0.196949,0.195275,0.193486,0.191578,0.189542,0.187374,0.185063,0.1826,0.179973,0.177168,0.174165,0.170945,0.167479,0.163732,0.159656,0.155188,0.150239,0.144675,0.138281,0.13068,0.121089,0.107276,0.0607397
104400,0.210071,0.21003,0.209908,0.209704,0.209419,0.209051,0.208601,0.208066,0.207448,0.206744,0.205953,0.205074,0.204106,0.203046,0.201892,0.200642,0.199294,0.197844,0.196289,0.194624,0.192845,0.190947,0.188923,0.186766,0.184468,0.182019,0.179406,0.176615,0.173629,0.170425,0.166977,0.163248,0.159193,0.154747,0.149822,0.144283,0.137918,0.130351,0.120799,0.107041,0.0606014
105000,0.209339,0.209299,0.209178,0.208975,0.208691,0.208326,0.207878,0.207347,0.206732,0.206032,0.205246,0.204372,0.203409,0.202355,0.201208,0.199966,0.198625,0.197183,0.195637,0.193981,0.192212,0.190324,0.188312,0.186167,0.183881,0.181445,0.178846,0.17607,0.173099,0.169912,0.166481,0.162771,0.158735,0.154311,0.149409,0.143896,0.137559,0.130025,0.120513,0.106807,0.060466
105600,0.208618,0.208577,0.208457,0.208256,0.207974,0.20761,0.207165,0.206637,0.206025,0.205329,0.204548,0.203679,0.202722,0.201674,0.200533,0.199298,0.197965,0.196531,0.194993,0.193347,0.191588,0.18971,0.187708,0.185575,0.183302,0.180878,0.178293,0.175531,0.172576,0.169405,0.165991,0.162299,0.158283,0.15388,0.149001,0.143513,0.137205,0.129703,0.12023,0.106577,0.0603333
106200,0.207906,0.207866,0.207746,0.207546,0.207265,0.206904,0.206461,0.205936,0.205328,0.204636,0.203859,0.202995,0.202043,0.201001,0.199867,0.198639,0.197313,0.195887,0.194358,0.19272,0.190971,0.189104,0.187113,0.184991,0.182729,0.180319,0.177747,0.174999,0.172059,0.168904,0.165507,0.161834,0.157837,0.153455,0.148599,0.143136,0.136855,0.129385,0.119951,0.106349,0.0602033
106800,0.207203,0.207163,0.207044,0.206845,0.206566,0.206207,0.205766,0.205244,0.20464,0.203952,0.203179,0.20232,0.201373,0.200337,0.19921,0.197988,0.19667,0.195252,0.19373,0.192102,0.190362,0.188505,0.186525,0.184414,0.182164,0.179766,0.177208,0.174474,0.171549,0.16841,0.16503,0.161374,0.157397,0.153035,0.148201,0.142762,0.13651,0.129071,0.119675,0.106124,0.0600758
107400,0.206509,0.206469,0.206351,0.206153,0.205876,0.205519,0.205081,0.204562,0.203961,0.203276,0.202508,0.201654,0.200712,0.199682,0.19856,0.197345,0.196034,0.194624,0.193111,0.191492,0.189761,0.187914,0.185944,0.183844,0.181606,0.179221,0.176675,0.173956,0.171045,0.167921,0.164558,0.16092,0.156961,0.15262,0.147808,0.142394,0.136168,0.12876,0.119402,0.105902,0.059951
108000,0.205824,0.205785,0.205667,0.20547,0.205195,0.204839,0.204404,0.203888,0.20329,0.20261,0.201845,0.200996,0.20006,0.199035,0.19792,0.196711,0.195407,0.194005,0.1925,0.190889,0.189168,0.18733,0.18537,0.183282,0.181056,0.178682,0.176149,0.173444,0.170547,0.167439,0.164092,0.160471,0.156531,0.15221,0.14742,0.142029,0.13583,0.128454,0.119132,0.105682,0.0598286
108600,0.205148,0.205109,0.204992,0.204796,0.204522,0.204169,0.203736,0.203222,0.202628,0.201951,0.201191,0.200346,0.199415,0.198396,0.197287,0.196085,0.194788,0.193393,0.191896,0.190294,0.188581,0.186754,0.184804,0.182726,0.180511,0.17815,0.17563,0.172938,0.170056,0.166962,0.163631,0.160028,0.156106,0.151805,0.147036,0.141669,0.135496,0.12815,0.118865,0.105464,0.0597085
109200,0.20448,0.204442,0.204325,0.204131,0.203858,0.203506,0.203076,0.202565,0.201974,0.201301,0.200545,0.199705,0.198779,0.197765,0.196662,0.195467,0.194177,0.192789,0.1913,0.189706,0.188003,0.186184,0.184245,0.182178,0.179974,0.177624,0.175117,0.172438,0.16957,0.166492,0.163176,0.15959,0.155686,0.151404,0.146657,0.141313,0.135167,0.12785,0.118601,0.105249,0.0595909
109800,0.203821,0.203783,0.203667,0.203473,0.203202,0.202853,0.202424,0.201917,0.201329,0.200659,0.199907,0.199072,0.198151,0.197142,0.196045,0.194856,0.193573,0.192192,0.190711,0.189126,0.187431,0.185622,0.183692,0.181636,0.179443,0.177105,0.17461,0.171944,0.16909,0.166027,0.162727,0.159157,0.155271,0.151009,0.146282,0.140961,0.13484,0.127554,0.11834,0.105036,0.0594755
110400,0.20317,0.203132,0.203017,0.202824,0.202554,0.202207,0.201781,0.201276,0.200691,0.200025,0.199278,0.198446,0.19753,0.196527,0.195436,0.194253,0.192976,0.191603,0.19013,0.188552,0.186866,0.185066,0.183147,0.1811,0.178919,0.176592,0.17411,0.171456,0.168616,0.165567,0.162283,0.158729,0.154861,0.150618,0.145911,0.140614,0.134518,0.12726,0.118082,0.104826,0.0593623
111000,0.202527,0.202489,0.202374,0.202183,0.201915,0.201569,0.201145,0.200643,0.200061,0.199399,0.198655,0.197829,0.196917,0.19592,0.194834,0.193657,0.192387,0.191021,0.189555,0.187986,0.186308,0.184518,0.182608,0.180571,0.1784,0.176086,0.173615,0.170974,0.168147,0.165113,0.161844,0.158306,0.154456,0.150231,0.145545,0.14027,0.134199,0.12697,0.117827,0.104618,0.0592512
111600,0.201892,0.201854,0.20174,0.20155,0.201283,0.200939,0.200518,0.200018,0.19944,0.198781,0.198041,0.197218,0.196312,0.195319,0.194239,0.193068,0.191805,0.190446,0.188988,0.187426,0.185757,0.183975,0.182075,0.180049,0.177888,0.175585,0.173126,0.170498,0.167684,0.164664,0.16141,0.157889,0.154055,0.149849,0.145183,0.13993,0.133884,0.126684,0.117575,0.104412,0.0591423
112200,0.201265,0.201227,0.201114,0.200925,0.200659,0.200317,0.199898,0.199401,0.198825,0.19817,0.197434,0.196616,0.195714,0.194726,0.193652,0.192487,0.19123,0.189878,0.188427,0.186873,0.185213,0.18344,0.181549,0.179532,0.177383,0.17509,0.172643,0.170027,0.167227,0.16422,0.160981,0.157476,0.153659,0.149471,0.144825,0.139594,0.133572,0.1264,0.117325,0.104208,0.0590354
112800,0.200645,0.200608,0.200495,0.200307,0.200043,0.199702,0.199285,0.198791,0.198218,0.197566,0.196834,0.19602,0.195123,0.19414,0.193071,0.191913,0.190662,0.189317,0.187873,0.186327,0.184675,0.18291,0.181028,0.179022,0.176883,0.174601,0.172165,0.169562,0.166775,0.163782,0.160557,0.157067,0.153268,0.149097,0.144471,0.139261,0.133264,0.12612,0.117079,0.104007,0.0589305
113400,0.200033,0.199996,0.199884,0.199696,0.199433,0.199095,0.19868,0.198188,0.197618,0.19697,0.196241,0.195432,0.194539,0.193562,0.192498,0.191345,0.190101,0.188762,0.187325,0.185787,0.184143,0.182387,0.180514,0.178518,0.176388,0.174118,0.171693,0.169102,0.166328,0.163348,0.160138,0.156664,0.152881,0.148728,0.144121,0.138933,0.132959,0.125842,0.116834,0.103807,0.0588276
114000,0.199428,0.199391,0.199279,0.199093,0.198832,0.198495,0.198082,0.197593,0.197026,0.196381,0.195656,0.19485,0.193962,0.19299,0.191931,0.190784,0.189546,0.188214,0.186784,0.185254,0.183617,0.18187,0.180006,0.178019,0.1759,0.17364,0.171227,0.168648,0.165886,0.16292,0.159724,0.156265,0.152498,0.148363,0.143775,0.138608,0.132658,0.125568,0.116593,0.10361,0.0587265
114600,0.198831,0.198794,0.198682,0.198497,0.198237,0.197902,0.197491,0.197004,0.19644,0.195798,0.195077,0.194276,0.193392,0.192424,0.191371,0.19023,0.188998,0.187672,0.18625,0.184726,0.183098,0.181359,0.179504,0.177526,0.175417,0.173167,0.170766,0.168198,0.165449,0.162496,0.159314,0.15587,0.152119,0.148002,0.143433,0.138286,0.13236,0.125296,0.116354,0.103415,0.0586273
115200,0.19824,0.198203,0.198093,0.197908,0.197649,0.197316,0.196907,0.196423,0.195862,0.195223,0.194505,0.193708,0.192828,0.191866,0.190817,0.189682,0.188456,0.187137,0.185721,0.184205,0.182585,0.180854,0.179008,0.177039,0.17494,0.172701,0.17031,0.167754,0.165017,0.162077,0.158909,0.15548,0.151745,0.147645,0.143094,0.137968,0.132065,0.125028,0.116117,0.103222,0.0585299
115800,0.197656,0.19762,0.19751,0.197326,0.197068,0.196737,0.19633,0.195848,0.19529,0.194654,0.19394,0.193146,0.192271,0.191313,0.19027,0.18914,0.18792,0.186607,0.185199,0.18369,0.182077,0.180355,0.178517,0.176558,0.174468,0.172239,0.169859,0.167315,0.16459,0.161663,0.158509,0.155094,0.151375,0.147291,0.142759,0.137653,0.131773,0.124762,0.115883,0.10303,0.0584343
116400,0.197079,0.197043,0.196933,0.196751,0.196494,0.196164,0.19576,0.19528,0.194725,0.194092,0.193382,0.192592,0.191721,0.190768,0.18973,0.188605,0.187391,0.186084,0.184682,0.183181,0.181575,0.179861,0.178032,0.176082,0.174001,0.171782,0.169413,0.16688,0.164167,0.161253,0.158113,0.154712,0.151009,0.146942,0.142428,0.137342,0.131484,0.124499,0.115652,0.102841,0.0583404
117000,0.196509,0.196473,0.196364,0.196182,0.195927,0.195598,0.195196,0.194719,0.194166,0.193536,0.192829,0.192043,0.191177,0.190228,0.189195,0.188076,0.186867,0.185567,0.184172,0.182677,0.181079,0.179373,0.177552,0.175611,0.17354,0.171331,0.168973,0.166451,0.163749,0.160848,0.157721,0.154335,0.150646,0.146596,0.1421,0.137034,0.131198,0.124239,0.115422,0.102654,0.0582481
117600,0.195945,0.195909,0.195801,0.19562,0.195366,0.195039,0.194639,0.194164,0.193613,0.192987,0.192283,0.191501,0.190639,0.189694,0.188666,0.187552,0.18635,0.185056,0.183667,0.182179,0.180589,0.17889,0.177078,0.175145,0.173084,0.170885,0.168537,0.166026,0.163336,0.160447,0.157333,0.153961,0.150288,0.146254,0.141776,0.13673,0.130915,0.123981,0.115195,0.102468,0.0581575
118200,0.195388,0.195352,0.195244,0.195064,0.194811,0.194486,0.194087,0.193615,0.193067,0.192444,0.191744,0.190965,0.190107,0.189167,0.188144,0.187035,0.185838,0.18455,0.183168,0.181687,0.180104,0.178413,0.176609,0.174685,0.172633,0.170443,0.168106,0.165606,0.162928,0.160051,0.15695,0.153592,0.149934,0.145916,0.141455,0.136428,0.130636,0.123727,0.114971,0.102285,0.0580685
118800,0.194837,0.194801,0.194693,0.194514,0.194263,0.193939,0.193543,0.193072,0.192527,0.191907,0.19121,0.190435,0.189581,0.188646,0.187627,0.186524,0.185332,0.18405,0.182674,0.1812,0.179624,0.177941,0.176145,0.17423,0.172187,0.170007,0.167679,0.16519,0.162523,0.159659,0.156571,0.153227,0.149583,0.145581,0.141138,0.13613,0.130359,0.123474,0.114749,0.102103,0.0579811
119400,0.194292,0.194256,0.194149,0.193971,0.193721,0.193399,0.193004,0.192536,0.191993,0.191376,0.190682,0.189911,0.189061,0.18813,0.187116,0.186018,0.184832,0.183556,0.182186,0.180719,0.17915,0.177474,0.175686,0.173779,0.171745,0.169575,0.167257,0.164779,0.162123,0.159271,0.156196,0.152865,0.149236,0.14525,0.140824,0.135835,0.130084,0.123225,0.114528,0.101923,0.0578951
120000,0.193753,0.193718,0.193611,0.193434,0.193185,0.192864,0.192471,0.192005,0.191465,0.190851,0.19016,0.189393,0.188546,0.18762,0.186611,0.185517,0.184337,0.183066,0.181703,0.180242,0.17868,0.177012,0.175232,0.173334,0.171309,0.169148,0.16684,0.164372,0.161728,0.158887,0.155824,0.152507,0.148893,0.144922,0.140513,0.135542,0.129813,0.122978,0.114311,0.101745,0.0578107
120600,0.19322,0.193185,0.193079,0.192902,0.192655,0.192335,0.191944,0.19148,0.190943,0.190331,0.189644,0.18888,0.188038,0.187115,0.186111,0.185023,0.183847,0.182583,0.181225,0.179771,0.178216,0.176556,0.174784,0.172893,0.170877,0.168725,0.166427,0.16397,0.161336,0.158507,0.155457,0.152153,0.148553,0.144598,0.140205,0.135253,0.129545,0.122733,0.114095,0.101568,0.0577277
121200,0.192693,0.192658,0.192553,0.192377,0.19213,0.191813,0.191423,0.190962,0.190427,0.189818,0.189134,0.188373,0.187535,0.186617,0.185617,0.184533,0.183363,0.182104,0.180753,0.179305,0.177757,0.176104,0.17434,0.172457,0.17045,0.168307,0.166019,0.163572,0.160949,0.158132,0.155094,0.151803,0.148217,0.144277,0.139901,0.134967,0.129279,0.122491,0.113881,0.101393,0.0576461
121800,0.192172,0.192137,0.192032,0.191857,0.191612,0.191295,0.190908,0.190448,0.189916,0.18931,0.188629,0.187872,0.187037,0.186123,0.185128,0.184049,0.182884,0.181631,0.180286,0.178844,0.177303,0.175657,0.1739,0.172026,0.170027,0.167893,0.165615,0.163178,0.160566,0.15776,0.154734,0.151456,0.147884,0.143959,0.139599,0.134683,0.129016,0.122251,0.11367,0.10122,0.0575659
122400,0.191656,0.191622,0.191517,0.191343,0.191099,0.190784,0.190398,0.189941,0.189411,0.188807,0.188129,0.187376,0.186545,0.185635,0.184644,0.18357,0.182411,0.181163,0.179823,0.178388,0.176854,0.175215,0.173465,0.171599,0.169609,0.167484,0.165215,0.162788,0.160187,0.157392,0.154378,0.151113,0.147554,0.143644,0.139301,0.134403,0.128755,0.122013,0.11346,0.101049,0.057487
123000,0.191146,0.191112,0.191008,0.190834,0.190591,0.190278,0.189894,0.189438,0.188911,0.18831,0.187635,0.186885,0.186058,0.185152,0.184166,0.183096,0.181942,0.1807,0.179366,0.177937,0.176409,0.174777,0.173035,0.171177,0.169195,0.167079,0.164819,0.162402,0.159811,0.157028,0.154026,0.150773,0.147228,0.143333,0.139006,0.134125,0.128497,0.121778,0.113253,0.100879,0.0574095
123600,0.190642,0.190607,0.190504,0.190331,0.190089,0.189777,0.189395,0.188942,0.188416,0.187818,0.187147,0.1864,0.185576,0.184674,0.183692,0.182628,0.181478,0.180241,0.178913,0.177491,0.175969,0.174344,0.17261,0.170759,0.168785,0.166678,0.164428,0.16202,0.15944,0.156667,0.153677,0.150437,0.146906,0.143025,0.138713,0.13385,0.128242,0.121545,0.113047,0.100711,0.0573333
124200,0.190143,0.190108,0.190005,0.189834,0.189593,0.189282,0.188901,0.18845,0.187927,0.187332,0.186663,0.185919,0.185099,0.184201,0.183224,0.182164,0.181019,0.179788,0.178466,0.177049,0.175534,0.173916,0.172189,0.170346,0.16838,0.166281,0.16404,0.161642,0.159072,0.15631,0.153332,0.150104,0.146586,0.14272,0.138424,0.133578,0.127989,0.121315,0.112844,0.100544,0.0572583
124800,0.189649,0.189615,0.189512,0.189341,0.189101,0.188792,0.188413,0.187964,0.187443,0.18685,0.186184,0.185444,0.184628,0.183734,0.18276,0.181705,0.180565,0.179339,0.178022,0.176612,0.175103,0.173492,0.171772,0.169937,0.167979,0.165889,0.163656,0.161268,0.158708,0.155957,0.15299,0.149775,0.14627,0.142417,0.138137,0.133308,0.127738,0.121086,0.112642,0.100379,0.0571845
125400,0.18916,0.189126,0.189024,0.188854,0.188615,0.188307,0.18793,0.187482,0.186964,0.186374,0.185711,0.184974,0.184161,0.183271,0.182301,0.181251,0.180116,0.178895,0.177584,0.176179,0.174677,0.173072,0.171359,0.169532,0.167582,0.1655,0.163277,0.160898,0.158348,0.155608,0.152652,0.149449,0.145957,0.142118,0.137853,0.133041,0.12749,0.12086,0.112442,0.100216,0.057112
126000,0.188677,0.188643,0.188541,0.188372,0.188134,0.187827,0.187452,0.187006,0.18649,0.185903,0.185242,0.184508,0.183699,0.182813,0.181847,0.180801,0.179671,0.178455,0.17715,0.175751,0.174255,0.172657,0.170951,0.169131,0.167189,0.165116,0.162901,0.160531,0.157991,0.155261,0.152317,0.149126,0.145646,0.141822,0.137572,0.132777,0.127244,0.120636,0.112245,0.100054,0.0570406
126600,0.188198,0.188164,0.188063,0.187894,0.187658,0.187352,0.186978,0.186535,0.186021,0.185436,0.184779,0.184048,0.183242,0.182359,0.181398,0.180356,0.179231,0.17802,0.17672,0.175327,0.173837,0.172246,0.170547,0.168734,0.1668,0.164735,0.162529,0.160168,0.157638,0.154919,0.151985,0.148806,0.145339,0.141529,0.137294,0.132515,0.127001,0.120414,0.112049,0.099893,0.0569704
127200,0.187725,0.187691,0.18759,0.187422,0.187186,0.186882,0.18651,0.186068,0.185557,0.184974,0.18432,0.183592,0.182789,0.181911,0.180953,0.179916,0.178796,0.17759,0.176295,0.174908,0.173424,0.171839,0.170147,0.168341,0.166414,0.164358,0.16216,0.159809,0.157289,0.154579,0.151657,0.148489,0.145035,0.141238,0.137018,0.132255,0.12676,0.120194,0.111854,0.0997339,0.0569013
127800,0.187256,0.187222,0.187122,0.186955,0.18672,0.186417,0.186046,0.185607,0.185097,0.184517,0.183865,0.183141,0.182342,0.181466,0.180513,0.17948,0.178364,0.177163,0.175874,0.174493,0.173015,0.171436,0.169751,0.167952,0.166033,0.163984,0.161795,0.159453,0.156943,0.154243,0.151332,0.148176,0.144734,0.14095,0.136745,0.131998,0.126521,0.119976,0.111662,0.0995762,0.0568333
128400,0.186792,0.186759,0.186659,0.186492,0.186258,0.185957,0.185588,0.18515,0.184642,0.184065,0.183416,0.182694,0.181898,0.181027,0.180078,0.179049,0.177938,0.176742,0.175457,0.174081,0.17261,0.171037,0.169358,0.167567,0.165656,0.163615,0.161434,0.159101,0.1566,0.153911,0.15101,0.147865,0.144436,0.140665,0.136474,0.131744,0.126284,0.11976,0.111471,0.0994199,0.0567664
129000,0.186333,0.186299,0.1862,0.186034,0.185801,0.185501,0.185133,0.184697,0.184192,0.183617,0.182971,0.182252,0.181459,0.180592,0.179646,0.178622,0.177515,0.176324,0.175045,0.173674,0.172209,0.170642,0.16897,0.167186,0.165282,0.163249,0.161077,0.158752,0.15626,0.153581,0.150691,0.147557,0.14414,0.140383,0.136206,0.131492,0.12605,0.119546,0.111282,0.0992651,0.0567006
129600,0.185878,0.185845,0.185746,0.185581,0.185349,0.18505,0.184684,0.18425,0.183747,0.183174,0.18253,0.181814,0.181025,0.180161,0.179219,0.178199,0.177097,0.17591,0.174636,0.173271,0.171811,0.170251,0.168586,0.166808,0.164912,0.162886,0.160722,0.158407,0.155924,0.153255,0.150375,0.147253,0.143848,0.140103,0.135941,0.131242,0.125818,0.119334,0.111095,0.0991116,0.0566358
130200,0.185428,0.185395,0.185296,0.185132,0.184901,0.184603,0.184239,0.183806,0.183305,0.182735,0.182094,0.181381,0.180595,0.179734,0.178796,0.17778,0.176682,0.175501,0.174232,0.172872,0.171418,0.169864,0.168205,0.166434,0.164545,0.162528,0.160372,0.158065,0.155591,0.152932,0.150062,0.146951,0.143558,0.139826,0.135678,0.130994,0.125587,0.119124,0.11091,0.0989594,0.056572
130800,0.184982,0.18495,0.184851,0.184687,0.184457,0.184161,0.183798,0.183367,0.182868,0.1823,0.181662,0.180952,0.180169,0.179312,0.178378,0.177366,0.176272,0.175095,0.173831,0.172477,0.171029,0.169481,0.167828,0.166064,0.164182,0.162172,0.160024,0.157726,0.155261,0.152611,0.149752,0.146652,0.143271,0.139552,0.135417,0.130749,0.125359,0.118916,0.110726,0.0988086,0.0565092
131400,0.184541,0.184509,0.184411,0.184247,0.184018,0.183723,0.183362,0.182933,0.182436,0.18187,0.181234,0.180527,0.179747,0.178893,0.177963,0.176955,0.175866,0.174694,0.173435,0.172086,0.170643,0.169101,0.167455,0.165698,0.163822,0.16182,0.15968,0.15739,0.154935,0.152294,0.149445,0.146356,0.142986,0.13928,0.135159,0.130506,0.125133,0.11871,0.110544,0.0986591,0.0564473
132000,0.184104,0.184072,0.183974,0.183812,0.183584,0.18329,0.18293,0.182502,0.182008,0.181444,0.180811,0.180106,0.17933,0.178479,0.177553,0.176549,0.175464,0.174296,0.173042,0.171699,0.170261,0.168725,0.167085,0.165335,0.163466,0.161471,0.15934,0.157058,0.154611,0.15198,0.149141,0.146063,0.142704,0.139011,0.134903,0.130265,0.12491,0.118505,0.110363,0.0985109,0.0563864
132600,0.183672,0.183639,0.183542,0.18338,0.183153,0.182861,0.182502,0.182076,0.181583,0.181022,0.180391,0.17969,0.178916,0.178069,0.177146,0.176146,0.175066,0.173902,0.172653,0.171315,0.169883,0.168353,0.166719,0.164975,0.163114,0.161126,0.159002,0.156729,0.154291,0.151669,0.14884,0.145772,0.142425,0.138744,0.13465,0.130027,0.124688,0.118303,0.110184,0.098364,0.0563265
133200,0.183243,0.183211,0.183115,0.182953,0.182727,0.182435,0.182078,0.181654,0.181163,0.180604,0.179976,0.179277,0.178507,0.177663,0.176744,0.175747,0.174671,0.173512,0.172268,0.170935,0.169508,0.167984,0.166356,0.164619,0.162764,0.160784,0.158668,0.156402,0.153973,0.151361,0.148541,0.145484,0.142148,0.138479,0.134399,0.12979,0.124468,0.118102,0.110006,0.0982183,0.0562674
133800,0.182819,0.182787,0.182691,0.18253,0.182305,0.182014,0.181658,0.181236,0.180747,0.18019,0.179565,0.178869,0.178101,0.177261,0.176345,0.175352,0.17428,0.173126,0.171887,0.170558,0.169137,0.167618,0.165997,0.164266,0.162418,0.160445,0.158336,0.156079,0.153659,0.151055,0.148246,0.145199,0.141874,0.138217,0.13415,0.129556,0.12425,0.117903,0.10983,0.0980739,0.0562092
134400,0.182399,0.182367,0.182271,0.182111,0.181887,0.181597,0.181243,0.180822,0.180335,0.179781,0.179157,0.178464,0.1777,0.176862,0.17595,0.174961,0.173893,0.172743,0.171509,0.170185,0.168769,0.167256,0.165641,0.163916,0.162075,0.160109,0.158008,0.155759,0.153347,0.150753,0.147953,0.144916,0.141603,0.137958,0.133903,0.129324,0.124034,0.117706,0.109656,0.0979307,0.056152
135000,0.181983,0.181951,0.181856,0.181696,0.181473,0.181184,0.180831,0.180412,0.179927,0.179375,0.178754,0.178063,0.177302,0.176468,0.175559,0.174574,0.17351,0.172364,0.171134,0.169816,0.168405,0.166898,0.165288,0.16357,0.161736,0.159777,0.157683,0.155442,0.153038,0.150453,0.147662,0.144636,0.141333,0.1377,0.133659,0.129093,0.123819,0.11751,0.109483,0.0977887,0.0560955
135600,0.181571,0.181539,0.181444,0.181285,0.181062,0.180775,0.180424,0.180006,0.179523,0.178973,0.178354,0.177666,0.176908,0.176077,0.175171,0.17419,0.17313,0.171989,0.170763,0.16945,0.168044,0.166543,0.164939,0.163227,0.161399,0.159447,0.157361,0.155128,0.152732,0.150156,0.147374,0.144358,0.141067,0.137445,0.133416,0.128865,0.123607,0.117316,0.109312,0.0976478,0.0560399
136200,0.181162,0.181131,0.181036,0.180878,0.180656,0.18037,0.18002,0.179604,0.179123,0.178574,0.177958,0.177273,0.176517,0.175689,0.174788,0.17381,0.172754,0.171617,0.170396,0.169087,0.167687,0.166191,0.164593,0.162887,0.161066,0.159121,0.157042,0.154816,0.152429,0.149861,0.147089,0.144083,0.140802,0.137192,0.133176,0.128639,0.123397,0.117124,0.109141,0.0975082,0.0559851
136800,0.180758,0.180726,0.180632,0.180474,0.180253,0.179969,0.17962,0.179206,0.178726,0.17818,0.177566,0.176883,0.17613,0.175306,0.174407,0.173433,0.172381,0.171248,0.170032,0.168728,0.167333,0.165842,0.16425,0.16255,0.160735,0.158797,0.156725,0.154507,0.152128,0.149569,0.146807,0.14381,0.14054,0.136942,0.132938,0.128415,0.123188,0.116933,0.108973,0.0973697,0.0559312
137400,0.180357,0.180326,0.180232,0.180075,0.179855,0.179571,0.179223,0.178811,0.178333,0.177789,0.177177,0.176497,0.175747,0.174925,0.17403,0.17306,0.172012,0.170883,0.169671,0.168372,0.166982,0.165496,0.16391,0.162216,0.160408,0.158476,0.156412,0.154201,0.15183,0.14928,0.146527,0.14354,0.14028,0.136693,0.132702,0.128192,0.122981,0.116744,0.108806,0.0972323,0.055878
138000,0.17996,0.179929,0.179835,0.179679,0.17946,0.179177,0.178831,0.17842,0.177944,0.177401,0.176792,0.176115,0.175367,0.174549,0.173657,0.17269,0.171646,0.170522,0.169314,0.168019,0.166634,0.165154,0.163573,0.161885,0.160083,0.158159,0.156101,0.153898,0.151535,0.148993,0.146249,0.143272,0.140023,0.136447,0.132468,0.127972,0.122776,0.116557,0.10864,0.0970961,0.0558255
138600,0.179567,0.179536,0.179443,0.179287,0.179068,0.178787,0.178441,0.178032,0.177558,0.177018,0.176411,0.175736,0.174991,0.174176,0.173287,0.172324,0.171283,0.170163,0.16896,0.16767,0.16629,0.164815,0.163239,0.161557,0.159762,0.157844,0.155793,0.153598,0.151243,0.148709,0.145974,0.143006,0.139767,0.136203,0.132236,0.127753,0.122573,0.116371,0.108475,0.096961,0.0557739
139200,0.179177,0.179146,0.179053,0.178898,0.17868,0.1784,0.178056,0.177648,0.177176,0.176637,0.176033,0.17536,0.174618,0.173806,0.172921,0.171961,0.170924,0.169808,0.168609,0.167324,0.165948,0.164478,0.162908,0.161232,0.159443,0.157532,0.155488,0.1533,0.150953,0.148427,0.145701,0.142743,0.139514,0.135961,0.132006,0.127537,0.122371,0.116187,0.108312,0.0968269,0.055723
139800,0.178791,0.17876,0.178668,0.178513,0.178296,0.178017,0.177674,0.177268,0.176797,0.176261,0.175658,0.174988,0.174249,0.173439,0.172557,0.171601,0.170568,0.169456,0.168261,0.16698,0.16561,0.164145,0.162581,0.16091,0.159127,0.157222,0.155185,0.153005,0.150665,0.148148,0.14543,0.142482,0.139263,0.135721,0.131778,0.127322,0.122171,0.116004,0.108151,0.096694,0.0556728
140400,0.178408,0.178378,0.178285,0.178131,0.177915,0.177637,0.177295,0.176891,0.176422,0.175887,0.175287,0.174619,0.173883,0.173076,0.172197,0.171245,0.170215,0.169107,0.167916,0.16664,0.165275,0.163815,0.162256,0.160591,0.158814,0.156915,0.154886,0.152712,0.15038,0.147871,0.145162,0.142223,0.139015,0.135483,0.131552,0.127109,0.121973,0.115823,0.10799,0.0965621,0.0556233
141000,0.178029,0.177999,0.177907,0.177753,0.177538,0.17726,0.17692,0.176517,0.17605,0.175517,0.174919,0.174254,0.17352,0.172716,0.171841,0.170891,0.169866,0.168761,0.167575,0.166303,0.164942,0.163488,0.161934,0.160275,0.158504,0.156612,0.154588,0.152422,0.150098,0.147597,0.144897,0.141967,0.138768,0.135247,0.131328,0.126898,0.121776,0.115643,0.107831,0.0964312,0.0555745
141600,0.177654,0.177623,0.177531,0.177378,0.177164,0.176887,0.176549,0.176147,0.175681,0.175151,0.174555,0.173892,0.173161,0.17236,0.171487,0.170541,0.169519,0.168418,0.167236,0.165969,0.164613,0.163163,0.161615,0.159961,0.158196,0.15631,0.154294,0.152135,0.149818,0.147325,0.144633,0.141712,0.138523,0.135013,0.131105,0.126688,0.121581,0.115465,0.107673,0.0963014,0.0555264
142200,0.177281,0.177251,0.177159,0.177007,0.176793,0.176518,0.17618,0.17578,0.175316,0.174787,0.174193,0.173533,0.172804,0.172006,0.171137,0.170194,0.169175,0.168079,0.1669,0.165638,0.164286,0.162841,0.161298,0.15965,0.157891,0.156011,0.154002,0.15185,0.14954,0.147055,0.144372,0.14146,0.138281,0.134781,0.130885,0.12648,0.121387,0.115288,0.107517,0.0961726,0.055479
142800,0.176912,0.176882,0.176791,0.176639,0.176426,0.176151,0.175815,0.175416,0.174954,0.174427,0.173835,0.173177,0.172451,0.171656,0.170789,0.16985,0.168835,0.167742,0.166568,0.165309,0.163962,0.162522,0.160985,0.159342,0.157589,0.155715,0.153712,0.151567,0.149265,0.146788,0.144113,0.14121,0.13804,0.134551,0.130666,0.126274,0.121196,0.115112,0.107361,0.0960449,0.0554322
143400,0.176546,0.176516,0.176425,0.176274,0.176062,0.175788,0.175453,0.175055,0.174595,0.17407,0.17348,0.172824,0.172101,0.171308,0.170445,0.169509,0.168497,0.167408,0.166238,0.164984,0.163641,0.162206,0.160674,0.159037,0.157289,0.155422,0.153425,0.151287,0.148992,0.146523,0.143856,0.140962,0.137802,0.134323,0.130449,0.12607,0.121005,0.114938,0.107207,0.0959181,0.0553861
144000,0.176183,0.176153,0.176063,0.175912,0.175701,0.175428,0.175094,0.174698,0.174239,0.173716,0.173128,0.172475,0.171754,0.170964,0.170104,0.169171,0.168163,0.167077,0.165911,0.164661,0.163323,0.161893,0.160365,0.158734,0.156992,0.155131,0.15314,0.151009,0.148721,0.14626,0.143601,0.140716,0.137566,0.134097,0.130234,0.125867,0.120816,0.114766,0.107054,0.0957923,0.0553406
144600,0.175824,0.175794,0.175704,0.175554,0.175343,0.175071,0.174738,0.174344,0.173886,0.173365,0.172779,0.172128,0.17141,0.170623,0.169765,0.168835,0.167831,0.166749,0.165587,0.164341,0.163008,0.161582,0.16006,0.158434,0.156697,0.154842,0.152858,0.150733,0.148453,0.145999,0.143349,0.140472,0.137331,0.133872,0.130021,0.125666,0.120629,0.114594,0.106902,0.0956674,0.0552958
145200,0.175468,0.175438,0.175348,0.175198,0.174988,0.174718,0.174386,0.173992,0.173537,0.173017,0.172434,0.171785,0.171069,0.170284,0.16943,0.168503,0.167502,0.166424,0.165266,0.164024,0.162695,0.161274,0.159757,0.158136,0.156405,0.154556,0.152578,0.15046,0.148187,0.14574,0.143098,0.14023,0.137098,0.13365,0.129809,0.125467,0.120443,0.114424,0.106752,0.0955436,0.0552516
145800,0.175114,0.175084,0.174995,0.174846,0.174637,0.174367,0.174036,0.173644,0.17319,0.172672,0.172091,0.171444,0.170731,0.169949,0.169097,0.168174,0.167176,0.166101,0.164947,0.163709,0.162385,0.160969,0.159456,0.157841,0.156115,0.154272,0.1523,0.150189,0.147923,0.145484,0.14285,0.13999,0.136868,0.133429,0.1296,0.125269,0.120259,0.114256,0.106603,0.0954206,0.0552079
146400,0.174764,0.174734,0.174645,0.174497,0.174288,0.174019,0.17369,0.173299,0.172846,0.172331,0.171751,0.171106,0.170395,0.169616,0.168767,0.167847,0.166853,0.165782,0.164631,0.163398,0.162077,0.160666,0.159158,0.157548,0.155828,0.15399,0.152025,0.14992,0.147661,0.14523,0.142603,0.139752,0.136639,0.13321,0.129391,0.125072,0.120076,0.114088,0.106454,0.0952986,0.0551649
147000,0.174417,0.174387,0.174298,0.17415,0.173942,0.173675,0.173346,0.172957,0.172506,0.171992,0.171414,0.170771,0.170063,0.169286,0.16844,0.167523,0.166532,0.165465,0.164318,0.163088,0.161772,0.160366,0.158863,0.157257,0.155543,0.153711,0.151752,0.149654,0.147402,0.144977,0.142359,0.139516,0.136412,0.132993,0.129185,0.124878,0.119895,0.113923,0.106307,0.0951775,0.0551224
147600,0.174072,0.174043,0.173954,0.173807,0.1736,0.173333,0.173006,0.172617,0.172168,0.171656,0.17108,0.17044,0.169733,0.168959,0.168116,0.167202,0.166214,0.16515,0.164007,0.162782,0.16147,0.160068,0.15857,0.156969,0.155261,0.153435,0.151481,0.149389,0.147144,0.144727,0.142116,0.139282,0.136187,0.132777,0.12898,0.124685,0.119715,0.113758,0.106161,0.0950574,0.0550805
148200,0.173731,0.173702,0.173613,0.173466,0.17326,0.172994,0.172668,0.172281,0.171833,0.171322,0.170748,0.17011,0.169406,0.168635,0.167795,0.166883,0.165899,0.164838,0.163699,0.162478,0.16117,0.159772,0.158279,0.156684,0.15498,0.15316,0.151213,0.149127,0.146889,0.144479,0.141876,0.13905,0.135963,0.132563,0.128777,0.124493,0.119536,0.113594,0.106017,0.0949381,0.0550391
148800,0.173392,0.173363,0.173275,0.173129,0.172923,0.172658,0.172333,0.171947,0.171501,0.170992,0.17042,0.169784,0.169082,0.168314,0.167476,0.166568,0.165586,0.164529,0.163394,0.162176,0.160873,0.159479,0.157991,0.156401,0.154702,0.152888,0.150947,0.148867,0.146635,0.144233,0.141637,0.13882,0.135742,0.132351,0.128575,0.124303,0.119359,0.113432,0.105873,0.0948197,0.0549983
149400,0.173057,0.173028,0.17294,0.172794,0.172589,0.172325,0.172001,0.171616,0.171171,0.170664,0.170094,0.16946,0.168761,0.167995,0.16716,0.166254,0.165276,0.164223,0.163091,0.161877,0.160578,0.159189,0.157705,0.15612,0.154427,0.152618,0.150682,0.148609,0.146384,0.143989,0.141401,0.138591,0.135522,0.132141,0.128375,0.124114,0.119183,0.113271,0.10573,0.0947022,0.054958
150000,0.172724,0.172695,0.172607,0.172462,0.172257,0.171994,0.171671,0.171288,0.170844,0.170339,0.169771,0.169139,0.168442,0.167678,0.166846,0.165944,0.164969,0.163918,0.16279,0.16158,0.160285,0.158901,0.157421,0.155841,0.154153,0.15235,0.15042,0.148353,0.146135,0.143746,0.141166,0.138364,0.135304,0.131932,0.128176,0.123927,0.119009,0.113112,0.105589,0.0945855,0.0549183
150600,0.172394,0.172365,0.172278,0.172132,0.171929,0.171666,0.171345,0.170963,0.170521,0.170017,0.169451,0.168821,0.168126,0.167365,0.166535,0.165636,0.164664,0.163617,0.162492,0.161286,0.159995,0.158615,0.15714,0.155565,0.153882,0.152084,0.15016,0.1481,0.145887,0.143506,0.140933,0.138139,0.135087,0.131725,0.127979,0.123741,0.118835,0.112953,0.105448,0.0944698,0.0548791
151200,0.172066,0.172037,0.171951,0.171806,0.171603,0.171341,0.171021,0.17064,0.170199,0.169697,0.169133,0.168505,0.167812,0.167054,0.166227,0.16533,0.164361,0.163318,0.162197,0.160994,0.159707,0.158331,0.156861,0.155291,0.153613,0.15182,0.149902,0.147848,0.145642,0.143268,0.140702,0.137916,0.134873,0.131519,0.127784,0.123556,0.118663,0.112796,0.105309,0.0943548,0.0548404
151800,0.171742,0.171713,0.171626,0.171482,0.17128,0.171019,0.170699,0.17032,0.169881,0.16938,0.168817,0.168192,0.167501,0.166745,0.165921,0.165027,0.164061,0.163021,0.161903,0.160705,0.159422,0.15805,0.156584,0.155019,0.153346,0.151559,0.149647,0.147598,0.145399,0.143031,0.140473,0.137695,0.134659,0.131315,0.12759,0.123373,0.118493,0.11264,0.10517,0.0942407,0.0548022
152400,0.171419,0.171391,0.171305,0.171161,0.170959,0.170699,0.17038,0.170002,0.169564,0.169066,0.168505,0.167881,0.167193,0.166439,0.165617,0.164726,0.163764,0.162727,0.161612,0.160418,0.159139,0.157771,0.15631,0.154749,0.153081,0.151299,0.149393,0.14735,0.145157,0.142796,0.140245,0.137475,0.134448,0.131113,0.127397,0.123192,0.118324,0.112485,0.105033,0.0941274,0.0547644
153000,0.1711,0.171071,0.170985,0.170842,0.170641,0.170382,0.170064,0.169688,0.169251,0.168754,0.168195,0.167573,0.166887,0.166135,0.165316,0.164428,0.163468,0.162435,0.161324,0.160133,0.158858,0.157494,0.156037,0.154481,0.152819,0.151042,0.149141,0.147104,0.144918,0.142563,0.140019,0.137257,0.134238,0.130912,0.127206,0.123012,0.118156,0.112331,0.104896,0.0940149,0.0547272
153600,0.170783,0.170755,0.170669,0.170526,0.170326,0.170067,0.169751,0.169375,0.16894,0.168444,0.167887,0.167267,0.166583,0.165834,0.165018,0.164132,0.163176,0.162145,0.161038,0.15985,0.158579,0.15722,0.155767,0.154216,0.152558,0.150786,0.148891,0.14686,0.14468,0.142332,0.139795,0.13704,0.13403,0.130713,0.127016,0.122833,0.117989,0.112178,0.104761,0.0939032,0.0546904
154200,0.170469,0.17044,0.170355,0.170213,0.170013,0.169755,0.16944,0.169065,0.168631,0.168137,0.167582,0.166964,0.166282,0.165535,0.164722,0.163839,0.162885,0.161858,0.160754,0.15957,0.158303,0.156947,0.155499,0.153952,0.152299,0.150533,0.148643,0.146618,0.144444,0.142103,0.139573,0.136826,0.133823,0.130515,0.126828,0.122655,0.117823,0.112027,0.104626,0.0937923,0.0546541
154800,0.170157,0.170129,0.170044,0.169902,0.169702,0.169446,0.169131,0.168758,0.168325,0.167833,0.167279,0.166663,0.165984,0.165239,0.164428,0.163548,0.162597,0.161573,0.160472,0.159292,0.158028,0.156677,0.155233,0.153691,0.152043,0.150282,0.148397,0.146378,0.14421,0.141875,0.139353,0.136613,0.133618,0.130319,0.126641,0.122479,0.117659,0.111876,0.104493,0.0936822,0.0546183
155400,0.169848,0.169819,0.169735,0.169593,0.169394,0.169139,0.168825,0.168453,0.168022,0.167531,0.166979,0.166365,0.165687,0.164945,0.164136,0.163259,0.162311,0.16129,0.160192,0.159016,0.157756,0.156409,0.154969,0.153431,0.151788,0.150032,0.148153,0.14614,0.143978,0.14165,0.139134,0.136401,0.133415,0.130124,0.126456,0.122304,0.117496,0.111727,0.10436,0.0935729,0.0545829
156000,0.169541,0.169513,0.169428,0.169287,0.169089,0.168834,0.168521,0.16815,0.167721,0.167231,0.166681,0.166069,0.165393,0.164653,0.163847,0.162972,0.162027,0.161009,0.159915,0.158742,0.157486,0.156143,0.154707,0.153174,0.151536,0.149784,0.147911,0.145903,0.143747,0.141426,0.138916,0.136191,0.133213,0.12993,0.126272,0.12213,0.117334,0.111578,0.104229,0.0934644,0.054548
156600,0.169236,0.169208,0.169124,0.168983,0.168786,0.168532,0.16822,0.16785,0.167422,0.166934,0.166385,0.165775,0.165102,0.164364,0.16356,0.162688,0.161746,0.160731,0.15964,0.15847,0.157218,0.155879,0.154447,0.152918,0.151285,0.149539,0.14767,0.145668,0.143518,0.141203,0.138701,0.135983,0.133012,0.129738,0.126089,0.121958,0.117173,0.111431,0.104098,0.0933566,0.0545134
157200,0.168934,0.168906,0.168822,0.168682,0.168485,0.168232,0.167921,0.167552,0.167125,0.166639,0.166092,0.165483,0.164812,0.164077,0.163275,0.162406,0.161466,0.160454,0.159367,0.158201,0.156952,0.155617,0.15419,0.152665,0.151036,0.149295,0.147432,0.145435,0.143291,0.140982,0.138487,0.135776,0.132813,0.129548,0.125908,0.121787,0.117013,0.111285,0.103968,0.0932495,0.0544794
157800,0.168634,0.168606,0.168523,0.168383,0.168187,0.167934,0.167624,0.167257,0.166831,0.166346,0.165801,0.165194,0.164525,0.163792,0.162993,0.162126,0.161189,0.16018,0.159096,0.157933,0.156688,0.155357,0.153934,0.152414,0.150789,0.149053,0.147195,0.145204,0.143066,0.140763,0.138274,0.135571,0.132616,0.129359,0.125728,0.121617,0.116855,0.11114,0.103839,0.0931432,0.0544457
158400,0.168337,0.168309,0.168226,0.168086,0.167891,0.167639,0.16733,0.166964,0.166539,0.166055,0.165512,0.164907,0.16424,0.163509,0.162712,0.161848,0.160914,0.159908,0.158827,0.157668,0.156426,0.155099,0.15368,0.152164,0.150544,0.148813,0.14696,0.144974,0.142842,0.140546,0.138063,0.135367,0.13242,0.129171,0.125549,0.121448,0.116698,0.110996,0.103711,0.0930376,0.0544124
159000,0.168042,0.168014,0.167931,0.167792,0.167597,0.167346,0.167038,0.166673,0.166249,0.165767,0.165225,0.164622,0.163957,0.163228,0.162434,0.161572,0.160641,0.159638,0.15856,0.157404,0.156166,0.154843,0.153428,0.151916,0.150301,0.148574,0.146727,0.144747,0.14262,0.14033,0.137854,0.135165,0.132225,0.128984,0.125372,0.121281,0.116541,0.110853,0.103584,0.0929327,0.0543796
159600,0.167749,0.167721,0.167638,0.1675,0.167305,0.167055,0.166748,0.166384,0.165962,0.165481,0.164941,0.16434,0.163677,0.16295,0.162158,0.161299,0.16037,0.15937,0.158295,0.157143,0.155908,0.154588,0.153178,0.15167,0.15006,0.148338,0.146495,0.144521,0.1424,0.140116,0.137646,0.134964,0.132032,0.128799,0.125196,0.121114,0.116386,0.11071,0.103458,0.0928286,0.0543471
160200,0.167458,0.167431,0.167348,0.16721,0.167016,0.166767,0.16646,0.166097,0.165677,0.165197,0.164659,0.164059,0.163398,0.162673,0.161884,0.161027,0.160102,0.159104,0.158033,0.156883,0.155652,0.154336,0.152929,0.151426,0.14982,0.148103,0.146265,0.144296,0.142181,0.139903,0.13744,0.134765,0.13184,0.128616,0.125021,0.120949,0.116232,0.110569,0.103333,0.0927252,0.0543151
160800,0.16717,0.167142,0.16706,0.166922,0.166729,0.16648,0.166175,0.165813,0.165394,0.164916,0.164379,0.163781,0.163122,0.162399,0.161612,0.160758,0.159835,0.15884,0.157772,0.156626,0.155398,0.154086,0.152683,0.151184,0.149582,0.14787,0.146037,0.144073,0.141964,0.139692,0.137235,0.134567,0.13165,0.128433,0.124847,0.120785,0.116079,0.110429,0.103208,0.0926224,0.0542834
161400,0.166884,0.166856,0.166774,0.166637,0.166444,0.166196,0.165892,0.165531,0.165113,0.164636,0.164101,0.163505,0.162847,0.162127,0.161342,0.16049,0.15957,0.158578,0.157513,0.15637,0.155146,0.153837,0.152438,0.150944,0.149346,0.147639,0.145811,0.143852,0.141748,0.139482,0.137032,0.134371,0.13146,0.128252,0.124675,0.120623,0.115928,0.11029,0.103085,0.0925204,0.0542521
162000,0.1666,0.166572,0.16649,0.166353,0.166161,0.165914,0.165611,0.165251,0.164834,0.164359,0.163825,0.163231,0.162575,0.161857,0.161074,0.160225,0.159307,0.158318,0.157256,0.156116,0.154896,0.153591,0.152196,0.150705,0.149112,0.147409,0.145586,0.143633,0.141534,0.139274,0.13683,0.134175,0.131273,0.128072,0.124503,0.120461,0.115777,0.110152,0.102962,0.092419,0.0542212
162600,0.166318,0.166291,0.166209,0.166072,0.165881,0.165634,0.165332,0.164973,0.164557,0.164083,0.163551,0.162958,0.162305,0.161589,0.160808,0.159961,0.159046,0.15806,0.157001,0.155864,0.154647,0.153346,0.151955,0.150468,0.148879,0.147181,0.145363,0.143415,0.141322,0.139068,0.13663,0.133982,0.131086,0.127894,0.124333,0.120301,0.115627,0.110015,0.10284,0.0923183,0.0541907
163200,0.166038,0.166011,0.165929,0.165793,0.165602,0.165356,0.165055,0.164697,0.164282,0.16381,0.163279,0.162688,0.162037,0.161322,0.160544,0.1597,0.158787,0.157804,0.156748,0.155614,0.154401,0.153103,0.151715,0.150233,0.148648,0.146955,0.145142,0.143198,0.141111,0.138862,0.136431,0.13379,0.130901,0.127716,0.124165,0.120141,0.115478,0.109878,0.102719,0.0922183,0.0541605
163800,0.16576,0.165733,0.165652,0.165516,0.165326,0.16508,0.16478,0.164423,0.16401,0.163539,0.163009,0.16242,0.16177,0.161058,0.160282,0.15944,0.15853,0.15755,0.156496,0.155366,0.154156,0.152861,0.151478,0.149999,0.148419,0.14673,0.144922,0.142983,0.140902,0.138659,0.136234,0.133599,0.130717,0.12754,0.123997,0.119983,0.115331,0.109743,0.102599,0.0921189,0.0541306
164400,0.165485,0.165458,0.165376,0.165241,0.165051,0.164807,0.164507,0.164151,0.163739,0.163269,0.162741,0.162154,0.161506,0.160796,0.160022,0.159183,0.158275,0.157297,0.156247,0.15512,0.153913,0.152622,0.151242,0.149767,0.148192,0.146507,0.144703,0.14277,0.140694,0.138457,0.136038,0.133409,0.130535,0.127365,0.12383,0.119826,0.115184,0.109608,0.102479,0.0920202,0.0541011
165000,0.165211,0.165184,0.165103,0.164968,0.164779,0.164535,0.164236,0.163881,0.16347,0.163002,0.162476,0.16189,0.161244,0.160536,0.159764,0.158927,0.158022,0.157047,0.155999,0.154875,0.153672,0.152384,0.151008,0.149537,0.147966,0.146285,0.144487,0.142558,0.140487,0.138256,0.135843,0.133221,0.130354,0.127192,0.123665,0.11967,0.115038,0.109475,0.102361,0.0919221,0.054072
165600,0.164939,0.164912,0.164832,0.164697,0.164509,0.164265,0.163967,0.163614,0.163204,0.162737,0.162212,0.161628,0.160983,0.160277,0.159508,0.158673,0.15777,0.156798,0.155753,0.154632,0.153432,0.152148,0.150776,0.149309,0.147741,0.146065,0.144271,0.142348,0.140282,0.138056,0.135649,0.133034,0.130174,0.127019,0.123501,0.119515,0.114893,0.109342,0.102243,0.0918247,0.0540432
166200,0.16467,0.164643,0.164562,0.164428,0.16424,0.163998,0.1637,0.163348,0.162939,0.162473,0.16195,0.161367,0.160725,0.160021,0.159253,0.158421,0.157521,0.156551,0.155509,0.154391,0.153194,0.151914,0.150545,0.149082,0.147519,0.145847,0.144058,0.142139,0.140079,0.137858,0.135457,0.132848,0.129995,0.126848,0.123338,0.119361,0.11475,0.10921,0.102126,0.0917278,0.0540147
166800,0.164402,0.164375,0.164295,0.164161,0.163974,0.163732,0.163435,0.163084,0.162676,0.162212,0.16169,0.161109,0.160468,0.159766,0.159001,0.15817,0.157273,0.156306,0.155267,0.154152,0.152958,0.151681,0.150316,0.148857,0.147298,0.14563,0.143845,0.141932,0.139876,0.137662,0.135267,0.132664,0.129817,0.126678,0.123176,0.119208,0.114607,0.109079,0.102009,0.0916317,0.0539866
167400,0.164136,0.164109,0.16403,0.163896,0.163709,0.163468,0.163172,0.162822,0.162415,0.161952,0.161432,0.160852,0.160213,0.159513,0.15875,0.157922,0.157027,0.156062,0.155026,0.153914,0.152724,0.15145,0.150088,0.148633,0.147078,0.145415,0.143635,0.141726,0.139676,0.137467,0.135077,0.132481,0.129641,0.126509,0.123015,0.119056,0.114465,0.108949,0.101894,0.0915361,0.0539588
168000,0.163872,0.163846,0.163766,0.163633,0.163446,0.163206,0.162911,0.162561,0.162156,0.161694,0.161175,0.160598,0.15996,0.159262,0.158501,0.157675,0.156782,0.155821,0.154787,0.153678,0.152491,0.15122,0.149862,0.148411,0.14686,0.145201,0.143425,0.141522,0.139476,0.137273,0.134889,0.132299,0.129466,0.126341,0.122855,0.118905,0.114324,0.10882,0.101779,0.0914411,0.0539313
168600,0.16361,0.163584,0.163504,0.163372,0.163186,0.162946,0.162652,0.162303,0.161899,0.161438,0.160921,0.160345,0.159709,0.159013,0.158254,0.15743,0.15654,0.155581,0.15455,0.153444,0.15226,0.150993,0.149638,0.148191,0.146643,0.144989,0.143218,0.141319,0.139278,0.13708,0.134703,0.132119,0.129292,0.126175,0.122697,0.118755,0.114184,0.108692,0.101665,0.0913468,0.0539041
169200,0.16335,0.163324,0.163245,0.163112,0.162927,0.162688,0.162394,0.162047,0.161643,0.161184,0.160668,0.160094,0.15946,0.158765,0.158008,0.157187,0.156299,0.155342,0.154314,0.153211,0.15203,0.150766,0.149415,0.147972,0.146428,0.144778,0.143011,0.141117,0.139082,0.136889,0.134517,0.131939,0.129119,0.126009,0.122539,0.118606,0.114045,0.108564,0.101551,0.091253,0.0538772
169800,0.163092,0.163066,0.162987,0.162855,0.16267,0.162431,0.162139,0.161792,0.16139,0.160932,0.160417,0.159844,0.159212,0.158519,0.157764,0.156945,0.15606,0.155106,0.15408,0.15298,0.151802,0.150542,0.149194,0.147754,0.146215,0.144569,0.142806,0.140917,0.138887,0.136699,0.134333,0.131761,0.128948,0.125845,0.122382,0.118458,0.113907,0.108438,0.101439,0.0911599,0.0538506
170400,0.162836,0.162809,0.16273,0.162599,0.162414,0.162177,0.161885,0.161539,0.161138,0.160681,0.160168,0.159597,0.158966,0.158275,0.157522,0.156705,0.155822,0.154871,0.153848,0.152751,0.151576,0.150319,0.148975,0.147538,0.146003,0.144361,0.142603,0.140718,0.138693,0.13651,0.13415,0.131584,0.128778,0.125681,0.122227,0.118311,0.11377,0.108312,0.101327,0.0910673,0.0538243
171000,0.162581,0.162555,0.162476,0.162345,0.162161,0.161924,0.161633,0.161288,0.160888,0.160433,0.15992,0.159351,0.158722,0.158033,0.157282,0.156467,0.155586,0.154637,0.153617,0.152523,0.151351,0.150097,0.148756,0.147324,0.145792,0.144154,0.142401,0.14052,0.1385,0.136323,0.133968,0.131408,0.128608,0.125519,0.122072,0.118165,0.113634,0.108187,0.101216,0.0909753,0.0537984
171600,0.162328,0.162302,0.162224,0.162093,0.161909,0.161673,0.161383,0.161039,0.16064,0.160186,0.159675,0.159107,0.15848,0.157792,0.157043,0.156231,0.155352,0.154406,0.153388,0.152297,0.151128,0.149877,0.14854,0.147111,0.145583,0.143949,0.1422,0.140324,0.138309,0.136137,0.133788,0.131234,0.12844,0.125358,0.121919,0.11802,0.113498,0.108062,0.101105,0.0908839,0.0537727
172200,0.162077,0.162051,0.161973,0.161842,0.161659,0.161423,0.161134,0.160791,0.160393,0.15994,0.159431,0.158864,0.158239,0.157553,0.156806,0.155996,0.15512,0.154176,0.153161,0.152072,0.150906,0.149658,0.148325,0.146899,0.145375,0.143745,0.142,0.140129,0.138119,0.135952,0.133608,0.13106,0.128273,0.125198,0.121766,0.117876,0.113364,0.107939,0.100995,0.090793,0.0537472
172800,0.161828,0.161802,0.161724,0.161594,0.161411,0.161176,0.160887,0.160545,0.160148,0.159697,0.159189,0.158623,0.158,0.157316,0.156571,0.155762,0.154889,0.153947,0.152935,0.151849,0.150686,0.149441,0.148111,0.146689,0.145169,0.143543,0.141802,0.139936,0.13793,0.135768,0.13343,0.130888,0.128107,0.125039,0.121615,0.117733,0.11323,0.107816,0.100886,0.0907027,0.0537221
173400,0.16158,0.161554,0.161476,0.161347,0.161165,0.16093,0.160642,0.160301,0.159905,0.159455,0.158948,0.158384,0.157762,0.15708,0.156337,0.155531,0.154659,0.15372,0.15271,0.151627,0.150467,0.149226,0.147899,0.14648,0.144964,0.143342,0.141605,0.139743,0.137742,0.135586,0.133253,0.130717,0.127942,0.124881,0.121464,0.117591,0.113097,0.107694,0.100778,0.090613,0.0536973
174000,0.161334,0.161308,0.161231,0.161101,0.16092,0.160686,0.160399,0.160058,0.159664,0.159214,0.158709,0.158147,0.157526,0.156846,0.156105,0.155301,0.154431,0.153495,0.152487,0.151407,0.15025,0.149012,0.147688,0.146273,0.14476,0.143142,0.14141,0.139552,0.137556,0.135405,0.133077,0.130547,0.127779,0.124724,0.121315,0.117449,0.112965,0.107573,0.10067,0.0905238,0.0536727
174600,0.16109,0.161064,0.160987,0.160858,0.160677,0.160443,0.160157,0.159817,0.159424,0.158976,0.158472,0.157911,0.157292,0.156614,0.155874,0.155072,0.154205,0.153271,0.152266,0.151188,0.150034,0.148799,0.147479,0.146067,0.144558,0.142944,0.141216,0.139363,0.137371,0.135225,0.132903,0.130378,0.127616,0.124568,0.121166,0.117309,0.112834,0.107453,0.100563,0.0904352,0.0536484
175200,0.160847,0.160822,0.160745,0.160616,0.160435,0.160202,0.159917,0.159578,0.159186,0.158739,0.158236,0.157677,0.157059,0.156383,0.155645,0.154845,0.15398,0.153048,0.152046,0.150971,0.14982,0.148588,0.147271,0.145862,0.144357,0.142747,0.141023,0.139174,0.137187,0.135046,0.132729,0.13021,0.127454,0.124413,0.121018,0.117169,0.112704,0.107333,0.100456,0.0903471,0.0536243
175800,0.160607,0.160581,0.160504,0.160376,0.160195,0.159963,0.159678,0.159341,0.158949,0.158503,0.158002,0.157444,0.156828,0.156153,0.155418,0.15462,0.153757,0.152827,0.151828,0.150756,0.149607,0.148378,0.147064,0.145659,0.144158,0.142551,0.140831,0.138987,0.137005,0.134868,0.132557,0.130044,0.127294,0.124259,0.120872,0.117031,0.112574,0.107214,0.100351,0.0902595,0.0536005
176400,0.160367,0.160342,0.160265,0.160137,0.159957,0.159726,0.159442,0.159105,0.158714,0.158269,0.157769,0.157213,0.156599,0.155926,0.155192,0.154396,0.153535,0.152608,0.151611,0.150541,0.149395,0.14817,0.146859,0.145457,0.143959,0.142357,0.140641,0.138801,0.136823,0.134692,0.132385,0.129878,0.127134,0.124106,0.120726,0.116893,0.112445,0.107096,0.100246,0.0901724,0.053577
177000,0.16013,0.160104,0.160028,0.1599,0.159721,0.15949,0.159206,0.15887,0.158481,0.158037,0.157538,0.156983,0.156371,0.155699,0.154967,0.154173,0.153315,0.15239,0.151395,0.150328,0.149185,0.147962,0.146655,0.145257,0.143762,0.142164,0.140452,0.138616,0.136643,0.134516,0.132215,0.129713,0.126975,0.123954,0.120581,0.116756,0.112317,0.106979,0.100141,0.0900859,0.0535537
177600,0.159894,0.159868,0.159792,0.159664,0.159486,0.159255,0.158973,0.158637,0.158249,0.157806,0.157309,0.156755,0.156144,0.155474,0.154744,0.153952,0.153096,0.152173,0.151181,0.150117,0.148977,0.147757,0.146452,0.145058,0.143567,0.141972,0.140264,0.138433,0.136464,0.134342,0.132046,0.12955,0.126818,0.123803,0.120437,0.11662,0.11219,0.106862,0.100037,0.0899999,0.0535307
178200,0.159659,0.159634,0.159558,0.15943,0.159252,0.159022,0.158741,0.158406,0.158019,0.157577,0.157081,0.156529,0.155919,0.155251,0.154523,0.153733,0.152879,0.151958,0.150969,0.149907,0.148769,0.147552,0.146251,0.14486,0.143372,0.141781,0.140077,0.13825,0.136286,0.134169,0.131878,0.129387,0.126661,0.123653,0.120294,0.116485,0.112064,0.106746,0.099934,0.0899144,0.0535079
178800,0.159426,0.159401,0.159325,0.159198,0.15902,0.158791,0.15851,0.158176,0.15779,0.15735,0.156854,0.156304,0.155696,0.155029,0.154303,0.153515,0.152663,0.151744,0.150757,0.149698,0.148563,0.147349,0.146051,0.144663,0.143179,0.141592,0.139892,0.138069,0.136109,0.133997,0.131711,0.129226,0.126506,0.123503,0.120152,0.11635,0.111938,0.106631,0.0998314,0.0898294,0.0534853
179400,0.159195,0.15917,0.159094,0.158967,0.15879,0.158561,0.158281,0.157948,0.157563,0.157123,0.15663,0.15608,0.155474,0.154809,0.154084,0.153298,0.152448,0.151532,0.150547,0.149491,0.148359,0.147148,0.145852,0.144468,0.142987,0.141404,0.139708,0.137889,0.135934,0.133826,0.131545,0.129065,0.126351,0.123355,0.120011,0.116217,0.111814,0.106516,0.0997294,0.0897449,0.053463
180000,0.158965,0.15894,0.158864,0.158738,0.158561,0.158333,0.158053,0.157722,0.157337,0.156899,0.156406,0.155858,0.155253,0.15459,0.153867,0.153083,0.152235,0.151321,0.150339,0.149285,0.148156,0.146947,0.145655,0.144274,0.142797,0.141217,0.139525,0.13771,0.135759,0.133656,0.131381,0.128906,0.126198,0.123208,0.11987,0.116084,0.11169,0.106402,0.099628,0.0896609,0.053441
180600,0.158737,0.158712,0.158636,0.15851,0.158334,0.158106,0.157827,0.157496,0.157113,0.156676,0.156184,0.155637,0.155034,0.154373,0.153652,0.152869,0.152023,0.151112,0.150132,0.14908,0.147954,0.146748,0.145459,0.144081,0.142607,0.141031,0.139343,0.137532,0.135586,0.133487,0.131217,0.128748,0.126045,0.123061,0.119731,0.115952,0.111566,0.106289,0.0995272,0.0895774,0.0534191
181200,0.15851,0.158485,0.15841,0.158284,0.158108,0.157881,0.157603,0.157273,0.15689,0.156454,0.155964,0.155418,0.154816,0.154156,0.153437,0.152657,0.151813,0.150903,0.149926,0.148877,0.147753,0.14655,0.145264,0.143889,0.142419,0.140846,0.139162,0.137355,0.135413,0.13332,0.131054,0.12859,0.125893,0.122916,0.119592,0.115821,0.111444,0.106177,0.099427,0.0894944,0.0533975
181800,0.158285,0.15826,0.158184,0.158059,0.157884,0.157657,0.15738,0.15705,0.156668,0.156234,0.155745,0.1552,0.1546,0.153942,0.153224,0.152446,0.151604,0.150697,0.149721,0.148675,0.147554,0.146354,0.145071,0.143699,0.142232,0.140663,0.138982,0.13718,0.135242,0.133153,0.130892,0.128434,0.125742,0.122771,0.119454,0.115691,0.111322,0.106065,0.0993274,0.0894119,0.0533761
182400,0.158061,0.158036,0.157961,0.157836,0.157661,0.157435,0.157158,0.156829,0.156449,0.156015,0.155527,0.154984,0.154385,0.153728,0.153013,0.152236,0.151396,0.150491,0.149518,0.148474,0.147355,0.146158,0.144878,0.14351,0.142046,0.140481,0.138804,0.137005,0.135072,0.132987,0.130732,0.128278,0.125592,0.122628,0.119317,0.115561,0.111201,0.105954,0.0992284,0.0893298,0.0533549
183000,0.157838,0.157813,0.157739,0.157614,0.157439,0.157214,0.156938,0.15661,0.15623,0.155797,0.155311,0.154769,0.154172,0.153517,0.152802,0.152028,0.15119,0.150287,0.149316,0.148275,0.147159,0.145964,0.144687,0.143322,0.141862,0.1403,0.138627,0.136832,0.134903,0.132823,0.130572,0.128124,0.125444,0.122485,0.119181,0.115432,0.111081,0.105843,0.09913,0.0892482,0.053334
183600,0.157617,0.157592,0.157518,0.157394,0.157219,0.156994,0.156719,0.156392,0.156013,0.155581,0.155096,0.154556,0.153959,0.153306,0.152594,0.151821,0.150985,0.150084,0.149115,0.148076,0.146963,0.145772,0.144497,0.143135,0.141678,0.14012,0.13845,0.13666,0.134735,0.132659,0.130413,0.12797,0.125296,0.122343,0.119046,0.115304,0.110961,0.105733,0.0990322,0.0891671,0.0533132
184200,0.157398,0.157373,0.157298,0.157174,0.157001,0.156776,0.156501,0.156175,0.155797,0.155366,0.154882,0.154343,0.153749,0.153097,0.152386,0.151615,0.150781,0.149882,0.148916,0.147879,0.146769,0.14558,0.144309,0.142949,0.141496,0.139941,0.138275,0.136489,0.134568,0.132497,0.130255,0.127817,0.125148,0.122202,0.118911,0.115177,0.110842,0.105624,0.0989349,0.0890865,0.0532927
184800,0.157179,0.157155,0.157081,0.156957,0.156783,0.15656,0.156285,0.15596,0.155583,0.155153,0.15467,0.154132,0.153539,0.152889,0.15218,0.15141,0.150579,0.149682,0.148718,0.147684,0.146575,0.145389,0.144121,0.142765,0.141315,0.139763,0.138101,0.136318,0.134402,0.132335,0.130098,0.127666,0.125002,0.122061,0.118777,0.115051,0.110724,0.105515,0.0988382,0.0890063,0.0532724
185400,0.156963,0.156938,0.156864,0.156741,0.156567,0.156344,0.156071,0.155746,0.15537,0.154941,0.154459,0.153923,0.153331,0.152682,0.151975,0.151207,0.150377,0.149483,0.148521,0.147489,0.146384,0.1452,0.143935,0.142582,0.141135,0.139586,0.137928,0.136149,0.134237,0.132175,0.129943,0.127515,0.124857,0.121922,0.118644,0.114925,0.110606,0.105407,0.098742,0.0889265,0.0532523
186000,0.156747,0.156722,0.156649,0.156526,0.156353,0.15613,0.155857,0.155534,0.155158,0.154731,0.15425,0.153715,0.153124,0.152477,0.151771,0.151005,0.150177,0.149285,0.148326,0.147296,0.146193,0.145012,0.143749,0.142399,0.140956,0.139411,0.137756,0.135981,0.134073,0.132015,0.129788,0.127365,0.124712,0.121783,0.118512,0.1148,0.110489,0.1053,0.0986464,0.0888472,0.0532324
186600,0.156533,0.156508,0.156435,0.156312,0.15614,0.155918,0.155645,0.155322,0.154948,0.154521,0.154042,0.153508,0.152919,0.152273,0.151569,0.150805,0.149979,0.149088,0.148131,0.147104,0.146003,0.144825,0.143565,0.142218,0.140778,0.139236,0.137585,0.135814,0.13391,0.131856,0.129634,0.127216,0.124569,0.121646,0.118381,0.114676,0.110373,0.105193,0.0985513,0.0887684,0.0532127
187200,0.15632,0.156296,0.156222,0.1561,0.155928,0.155706,0.155435,0.155112,0.154739,0.154313,0.153835,0.153302,0.152714,0.15207,0.151368,0.150605,0.149781,0.148893,0.147938,0.146913,0.145815,0.144639,0.143382,0.142038,0.140601,0.139063,0.137415,0.135648,0.133748,0.131699,0.129481,0.127068,0.124426,0.121509,0.11825,0.114552,0.110258,0.105087,0.0984568,0.08869,0.0531932
187800,0.156109,0.156084,0.156011,0.155889,0.155717,0.155496,0.155225,0.154904,0.154531,0.154107,0.153629,0.153098,0.152511,0.151869,0.151168,0.150407,0.149585,0.148699,0.147746,0.146723,0.145628,0.144455,0.143201,0.141859,0.140425,0.138891,0.137247,0.135483,0.133587,0.131542,0.129328,0.12692,0.124284,0.121373,0.118121,0.11443,0.110143,0.104982,0.0983628,0.088612,0.0531738
188400,0.155899,0.155874,0.155801,0.155679,0.155508,0.155288,0.155017,0.154697,0.154325,0.153901,0.153425,0.152895,0.15231,0.151668,0.150969,0.15021,0.14939,0.148506,0.147555,0.146535,0.145441,0.144271,0.14302,0.141682,0.140251,0.138719,0.137079,0.135319,0.133427,0.131386,0.129177,0.126774,0.124143,0.121237,0.117991,0.114308,0.110029,0.104877,0.0982693,0.0885345,0.0531547
189000,0.15569,0.155666,0.155593,0.155471,0.1553,0.15508,0.154811,0.154491,0.15412,0.153697,0.153222,0.152693,0.152109,0.151469,0.150772,0.150015,0.149196,0.148314,0.147365,0.146347,0.145257,0.144089,0.14284,0.141505,0.140077,0.138549,0.136912,0.135156,0.133268,0.131231,0.129027,0.126629,0.124003,0.121103,0.117863,0.114186,0.109915,0.104773,0.0981764,0.0884574,0.0531358
189600,0.155482,0.155458,0.155385,0.155264,0.155094,0.154874,0.154605,0.154286,0.153916,0.153494,0.15302,0.152492,0.15191,0.151272,0.150576,0.14982,0.149004,0.148123,0.147177,0.146161,0.145073,0.143908,0.142662,0.141329,0.139904,0.13838,0.136746,0.134994,0.133109,0.131077,0.128877,0.126484,0.123863,0.120969,0.117736,0.114066,0.109803,0.104669,0.098084,0.0883807,0.053117
190200,0.155276,0.155252,0.155179,0.155058,0.154888,0.15467,0.154401,0.154082,0.153713,0.153293,0.152819,0.152293,0.151712,0.151075,0.150381,0.149627,0.148812,0.147934,0.146989,0.145976,0.14489,0.143728,0.142484,0.141155,0.139733,0.138211,0.136581,0.134833,0.132952,0.130924,0.128729,0.12634,0.123725,0.120836,0.117609,0.113946,0.10969,0.104566,0.0979921,0.0883045,0.0530985
190800,0.155071,0.155047,0.154975,0.154854,0.154684,0.154466,0.154198,0.15388,0.153512,0.153092,0.15262,0.152095,0.151515,0.15088,0.150187,0.149435,0.148622,0.147746,0.146803,0.145792,0.144708,0.143549,0.142308,0.140981,0.139562,0.138044,0.136418,0.134673,0.132796,0.130772,0.128581,0.126197,0.123587,0.120704,0.117483,0.113826,0.109579,0.104463,0.0979007,0.0882286,0.0530801
191400,0.154868,0.154843,0.154771,0.154651,0.154482,0.154264,0.153996,0.153679,0.153312,0.152893,0.152422,0.151898,0.15132,0.150685,0.149994,0.149244,0.148433,0.147558,0.146618,0.145609,0.144528,0.143371,0.142133,0.140809,0.139393,0.137878,0.136255,0.134513,0.132641,0.130621,0.128434,0.126055,0.12345,0.120572,0.117357,0.113708,0.109468,0.104361,0.0978098,0.0881532,0.0530619
192000,0.154665,0.154641,0.154569,0.154449,0.15428,0.154063,0.153796,0.15348,0.153113,0.152695,0.152225,0.151702,0.151125,0.150492,0.149803,0.149054,0.148245,0.147372,0.146434,0.145427,0.144348,0.143194,0.141958,0.140637,0.139225,0.137713,0.136093,0.134355,0.132486,0.13047,0.128288,0.125914,0.123314,0.120442,0.117233,0.11359,0.109358,0.10426,0.0977195,0.0880782,0.0530439
192600,0.154464,0.15444,0.154368,0.154248,0.15408,0.153863,0.153597,0.153281,0.152915,0.152498,0.152029,0.151508,0.150932,0.150301,0.149612,0.148866,0.148058,0.147187,0.146251,0.145247,0.14417,0.143018,0.141785,0.140467,0.139057,0.137548,0.135932,0.134198,0.132333,0.130321,0.128143,0.125773,0.123178,0.120312,0.117109,0.113473,0.109248,0.104159,0.0976296,0.0880036,0.053026
193200,0.154264,0.15424,0.154168,0.154048,0.15388,0.153664,0.153399,0.153084,0.152719,0.152303,0.151835,0.151314,0.15074,0.15011,0.149423,0.148678,0.147872,0.147003,0.146069,0.145067,0.143993,0.142843,0.141613,0.140298,0.138891,0.137385,0.135772,0.134041,0.13218,0.130172,0.127999,0.125634,0.123044,0.120182,0.116986,0.113356,0.109139,0.104059,0.0975402,0.0879294,0.0530084
193800,0.154065,0.154041,0.15397,0.15385,0.153683,0.153467,0.153202,0.152887,0.152523,0.152108,0.151641,0.151122,0.150549,0.14992,0.149235,0.148492,0.147687,0.146821,0.145889,0.144888,0.143816,0.142669,0.141442,0.140129,0.138725,0.137223,0.135613,0.133886,0.132028,0.130025,0.127855,0.125495,0.12291,0.120054,0.116863,0.11324,0.10903,0.103959,0.0974513,0.0878556,0.0529909
194400,0.153867,0.153844,0.153772,0.153653,0.153486,0.15327,0.153006,0.152692,0.152329,0.151915,0.151449,0.150931,0.150359,0.149732,0.149048,0.148306,0.147504,0.146639,0.145709,0.144711,0.143641,0.142496,0.141271,0.139962,0.138561,0.137061,0.135455,0.133731,0.131877,0.129878,0.127713,0.125357,0.122777,0.119926,0.116741,0.113125,0.108923,0.10386,0.0973629,0.0877822,0.0529735
195000,0.153671,0.153647,0.153576,0.153457,0.15329,0.153075,0.152811,0.152499,0.152136,0.151723,0.151258,0.150741,0.15017,0.149545,0.148862,0.148122,0.147321,0.146458,0.14553,0.144534,0.143467,0.142324,0.141102,0.139795,0.138397,0.136901,0.135298,0.133577,0.131727,0.129732,0.127571,0.12522,0.122644,0.119799,0.11662,0.11301,0.108815,0.103761,0.097275,0.0877091,0.0529563
195600,0.153476,0.153452,0.153381,0.153262,0.153096,0.152881,0.152618,0.152306,0.151944,0.151532,0.151068,0.150552,0.149983,0.149358,0.148678,0.147939,0.14714,0.146279,0.145353,0.144359,0.143294,0.142154,0.140934,0.13963,0.138234,0.136741,0.135141,0.133424,0.131578,0.129586,0.12743,0.125083,0.122513,0.119673,0.1165,0.112896,0.108709,0.103663,0.0971875,0.0876365,0.0529393
196200,0.153281,0.153258,0.153187,0.153069,0.152902,0.152688,0.152426,0.152114,0.151753,0.151342,0.150879,0.150364,0.149796,0.149173,0.148494,0.147757,0.14696,0.1461,0.145176,0.144184,0.143122,0.141984,0.140767,0.139465,0.138073,0.136583,0.134986,0.133273,0.13143,0.129442,0.12729,0.124947,0.122382,0.119547,0.11638,0.112783,0.108603,0.103566,0.0971005,0.0875642,0.0529225
196800,0.153089,0.153065,0.152994,0.152876,0.15271,0.152497,0.152235,0.151924,0.151564,0.151153,0.150692,0.150178,0.149611,0.148989,0.148311,0.147576,0.14678,0.145923,0.145001,0.144011,0.14295,0.141815,0.1406,0.139301,0.137912,0.136425,0.134831,0.133121,0.131282,0.129298,0.12715,0.124812,0.122252,0.119422,0.116261,0.11267,0.108497,0.103469,0.097014,0.0874924,0.0529058
197400,0.152897,0.152873,0.152802,0.152685,0.152519,0.152306,0.152045,0.151735,0.151375,0.150966,0.150505,0.149992,0.149427,0.148806,0.14813,0.147396,0.146602,0.145746,0.144826,0.143839,0.14278,0.141647,0.140435,0.139139,0.137752,0.136268,0.134678,0.132971,0.131136,0.129156,0.127012,0.124678,0.122122,0.119298,0.116142,0.112558,0.108392,0.103372,0.0969279,0.0874209,0.0528893
198000,0.152706,0.152682,0.152612,0.152494,0.152329,0.152117,0.151856,0.151546,0.151188,0.150779,0.150319,0.149808,0.149243,0.148624,0.14795,0.147217,0.146425,0.145571,0.144653,0.143667,0.142611,0.14148,0.140271,0.138977,0.137593,0.136112,0.134525,0.132822,0.13099,0.129014,0.126874,0.124545,0.121993,0.119175,0.116024,0.112446,0.108288,0.103276,0.0968423,0.0873498,0.0528729
198600,0.152516,0.152493,0.152423,0.152305,0.152141,0.151928,0.151668,0.151359,0.151001,0.150594,0.150135,0.149625,0.149061,0.148444,0.14777,0.147039,0.146249,0.145397,0.14448,0.143497,0.142443,0.141314,0.140107,0.138816,0.137435,0.135957,0.134373,0.132673,0.130845,0.128873,0.126737,0.124412,0.121865,0.119052,0.115907,0.112335,0.108184,0.103181,0.0967572,0.087279,0.0528567
199200,0.152328,0.152304,0.152234,0.152117,0.151953,0.151741,0.151481,0.151173,0.150816,0.150409,0.149952,0.149442,0.14888,0.148264,0.147592,0.146862,0.146074,0.145223,0.144309,0.143327,0.142276,0.14115,0.139945,0.138656,0.137278,0.135803,0.134222,0.132526,0.130701,0.128732,0.1266,0.12428,0.121738,0.11893,0.11579,0.112225,0.108081,0.103086,0.0966725,0.0872087,0.0528406
199800,0.15214,0.152117,0.152047,0.15193,0.151766,0.151555,0.151296,0.150988,0.150632,0.150226,0.149769,0.149261,0.1487,0.148085,0.147414,0.146687,0.145899,0.145051,0.144138,0.143159,0.142109,0.140985,0.139783,0.138497,0.137122,0.13565,0.134072,0.132379,0.130557,0.128593,0.126465,0.124149,0.121612,0.118808,0.115675,0.112115,0.107978,0.102991,0.0965882,0.0871386,0.0528247
200400,0.151954,0.151931,0.151861,0.151744,0.151581,0.15137,0.151111,0.150804,0.150449,0.150044,0.149588,0.149081,0.148521,0.147907,0.147238,0.146512,0.145726,0.144879,0.143969,0.142991,0.141944,0.140822,0.139623,0.138339,0.136967,0.135497,0.133922,0.132233,0.130415,0.128454,0.12633,0.124018,0.121486,0.118687,0.115559,0.112006,0.107876,0.102898,0.0965044,0.087069,0.0528089
201000,0.151769,0.151746,0.151676,0.151559,0.151396,0.151186,0.150928,0.150622,0.150267,0.149862,0.149408,0.148902,0.148343,0.147731,0.147063,0.146338,0.145554,0.144709,0.1438,0.142825,0.141779,0.14066,0.139463,0.138182,0.136812,0.135345,0.133774,0.132087,0.130273,0.128316,0.126196,0.123888,0.121361,0.118567,0.115445,0.111898,0.107774,0.102804,0.096421,0.0869997,0.0527933
201600,0.151585,0.151561,0.151492,0.151376,0.151213,0.151003,0.150745,0.15044,0.150086,0.149682,0.149228,0.148723,0.148166,0.147555,0.146888,0.146165,0.145383,0.14454,0.143633,0.142659,0.141616,0.140499,0.139304,0.138026,0.136658,0.135195,0.133626,0.131943,0.130132,0.128178,0.126062,0.123759,0.121236,0.118448,0.115331,0.11179,0.107673,0.102711,0.0963381,0.0869308,0.0527778
202200,0.151401,0.151378,0.151309,0.151193,0.15103,0.150821,0.150564,0.150259,0.149906,0.149503,0.14905,0.148546,0.14799,0.14738,0.146715,0.145993,0.145213,0.144371,0.143466,0.142494,0.141453,0.140339,0.139146,0.13787,0.136506,0.135045,0.133479,0.131799,0.129992,0.128042,0.12593,0.123631,0.121112,0.118329,0.115217,0.111682,0.107573,0.102619,0.0962556,0.0868622,0.0527624
202800,0.151219,0.151196,0.151127,0.151011,0.150849,0.15064,0.150384,0.150079,0.149727,0.149325,0.148873,0.14837,0.147815,0.147206,0.146543,0.145822,0.145043,0.144203,0.1433,0.142331,0.141292,0.140179,0.138989,0.137716,0.136354,0.134896,0.133333,0.131656,0.129852,0.127906,0.125798,0.123503,0.120989,0.11821,0.115104,0.111576,0.107473,0.102527,0.0961735,0.0867939,0.0527472
203400,0.151038,0.151015,0.150946,0.150831,0.150669,0.15046,0.150204,0.149901,0.149549,0.149148,0.148697,0.148195,0.147641,0.147034,0.146371,0.145652,0.144875,0.144037,0.143135,0.142168,0.141131,0.140021,0.138833,0.137562,0.136203,0.134747,0.133188,0.131514,0.129714,0.127771,0.125667,0.123376,0.120866,0.118093,0.114992,0.111469,0.107373,0.102435,0.0960918,0.086726,0.0527322
204000,0.150858,0.150835,0.150766,0.150651,0.150489,0.150281,0.150026,0.149723,0.149372,0.148972,0.148522,0.148021,0.147468,0.146862,0.146201,0.145483,0.144708,0.143871,0.142972,0.142006,0.140971,0.139863,0.138677,0.137409,0.136052,0.1346,0.133044,0.131373,0.129576,0.127637,0.125536,0.12325,0.120745,0.117976,0.11488,0.111364,0.107274,0.102344,0.0960106,0.0866585,0.0527172
204600,0.150679,0.150656,0.150587,0.150472,0.150311,0.150103,0.149849,0.149546,0.149196,0.148796,0.148347,0.147848,0.147296,0.146691,0.146031,0.145315,0.144541,0.143706,0.142809,0.141845,0.140812,0.139706,0.138523,0.137257,0.135903,0.134453,0.1329,0.131232,0.129439,0.127503,0.125407,0.123124,0.120623,0.11786,0.114769,0.111259,0.107176,0.102254,0.0959297,0.0865913,0.0527024
205200,0.150501,0.150478,0.150409,0.150295,0.150134,0.149927,0.149672,0.149371,0.149021,0.148622,0.148174,0.147675,0.147125,0.146521,0.145863,0.145148,0.144376,0.143542,0.142646,0.141685,0.140654,0.13955,0.138369,0.137106,0.135754,0.134308,0.132757,0.131093,0.129302,0.12737,0.125277,0.122999,0.120503,0.117744,0.114659,0.111154,0.107078,0.102164,0.0958493,0.0865244,0.0526878
205800,0.150324,0.150301,0.150233,0.150118,0.149958,0.149751,0.149497,0.149196,0.148847,0.148449,0.148002,0.147504,0.146955,0.146352,0.145695,0.144982,0.144211,0.14338,0.142485,0.141525,0.140496,0.139395,0.138216,0.136955,0.135607,0.134163,0.132615,0.130954,0.129166,0.127238,0.125149,0.122875,0.120383,0.117629,0.114549,0.11105,0.106981,0.102074,0.0957693,0.0864579,0.0526732
206400,0.150148,0.150125,0.150057,0.149942,0.149782,0.149576,0.149323,0.149022,0.148674,0.148277,0.147831,0.147334,0.146785,0.146184,0.145529,0.144817,0.144047,0.143217,0.142325,0.141367,0.14034,0.139241,0.138064,0.136806,0.13546,0.134018,0.132474,0.130815,0.129031,0.127107,0.125021,0.122751,0.120264,0.117514,0.11444,0.110946,0.106884,0.101985,0.0956897,0.0863917,0.0526588
206906,0.15,0.149977,0.149909,0.149795,0.149635,0.149429,0.149176,0.148876,0.148528,0.148132,0.147687,0.147191,0.146643,0.146043,0.145389,0.144678,0.14391,0.143081,0.14219,0.141234,0.140209,0.139111,0.137937,0.13668,0.135336,0.133897,0.132355,0.130699,0.128918,0.126996,0.124914,0.122647,0.120163,0.117418,0.114348,0.110859,0.106802,0.10191,0.0956228,0.086336,0.0526468
