t,Tair,Tc,Ts,Cc,Cs,Cmax,Cbar,rate,dTmax,Cenv,capped
0,28,28,28,2.55,2.55,2.55,2.55,9.33814e-06,0,0.01963,1
60,28.528,28,27.6361,2.55,2.53842,2.55,2.54942,9.96538e-06,0.891872,0.02002,1
120,29.192,27.9989,27.5635,2.55,2.53269,2.55,2.5488,1.07411e-05,1.62851,0.02053,1
180,29.684,27.9895,27.5501,2.55,2.52794,2.55,2.54814,1.11443e-05,2.13394,0.021,1
240,30.037,27.9673,27.5688,2.55,2.52406,2.55,2.54748,1.10919e-05,2.46824,0.02151,1
300,30.834,27.9356,27.6154,2.55,2.51957,2.55,2.54677,1.25554e-05,3.21861,0.02191,1
360,31.293,27.9001,27.6764,2.55,2.51521,2.55,2.546,1.30315e-05,3.61971,0.02233,1
420,31.82,27.8656,27.7518,2.55,2.51101,2.55,2.5452,1.36627e-05,4.09927,0.02278,1
480,32.121,27.8361,27.8361,2.55,2.50735,2.55,2.54438,1.36191e-05,4.36527,0.02325,1
540,32.73,27.814,27.938,2.55,2.50349,2.55,2.54354,1.43941e-05,4.9504,0.02377,1
600,33.202,27.8007,28.0512,2.55,2.49965,2.55,2.54266,1.48119e-05,5.40863,0.02428,1
660,33.879,27.7972,28.1699,2.55,2.49522,2.55,2.54174,1.61124e-05,6.08182,0.02465,1
720,34.268,27.8041,28.2901,2.55,2.49097,2.55,2.54076,1.65067e-05,6.46395,0.02506,1
780,34.806,27.8216,28.4188,2.55,2.48667,2.55,2.53974,1.72658e-05,6.98438,0.02552,1
840,35.142,27.8498,28.5586,2.55,2.48288,2.55,2.53871,1.71936e-05,7.29224,0.02612,1
900,35.524,27.8881,28.7019,2.55,2.47926,2.55,2.53767,1.74888e-05,7.63591,0.0266,1
960,36.091,27.9363,28.8417,2.55,2.47495,2.55,2.53658,1.87161e-05,8.15472,0.02687,1
1020,36.354,27.9941,28.9829,2.55,2.47102,2.55,2.53546,1.87316e-05,8.35992,0.02732,1
1080,37.067,28.061,29.1445,2.55,2.46668,2.55,2.5343,1.98459e-05,9.006,0.02793,1
1140,37.419,28.1363,29.3008,2.55,2.46234,2.55,2.5331,2.03585e-05,9.28269,0.02826,1
1200,37.882,28.2195,29.4689,2.55,2.45824,2.55,2.53187,2.06906e-05,9.66248,0.02891,1
1260,38.134,28.3105,29.6286,2.55,2.45431,2.55,2.53062,2.09684e-05,9.82354,0.02921,1
1320,38.767,28.4089,29.7927,2.55,2.44974,2.55,2.52932,2.22537e-05,10.3581,0.02961,1
1380,39.125,28.5143,29.9709,2.55,2.44557,2.55,2.52798,2.22682e-05,10.6107,0.03029,1
1440,39.458,28.6263,30.1373,2.55,2.44135,2.55,2.52663,2.29441e-05,10.8317,0.03051,1
1500,39.595,28.7444,30.3017,2.55,2.43769,2.55,2.52526,2.26326e-05,10.8506,0.03098,1
1560,40.061,28.8683,30.4705,2.55,2.4337,2.55,2.52388,2.34668e-05,11.1927,0.03137,1
1620,40.238,28.9974,30.6382,2.55,2.43001,2.55,2.52247,2.3372e-05,11.2406,0.03179,1
1680,40.621,29.1309,30.8079,2.55,2.42619,2.55,2.52105,2.39522e-05,11.4901,0.03219,1
1740,41.166,29.2685,30.9842,2.55,2.42183,2.55,2.51958,2.49999e-05,11.8975,0.03262,1
1800,41.513,29.4096,31.1626,2.55,2.41755,2.55,2.51807,2.54136e-05,12.1034,0.03307,1
1860,41.918,29.5541,31.3402,2.55,2.41319,2.55,2.51652,2.61197e-05,12.3639,0.03345,1
1920,41.952,29.7018,31.5195,2.55,2.40975,2.55,2.51498,2.53855e-05,12.2502,0.03403,1
1980,42.263,29.8528,31.6996,2.54999,2.40631,2.54999,2.51345,2.57279e-05,12.4102,0.03447,1
2040,42.589,30.0067,31.8744,2.54999,2.40251,2.54999,2.51188,2.63378e-05,12.5823,0.03476,1
2100,42.745,30.1635,32.0457,2.54999,2.39897,2.54999,2.5103,2.63056e-05,12.5815,0.03513,1
2160,42.985,30.3227,32.22,2.54998,2.39559,2.54998,2.50872,2.6431e-05,12.6623,0.03558,1
2220,43.393,30.484,32.4021,2.54998,2.39195,2.54998,2.50712,2.70111e-05,12.909,0.03609,1
2280,43.534,30.6469,32.5791,2.54997,2.38856,2.54997,2.5055,2.69489e-05,12.8871,0.03646,1
2340,43.97,30.8113,32.7447,2.54997,2.38448,2.54997,2.50385,2.82323e-05,13.1587,0.03653,1
2400,44.102,30.9772,32.9111,2.54996,2.38075,2.54996,2.50216,2.80944e-05,13.1248,0.03694,1
2460,44.503,31.1443,33.0822,2.54994,2.37683,2.54994,2.50045,2.88688e-05,13.3587,0.03731,1
2520,44.663,31.3119,33.2509,2.54993,2.37313,2.54993,2.49871,2.89102e-05,13.3511,0.03766,1
2580,44.701,31.4799,33.4194,2.54991,2.37005,2.54991,2.49699,2.84219e-05,13.2211,0.03812,1
2640,45.138,31.6481,33.5879,2.5499,2.36637,2.5499,2.49526,2.94461e-05,13.4899,0.0384,1
2700,45.323,31.8165,33.748,2.54987,2.36258,2.54987,2.49348,2.98009e-05,13.5065,0.03858,1
2760,45.324,31.9849,33.909,2.54985,2.3595,2.54985,2.49171,2.92196e-05,13.3391,0.03903,1
2820,45.462,32.1533,34.0706,2.54982,2.35661,2.54982,2.48996,2.91835e-05,13.3087,0.0394,1
2880,45.818,32.3212,34.2267,2.54978,2.35305,2.54978,2.48818,3.01432e-05,13.4968,0.03954,1
2940,45.739,32.4886,34.3881,2.54974,2.35035,2.54974,2.4864,2.91384e-05,13.2504,0.04013,1
3000,45.93,32.6554,34.5357,2.54969,2.34735,2.54969,2.48463,2.97763e-05,13.2746,0.04011,1
3060,45.999,32.8213,34.6942,2.54964,2.34476,2.54964,2.48286,2.91785e-05,13.1777,0.04076,1
3120,46.512,32.9864,34.844,2.54958,2.34107,2.54958,2.48106,3.09025e-05,13.5256,0.0407,1
3180,46.602,33.1504,35.0009,2.54951,2.33782,2.54951,2.47922,3.04702e-05,13.4516,0.04128,1
3240,46.761,33.3134,35.1557,2.54944,2.3348,2.54944,2.47739,3.06243e-05,13.4476,0.04157,1
3300,46.933,33.4754,35.3073,2.54936,2.33174,2.54936,2.47554,3.08105e-05,13.4576,0.04187,1
3360,46.912,33.6365,35.45,2.54926,2.32899,2.54926,2.4737,3.05225e-05,13.2755,0.04205,1
3420,47.089,33.7969,35.591,2.54916,2.32613,2.54916,2.47186,3.08017e-05,13.2921,0.04229,1
3480,47.008,33.9563,35.7252,2.54905,2.32365,2.54905,2.47003,3.03213e-05,13.0517,0.04247,1
3540,47.111,34.1143,35.8605,2.54893,2.32122,2.54893,2.46821,3.02913e-05,12.9967,0.04277,1
3600,47.485,34.2708,35.9889,2.54879,2.31791,2.54879,2.46636,3.15617e-05,13.2142,0.04272,1
3660,47.498,34.4253,36.1211,2.54864,2.31504,2.54864,2.46448,3.11233e-05,13.0727,0.04312,1
3720,47.646,34.5778,36.2523,2.54848,2.31224,2.54848,2.4626,3.1352e-05,13.0682,0.04333,1
3780,47.84,34.7282,36.3868,2.54831,2.30936,2.54831,2.46071,3.15533e-05,13.1118,0.04369,1
3840,47.873,34.8764,36.5108,2.54812,2.30656,2.54812,2.45882,3.1613e-05,12.9966,0.04373,1
3900,47.926,35.0229,36.63,2.54791,2.30387,2.54791,2.45692,3.15959e-05,12.9031,0.04389,1
3960,48.016,35.1676,36.7527,2.54769,2.3013,2.54769,2.45503,3.15232e-05,12.8484,0.0442,1
4020,47.977,35.3103,36.8655,2.54745,2.29887,2.54745,2.45314,3.1373e-05,12.6667,0.04422,1
4080,47.926,35.451,36.973,2.5472,2.29665,2.5472,2.45127,3.10546e-05,12.475,0.04435,1
4140,48.199,35.5896,37.0896,2.54693,2.29408,2.54693,2.44939,3.15569e-05,12.6094,0.04468,1
4200,48.166,35.7257,37.2015,2.54664,2.29172,2.54664,2.44751,3.12749e-05,12.4403,0.04483,1
4260,48.331,35.8593,37.3085,2.54633,2.28912,2.54633,2.44562,3.17193e-05,12.4717,0.04491,1
4320,48.615,35.9907,37.4197,2.546,2.28614,2.546,2.44369,3.23785e-05,12.6243,0.04514,1
4380,48.38,36.1199,37.5235,2.54565,2.28395,2.54565,2.44178,3.14278e-05,12.2601,0.0453,1
4440,48.357,36.2469,37.6226,2.54529,2.28197,2.54529,2.4399,3.1203e-05,12.1101,0.04543,1
4500,48.526,36.372,37.7238,2.5449,2.27964,2.5449,2.43802,3.15474e-05,12.154,0.04561,1
4560,48.59,36.4949,37.8278,2.54449,2.27738,2.54449,2.43613,3.14358e-05,12.0951,0.04589,1
4620,48.825,36.6156,37.9248,2.54406,2.27464,2.54406,2.43422,3.22489e-05,12.2094,0.04585,1
4680,48.827,36.7342,38.0285,2.5436,2.2723,2.5436,2.4323,3.17549e-05,12.0928,0.04629,1
4740,48.988,36.8509,38.1298,2.54312,2.26984,2.54312,2.43038,3.21455e-05,12.1371,0.04641,1
4800,48.979,36.9658,38.2183,2.54263,2.26734,2.54263,2.42845,3.22066e-05,12.0132,0.04633,1
4860,48.9,37.0792,38.3012,2.5421,2.26514,2.5421,2.42653,3.18803e-05,11.8208,0.04639,1
4920,49.144,37.1909,38.3907,2.54156,2.2626,2.54156,2.4246,3.24415e-05,11.9531,0.0466,1
4980,48.87,37.3007,38.479,2.54099,2.26086,2.54099,2.42269,3.12407e-05,11.5693,0.04687,1
5040,48.84,37.4082,38.56,2.54039,2.25919,2.54039,2.42082,3.112e-05,11.4318,0.04689,1
5100,48.913,37.5136,38.6424,2.53978,2.25731,2.53978,2.41895,3.1157e-05,11.3994,0.04707,1
5160,49.261,37.617,38.7238,2.53914,2.25462,2.53914,2.41704,3.23194e-05,11.644,0.04705,1
5220,49.169,37.7183,38.8024,2.53847,2.25233,2.53847,2.41512,3.18502e-05,11.4507,0.0472,1
5280,49.056,37.8175,38.8714,2.53778,2.25038,2.53778,2.41322,3.15582e-05,11.2385,0.04713,1
5340,49.257,37.9147,38.9499,2.53706,2.24818,2.53706,2.41131,3.18711e-05,11.3423,0.04744,1
5400,49.116,38.0099,39.0159,2.53633,2.24616,2.53633,2.40941,3.15872e-05,11.1061,0.04728,1
5460,49.415,38.1029,39.0922,2.53556,2.24376,2.53556,2.4075,3.22116e-05,11.3121,0.0476,1
5520,49.321,38.1938,39.1678,2.53477,2.24172,2.53477,2.40558,3.17148e-05,11.1272,0.04777,1
5580,49.317,38.2826,39.2271,2.53396,2.23955,2.53396,2.40367,3.19901e-05,11.0344,0.04751,1
5640,49.304,38.3697,39.2934,2.53312,2.23761,2.53312,2.40176,3.16037e-05,10.9343,0.04782,1
5700,49.492,38.455,39.3539,2.53226,2.23517,2.53226,2.39984,3.24089e-05,11.037,0.04765,1
5760,49.384,38.5384,39.4207,2.53138,2.23323,2.53138,2.39792,3.16454e-05,10.8456,0.04802,1
5820,49.272,38.6197,39.4738,2.53047,2.23143,2.53047,2.39602,3.15319e-05,10.6523,0.04779,1
5880,49.31,38.6991,39.54,2.52954,2.22979,2.52954,2.39414,3.1127e-05,10.6109,0.04827,1
5940,49.749,38.7767,39.598,2.52858,2.22694,2.52858,2.39222,3.29213e-05,10.9723,0.04795,1
6000,49.743,38.8523,39.6655,2.5276,2.22452,2.5276,2.39026,3.23965e-05,10.8907,0.04841,1
6060,49.66,38.9263,39.726,2.5266,2.2225,2.5266,2.38832,3.21346e-05,10.7337,0.0484,1
6120,49.463,38.9989,39.7759,2.52557,2.22083,2.52557,2.38642,3.15309e-05,10.4641,0.04836,1
6180,49.83,39.0703,39.834,2.52452,2.21843,2.52452,2.38449,3.25732e-05,10.7597,0.04851,1
6240,49.753,39.1404,39.8897,2.52345,2.21624,2.52345,2.38255,3.22435e-05,10.6126,0.04858,1
6300,49.739,39.2091,39.9442,2.52236,2.21428,2.52236,2.38062,3.20556e-05,10.5299,0.04871,1
6360,49.622,39.2765,39.9837,2.52125,2.21234,2.52125,2.3787,3.19877e-05,10.3455,0.04842,1
6420,49.55,39.3425,40.028,2.52011,2.21065,2.52011,2.37679,3.15104e-05,10.2075,0.04864,1
6480,49.477,39.407,40.0648,2.51895,2.20892,2.51895,2.3749,3.14782e-05,10.07,0.04845,1
6540,49.891,39.4697,40.1165,2.51777,2.20646,2.51777,2.37298,3.25122e-05,10.4213,0.04875,1
6600,49.683,39.5303,40.1563,2.51657,2.20438,2.51657,2.37105,3.20133e-05,10.1527,0.04858,1
6660,49.569,39.589,40.1987,2.51536,2.20281,2.51536,2.36915,3.13765e-05,9.97997,0.04882,1
6720,49.633,39.6461,40.2418,2.51412,2.20104,2.51412,2.36726,3.15435e-05,9.98692,0.04886,1
6780,49.781,39.7015,40.2833,2.51286,2.19887,2.51286,2.36535,3.20414e-05,10.0795,0.04885,1
6840,49.592,39.7556,40.3214,2.51158,2.19717,2.51158,2.36345,3.13433e-05,9.83645,0.04892,1
6900,49.941,39.8082,40.3676,2.51029,2.19488,2.51029,2.36154,3.23185e-05,10.1328,0.04908,1
6960,49.902,39.8596,40.4109,2.50897,2.1927,2.50897,2.35961,3.21359e-05,10.0424,0.04913,1
7020,49.892,39.9099,40.4457,2.50764,2.19059,2.50764,2.35767,3.22222e-05,9.98211,0.04902,1
7080,49.759,39.9592,40.4797,2.50629,2.18883,2.50629,2.35576,3.16867e-05,9.79976,0.04911,1
7140,49.865,40.0077,40.5203,2.50492,2.18697,2.50492,2.35385,3.18302e-05,9.85729,0.0493,1
7200,49.852,40.0551,40.5458,2.50354,2.18482,2.50354,2.35193,3.21773e-05,9.79691,0.04894,1
7260,49.893,40.1013,40.572,2.50214,2.18264,2.50214,2.35,3.22797e-05,9.79165,0.04897,1
7320,49.619,40.1464,40.5958,2.50073,2.18108,2.50073,2.34809,3.13669e-05,9.47257,0.04898,1
7380,49.792,40.19,40.6322,2.49929,2.17935,2.49929,2.3462,3.16005e-05,9.60197,0.04929,1
7440,49.612,40.232,40.6605,2.49785,2.1778,2.49785,2.34432,3.11051e-05,9.38005,0.0492,1
7500,49.845,40.2723,40.6961,2.49639,2.17586,2.49639,2.34244,3.16455e-05,9.57269,0.04941,1
7560,49.77,40.3115,40.7269,2.49491,2.17402,2.49491,2.34054,3.14308e-05,9.45853,0.04938,1
7620,49.683,40.3496,40.7486,2.49342,2.17229,2.49342,2.33866,3.12956e-05,9.33335,0.04924,1
7680,49.669,40.3871,40.7798,2.49192,2.17075,2.49192,2.33679,3.09254e-05,9.28193,0.04954,1
7740,49.916,40.4237,40.8116,2.4904,2.16863,2.4904,2.33491,3.17825e-05,9.49233,0.0495,1
7800,49.714,40.4593,40.8294,2.48887,2.16676,2.48887,2.33302,3.13544e-05,9.25469,0.04928,1
7860,50.095,40.4942,40.8552,2.48733,2.16424,2.48733,2.3311,3.2534e-05,9.60082,0.04935,1
7920,49.929,40.5283,40.8779,2.48577,2.16213,2.48577,2.32917,3.19978e-05,9.40074,0.04934,1
7980,49.817,40.5613,40.8955,2.4842,2.16035,2.4842,2.32726,3.16829e-05,9.25566,0.04929,1
8040,49.943,40.5934,40.9156,2.48262,2.15827,2.48262,2.32534,3.20871e-05,9.34957,0.0493,1
8100,49.664,40.6245,40.9447,2.48103,2.15701,2.48103,2.32346,3.07258e-05,9.03954,0.04971,1
8160,50.135,40.6544,40.9701,2.47943,2.15459,2.47943,2.32156,3.25258e-05,9.48064,0.04948,1
8220,49.902,40.6833,40.9884,2.47782,2.15258,2.47782,2.31963,3.17686e-05,9.21868,0.04947,1
8280,50.056,40.7117,41.0146,2.4762,2.15055,2.4762,2.31772,3.20719e-05,9.34432,0.04966,1
8340,49.71,40.7395,41.0315,2.47456,2.14914,2.47456,2.31583,3.10066e-05,8.97048,0.04959,1
8400,49.915,40.7668,41.0568,2.47292,2.14741,2.47292,2.31395,3.14567e-05,9.14821,0.0498,1
8460,49.92,40.7935,41.0784,2.47127,2.14549,2.47127,2.31206,3.15483e-05,9.1265,0.04973,1
8520,50.147,40.8196,41.0964,2.46961,2.14306,2.46961,2.31014,3.24364e-05,9.32736,0.0496,1
8580,49.967,40.8453,41.1099,2.46794,2.14106,2.46794,2.30821,3.1886e-05,9.12168,0.04956,1
8640,49.921,40.8705,41.1332,2.46626,2.13946,2.46626,2.30631,3.13907e-05,9.05048,0.04988,1
8700,49.821,40.8951,41.1496,2.46457,2.13791,2.46457,2.30444,3.11896e-05,8.92594,0.04976,1
8760,49.856,40.9189,41.1688,2.46288,2.13626,2.46288,2.30257,3.11656e-05,8.9371,0.04989,1
8820,49.953,40.9422,41.1755,2.46117,2.13408,2.46117,2.30067,3.19152e-05,9.01084,0.04949,1
8880,49.915,40.9649,41.1946,2.45946,2.13226,2.45946,2.29877,3.13923e-05,8.95013,0.04986,1
8940,49.708,40.9869,41.2076,2.45774,2.13086,2.45774,2.29691,3.08063e-05,8.72111,0.04977,1
9000,50.163,41.0081,41.2269,2.45602,2.12846,2.45602,2.29502,3.22639e-05,9.15493,0.04981,1
9060,50.198,41.0285,41.253,2.45429,2.12617,2.45429,2.29308,3.21335e-05,9.16946,0.05004,1
9120,49.82,41.0484,41.2707,2.45255,2.12487,2.45255,2.2912,3.08327e-05,8.77159,0.05009,1
9180,50.027,41.068,41.2782,2.4508,2.12285,2.4508,2.28931,3.18689e-05,8.95895,0.04976,1
9240,49.804,41.0877,41.2907,2.44905,2.12131,2.44905,2.28743,3.08976e-05,8.71631,0.04998,1
9300,50.086,41.1071,41.3139,2.44729,2.11936,2.44729,2.28556,3.16358e-05,8.97886,0.05016,1
9360,49.891,41.126,41.3226,2.44553,2.11756,2.44553,2.28367,3.12703e-05,8.76497,0.0499,1
9420,50.08,41.1444,41.3357,2.44376,2.11548,2.44376,2.28178,3.18082e-05,8.93555,0.04998,1
9480,50.113,41.1625,41.3496,2.44199,2.11333,2.44199,2.27986,3.19277e-05,8.95045,0.04997,1
9540,50.134,41.1802,41.3601,2.44021,2.11119,2.44021,2.27794,3.20719e-05,8.95382,0.0499,1
9600,49.804,41.1973,41.3754,2.43842,2.10997,2.43842,2.27606,3.06517e-05,8.60668,0.05021,1
9660,50.208,41.214,41.3933,2.43663,2.10781,2.43663,2.27418,3.20598e-05,8.99402,0.05014,1
9720,49.865,41.2302,41.3928,2.43484,2.10603,2.43484,2.27228,3.1281e-05,8.6348,0.04981,1
9780,49.769,41.2461,41.4068,2.43304,2.10482,2.43304,2.27043,3.04935e-05,8.52286,0.05025,1
9840,50.027,41.2617,41.4233,2.43124,2.1029,2.43124,2.26857,3.1409e-05,8.76528,0.05019,1
9900,49.935,41.2767,41.4254,2.42943,2.10089,2.42943,2.26668,3.14261e-05,8.65834,0.04989,1
9960,50.165,41.2912,41.441,2.42762,2.09869,2.42762,2.26479,3.18859e-05,8.87384,0.05017,1
10020,50.154,41.3053,41.444,2.42581,2.09635,2.42581,2.26286,3.22449e-05,8.84871,0.0498,1
10080,49.909,41.3189,41.4576,2.42399,2.09491,2.42399,2.26097,3.09556e-05,8.59007,0.05025,1
10140,50.226,41.3321,41.4703,2.42216,2.0927,2.42216,2.25907,3.21832e-05,8.89388,0.05008,1
10200,49.895,41.3448,41.4756,2.42034,2.09109,2.42034,2.25717,3.10908e-05,8.55017,0.05008,1
10260,50.008,41.3573,41.4738,2.41851,2.08912,2.41851,2.25529,3.17634e-05,8.65074,0.0498,1
10320,49.878,41.3694,41.4857,2.41668,2.08759,2.41668,2.25341,3.09066e-05,8.50858,0.0502,1
10380,50.218,41.381,41.488,2.41484,2.08508,2.41484,2.25151,3.24989e-05,8.83698,0.04976,1
10440,49.832,41.3919,41.4876,2.41301,2.08344,2.41301,2.2496,3.11079e-05,8.44008,0.04987,1
10500,49.772,41.4023,41.4873,2.41117,2.08198,2.41117,2.24774,3.09636e-05,8.36975,0.04982,1
10560,49.968,41.4119,41.5018,2.40932,2.08017,2.40932,2.24587,3.12676e-05,8.55612,0.05014,1
10620,50.246,41.4207,41.5091,2.40748,2.07757,2.40748,2.24396,3.24949e-05,8.82532,0.04985,1
10680,50.196,41.4288,41.5249,2.40563,2.07544,2.40563,2.24202,3.19456e-05,8.76716,0.05021,1
10740,50.124,41.4368,41.5334,2.40378,2.07354,2.40378,2.24011,3.18465e-05,8.6872,0.05008,1
10800,50.195,41.4448,41.5305,2.40193,2.07125,2.40193,2.23818,3.24123e-05,8.75016,0.04977,1
10860,50.197,41.4531,41.5293,2.40008,2.06898,2.40008,2.23623,3.24404e-05,8.74387,0.04975,1
10920,50.009,41.4614,41.5291,2.39822,2.06721,2.39822,2.23431,3.17881e-05,8.54759,0.04978,1
10980,49.908,41.4692,41.5373,2.39636,2.0658,2.39636,2.23242,3.11658e-05,8.43881,0.05005,1
11040,50.136,41.4763,41.5512,2.3945,2.06386,2.3945,2.23053,3.18115e-05,8.65975,0.05015,1
11100,50.081,41.4827,41.552,2.39264,2.06178,2.39264,2.22862,3.19292e-05,8.59828,0.04987,1
11160,49.937,41.489,41.56,2.39078,2.06025,2.39078,2.22673,3.11333e-05,8.44798,0.05017,1
11220,49.797,41.4954,41.5534,2.38892,2.0587,2.38892,2.22486,3.1089e-05,8.30162,0.04978,1
11280,50.123,41.5017,41.5653,2.38705,2.05661,2.38705,2.22297,3.17686e-05,8.62132,0.05015,1
11340,49.881,41.5078,41.5753,2.38519,2.05507,2.38519,2.22109,3.09058e-05,8.37325,0.05021,1
11400,50.218,41.5135,41.5845,2.38332,2.05281,2.38332,2.2192,3.20928e-05,8.70453,0.05014,1
11460,49.87,41.5192,41.5858,2.38145,2.05121,2.38145,2.21731,3.0987e-05,8.35082,0.0501,1
11520,49.811,41.5251,41.5887,2.37958,2.04983,2.37958,2.21546,3.07175e-05,8.28589,0.05017,1
11580,50.166,41.5312,41.5847,2.37771,2.04731,2.37771,2.21357,3.23167e-05,8.63481,0.04977,1
11640,49.827,41.5372,41.5799,2.37584,2.04557,2.37584,2.21167,3.11128e-05,8.28983,0.04985,1
11700,49.84,41.5428,41.5769,2.37397,2.04391,2.37397,2.2098,3.11986e-05,8.29722,0.04981,1
11760,50.05,41.5477,41.5848,2.3721,2.04182,2.3721,2.20791,3.16878e-05,8.50228,0.05,1
11820,50.187,41.5519,41.5975,2.37022,2.03958,2.37022,2.206,3.20118e-05,8.63514,0.05012,1
11880,49.848,41.5554,41.5998,2.36835,2.03808,2.36835,2.20411,3.09465e-05,8.29259,0.05007,1
11940,49.905,41.5589,41.6055,2.36647,2.03651,2.36647,2.20225,3.1017e-05,8.34609,0.05018,1
12000,50.139,41.5627,41.6032,2.3646,2.0341,2.3646,2.20036,3.21633e-05,8.57633,0.04983,1
12060,50.236,41.5666,41.6124,2.36272,2.03176,2.36272,2.19843,3.21736e-05,8.66939,0.05012,1
12120,50,41.5706,41.6087,2.36084,2.02989,2.36084,2.19651,3.16834e-05,8.42942,0.04985,1
12180,49.822,41.5745,41.6037,2.35896,2.02841,2.35896,2.19463,3.10534e-05,8.24751,0.04989,1
12240,49.757,41.5783,41.6078,2.35709,2.02709,2.35709,2.19278,3.06141e-05,8.17868,0.0501,1
12300,49.865,41.5818,41.6178,2.35521,2.02549,2.35521,2.19093,3.0821e-05,8.28323,0.05024,1
12360,49.816,41.5848,41.6185,2.35333,2.02377,2.35333,2.18908,3.08516e-05,8.23123,0.05006,1
12420,50.089,41.5876,41.6133,2.35145,2.0213,2.35145,2.1872,3.2052e-05,8.50135,0.04978,1
12480,49.811,41.5906,41.6156,2.34957,2.01967,2.34957,2.18531,3.08351e-05,8.22038,0.05006,1
12540,50.003,41.5935,41.6118,2.34769,2.01755,2.34769,2.18343,3.17791e-05,8.40952,0.04977,1
12600,50.097,41.596,41.6238,2.34581,2.01546,2.34581,2.18153,3.16401e-05,8.50096,0.05019,1
12660,50.041,41.5983,41.6303,2.34393,2.01354,2.34393,2.17963,3.15513e-05,8.44272,0.0501,1
12720,49.85,41.6004,41.6222,2.34205,2.01183,2.34205,2.17775,3.11994e-05,8.24964,0.04984,1
12780,50.152,41.6027,41.6199,2.34016,2.00944,2.34016,2.17585,3.22383e-05,8.54931,0.0498,1
12840,50.108,41.6051,41.6206,2.33828,2.00721,2.33828,2.17392,3.20504e-05,8.50288,0.04984,1
12900,50.119,41.6073,41.6343,2.3364,2.00537,2.3364,2.17201,3.16594e-05,8.51174,0.05024,1
12960,49.816,41.609,41.632,2.33452,2.00395,2.33452,2.17013,3.09372e-05,8.20697,0.04998,1
13020,49.812,41.6108,41.6339,2.33264,2.00253,2.33264,2.16828,3.07529e-05,8.20122,0.05014,1
13080,50.214,41.6128,41.6409,2.33075,2.00009,2.33075,2.16639,3.21543e-05,8.60122,0.05007,1
13140,49.949,41.6149,41.641,2.32887,1.99823,2.32887,2.16449,3.13118e-05,8.33413,0.05004,1
13200,49.9,41.6171,41.633,2.32699,1.99644,2.32699,2.16261,3.13857e-05,8.28294,0.04982,1
13260,49.994,41.6194,41.6423,2.32511,1.99464,2.32511,2.16073,3.12681e-05,8.37463,0.05022,1
13320,50.081,41.6215,41.6416,2.32322,1.99245,2.32322,2.15883,3.1897e-05,8.45946,0.0499,1
13380,50.228,41.6235,41.6462,2.32134,1.99008,2.32134,2.15691,3.22325e-05,8.60454,0.05004,1
13440,49.893,41.6253,41.648,2.31946,1.98856,2.31946,2.15501,3.10629e-05,8.26765,0.0501,1
13500,50.212,41.6272,41.6527,2.31758,1.98636,2.31758,2.15311,3.21477e-05,8.58475,0.05007,1
13560,49.762,41.6292,41.6551,2.31569,1.9851,2.31569,2.15123,3.05024e-05,8.13278,0.05022,1
13620,50.028,41.6313,41.6475,2.31381,1.98302,2.31381,2.14937,3.18079e-05,8.3967,0.04982,1
13680,50.067,41.6335,41.6487,2.31193,1.98086,2.31193,2.14746,3.17439e-05,8.43351,0.05,1
13740,49.803,41.6356,41.6455,2.31005,1.97934,2.31005,2.14558,3.09265e-05,8.16742,0.04995,1
13800,49.82,41.6373,41.6441,2.30817,1.97776,2.30817,2.14372,3.09397e-05,8.18267,0.04999,1
13860,49.96,41.6387,41.64,2.30628,1.97565,2.30628,2.14185,3.15943e-05,8.32128,0.04981,1
13920,50.233,41.6397,41.6411,2.3044,1.97303,2.3044,2.13992,3.24841e-05,8.59325,0.04982,1
13980,50.048,41.6404,41.6421,2.30252,1.97099,2.30252,2.138,3.17989e-05,8.40759,0.04989,1
14040,50.217,41.6407,41.6452,2.30064,1.96874,2.30064,2.13607,3.23458e-05,8.57626,0.0499,1
14100,50.152,41.6409,41.6485,2.29876,1.96666,2.29876,2.13414,3.20671e-05,8.51106,0.04996,1
14160,49.984,41.6411,41.6516,2.29688,1.96506,2.29688,2.13224,3.14059e-05,8.34285,0.05006,1
14220,50.142,41.6415,41.6565,2.295,1.96306,2.295,2.13034,3.19166e-05,8.50048,0.05007,1
14280,49.759,41.6421,41.6509,2.29312,1.9617,2.29312,2.12845,3.07706e-05,8.11687,0.04996,1
14340,49.805,41.643,41.6467,2.29124,1.96018,2.29124,2.1266,3.09331e-05,8.16197,0.04995,1
14400,50.165,41.6441,41.6473,2.28936,1.95771,2.28936,2.12471,3.2217e-05,8.52094,0.04986,1
14460,49.9989,41.6449,41.6505,2.28748,1.95596,2.28748,2.12282,3.15326e-05,8.35403,0.0499875,1
14520,49.9989,41.6455,41.6516,2.2856,1.95404,2.2856,2.12093,3.15326e-05,8.35347,0.0499875,1
14580,49.9989,41.6459,41.6525,2.28372,1.95212,2.28372,2.11903,3.15326e-05,8.35303,0.0499875,1
14640,49.9989,41.6464,41.6532,2.28184,1.9502,2.28184,2.11714,3.15326e-05,8.35255,0.0499875,1
14700,49.9989,41.6469,41.6538,2.27996,1.94829,2.27996,2.11525,3.15326e-05,8.35202,0.0499875,1
14760,49.9989,41.6475,41.6543,2.27808,1.94637,2.27808,2.11336,3.15326e-05,8.35145,0.0499875,1
14820,49.9989,41.6481,41.6549,2.27621,1.94446,2.27621,2.11147,3.15326e-05,8.35084,0.0499875,1
14880,49.9989,41.6487,41.6553,2.27433,1.94254,2.27433,2.10957,3.15326e-05,8.35022,0.0499875,1
14940,49.9989,41.6493,41.6558,2.27245,1.94063,2.27245,2.10768,3.15326e-05,8.34961,0.0499875,1
15000,49.9989,41.6499,41.6562,2.27057,1.93871,2.27057,2.10579,3.15326e-05,8.34899,0.0499875,1
15060,49.9989,41.6505,41.6566,2.2687,1.9368,2.2687,2.1039,3.15326e-05,8.34839,0.0499875,1
15120,49.9989,41.6511,41.657,2.26682,1.93488,2.26682,2.10201,3.15326e-05,8.3478,0.0499875,1
15180,49.9989,41.6517,41.6574,2.26494,1.93297,2.26494,2.10011,3.15326e-05,8.34723,0.0499875,1
15240,49.9989,41.6523,41.6577,2.26307,1.93105,2.26307,2.09822,3.15326e-05,8.34668,0.0499875,1
15300,49.9989,41.6528,41.6581,2.26119,1.92913,2.26119,2.09633,3.15326e-05,8.34614,0.0499875,1
15360,49.9989,41.6533,41.6584,2.25931,1.92722,2.25931,2.09444,3.15326e-05,8.34562,0.0499875,1
15420,49.9989,41.6538,41.6587,2.25744,1.9253,2.25744,2.09255,3.15326e-05,8.34512,0.0499875,1
15480,49.9989,41.6543,41.659,2.25556,1.92338,2.25556,2.09065,3.15326e-05,8.34464,0.0499875,1
15540,49.9989,41.6548,41.6593,2.25369,1.92146,2.25369,2.08876,3.15326e-05,8.34418,0.0499875,1
15600,49.9989,41.6552,41.6596,2.25181,1.91954,2.25181,2.08687,3.15326e-05,8.34373,0.0499875,1
15660,49.9989,41.6556,41.6598,2.24994,1.91763,2.24994,2.08498,3.15326e-05,8.34329,0.0499875,1
15720,49.9989,41.6561,41.6601,2.24806,1.91571,2.24806,2.08309,3.15326e-05,8.34288,0.0499875,1
15780,49.9989,41.6565,41.6604,2.24619,1.91379,2.24619,2.08119,3.15326e-05,8.34248,0.0499875,1
15840,49.9989,41.6568,41.6606,2.24431,1.91187,2.24431,2.0793,3.15326e-05,8.34209,0.0499875,1
15900,49.9989,41.6572,41.6608,2.24244,1.90995,2.24244,2.07741,3.15326e-05,8.34172,0.0499875,1
15960,49.9989,41.6576,41.6611,2.24056,1.90803,2.24056,2.07552,3.15326e-05,8.34136,0.0499875,1
16020,49.9989,41.6579,41.6613,2.23869,1.90611,2.23869,2.07363,3.15326e-05,8.34102,0.0499875,1
16080,49.9989,41.6583,41.6615,2.23681,1.90419,2.23681,2.07173,3.15326e-05,8.34068,0.0499875,1
16140,49.9989,41.6586,41.6617,2.23494,1.90227,2.23494,2.06984,3.15326e-05,8.34036,0.0499875,1
16200,49.9989,41.6589,41.6619,2.23307,1.90035,2.23307,2.06795,3.15326e-05,8.34005,0.0499875,1
16260,49.9989,41.6592,41.6621,2.23119,1.89843,2.23119,2.06606,3.15326e-05,8.33976,0.0499875,1
16320,49.9989,41.6595,41.6622,2.22932,1.89651,2.22932,2.06417,3.15326e-05,8.33947,0.0499875,1
16380,49.9989,41.6597,41.6624,2.22745,1.89459,2.22745,2.06227,3.15326e-05,8.3392,0.0499875,1
16440,49.9989,41.66,41.6626,2.22557,1.89267,2.22557,2.06038,3.15326e-05,8.33893,0.0499875,1
16500,49.9989,41.6603,41.6627,2.2237,1.89075,2.2237,2.05849,3.15326e-05,8.33868,0.0499875,1
16560,49.9989,41.6605,41.6629,2.22183,1.88883,2.22183,2.0566,3.15326e-05,8.33843,0.0499875,1
16620,49.9989,41.6607,41.663,2.21996,1.88691,2.21996,2.05471,3.15326e-05,8.33819,0.0499875,1
16680,49.9989,41.661,41.6632,2.21808,1.88499,2.21808,2.05281,3.15326e-05,8.33797,0.0499875,1
16740,49.9989,41.6612,41.6633,2.21621,1.88306,2.21621,2.05092,3.15326e-05,8.33775,0.0499875,1
16800,49.9989,41.6614,41.6634,2.21434,1.88114,2.21434,2.04903,3.15326e-05,8.33753,0.0499875,1
16860,49.9989,41.6616,41.6636,2.21247,1.87922,2.21247,2.04714,3.15326e-05,8.33733,0.0499875,1
16920,49.9989,41.6618,41.6637,2.2106,1.8773,2.2106,2.04525,3.15326e-05,8.33714,0.0499875,1
16980,49.9989,41.662,41.6638,2.20873,1.87538,2.20873,2.04336,3.15326e-05,8.33695,0.0499875,1
17040,49.9989,41.6622,41.6639,2.20685,1.87345,2.20685,2.04146,3.15326e-05,8.33677,0.0499875,1
17100,49.9989,41.6623,41.664,2.20498,1.87153,2.20498,2.03957,3.15326e-05,8.33659,0.0499875,1
17160,49.9989,41.6625,41.6641,2.20311,1.86961,2.20311,2.03768,3.15326e-05,8.33642,0.0499875,1
17220,49.9989,41.6627,41.6642,2.20124,1.86768,2.20124,2.03579,3.15326e-05,8.33626,0.0499875,1
17280,49.9989,41.6628,41.6643,2.19937,1.86576,2.19937,2.0339,3.15326e-05,8.3361,0.0499875,1
17340,49.9989,41.663,41.6644,2.1975,1.86384,2.1975,2.032,3.15326e-05,8.33595,0.0499875,1
17400,49.9989,41.6631,41.6645,2.19563,1.86191,2.19563,2.03011,3.15326e-05,8.33581,0.0499875,1
17460,49.9989,41.6633,41.6646,2.19376,1.85999,2.19376,2.02822,3.15326e-05,8.33567,0.0499875,1
17520,49.9989,41.6634,41.6647,2.19189,1.85807,2.19189,2.02633,3.15326e-05,8.33553,0.0499875,1
17580,49.9989,41.6635,41.6648,2.19002,1.85614,2.19002,2.02444,3.15326e-05,8.33541,0.0499875,1
17640,49.9989,41.6637,41.6649,2.18815,1.85422,2.18815,2.02254,3.15326e-05,8.33528,0.0499875,1
17700,49.9989,41.6638,41.6649,2.18628,1.85229,2.18628,2.02065,3.15326e-05,8.33516,0.0499875,1
17760,49.9989,41.6639,41.665,2.18441,1.85037,2.18441,2.01876,3.15326e-05,8.33505,0.0499875,1
17820,49.9989,41.664,41.6651,2.18254,1.84845,2.18254,2.01687,3.15326e-05,8.33493,0.0499875,1
17880,49.9989,41.6641,41.6651,2.18068,1.84652,2.18068,2.01498,3.15326e-05,8.33483,0.0499875,1
17940,49.9989,41.6642,41.6652,2.17881,1.8446,2.17881,2.01308,3.15326e-05,8.33473,0.0499875,1
18000,49.9989,41.6643,41.6653,2.17694,1.84267,2.17694,2.01119,3.15326e-05,8.33463,0.0499875,1
18060,49.9989,41.6644,41.6653,2.17507,1.84075,2.17507,2.0093,3.15326e-05,8.33453,0.0499875,1
18120,49.9989,41.6645,41.6654,2.1732,1.83882,2.1732,2.00741,3.15326e-05,8.33444,0.0499875,1
18180,49.9989,41.6646,41.6654,2.17133,1.83689,2.17133,2.00552,3.15326e-05,8.33435,0.0499875,1
18240,49.9989,41.6647,41.6655,2.16947,1.83497,2.16947,2.00362,3.15326e-05,8.33427,0.0499875,1
18300,49.9989,41.6648,41.6655,2.1676,1.83304,2.1676,2.00173,3.15326e-05,8.33418,0.0499875,1
18360,49.9989,41.6648,41.6656,2.16573,1.83112,2.16573,1.99984,3.15326e-05,8.33411,0.0499875,1
18420,49.9989,41.6649,41.6656,2.16386,1.82919,2.16386,1.99795,3.15326e-05,8.33403,0.0499875,1
18480,49.9989,41.665,41.6657,2.162,1.82727,2.162,1.99606,3.15326e-05,8.33396,0.0499875,1
18540,49.9989,41.665,41.6657,2.16013,1.82534,2.16013,1.99416,3.15326e-05,8.33389,0.0499875,1
18600,49.9989,41.6651,41.6658,2.15826,1.82341,2.15826,1.99227,3.15326e-05,8.33382,0.0499875,1
18660,49.9989,41.6652,41.6658,2.15639,1.82149,2.15639,1.99038,3.15326e-05,8.33375,0.0499875,1
18720,49.9989,41.6652,41.6658,2.15453,1.81956,2.15453,1.98849,3.15326e-05,8.33369,0.0499875,1
18780,49.9989,41.6653,41.6659,2.15266,1.81763,2.15266,1.9866,3.15326e-05,8.33363,0.0499875,1
18840,49.9989,41.6654,41.6659,2.15079,1.81571,2.15079,1.9847,3.15326e-05,8.33357,0.0499875,1
18900,49.9989,41.6654,41.666,2.14893,1.81378,2.14893,1.98281,3.15326e-05,8.33352,0.0499875,1
18960,49.9989,41.6655,41.666,2.14706,1.81185,2.14706,1.98092,3.15326e-05,8.33346,0.0499875,1
19020,49.9989,41.6655,41.666,2.1452,1.80993,2.1452,1.97903,3.15326e-05,8.33341,0.0499875,1
19080,49.9989,41.6656,41.666,2.14333,1.808,2.14333,1.97714,3.15326e-05,8.33336,0.0499875,1
19140,49.9989,41.6656,41.6661,2.14146,1.80607,2.14146,1.97524,3.15326e-05,8.33331,0.0499875,1
19200,49.9989,41.6657,41.6661,2.1396,1.80414,2.1396,1.97335,3.15326e-05,8.33327,0.0499875,1
19260,49.9989,41.6657,41.6661,2.13773,1.80222,2.13773,1.97146,3.15326e-05,8.33322,0.0499875,1
19320,49.9989,41.6658,41.6662,2.13587,1.80029,2.13587,1.96957,3.15326e-05,8.33318,0.0499875,1
19380,49.9989,41.6658,41.6662,2.134,1.79836,2.134,1.96768,3.15326e-05,8.33314,0.0499875,1
19440,49.9989,41.6658,41.6662,2.13214,1.79643,2.13214,1.96578,3.15326e-05,8.3331,0.0499875,1
19500,49.9989,41.6659,41.6662,2.13027,1.7945,2.13027,1.96389,3.15326e-05,8.33306,0.0499875,1
19560,49.9989,41.6659,41.6663,2.12841,1.79258,2.12841,1.962,3.15326e-05,8.33303,0.0499875,1
19620,49.9989,41.6659,41.6663,2.12654,1.79065,2.12654,1.96011,3.15326e-05,8.33299,0.0499875,1
19680,49.9989,41.666,41.6663,2.12468,1.78872,2.12468,1.95822,3.15326e-05,8.33296,0.0499875,1
19740,49.9989,41.666,41.6663,2.12281,1.78679,2.12281,1.95633,3.15326e-05,8.33293,0.0499875,1
19800,49.9989,41.666,41.6663,2.12095,1.78486,2.12095,1.95443,3.15326e-05,8.33289,0.0499875,1
19860,49.9989,41.6661,41.6664,2.11909,1.78293,2.11909,1.95254,3.15326e-05,8.33286,0.0499875,1
19920,49.9989,41.6661,41.6664,2.11722,1.781,2.11722,1.95065,3.15326e-05,8.33283,0.0499875,1
19980,49.9989,41.6661,41.6664,2.11536,1.77907,2.11536,1.94876,3.15326e-05,8.33281,0.0499875,1
20040,49.9989,41.6662,41.6664,2.11349,1.77715,2.11349,1.94687,3.15326e-05,8.33278,0.0499875,1
20100,49.9989,41.6662,41.6664,2.11163,1.77522,2.11163,1.94497,3.15326e-05,8.33275,0.0499875,1
20160,49.9989,41.6662,41.6664,2.10977,1.77329,2.10977,1.94308,3.15326e-05,8.33273,0.0499875,1
20220,49.9989,41.6662,41.6665,2.1079,1.77136,2.1079,1.94119,3.15326e-05,8.33271,0.0499875,1
20280,49.9989,41.6663,41.6665,2.10604,1.76943,2.10604,1.9393,3.15326e-05,8.33268,0.0499875,1
20340,49.9989,41.6663,41.6665,2.10418,1.7675,2.10418,1.93741,3.15326e-05,8.33266,0.0499875,1
20400,49.9989,41.6663,41.6665,2.10231,1.76557,2.10231,1.93551,3.15326e-05,8.33264,0.0499875,1
20460,49.9989,41.6663,41.6665,2.10045,1.76364,2.10045,1.93362,3.15326e-05,8.33262,0.0499875,1
20520,49.9989,41.6663,41.6665,2.09859,1.76171,2.09859,1.93173,3.15326e-05,8.3326,0.0499875,1
20580,49.9989,41.6664,41.6665,2.09673,1.75978,2.09673,1.92984,3.15326e-05,8.33258,0.0499875,1
20640,49.9989,41.6664,41.6665,2.09486,1.75785,2.09486,1.92795,3.15326e-05,8.33256,0.0499875,1
20700,49.9989,41.6664,41.6666,2.093,1.75592,2.093,1.92605,3.15326e-05,8.33254,0.0499875,1
20760,49.9989,41.6664,41.6666,2.09114,1.75399,2.09114,1.92416,3.15326e-05,8.33253,0.0499875,1
20820,49.9989,41.6664,41.6666,2.08928,1.75205,2.08928,1.92227,3.15326e-05,8.33251,0.0499875,1
20880,49.9989,41.6664,41.6666,2.08741,1.75012,2.08741,1.92038,3.15326e-05,8.3325,0.0499875,1
20940,49.9989,41.6665,41.6666,2.08555,1.74819,2.08555,1.91849,3.15326e-05,8.33248,0.0499875,1
21000,49.9989,41.6665,41.6666,2.08369,1.74626,2.08369,1.91659,3.15326e-05,8.33247,0.0499875,1
21060,49.9989,41.6665,41.6666,2.08183,1.74433,2.08183,1.9147,3.15326e-05,8.33245,0.0499875,1
21120,49.9989,41.6665,41.6666,2.07997,1.7424,2.07997,1.91281,3.15326e-05,8.33244,0.0499875,1
21180,49.9989,41.6665,41.6666,2.0781,1.74047,2.0781,1.91092,3.15326e-05,8.33243,0.0499875,1
21240,49.9989,41.6665,41.6666,2.07624,1.73854,2.07624,1.90903,3.15326e-05,8.33241,0.0499875,1
21300,49.9989,41.6665,41.6666,2.07438,1.73661,2.07438,1.90713,3.15326e-05,8.3324,0.0499875,1
21360,49.9989,41.6665,41.6667,2.07252,1.73467,2.07252,1.90524,3.15326e-05,8.33239,0.0499875,1
21420,49.9989,41.6666,41.6667,2.07066,1.73274,2.07066,1.90335,3.15326e-05,8.33238,0.0499875,1
21480,49.9989,41.6666,41.6667,2.0688,1.73081,2.0688,1.90146,3.15326e-05,8.33237,0.0499875,1
21540,49.9989,41.6666,41.6667,2.06694,1.72888,2.06694,1.89957,3.15326e-05,8.33236,0.0499875,1
21600,49.9989,41.6666,41.6667,2.06508,1.72695,2.06508,1.89767,3.15326e-05,8.33235,0.0499875,1
21660,49.9989,41.6666,41.6667,2.06322,1.72501,2.06322,1.89578,3.15326e-05,8.33234,0.0499875,1
21720,49.9989,41.6666,41.6667,2.06135,1.72308,2.06135,1.89389,3.15326e-05,8.33233,0.0499875,1
21780,49.9989,41.6666,41.6667,2.05949,1.72115,2.05949,1.892,3.15326e-05,8.33232,0.0499875,1
21840,49.9989,41.6666,41.6667,2.05763,1.71922,2.05763,1.89011,3.15326e-05,8.33231,0.0499875,1
21900,49.9989,41.6666,41.6667,2.05577,1.71728,2.05577,1.88821,3.15326e-05,8.33231,0.0499875,1
21960,49.9989,41.6666,41.6667,2.05391,1.71535,2.05391,1.88632,3.15326e-05,8.3323,0.0499875,1
22020,49.9989,41.6666,41.6667,2.05205,1.71342,2.05205,1.88443,3.15326e-05,8.33229,0.0499875,1
22080,49.9989,41.6667,41.6667,2.05019,1.71148,2.05019,1.88254,3.15326e-05,8.33228,0.0499875,1
22140,49.9989,41.6667,41.6667,2.04833,1.70955,2.04833,1.88065,3.15326e-05,8.33228,0.0499875,1
22200,49.9989,41.6667,41.6667,2.04647,1.70762,2.04647,1.87875,3.15326e-05,8.33227,0.0499875,1
22260,49.9989,41.6667,41.6667,2.04461,1.70568,2.04461,1.87686,3.15326e-05,8.33226,0.0499875,1
22320,49.9989,41.6667,41.6667,2.04275,1.70375,2.04275,1.87497,3.15326e-05,8.33226,0.0499875,1
22380,49.9989,41.6667,41.6667,2.04089,1.70182,2.04089,1.87308,3.15326e-05,8.33225,0.0499875,1
22440,49.9989,41.6667,41.6667,2.03903,1.69988,2.03903,1.87119,3.15326e-05,8.33225,0.0499875,1
22500,49.9989,41.6667,41.6667,2.03717,1.69795,2.03717,1.86929,3.15326e-05,8.33224,0.0499875,1
22560,49.9989,41.6667,41.6667,2.03532,1.69602,2.03532,1.8674,3.15326e-05,8.33224,0.0499875,1
22620,49.9989,41.6667,41.6668,2.03346,1.69408,2.03346,1.86551,3.15326e-05,8.33223,0.0499875,1
22680,49.9989,41.6667,41.6668,2.0316,1.69215,2.0316,1.86362,3.15326e-05,8.33223,0.0499875,1
22740,49.9989,41.6667,41.6668,2.02974,1.69021,2.02974,1.86173,3.15326e-05,8.33222,0.0499875,1
22800,49.9989,41.6667,41.6668,2.02788,1.68828,2.02788,1.85984,3.15326e-05,8.33222,0.0499875,1
22860,49.9989,41.6667,41.6668,2.02602,1.68634,2.02602,1.85794,3.15326e-05,8.33221,0.0499875,1
22920,49.9989,41.6667,41.6668,2.02416,1.68441,2.02416,1.85605,3.15326e-05,8.33221,0.0499875,1
22980,49.9989,41.6667,41.6668,2.0223,1.68247,2.0223,1.85416,3.15326e-05,8.3322,0.0499875,1
23040,49.9989,41.6667,41.6668,2.02044,1.68054,2.02044,1.85227,3.15326e-05,8.3322,0.0499875,1
23100,49.9989,41.6667,41.6668,2.01859,1.6786,2.01859,1.85038,3.15326e-05,8.3322,0.0499875,1
23160,49.9989,41.6667,41.6668,2.01673,1.67667,2.01673,1.84848,3.15326e-05,8.33219,0.0499875,1
23220,49.9989,41.6667,41.6668,2.01487,1.67473,2.01487,1.84659,3.15326e-05,8.33219,0.0499875,1
23280,49.9989,41.6667,41.6668,2.01301,1.6728,2.01301,1.8447,3.15326e-05,8.33219,0.0499875,1
23340,49.9989,41.6668,41.6668,2.01115,1.67086,2.01115,1.84281,3.15326e-05,8.33218,0.0499875,1
23400,49.9989,41.6668,41.6668,2.0093,1.66893,2.0093,1.84092,3.15326e-05,8.33218,0.0499875,1
23460,49.9989,41.6668,41.6668,2.00744,1.66699,2.00744,1.83902,3.15326e-05,8.33218,0.0499875,1
23520,49.9989,41.6668,41.6668,2.00558,1.66506,2.00558,1.83713,3.15326e-05,8.33218,0.0499875,1
23580,49.9989,41.6668,41.6668,2.00372,1.66312,2.00372,1.83524,3.15326e-05,8.33217,0.0499875,1
23640,49.9989,41.6668,41.6668,2.00186,1.66118,2.00186,1.83335,3.15326e-05,8.33217,0.0499875,1
23700,49.9989,41.6668,41.6668,2.00001,1.65925,2.00001,1.83146,3.15326e-05,8.33217,0.0499875,1
23760,49.9989,41.6668,41.6668,1.99815,1.65731,1.99815,1.82956,3.15326e-05,8.33217,0.0499875,1
23820,49.9989,41.6668,41.6668,1.99629,1.65538,1.99629,1.82767,3.15326e-05,8.33216,0.0499875,1
23880,49.9989,41.6668,41.6668,1.99444,1.65344,1.99444,1.82578,3.15326e-05,8.33216,0.0499875,1
23940,49.9989,41.6668,41.6668,1.99258,1.6515,1.99258,1.82389,3.15326e-05,8.33216,0.0499875,1
24000,49.9989,41.6668,41.6668,1.99072,1.64957,1.99072,1.822,3.15326e-05,8.33216,0.0499875,1
24060,49.9989,41.6668,41.6668,1.98886,1.64763,1.98886,1.8201,3.15326e-05,8.33215,0.0499875,1
24120,49.9989,41.6668,41.6668,1.98701,1.64569,1.98701,1.81821,3.15326e-05,8.33215,0.0499875,1
24180,49.9989,41.6668,41.6668,1.98515,1.64376,1.98515,1.81632,3.15326e-05,8.33215,0.0499875,1
24240,49.9989,41.6668,41.6668,1.98329,1.64182,1.98329,1.81443,3.15326e-05,8.33215,0.0499875,1
24300,49.9989,41.6668,41.6668,1.98144,1.63988,1.98144,1.81254,3.15326e-05,8.33215,0.0499875,1
24360,49.9989,41.6668,41.6668,1.97958,1.63794,1.97958,1.81064,3.15326e-05,8.33215,0.0499875,1
24420,49.9989,41.6668,41.6668,1.97772,1.63601,1.97772,1.80875,3.15326e-05,8.33214,0.0499875,1
24480,49.9989,41.6668,41.6668,1.97587,1.63407,1.97587,1.80686,3.15326e-05,8.33214,0.0499875,1
24540,49.9989,41.6668,41.6668,1.97401,1.63213,1.97401,1.80497,3.15326e-05,8.33214,0.0499875,1
24600,49.9989,41.6668,41.6668,1.97216,1.63019,1.97216,1.80308,3.15326e-05,8.33214,0.0499875,1
24660,49.9989,41.6668,41.6668,1.9703,1.62826,1.9703,1.80118,3.15326e-05,8.33214,0.0499875,1
24720,49.9989,41.6668,41.6668,1.96844,1.62632,1.96844,1.79929,3.15326e-05,8.33214,0.0499875,1
24780,49.9989,41.6668,41.6668,1.96659,1.62438,1.96659,1.7974,3.15326e-05,8.33214,0.0499875,1
24840,49.9989,41.6668,41.6668,1.96473,1.62244,1.96473,1.79551,3.15326e-05,8.33214,0.0499875,1
24900,49.9989,41.6668,41.6668,1.96288,1.6205,1.96288,1.79362,3.15326e-05,8.33213,0.0499875,1
24960,49.9989,41.6668,41.6668,1.96102,1.61856,1.96102,1.79172,3.15326e-05,8.33213,0.0499875,1
25020,49.9989,41.6668,41.6668,1.95917,1.61663,1.95917,1.78983,3.15326e-05,8.33213,0.0499875,1
25080,49.9989,41.6668,41.6668,1.95731,1.61469,1.95731,1.78794,3.15326e-05,8.33213,0.0499875,1
25140,49.9989,41.6668,41.6668,1.95546,1.61275,1.95546,1.78605,3.15326e-05,8.33213,0.0499875,1
25200,49.9989,41.6668,41.6668,1.9536,1.61081,1.9536,1.78416,3.15326e-05,8.33213,0.0499875,1
25260,49.9989,41.6668,41.6668,1.95174,1.60887,1.95174,1.78226,3.15326e-05,8.33213,0.0499875,1
25320,49.9989,41.6668,41.6668,1.94989,1.60693,1.94989,1.78037,3.15326e-05,8.33213,0.0499875,1
25380,49.9989,41.6668,41.6668,1.94803,1.60499,1.94803,1.77848,3.15326e-05,8.33213,0.0499875,1
25440,49.9989,41.6668,41.6668,1.94618,1.60305,1.94618,1.77659,3.15326e-05,8.33213,0.0499875,1
25500,49.9989,41.6668,41.6668,1.94433,1.60111,1.94433,1.7747,3.15326e-05,8.33213,0.0499875,1
25560,49.9989,41.6668,41.6668,1.94247,1.59917,1.94247,1.77281,3.15326e-05,8.33213,0.0499875,1
25620,49.9989,41.6668,41.6668,1.94062,1.59723,1.94062,1.77091,3.15326e-05,8.33212,0.0499875,1
25680,49.9989,41.6668,41.6668,1.93876,1.59529,1.93876,1.76902,3.15326e-05,8.33212,0.0499875,1
25740,49.9989,41.6668,41.6668,1.93691,1.59335,1.93691,1.76713,3.15326e-05,8.33212,0.0499875,1
25800,49.9989,41.6668,41.6668,1.93505,1.59141,1.93505,1.76524,3.15326e-05,8.33212,0.0499875,1
25860,49.9989,41.6668,41.6668,1.9332,1.58947,1.9332,1.76335,3.15326e-05,8.33212,0.0499875,1
25920,49.9989,41.6668,41.6668,1.93134,1.58753,1.93134,1.76145,3.15326e-05,8.33212,0.0499875,1
25980,49.9989,41.6668,41.6668,1.92949,1.58559,1.92949,1.75956,3.15326e-05,8.33212,0.0499875,1
26040,49.9989,41.6668,41.6668,1.92764,1.58365,1.92764,1.75767,3.15326e-05,8.33212,0.0499875,1
26100,49.9989,41.6668,41.6668,1.92578,1.58171,1.92578,1.75578,3.15326e-05,8.33212,0.0499875,1
26160,49.9989,41.6668,41.6668,1.92393,1.57977,1.92393,1.75389,3.15326e-05,8.33212,0.0499875,1
26220,49.9989,41.6668,41.6668,1.92208,1.57783,1.92208,1.75199,3.15326e-05,8.33212,0.0499875,1
26280,49.9989,41.6668,41.6668,1.92022,1.57588,1.92022,1.7501,3.15326e-05,8.33212,0.0499875,1
26340,49.9989,41.6668,41.6668,1.91837,1.57394,1.91837,1.74821,3.15326e-05,8.33212,0.0499875,1
26400,49.9989,41.6668,41.6668,1.91651,1.572,1.91651,1.74632,3.15326e-05,8.33212,0.0499875,1
26460,49.9989,41.6668,41.6668,1.91466,1.57006,1.91466,1.74443,3.15326e-05,8.33212,0.0499875,1
26520,49.9989,41.6668,41.6668,1.91281,1.56812,1.91281,1.74253,3.15326e-05,8.33212,0.0499875,1
26580,49.9989,41.6668,41.6668,1.91096,1.56618,1.91096,1.74064,3.15326e-05,8.33212,0.0499875,1
26640,49.9989,41.6668,41.6668,1.9091,1.56423,1.9091,1.73875,3.15326e-05,8.33212,0.0499875,1
26700,49.9989,41.6668,41.6668,1.90725,1.56229,1.90725,1.73686,3.15326e-05,8.33212,0.0499875,1
26760,49.9989,41.6668,41.6668,1.9054,1.56035,1.9054,1.73497,3.15326e-05,8.33212,0.0499875,1
26820,49.9989,41.6668,41.6668,1.90354,1.55841,1.90354,1.73307,3.15326e-05,8.33212,0.0499875,1
26880,49.9989,41.6668,41.6668,1.90169,1.55646,1.90169,1.73118,3.15326e-05,8.33212,0.0499875,1
26940,49.9989,41.6668,41.6668,1.89984,1.55452,1.89984,1.72929,3.15326e-05,8.33211,0.0499875,1
27000,49.9989,41.6668,41.6668,1.89799,1.55258,1.89799,1.7274,3.15326e-05,8.33211,0.0499875,1
27060,49.9989,41.6668,41.6668,1.89613,1.55064,1.89613,1.72551,3.15326e-05,8.33211,0.0499875,1
27120,49.9989,41.6668,41.6668,1.89428,1.54869,1.89428,1.72361,3.15326e-05,8.33211,0.0499875,1
27180,49.9989,41.6668,41.6668,1.89243,1.54675,1.89243,1.72172,3.15326e-05,8.33211,0.0499875,1
27240,49.9989,41.6668,41.6668,1.89058,1.54481,1.89058,1.71983,3.15326e-05,8.33211,0.0499875,1
27300,49.9989,41.6668,41.6668,1.88872,1.54286,1.88872,1.71794,3.15326e-05,8.33211,0.0499875,1
27360,49.9989,41.6668,41.6668,1.88687,1.54092,1.88687,1.71605,3.15326e-05,8.33211,0.0499875,1
27420,49.9989,41.6668,41.6668,1.88502,1.53898,1.88502,1.71415,3.15326e-05,8.33211,0.0499875,1
27480,49.9989,41.6668,41.6668,1.88317,1.53703,1.88317,1.71226,3.15326e-05,8.33211,0.0499875,1
27540,49.9989,41.6668,41.6668,1.88132,1.53509,1.88132,1.71037,3.15326e-05,8.33211,0.0499875,1
27600,49.9989,41.6668,41.6668,1.87947,1.53314,1.87947,1.70848,3.15326e-05,8.33211,0.0499875,1
27660,49.9989,41.6668,41.6668,1.87761,1.5312,1.87761,1.70659,3.15326e-05,8.33211,0.0499875,1
27720,49.9989,41.6668,41.6668,1.87576,1.52925,1.87576,1.70469,3.15326e-05,8.33211,0.0499875,1
27780,49.9989,41.6668,41.6668,1.87391,1.52731,1.87391,1.7028,3.15326e-05,8.33211,0.0499875,1
27840,49.9989,41.6668,41.6668,1.87206,1.52536,1.87206,1.70091,3.15326e-05,8.33211,0.0499875,1
27900,49.9989,41.6668,41.6668,1.87021,1.52342,1.87021,1.69902,3.15326e-05,8.33211,0.0499875,1
27960,49.9989,41.6668,41.6668,1.86836,1.52147,1.86836,1.69713,3.15326e-05,8.33211,0.0499875,1
28020,49.9989,41.6668,41.6668,1.86651,1.51953,1.86651,1.69523,3.15326e-05,8.33211,0.0499875,1
28080,49.9989,41.6668,41.6668,1.86466,1.51758,1.86466,1.69334,3.15326e-05,8.33211,0.0499875,1
28140,49.9989,41.6668,41.6668,1.86281,1.51564,1.86281,1.69145,3.15326e-05,8.33211,0.0499875,1
28200,49.9989,41.6668,41.6668,1.86096,1.51369,1.86096,1.68956,3.15326e-05,8.33211,0.0499875,1
28260,49.9989,41.6668,41.6668,1.85911,1.51175,1.85911,1.68767,3.15326e-05,8.33211,0.0499875,1
28320,49.9989,41.6668,41.6668,1.85726,1.5098,1.85726,1.68578,3.15326e-05,8.33211,0.0499875,1
28380,49.9989,41.6668,41.6668,1.8554,1.50786,1.8554,1.68388,3.15326e-05,8.33211,0.0499875,1
28440,49.9989,41.6668,41.6668,1.85355,1.50591,1.85355,1.68199,3.15326e-05,8.33211,0.0499875,1
28500,49.9989,41.6668,41.6668,1.8517,1.50396,1.8517,1.6801,3.15326e-05,8.33211,0.0499875,1
28560,49.9989,41.6668,41.6668,1.84985,1.50202,1.84985,1.67821,3.15326e-05,8.33211,0.0499875,1
28620,49.9989,41.6668,41.6668,1.848,1.50007,1.848,1.67632,3.15326e-05,8.33211,0.0499875,1
28680,49.9989,41.6668,41.6668,1.84615,1.49812,1.84615,1.67442,3.15326e-05,8.33211,0.0499875,1
28740,49.9989,41.6668,41.6668,1.8443,1.49618,1.8443,1.67253,3.15326e-05,8.33211,0.0499875,1
28800,49.9989,41.6668,41.6668,1.84246,1.49423,1.84246,1.67064,3.15326e-05,8.33211,0.0499875,1
28860,49.9989,41.6668,41.6668,1.84061,1.49228,1.84061,1.66875,3.15326e-05,8.33211,0.0499875,1
28920,49.9989,41.6668,41.6668,1.83876,1.49033,1.83876,1.66686,3.15326e-05,8.33211,0.0499875,1
28980,49.9989,41.6668,41.6668,1.83691,1.48839,1.83691,1.66496,3.15326e-05,8.33211,0.0499875,1
29040,49.9989,41.6668,41.6668,1.83506,1.48644,1.83506,1.66307,3.15326e-05,8.33211,0.0499875,1
29100,49.9989,41.6668,41.6668,1.83321,1.48449,1.83321,1.66118,3.15326e-05,8.33211,0.0499875,1
29160,49.9989,41.6668,41.6668,1.83136,1.48254,1.83136,1.65929,3.15326e-05,8.33211,0.0499875,1
29220,49.9989,41.6668,41.6668,1.82951,1.4806,1.82951,1.6574,3.15326e-05,8.33211,0.0499875,1
29280,49.9989,41.6668,41.6668,1.82766,1.47865,1.82766,1.6555,3.15326e-05,8.33211,0.0499875,1
29340,49.9989,41.6668,41.6668,1.82581,1.4767,1.82581,1.65361,3.15326e-05,8.33211,0.0499875,1
29400,49.9989,41.6668,41.6668,1.82396,1.47475,1.82396,1.65172,3.15326e-05,8.33211,0.0499875,1
29460,49.9989,41.6668,41.6668,1.82212,1.4728,1.82212,1.64983,3.15326e-05,8.33211,0.0499875,1
29520,49.9989,41.6668,41.6668,1.82027,1.47085,1.82027,1.64794,3.15326e-05,8.33211,0.0499875,1
29580,49.9989,41.6668,41.6668,1.81842,1.4689,1.81842,1.64604,3.15326e-05,8.33211,0.0499875,1
29640,49.9989,41.6668,41.6668,1.81657,1.46695,1.81657,1.64415,3.15326e-05,8.33211,0.0499875,1
29700,49.9989,41.6668,41.6668,1.81472,1.46501,1.81472,1.64226,3.15326e-05,8.33211,0.0499875,1
29760,49.9989,41.6668,41.6668,1.81287,1.46306,1.81287,1.64037,3.15326e-05,8.33211,0.0499875,1
29820,49.9989,41.6668,41.6668,1.81103,1.46111,1.81103,1.63848,3.15326e-05,8.33211,0.0499875,1
29880,49.9989,41.6668,41.6668,1.80918,1.45916,1.80918,1.63658,3.15326e-05,8.33211,0.0499875,1
29940,49.9989,41.6668,41.6668,1.80733,1.45721,1.80733,1.63469,3.15326e-05,8.33211,0.0499875,1
30000,49.9989,41.6668,41.6668,1.80548,1.45526,1.80548,1.6328,3.15326e-05,8.33211,0.0499875,1
30060,49.9989,41.6668,41.6668,1.80364,1.45331,1.80364,1.63091,3.15326e-05,8.33211,0.0499875,1
30120,49.9989,41.6668,41.6668,1.80179,1.45136,1.80179,1.62902,3.15326e-05,8.33211,0.0499875,1
30180,49.9989,41.6668,41.6668,1.79994,1.44941,1.79994,1.62712,3.15326e-05,8.33211,0.0499875,1
30240,49.9989,41.6668,41.6668,1.79809,1.44745,1.79809,1.62523,3.15326e-05,8.33211,0.0499875,1
30300,49.9989,41.6668,41.6668,1.79625,1.4455,1.79625,1.62334,3.15326e-05,8.33211,0.0499875,1
30360,49.9989,41.6668,41.6668,1.7944,1.44355,1.7944,1.62145,3.15326e-05,8.33211,0.0499875,1
30420,49.9989,41.6668,41.6668,1.79255,1.4416,1.79255,1.61956,3.15326e-05,8.33211,0.0499875,1
30480,49.9989,41.6668,41.6668,1.79071,1.43965,1.79071,1.61766,3.15326e-05,8.33211,0.0499875,1
30540,49.9989,41.6668,41.6668,1.78886,1.4377,1.78886,1.61577,3.15326e-05,8.33211,0.0499875,1
30600,49.9989,41.6668,41.6668,1.78701,1.43575,1.78701,1.61388,3.15326e-05,8.33211,0.0499875,1
30660,49.9989,41.6668,41.6668,1.78517,1.43379,1.78517,1.61199,3.15326e-05,8.33211,0.0499875,1
30720,49.9989,41.6668,41.6668,1.78332,1.43184,1.78332,1.6101,3.15326e-05,8.33211,0.0499875,1
30780,49.9989,41.6668,41.6668,1.78147,1.42989,1.78147,1.6082,3.15326e-05,8.33211,0.0499875,1
30840,49.9989,41.6668,41.6668,1.77963,1.42794,1.77963,1.60631,3.15326e-05,8.33211,0.0499875,1
30900,49.9989,41.6668,41.6668,1.77778,1.42598,1.77778,1.60442,3.15326e-05,8.33211,0.0499875,1
30960,49.9989,41.6668,41.6668,1.77594,1.42403,1.77594,1.60253,3.15326e-05,8.33211,0.0499875,1
31020,49.9989,41.6668,41.6668,1.77409,1.42208,1.77409,1.60064,3.15326e-05,8.33211,0.0499875,1
31080,49.9989,41.6668,41.6668,1.77225,1.42013,1.77225,1.59875,3.15326e-05,8.33211,0.0499875,1
31140,49.9989,41.6668,41.6668,1.7704,1.41817,1.7704,1.59685,3.15326e-05,8.33211,0.0499875,1
31200,49.9989,41.6668,41.6668,1.76855,1.41622,1.76855,1.59496,3.15326e-05,8.33211,0.0499875,1
31260,49.9989,41.6668,41.6668,1.76671,1.41427,1.76671,1.59307,3.15326e-05,8.33211,0.0499875,1
31320,49.9989,41.6668,41.6668,1.76486,1.41231,1.76486,1.59118,3.15326e-05,8.33211,0.0499875,1
31380,49.9989,41.6668,41.6668,1.76302,1.41036,1.76302,1.58929,3.15326e-05,8.33211,0.0499875,1
31440,49.9989,41.6668,41.6668,1.76117,1.4084,1.76117,1.58739,3.15326e-05,8.33211,0.0499875,1
31500,49.9989,41.6668,41.6668,1.75933,1.40645,1.75933,1.5855,3.15326e-05,8.33211,0.0499875,1
31560,49.9989,41.6668,41.6668,1.75748,1.40449,1.75748,1.58361,3.15326e-05,8.33211,0.0499875,1
31620,49.9989,41.6668,41.6668,1.75564,1.40254,1.75564,1.58172,3.15326e-05,8.33211,0.0499875,1
31680,49.9989,41.6668,41.6668,1.75379,1.40059,1.75379,1.57983,3.15326e-05,8.33211,0.0499875,1
31740,49.9989,41.6668,41.6668,1.75195,1.39863,1.75195,1.57793,3.15326e-05,8.33211,0.0499875,1
31800,49.9989,41.6668,41.6668,1.75011,1.39667,1.75011,1.57604,3.15326e-05,8.33211,0.0499875,1
31860,49.9989,41.6668,41.6668,1.74826,1.39472,1.74826,1.57415,3.15326e-05,8.33211,0.0499875,1
31920,49.9989,41.6668,41.6668,1.74642,1.39276,1.74642,1.57226,3.15326e-05,8.33211,0.0499875,1
31980,49.9989,41.6668,41.6668,1.74457,1.39081,1.74457,1.57037,3.15326e-05,8.33211,0.0499875,1
32040,49.9989,41.6668,41.6668,1.74273,1.38885,1.74273,1.56847,3.15326e-05,8.33211,0.0499875,1
32100,49.9989,41.6668,41.6668,1.74089,1.3869,1.74089,1.56658,3.15326e-05,8.33211,0.0499875,1
32160,49.9989,41.6668,41.6668,1.73904,1.38494,1.73904,1.56469,3.15326e-05,8.33211,0.0499875,1
32220,49.9989,41.6668,41.6668,1.7372,1.38298,1.7372,1.5628,3.15326e-05,8.33211,0.0499875,1
32280,49.9989,41.6668,41.6668,1.73535,1.38103,1.73535,1.56091,3.15326e-05,8.33211,0.0499875,1
32340,49.9989,41.6668,41.6668,1.73351,1.37907,1.73351,1.55901,3.15326e-05,8.33211,0.0499875,1
32400,49.9989,41.6668,41.6668,1.73167,1.37711,1.73167,1.55712,3.15326e-05,8.33211,0.0499875,1
32460,49.9989,41.6668,41.6668,1.72983,1.37516,1.72983,1.55523,3.15326e-05,8.33211,0.0499875,1
32520,49.9989,41.6668,41.6668,1.72798,1.3732,1.72798,1.55334,3.15326e-05,8.33211,0.0499875,1
32580,49.9989,41.6668,41.6668,1.72614,1.37124,1.72614,1.55145,3.15326e-05,8.33211,0.0499875,1
32640,49.9989,41.6668,41.6668,1.7243,1.36928,1.7243,1.54955,3.15326e-05,8.33211,0.0499875,1
32700,49.9989,41.6668,41.6668,1.72245,1.36732,1.72245,1.54766,3.15326e-05,8.33211,0.0499875,1
32760,49.9989,41.6668,41.6668,1.72061,1.36537,1.72061,1.54577,3.15326e-05,8.33211,0.0499875,1
32820,49.9989,41.6668,41.6668,1.71877,1.36341,1.71877,1.54388,3.15326e-05,8.33211,0.0499875,1
32880,49.9989,41.6668,41.6668,1.71693,1.36145,1.71693,1.54199,3.15326e-05,8.33211,0.0499875,1
32940,49.9989,41.6668,41.6668,1.71508,1.35949,1.71508,1.54009,3.15326e-05,8.33211,0.0499875,1
33000,49.9989,41.6668,41.6668,1.71324,1.35753,1.71324,1.5382,3.15326e-05,8.33211,0.0499875,1
33060,49.9989,41.6668,41.6668,1.7114,1.35557,1.7114,1.53631,3.15326e-05,8.33211,0.0499875,1
33120,49.9989,41.6668,41.6668,1.70956,1.35361,1.70956,1.53442,3.15326e-05,8.33211,0.0499875,1
33180,49.9989,41.6668,41.6668,1.70772,1.35165,1.70772,1.53253,3.15326e-05,8.33211,0.0499875,1
33240,49.9989,41.6668,41.6668,1.70588,1.34969,1.70588,1.53063,3.15326e-05,8.33211,0.0499875,1
33300,49.9989,41.6668,41.6668,1.70403,1.34773,1.70403,1.52874,3.15326e-05,8.33211,0.0499875,1
33360,49.9989,41.6668,41.6668,1.70219,1.34577,1.70219,1.52685,3.15326e-05,8.33211,0.0499875,1
33420,49.9989,41.6668,41.6668,1.70035,1.34381,1.70035,1.52496,3.15326e-05,8.33211,0.0499875,1
33480,49.9989,41.6668,41.6668,1.69851,1.34185,1.69851,1.52307,3.15326e-05,8.33211,0.0499875,1
33540,49.9989,41.6668,41.6668,1.69667,1.33989,1.69667,1.52117,3.15326e-05,8.33211,0.0499875,1
33600,49.9989,41.6668,41.6668,1.69483,1.33793,1.69483,1.51928,3.15326e-05,8.33211,0.0499875,1
33660,49.9989,41.6668,41.6668,1.69299,1.33597,1.69299,1.51739,3.15326e-05,8.33211,0.0499875,1
33720,49.9989,41.6668,41.6668,1.69115,1.33401,1.69115,1.5155,3.15326e-05,8.33211,0.0499875,1
33780,49.9989,41.6668,41.6668,1.68931,1.33205,1.68931,1.51361,3.15326e-05,8.33211,0.0499875,1
33840,49.9989,41.6668,41.6668,1.68747,1.33008,1.68747,1.51171,3.15326e-05,8.33211,0.0499875,1
33900,49.9989,41.6668,41.6668,1.68563,1.32812,1.68563,1.50982,3.15326e-05,8.33211,0.0499875,1
33960,49.9989,41.6668,41.6668,1.68379,1.32616,1.68379,1.50793,3.15326e-05,8.33211,0.0499875,1
34020,49.9989,41.6668,41.6668,1.68195,1.3242,1.68195,1.50604,3.15326e-05,8.33211,0.0499875,1
34080,49.9989,41.6668,41.6668,1.68011,1.32223,1.68011,1.50415,3.15326e-05,8.33211,0.0499875,1
34140,49.9989,41.6668,41.6668,1.67827,1.32027,1.67827,1.50226,3.15326e-05,8.33211,0.0499875,1
34200,49.9989,41.6668,41.6668,1.67643,1.31831,1.67643,1.50036,3.15326e-05,8.33211,0.0499875,1
34260,49.9989,41.6668,41.6668,1.67459,1.31634,1.67459,1.49847,3.15326e-05,8.33211,0.0499875,1
34320,49.9989,41.6668,41.6668,1.67275,1.31438,1.67275,1.49658,3.15326e-05,8.33211,0.0499875,1
34380,49.9989,41.6668,41.6668,1.67091,1.31242,1.67091,1.49469,3.15326e-05,8.33211,0.0499875,1
34440,49.9989,41.6668,41.6668,1.66907,1.31045,1.66907,1.4928,3.15326e-05,8.33211,0.0499875,1
34500,49.9989,41.6668,41.6668,1.66723,1.30849,1.66723,1.4909,3.15326e-05,8.33211,0.0499875,1
34560,49.9989,41.6668,41.6668,1.66539,1.30652,1.66539,1.48901,3.15326e-05,8.33211,0.0499875,1
34620,49.9989,41.6668,41.6668,1.66356,1.30456,1.66356,1.48712,3.15326e-05,8.33211,0.0499875,1
34680,49.9989,41.6668,41.6668,1.66172,1.30259,1.66172,1.48523,3.15326e-05,8.33211,0.0499875,1
34740,49.9989,41.6668,41.6668,1.65988,1.30063,1.65988,1.48334,3.15326e-05,8.33211,0.0499875,1
34800,49.9989,41.6668,41.6668,1.65804,1.29866,1.65804,1.48144,3.15326e-05,8.33211,0.0499875,1
34860,49.9989,41.6668,41.6668,1.6562,1.2967,1.6562,1.47955,3.15326e-05,8.33211,0.0499875,1
34920,49.9989,41.6668,41.6668,1.65437,1.29473,1.65437,1.47766,3.15326e-05,8.33211,0.0499875,1
34980,49.9989,41.6668,41.6668,1.65253,1.29277,1.65253,1.47577,3.15326e-05,8.33211,0.0499875,1
35040,49.9989,41.6668,41.6668,1.65069,1.2908,1.65069,1.47388,3.15326e-05,8.33211,0.0499875,1
35100,49.9989,41.6668,41.6668,1.64885,1.28883,1.64885,1.47198,3.15326e-05,8.33211,0.0499875,1
35160,49.9989,41.6668,41.6668,1.64701,1.28687,1.64701,1.47009,3.15326e-05,8.33211,0.0499875,1
35220,49.9989,41.6668,41.6668,1.64518,1.2849,1.64518,1.4682,3.15326e-05,8.33211,0.0499875,1
35280,49.9989,41.6668,41.6668,1.64334,1.28293,1.64334,1.46631,3.15326e-05,8.33211,0.0499875,1
35340,49.9989,41.6668,41.6668,1.6415,1.28097,1.6415,1.46442,3.15326e-05,8.33211,0.0499875,1
35400,49.9989,41.6668,41.6668,1.63967,1.279,1.63967,1.46252,3.15326e-05,8.33211,0.0499875,1
35460,49.9989,41.6668,41.6668,1.63783,1.27703,1.63783,1.46063,3.15326e-05,8.33211,0.0499875,1
35520,49.9989,41.6668,41.6668,1.63599,1.27506,1.63599,1.45874,3.15326e-05,8.33211,0.0499875,1
35580,49.9989,41.6668,41.6668,1.63416,1.27309,1.63416,1.45685,3.15326e-05,8.33211,0.0499875,1
35640,49.9989,41.6668,41.6668,1.63232,1.27113,1.63232,1.45496,3.15326e-05,8.33211,0.0499875,1
35700,49.9989,41.6668,41.6668,1.63048,1.26916,1.63048,1.45306,3.15326e-05,8.33211,0.0499875,1
35760,49.9989,41.6668,41.6668,1.62865,1.26719,1.62865,1.45117,3.15326e-05,8.33211,0.0499875,1
35820,49.9989,41.6668,41.6668,1.62681,1.26522,1.62681,1.44928,3.15326e-05,8.33211,0.0499875,1
35880,49.9989,41.6668,41.6668,1.62498,1.26325,1.62498,1.44739,3.15326e-05,8.33211,0.0499875,1
35940,49.9989,41.6668,41.6668,1.62314,1.26128,1.62314,1.4455,3.15326e-05,8.33211,0.0499875,1
36000,49.9989,41.6668,41.6668,1.62131,1.25931,1.62131,1.4436,3.15326e-05,8.33211,0.0499875,1
36060,49.9989,41.6668,41.6668,1.61947,1.25734,1.61947,1.44171,3.15326e-05,8.33211,0.0499875,1
36120,49.9989,41.6668,41.6668,1.61764,1.25537,1.61764,1.43982,3.15326e-05,8.33211,0.0499875,1
36180,49.9989,41.6668,41.6668,1.6158,1.2534,1.6158,1.43793,3.15326e-05,8.33211,0.0499875,1
36240,49.9989,41.6668,41.6668,1.61397,1.25143,1.61397,1.43604,3.15326e-05,8.33211,0.0499875,1
36300,49.9989,41.6668,41.6668,1.61213,1.24945,1.61213,1.43414,3.15326e-05,8.33211,0.0499875,1
36360,49.9989,41.6668,41.6668,1.6103,1.24748,1.6103,1.43225,3.15326e-05,8.33211,0.0499875,1
36420,49.9989,41.6668,41.6668,1.60846,1.24551,1.60846,1.43036,3.15326e-05,8.33211,0.0499875,1
36480,49.9989,41.6668,41.6668,1.60663,1.24354,1.60663,1.42847,3.15326e-05,8.33211,0.0499875,1
36540,49.9989,41.6668,41.6668,1.60479,1.24157,1.60479,1.42658,3.15326e-05,8.33211,0.0499875,1
36600,49.9989,41.6668,41.6668,1.60296,1.23959,1.60296,1.42468,3.15326e-05,8.33211,0.0499875,1
36660,49.9989,41.6668,41.6668,1.60113,1.23762,1.60113,1.42279,3.15326e-05,8.33211,0.0499875,1
36720,49.9989,41.6668,41.6668,1.59929,1.23565,1.59929,1.4209,3.15326e-05,8.33211,0.0499875,1
36780,49.9989,41.6668,41.6668,1.59746,1.23367,1.59746,1.41901,3.15326e-05,8.33211,0.0499875,1
36840,49.9989,41.6668,41.6668,1.59563,1.2317,1.59563,1.41712,3.15326e-05,8.33211,0.0499875,1
36900,49.9989,41.6668,41.6668,1.59379,1.22973,1.59379,1.41523,3.15326e-05,8.33211,0.0499875,1
36960,49.9989,41.6668,41.6668,1.59196,1.22775,1.59196,1.41333,3.15326e-05,8.33211,0.0499875,1
37020,49.9989,41.6668,41.6668,1.59013,1.22578,1.59013,1.41144,3.15326e-05,8.33211,0.0499875,1
37080,49.9989,41.6668,41.6668,1.58829,1.2238,1.58829,1.40955,3.15326e-05,8.33211,0.0499875,1
37140,49.9989,41.6668,41.6668,1.58646,1.22183,1.58646,1.40766,3.15326e-05,8.33211,0.0499875,1
37200,49.9989,41.6668,41.6668,1.58463,1.21985,1.58463,1.40577,3.15326e-05,8.33211,0.0499875,1
37260,49.9989,41.6668,41.6668,1.5828,1.21788,1.5828,1.40387,3.15326e-05,8.33211,0.0499875,1
37320,49.9989,41.6668,41.6668,1.58097,1.2159,1.58097,1.40198,3.15326e-05,8.33211,0.0499875,1
37380,49.9989,41.6668,41.6668,1.57913,1.21392,1.57913,1.40009,3.15326e-05,8.33211,0.0499875,1
37440,49.9989,41.6668,41.6668,1.5773,1.21195,1.5773,1.3982,3.15326e-05,8.33211,0.0499875,1
37500,49.9989,41.6668,41.6668,1.57547,1.20997,1.57547,1.39631,3.15326e-05,8.33211,0.0499875,1
37560,49.9989,41.6668,41.6668,1.57364,1.20799,1.57364,1.39441,3.15326e-05,8.33211,0.0499875,1
37620,49.9989,41.6668,41.6668,1.57181,1.20602,1.57181,1.39252,3.15326e-05,8.33211,0.0499875,1
37680,49.9989,41.6668,41.6668,1.56998,1.20404,1.56998,1.39063,3.15326e-05,8.33211,0.0499875,1
37740,49.9989,41.6668,41.6668,1.56815,1.20206,1.56815,1.38874,3.15326e-05,8.33211,0.0499875,1
37800,49.9989,41.6668,41.6668,1.56631,1.20008,1.56631,1.38685,3.15326e-05,8.33211,0.0499875,1
37860,49.9989,41.6668,41.6668,1.56448,1.1981,1.56448,1.38495,3.15326e-05,8.33211,0.0499875,1
37920,49.9989,41.6668,41.6668,1.56265,1.19613,1.56265,1.38306,3.15326e-05,8.33211,0.0499875,1
37980,49.9989,41.6668,41.6668,1.56082,1.19415,1.56082,1.38117,3.15326e-05,8.33211,0.0499875,1
38040,49.9989,41.6668,41.6668,1.55899,1.19217,1.55899,1.37928,3.15326e-05,8.33211,0.0499875,1
38100,49.9989,41.6668,41.6668,1.55716,1.19019,1.55716,1.37739,3.15326e-05,8.33211,0.0499875,1
38160,49.9989,41.6668,41.6668,1.55533,1.18821,1.55533,1.37549,3.15326e-05,8.33211,0.0499875,1
38220,49.9989,41.6668,41.6668,1.5535,1.18623,1.5535,1.3736,3.15326e-05,8.33211,0.0499875,1
38280,49.9989,41.6668,41.6668,1.55167,1.18425,1.55167,1.37171,3.15326e-05,8.33211,0.0499875,1
38340,49.9989,41.6668,41.6668,1.54984,1.18227,1.54984,1.36982,3.15326e-05,8.33211,0.0499875,1
38400,49.9989,41.6668,41.6668,1.54802,1.18029,1.54802,1.36793,3.15326e-05,8.33211,0.0499875,1
38460,49.9989,41.6668,41.6668,1.54619,1.1783,1.54619,1.36603,3.15326e-05,8.33211,0.0499875,1
38520,49.9989,41.6668,41.6668,1.54436,1.17632,1.54436,1.36414,3.15326e-05,8.33211,0.0499875,1
38580,49.9989,41.6668,41.6668,1.54253,1.17434,1.54253,1.36225,3.15326e-05,8.33211,0.0499875,1
38640,49.9989,41.6668,41.6668,1.5407,1.17236,1.5407,1.36036,3.15326e-05,8.33211,0.0499875,1
38700,49.9989,41.6668,41.6668,1.53887,1.17038,1.53887,1.35847,3.15326e-05,8.33211,0.0499875,1
38760,49.9989,41.6668,41.6668,1.53704,1.16839,1.53704,1.35657,3.15326e-05,8.33211,0.0499875,1
38820,49.9989,41.6668,41.6668,1.53522,1.16641,1.53522,1.35468,3.15326e-05,8.33211,0.0499875,1
38880,49.9989,41.6668,41.6668,1.53339,1.16443,1.53339,1.35279,3.15326e-05,8.33211,0.0499875,1
38940,49.9989,41.6668,41.6668,1.53156,1.16244,1.53156,1.3509,3.15326e-05,8.33211,0.0499875,1
39000,49.9989,41.6668,41.6668,1.52973,1.16046,1.52973,1.34901,3.15326e-05,8.33211,0.0499875,1
39060,49.9989,41.6668,41.6668,1.52791,1.15847,1.52791,1.34711,3.15326e-05,8.33211,0.0499875,1
39120,49.9989,41.6668,41.6668,1.52608,1.15649,1.52608,1.34522,3.15326e-05,8.33211,0.0499875,1
39180,49.9989,41.6668,41.6668,1.52425,1.1545,1.52425,1.34333,3.15326e-05,8.33211,0.0499875,1
39240,49.9989,41.6668,41.6668,1.52242,1.15252,1.52242,1.34144,3.15326e-05,8.33211,0.0499875,1
39300,49.9989,41.6668,41.6668,1.5206,1.15053,1.5206,1.33955,3.15326e-05,8.33211,0.0499875,1
39360,49.9989,41.6668,41.6668,1.51877,1.14855,1.51877,1.33765,3.15326e-05,8.33211,0.0499875,1
39420,49.9989,41.6668,41.6668,1.51695,1.14656,1.51695,1.33576,3.15326e-05,8.33211,0.0499875,1
39480,49.9989,41.6668,41.6668,1.51512,1.14457,1.51512,1.33387,3.15326e-05,8.33211,0.0499875,1
39540,49.9989,41.6668,41.6668,1.51329,1.14258,1.51329,1.33198,3.15326e-05,8.33211,0.0499875,1
39600,49.9989,41.6668,41.6668,1.51147,1.1406,1.51147,1.33009,3.15326e-05,8.33211,0.0499875,1
39660,49.9989,41.6668,41.6668,1.50964,1.13861,1.50964,1.3282,3.15326e-05,8.33211,0.0499875,1
39720,49.9989,41.6668,41.6668,1.50782,1.13662,1.50782,1.3263,3.15326e-05,8.33211,0.0499875,1
39780,49.9989,41.6668,41.6668,1.50599,1.13463,1.50599,1.32441,3.15326e-05,8.33211,0.0499875,1
39840,49.9989,41.6668,41.6668,1.50417,1.13264,1.50417,1.32252,3.15326e-05,8.33211,0.0499875,1
39900,49.9989,41.6668,41.6668,1.50234,1.13065,1.50234,1.32063,3.15326e-05,8.33211,0.0499875,1
39960,49.9989,41.6668,41.6668,1.50052,1.12866,1.50052,1.31874,3.15326e-05,8.33211,0.0499875,1
40020,49.9989,41.6668,41.6668,1.49869,1.12667,1.49869,1.31684,3.15326e-05,8.33211,0.0499875,1
40080,49.9989,41.6668,41.6668,1.49687,1.12468,1.49687,1.31495,3.15326e-05,8.33211,0.0499875,1
40140,49.9989,41.6668,41.6668,1.49505,1.12269,1.49505,1.31306,3.15326e-05,8.33211,0.0499875,1
40200,49.9989,41.6668,41.6668,1.49322,1.1207,1.49322,1.31117,3.15326e-05,8.33211,0.0499875,1
40260,49.9989,41.6668,41.6668,1.4914,1.11871,1.4914,1.30928,3.15326e-05,8.33211,0.0499875,1
40320,49.9989,41.6668,41.6668,1.48957,1.11672,1.48957,1.30738,3.15326e-05,8.33211,0.0499875,1
40380,49.9989,41.6668,41.6668,1.48775,1.11473,1.48775,1.30549,3.15326e-05,8.33211,0.0499875,1
40440,49.9989,41.6668,41.6668,1.48593,1.11273,1.48593,1.3036,3.15326e-05,8.33211,0.0499875,1
40500,49.9989,41.6668,41.6668,1.48411,1.11074,1.48411,1.30171,3.15326e-05,8.33211,0.0499875,1
40560,49.9989,41.6668,41.6668,1.48228,1.10875,1.48228,1.29982,3.15326e-05,8.33211,0.0499875,1
40620,49.9989,41.6668,41.6668,1.48046,1.10676,1.48046,1.29792,3.15326e-05,8.33211,0.0499875,1
40680,49.9989,41.6668,41.6668,1.47864,1.10476,1.47864,1.29603,3.15326e-05,8.33211,0.0499875,1
40740,49.9989,41.6668,41.6668,1.47682,1.10277,1.47682,1.29414,3.15326e-05,8.33211,0.0499875,1
40800,49.9989,41.6668,41.6668,1.47499,1.10077,1.47499,1.29225,3.15326e-05,8.33211,0.0499875,1
40860,49.9989,41.6668,41.6668,1.47317,1.09878,1.47317,1.29036,3.15326e-05,8.33211,0.0499875,1
40920,49.9989,41.6668,41.6668,1.47135,1.09678,1.47135,1.28846,3.15326e-05,8.33211,0.0499875,1
40980,49.9989,41.6668,41.6668,1.46953,1.09479,1.46953,1.28657,3.15326e-05,8.33211,0.0499875,1
41040,49.9989,41.6668,41.6668,1.46771,1.09279,1.46771,1.28468,3.15326e-05,8.33211,0.0499875,1
41100,49.9989,41.6668,41.6668,1.46589,1.09079,1.46589,1.28279,3.15326e-05,8.33211,0.0499875,1
41160,49.9989,41.6668,41.6668,1.46407,1.0888,1.46407,1.2809,3.15326e-05,8.33211,0.0499875,1
41220,49.9989,41.6668,41.6668,1.46225,1.0868,1.46225,1.279,3.15326e-05,8.33211,0.0499875,1
41280,49.9989,41.6668,41.6668,1.46043,1.0848,1.46043,1.27711,3.15326e-05,8.33211,0.0499875,1
41340,49.9989,41.6668,41.6668,1.45861,1.0828,1.45861,1.27522,3.15326e-05,8.33211,0.0499875,1
41400,49.9989,41.6668,41.6668,1.45679,1.0808,1.45679,1.27333,3.15326e-05,8.33211,0.0499875,1
41460,49.9989,41.6668,41.6668,1.45497,1.07881,1.45497,1.27144,3.15326e-05,8.33211,0.0499875,1
41520,49.9989,41.6668,41.6668,1.45315,1.07681,1.45315,1.26954,3.15326e-05,8.33211,0.0499875,1
41580,49.9989,41.6668,41.6668,1.45133,1.07481,1.45133,1.26765,3.15326e-05,8.33211,0.0499875,1
41640,49.9989,41.6668,41.6668,1.44951,1.07281,1.44951,1.26576,3.15326e-05,8.33211,0.0499875,1
41700,49.9989,41.6668,41.6668,1.44769,1.07081,1.44769,1.26387,3.15326e-05,8.33211,0.0499875,1
41760,49.9989,41.6668,41.6668,1.44587,1.0688,1.44587,1.26198,3.15326e-05,8.33211,0.0499875,1
41820,49.9989,41.6668,41.6668,1.44405,1.0668,1.44405,1.26008,3.15326e-05,8.33211,0.0499875,1
41880,49.9989,41.6668,41.6668,1.44223,1.0648,1.44223,1.25819,3.15326e-05,8.33211,0.0499875,1
41940,49.9989,41.6668,41.6668,1.44042,1.0628,1.44042,1.2563,3.15326e-05,8.33211,0.0499875,1
42000,49.9989,41.6668,41.6668,1.4386,1.0608,1.4386,1.25441,3.15326e-05,8.33211,0.0499875,1
42060,49.9989,41.6668,41.6668,1.43678,1.05879,1.43678,1.25252,3.15326e-05,8.33211,0.0499875,1
42120,49.9989,41.6668,41.6668,1.43496,1.05679,1.43496,1.25062,3.15326e-05,8.33211,0.0499875,1
42180,49.9989,41.6668,41.6668,1.43315,1.05479,1.43315,1.24873,3.15326e-05,8.33211,0.0499875,1
42240,49.9989,41.6668,41.6668,1.43133,1.05278,1.43133,1.24684,3.15326e-05,8.33211,0.0499875,1
42300,49.9989,41.6668,41.6668,1.42951,1.05078,1.42951,1.24495,3.15326e-05,8.33211,0.0499875,1
42360,49.9989,41.6668,41.6668,1.4277,1.04877,1.4277,1.24306,3.15326e-05,8.33211,0.0499875,1
42420,49.9989,41.6668,41.6668,1.42588,1.04676,1.42588,1.24116,3.15326e-05,8.33211,0.0499875,1
42480,49.9989,41.6668,41.6668,1.42406,1.04476,1.42406,1.23927,3.15326e-05,8.33211,0.0499875,1
42540,49.9989,41.6668,41.6668,1.42225,1.04275,1.42225,1.23738,3.15326e-05,8.33211,0.0499875,1
42600,49.9989,41.6668,41.6668,1.42043,1.04074,1.42043,1.23549,3.15326e-05,8.33211,0.0499875,1
42660,49.9989,41.6668,41.6668,1.41862,1.03874,1.41862,1.2336,3.15326e-05,8.33211,0.0499875,1
42720,49.9989,41.6668,41.6668,1.4168,1.03673,1.4168,1.23171,3.15326e-05,8.33211,0.0499875,1
42780,49.9989,41.6668,41.6668,1.41499,1.03472,1.41499,1.22981,3.15326e-05,8.33211,0.0499875,1
42840,49.9989,41.6668,41.6668,1.41317,1.03271,1.41317,1.22792,3.15326e-05,8.33211,0.0499875,1
42900,49.9989,41.6668,41.6668,1.41136,1.0307,1.41136,1.22603,3.15326e-05,8.33211,0.0499875,1
42960,49.9989,41.6668,41.6668,1.40954,1.02869,1.40954,1.22414,3.15326e-05,8.33211,0.0499875,1
43020,49.9989,41.6668,41.6668,1.40773,1.02668,1.40773,1.22225,3.15326e-05,8.33211,0.0499875,1
43080,49.9989,41.6668,41.6668,1.40592,1.02467,1.40592,1.22035,3.15326e-05,8.33211,0.0499875,1
43140,49.9989,41.6668,41.6668,1.4041,1.02266,1.4041,1.21846,3.15326e-05,8.33211,0.0499875,1
43200,49.9989,41.6668,41.6668,1.40229,1.02065,1.40229,1.21657,3.15326e-05,8.33211,0.0499875,1
43260,49.9989,41.6668,41.6668,1.40048,1.01864,1.40048,1.21468,3.15326e-05,8.33211,0.0499875,1
43320,49.9989,41.6668,41.6668,1.39866,1.01662,1.39866,1.21279,3.15326e-05,8.33211,0.0499875,1
43380,49.9989,41.6668,41.6668,1.39685,1.01461,1.39685,1.21089,3.15326e-05,8.33211,0.0499875,1
43440,49.9989,41.6668,41.6668,1.39504,1.0126,1.39504,1.209,3.15326e-05,8.33211,0.0499875,1
43500,49.9989,41.6668,41.6668,1.39323,1.01058,1.39323,1.20711,3.15326e-05,8.33211,0.0499875,1
43560,49.9989,41.6668,41.6668,1.39141,1.00857,1.39141,1.20522,3.15326e-05,8.33211,0.0499875,1
43620,49.9989,41.6668,41.6668,1.3896,1.00655,1.3896,1.20333,3.15326e-05,8.33211,0.0499875,1
43680,49.9989,41.6668,41.6668,1.38779,1.00454,1.38779,1.20143,3.15326e-05,8.33211,0.0499875,1
43740,49.9989,41.6668,41.6668,1.38598,1.00252,1.38598,1.19954,3.15326e-05,8.33211,0.0499875,1
43800,49.9989,41.6668,41.6668,1.38417,1.0005,1.38417,1.19765,3.15326e-05,8.33211,0.0499875,1
43860,49.9989,41.6668,41.6668,1.38236,0.998488,1.38236,1.19576,3.15326e-05,8.33211,0.0499875,1
43920,49.9989,41.6668,41.6668,1.38055,0.99647,1.38055,1.19387,3.15326e-05,8.33211,0.0499875,1
43980,49.9989,41.6668,41.6668,1.37874,0.994452,1.37874,1.19197,3.15326e-05,8.33211,0.0499875,1
44040,49.9989,41.6668,41.6668,1.37693,0.992433,1.37693,1.19008,3.15326e-05,8.33211,0.0499875,1
44100,49.9989,41.6668,41.6668,1.37512,0.990414,1.37512,1.18819,3.15326e-05,8.33211,0.0499875,1
44160,49.9989,41.6668,41.6668,1.37331,0.988394,1.37331,1.1863,3.15326e-05,8.33211,0.0499875,1
44220,49.9989,41.6668,41.6668,1.3715,0.986374,1.3715,1.18441,3.15326e-05,8.33211,0.0499875,1
44280,49.9989,41.6668,41.6668,1.36969,0.984353,1.36969,1.18251,3.15326e-05,8.33211,0.0499875,1
44340,49.9989,41.6668,41.6668,1.36788,0.982331,1.36788,1.18062,3.15326e-05,8.33211,0.0499875,1
44400,49.9989,41.6668,41.6668,1.36607,0.980309,1.36607,1.17873,3.15326e-05,8.33211,0.0499875,1
44460,49.9989,41.6668,41.6668,1.36426,0.978287,1.36426,1.17684,3.15326e-05,8.33211,0.0499875,1
44520,49.9989,41.6668,41.6668,1.36246,0.976264,1.36246,1.17495,3.15326e-05,8.33211,0.0499875,1
44580,49.9989,41.6668,41.6668,1.36065,0.97424,1.36065,1.17305,3.15326e-05,8.33211,0.0499875,1
44640,49.9989,41.6668,41.6668,1.35884,0.972216,1.35884,1.17116,3.15326e-05,8.33211,0.0499875,1
44700,49.9989,41.6668,41.6668,1.35703,0.970192,1.35703,1.16927,3.15326e-05,8.33211,0.0499875,1
44760,49.9989,41.6668,41.6668,1.35523,0.968166,1.35523,1.16738,3.15326e-05,8.33211,0.0499875,1
44820,49.9989,41.6668,41.6668,1.35342,0.96614,1.35342,1.16549,3.15326e-05,8.33211,0.0499875,1
44880,49.9989,41.6668,41.6668,1.35161,0.964114,1.35161,1.16359,3.15326e-05,8.33211,0.0499875,1
44940,49.9989,41.6668,41.6668,1.34981,0.962087,1.34981,1.1617,3.15326e-05,8.33211,0.0499875,1
45000,49.9989,41.6668,41.6668,1.348,0.96006,1.348,1.15981,3.15326e-05,8.33211,0.0499875,1
45060,49.9989,41.6668,41.6668,1.3462,0.958031,1.3462,1.15792,3.15326e-05,8.33211,0.0499875,1
45120,49.9989,41.6668,41.6668,1.34439,0.956003,1.34439,1.15603,3.15326e-05,8.33211,0.0499875,1
45180,49.9989,41.6668,41.6668,1.34259,0.953973,1.34259,1.15413,3.15326e-05,8.33211,0.0499875,1
45240,49.9989,41.6668,41.6668,1.34078,0.951944,1.34078,1.15224,3.15326e-05,8.33211,0.0499875,1
45300,49.9989,41.6668,41.6668,1.33898,0.949913,1.33898,1.15035,3.15326e-05,8.33211,0.0499875,1
45360,49.9989,41.6668,41.6668,1.33717,0.947882,1.33717,1.14846,3.15326e-05,8.33211,0.0499875,1
45420,49.9989,41.6668,41.6668,1.33537,0.94585,1.33537,1.14657,3.15326e-05,8.33211,0.0499875,1
45480,49.9989,41.6668,41.6668,1.33357,0.943818,1.33357,1.14468,3.15326e-05,8.33211,0.0499875,1
45540,49.9989,41.6668,41.6668,1.33176,0.941785,1.33176,1.14278,3.15326e-05,8.33211,0.0499875,1
45600,49.9989,41.6668,41.6668,1.32996,0.939751,1.32996,1.14089,3.15326e-05,8.33211,0.0499875,1
45660,49.9989,41.6668,41.6668,1.32816,0.937717,1.32816,1.139,3.15326e-05,8.33211,0.0499875,1
45720,49.9989,41.6668,41.6668,1.32635,0.935682,1.32635,1.13711,3.15326e-05,8.33211,0.0499875,1
45780,49.9989,41.6668,41.6668,1.32455,0.933647,1.32455,1.13522,3.15326e-05,8.33211,0.0499875,1
45840,49.9989,41.6668,41.6668,1.32275,0.931611,1.32275,1.13332,3.15326e-05,8.33211,0.0499875,1
45900,49.9989,41.6668,41.6668,1.32095,0.929574,1.32095,1.13143,3.15326e-05,8.33211,0.0499875,1
45960,49.9989,41.6668,41.6668,1.31915,0.927537,1.31915,1.12954,3.15326e-05,8.33211,0.0499875,1
46020,49.9989,41.6668,41.6668,1.31734,0.925499,1.31734,1.12765,3.15326e-05,8.33211,0.0499875,1
46080,49.9989,41.6668,41.6668,1.31554,0.92346,1.31554,1.12576,3.15326e-05,8.33211,0.0499875,1
46140,49.9989,41.6668,41.6668,1.31374,0.921421,1.31374,1.12386,3.15326e-05,8.33211,0.0499875,1
46200,49.9989,41.6668,41.6668,1.31194,0.919381,1.31194,1.12197,3.15326e-05,8.33211,0.0499875,1
46260,49.9989,41.6668,41.6668,1.31014,0.91734,1.31014,1.12008,3.15326e-05,8.33211,0.0499875,1
46320,49.9989,41.6668,41.6668,1.30834,0.915299,1.30834,1.11819,3.15326e-05,8.33211,0.0499875,1
46380,49.9989,41.6668,41.6668,1.30654,0.913257,1.30654,1.1163,3.15326e-05,8.33211,0.0499875,1
46440,49.9989,41.6668,41.6668,1.30474,0.911214,1.30474,1.1144,3.15326e-05,8.33211,0.0499875,1
46500,49.9989,41.6668,41.6668,1.30295,0.909171,1.30295,1.11251,3.15326e-05,8.33211,0.0499875,1
46560,49.9989,41.6668,41.6668,1.30115,0.907127,1.30115,1.11062,3.15326e-05,8.33211,0.0499875,1
46620,49.9989,41.6668,41.6668,1.29935,0.905082,1.29935,1.10873,3.15326e-05,8.33211,0.0499875,1
46680,49.9989,41.6668,41.6668,1.29755,0.903037,1.29755,1.10684,3.15326e-05,8.33211,0.0499875,1
46740,49.9989,41.6668,41.6668,1.29575,0.900991,1.29575,1.10494,3.15326e-05,8.33211,0.0499875,1
46800,49.9989,41.6668,41.6668,1.29396,0.898944,1.29396,1.10305,3.15326e-05,8.33211,0.0499875,1
46860,49.9989,41.6668,41.6668,1.29216,0.896896,1.29216,1.10116,3.15326e-05,8.33211,0.0499875,1
46920,49.9989,41.6668,41.6668,1.29036,0.894848,1.29036,1.09927,3.15326e-05,8.33211,0.0499875,1
46980,49.9989,41.6668,41.6668,1.28857,0.892799,1.28857,1.09738,3.15326e-05,8.33211,0.0499875,1
47040,49.9989,41.6668,41.6668,1.28677,0.890749,1.28677,1.09548,3.15326e-05,8.33211,0.0499875,1
47100,49.9989,41.6668,41.6668,1.28497,0.888699,1.28497,1.09359,3.15326e-05,8.33211,0.0499875,1
47160,49.9989,41.6668,41.6668,1.28318,0.886647,1.28318,1.0917,3.15326e-05,8.33211,0.0499875,1
47220,49.9989,41.6668,41.6668,1.28138,0.884595,1.28138,1.08981,3.15326e-05,8.33211,0.0499875,1
47280,49.9989,41.6668,41.6668,1.27959,0.882543,1.27959,1.08792,3.15326e-05,8.33211,0.0499875,1
47340,49.9989,41.6668,41.6668,1.27779,0.880489,1.27779,1.08602,3.15326e-05,8.33211,0.0499875,1
47400,49.9989,41.6668,41.6668,1.276,0.878435,1.276,1.08413,3.15326e-05,8.33211,0.0499875,1
47460,49.9989,41.6668,41.6668,1.27421,0.87638,1.27421,1.08224,3.15326e-05,8.33211,0.0499875,1
47520,49.9989,41.6668,41.6668,1.27241,0.874324,1.27241,1.08035,3.15326e-05,8.33211,0.0499875,1
47580,49.9989,41.6668,41.6668,1.27062,0.872267,1.27062,1.07846,3.15326e-05,8.33211,0.0499875,1
47640,49.9989,41.6668,41.6668,1.26883,0.87021,1.26883,1.07656,3.15326e-05,8.33211,0.0499875,1
47700,49.9989,41.6668,41.6668,1.26703,0.868152,1.26703,1.07467,3.15326e-05,8.33211,0.0499875,1
47760,49.9989,41.6668,41.6668,1.26524,0.866093,1.26524,1.07278,3.15326e-05,8.33211,0.0499875,1
47820,49.9989,41.6668,41.6668,1.26345,0.864033,1.26345,1.07089,3.15326e-05,8.33211,0.0499875,1
47880,49.9989,41.6668,41.6668,1.26166,0.861972,1.26166,1.069,3.15326e-05,8.33211,0.0499875,1
47940,49.9989,41.6668,41.6668,1.25987,0.859911,1.25987,1.0671,3.15326e-05,8.33211,0.0499875,1
48000,49.9989,41.6668,41.6668,1.25807,0.857849,1.25807,1.06521,3.15326e-05,8.33211,0.0499875,1
48060,49.9989,41.6668,41.6668,1.25628,0.855786,1.25628,1.06332,3.15326e-05,8.33211,0.0499875,1
48120,49.9989,41.6668,41.6668,1.25449,0.853722,1.25449,1.06143,3.15326e-05,8.33211,0.0499875,1
48180,49.9989,41.6668,41.6668,1.2527,0.851657,1.2527,1.05954,3.15326e-05,8.33211,0.0499875,1
48240,49.9989,41.6668,41.6668,1.25091,0.849591,1.25091,1.05765,3.15326e-05,8.33211,0.0499875,1
48300,49.9989,41.6668,41.6668,1.24912,0.847525,1.24912,1.05575,3.15326e-05,8.33211,0.0499875,1
48360,49.9989,41.6668,41.6668,1.24734,0.845457,1.24734,1.05386,3.15326e-05,8.33211,0.0499875,1
48420,49.9989,41.6668,41.6668,1.24555,0.843389,1.24555,1.05197,3.15326e-05,8.33211,0.0499875,1
48480,49.9989,41.6668,41.6668,1.24376,0.84132,1.24376,1.05008,3.15326e-05,8.33211,0.0499875,1
48540,49.9989,41.6668,41.6668,1.24197,0.83925,1.24197,1.04819,3.15326e-05,8.33211,0.0499875,1
48600,49.9989,41.6668,41.6668,1.24018,0.837179,1.24018,1.04629,3.15326e-05,8.33211,0.0499875,1
48660,49.9989,41.6668,41.6668,1.2384,0.835108,1.2384,1.0444,3.15326e-05,8.33211,0.0499875,1
48720,49.9989,41.6668,41.6668,1.23661,0.833035,1.23661,1.04251,3.15326e-05,8.33211,0.0499875,1
48780,49.9989,41.6668,41.6668,1.23482,0.830961,1.23482,1.04062,3.15326e-05,8.33211,0.0499875,1
48840,49.9989,41.6668,41.6668,1.23304,0.828887,1.23304,1.03873,3.15326e-05,8.33211,0.0499875,1
48900,49.9989,41.6668,41.6668,1.23125,0.826811,1.23125,1.03683,3.15326e-05,8.33211,0.0499875,1
48960,49.9989,41.6668,41.6668,1.22946,0.824735,1.22946,1.03494,3.15326e-05,8.33211,0.0499875,1
49020,49.9989,41.6668,41.6668,1.22768,0.822658,1.22768,1.03305,3.15326e-05,8.33211,0.0499875,1
49080,49.9989,41.6668,41.6668,1.2259,0.82058,1.2259,1.03116,3.15326e-05,8.33211,0.0499875,1
49140,49.9989,41.6668,41.6668,1.22411,0.8185,1.22411,1.02927,3.15326e-05,8.33211,0.0499875,1
49200,49.9989,41.6668,41.6668,1.22233,0.81642,1.22233,1.02737,3.15326e-05,8.33211,0.0499875,1
49260,49.9989,41.6668,41.6668,1.22054,0.814339,1.22054,1.02548,3.15326e-05,8.33211,0.0499875,1
49320,49.9989,41.6668,41.6668,1.21876,0.812257,1.21876,1.02359,3.15326e-05,8.33211,0.0499875,1
49380,49.9989,41.6668,41.6668,1.21698,0.810174,1.21698,1.0217,3.15326e-05,8.33211,0.0499875,1
49440,49.9989,41.6668,41.6668,1.21519,0.80809,1.21519,1.01981,3.15326e-05,8.33211,0.0499875,1
49500,49.9989,41.6668,41.6668,1.21341,0.806005,1.21341,1.01791,3.15326e-05,8.33211,0.0499875,1
49560,49.9989,41.6668,41.6668,1.21163,0.803918,1.21163,1.01602,3.15326e-05,8.33211,0.0499875,1
49620,49.9989,41.6668,41.6668,1.20985,0.801831,1.20985,1.01413,3.15326e-05,8.33211,0.0499875,1
49680,49.9989,41.6668,41.6668,1.20807,0.799743,1.20807,1.01224,3.15326e-05,8.33211,0.0499875,1
49740,49.9989,41.6668,41.6668,1.20629,0.797654,1.20629,1.01035,3.15326e-05,8.33211,0.0499875,1
49800,49.9989,41.6668,41.6668,1.20451,0.795564,1.20451,1.00845,3.15326e-05,8.33211,0.0499875,1
49860,49.9989,41.6668,41.6668,1.20273,0.793472,1.20273,1.00656,3.15326e-05,8.33211,0.0499875,1
49920,49.9989,41.6668,41.6668,1.20095,0.79138,1.20095,1.00467,3.15326e-05,8.33211,0.0499875,1
49980,49.9989,41.6668,41.6668,1.19917,0.789286,1.19917,1.00278,3.15326e-05,8.33211,0.0499875,1
50040,49.9989,41.6668,41.6668,1.19739,0.787192,1.19739,1.00089,3.15326e-05,8.33211,0.0499875,1
50100,49.9989,41.6668,41.6668,1.19561,0.785096,1.19561,0.998994,3.15326e-05,8.33211,0.0499875,1
50160,49.9989,41.6668,41.6668,1.19383,0.782999,1.19383,0.997102,3.15326e-05,8.33211,0.0499875,1
50220,49.9989,41.6668,41.6668,1.19206,0.780901,1.19206,0.99521,3.15326e-05,8.33211,0.0499875,1
50280,49.9989,41.6668,41.6668,1.19028,0.778802,1.19028,0.993318,3.15326e-05,8.33211,0.0499875,1
50340,49.9989,41.6668,41.6668,1.1885,0.776702,1.1885,0.991427,3.15326e-05,8.33211,0.0499875,1
50400,49.9989,41.6668,41.6668,1.18673,0.774601,1.18673,0.989535,3.15326e-05,8.33211,0.0499875,1
50460,49.9989,41.6668,41.6668,1.18495,0.772499,1.18495,0.987643,3.15326e-05,8.33211,0.0499875,1
50520,49.9989,41.6668,41.6668,1.18318,0.770395,1.18318,0.985751,3.15326e-05,8.33211,0.0499875,1
50580,49.9989,41.6668,41.6668,1.1814,0.76829,1.1814,0.983859,3.15326e-05,8.33211,0.0499875,1
50640,49.9989,41.6668,41.6668,1.17963,0.766184,1.17963,0.981967,3.15326e-05,8.33211,0.0499875,1
50700,49.9989,41.6668,41.6668,1.17785,0.764077,1.17785,0.980075,3.15326e-05,8.33211,0.0499875,1
50760,49.9989,41.6668,41.6668,1.17608,0.761969,1.17608,0.978183,3.15326e-05,8.33211,0.0499875,1
50820,49.9989,41.6668,41.6668,1.1743,0.759859,1.1743,0.976291,3.15326e-05,8.33211,0.0499875,1
50880,49.9989,41.6668,41.6668,1.17253,0.757749,1.17253,0.974399,3.15326e-05,8.33211,0.0499875,1
50940,49.9989,41.6668,41.6668,1.17076,0.755637,1.17076,0.972507,3.15326e-05,8.33211,0.0499875,1
51000,49.9989,41.6668,41.6668,1.16899,0.753523,1.16899,0.970615,3.15326e-05,8.33211,0.0499875,1
51060,49.9989,41.6668,41.6668,1.16721,0.751409,1.16721,0.968723,3.15326e-05,8.33211,0.0499875,1
51120,49.9989,41.6668,41.6668,1.16544,0.749293,1.16544,0.966831,3.15326e-05,8.33211,0.0499875,1
51180,49.9989,41.6668,41.6668,1.16367,0.747176,1.16367,0.964939,3.15326e-05,8.33211,0.0499875,1
51240,49.9989,41.6668,41.6668,1.1619,0.745057,1.1619,0.963047,3.15326e-05,8.33211,0.0499875,1
51300,49.9989,41.6668,41.6668,1.16013,0.742938,1.16013,0.961155,3.15326e-05,8.33211,0.0499875,1
51360,49.9989,41.6668,41.6668,1.15836,0.740817,1.15836,0.959263,3.15326e-05,8.33211,0.0499875,1
51420,49.9989,41.6668,41.6668,1.15659,0.738695,1.15659,0.957371,3.15326e-05,8.33211,0.0499875,1
51480,49.9989,41.6668,41.6668,1.15483,0.736571,1.15483,0.955479,3.15326e-05,8.33211,0.0499875,1
51540,49.9989,41.6668,41.6668,1.15306,0.734446,1.15306,0.953587,3.15326e-05,8.33211,0.0499875,1
51600,49.9989,41.6668,41.6668,1.15129,0.732319,1.15129,0.951695,3.15326e-05,8.33211,0.0499875,1
51660,49.9989,41.6668,41.6668,1.14952,0.730192,1.14952,0.949803,3.15326e-05,8.33211,0.0499875,1
51720,49.9989,41.6668,41.6668,1.14776,0.728062,1.14776,0.947911,3.15326e-05,8.33211,0.0499875,1
51780,49.9989,41.6668,41.6668,1.14599,0.725932,1.14599,0.94602,3.15326e-05,8.33211,0.0499875,1
51840,49.9989,41.6668,41.6668,1.14422,0.7238,1.14422,0.944128,3.15326e-05,8.33211,0.0499875,1
51900,49.9989,41.6668,41.6668,1.14246,0.721667,1.14246,0.942236,3.15326e-05,8.33211,0.0499875,1
51960,49.9989,41.6668,41.6668,1.14069,0.719532,1.14069,0.940344,3.15326e-05,8.33211,0.0499875,1
52020,49.9989,41.6668,41.6668,1.13893,0.717395,1.13893,0.938452,3.15326e-05,8.33211,0.0499875,1
52080,49.9989,41.6668,41.6668,1.13716,0.715257,1.13716,0.93656,3.15326e-05,8.33211,0.0499875,1
52140,49.9989,41.6668,41.6668,1.1354,0.713118,1.1354,0.934668,3.15326e-05,8.33211,0.0499875,1
52200,49.9989,41.6668,41.6668,1.13364,0.710977,1.13364,0.932776,3.15326e-05,8.33211,0.0499875,1
52260,49.9989,41.6668,41.6668,1.13187,0.708835,1.13187,0.930884,3.15326e-05,8.33211,0.0499875,1
52320,49.9989,41.6668,41.6668,1.13011,0.706691,1.13011,0.928992,3.15326e-05,8.33211,0.0499875,1
52380,49.9989,41.6668,41.6668,1.12835,0.704546,1.12835,0.9271,3.15326e-05,8.33211,0.0499875,1
52440,49.9989,41.6668,41.6668,1.12659,0.702399,1.12659,0.925208,3.15326e-05,8.33211,0.0499875,1
52500,49.9989,41.6668,41.6668,1.12483,0.70025,1.12483,0.923316,3.15326e-05,8.33211,0.0499875,1
52560,49.9989,41.6668,41.6668,1.12307,0.6981,1.12307,0.921424,3.15326e-05,8.33211,0.0499875,1
52620,49.9989,41.6668,41.6668,1.12131,0.695948,1.12131,0.919532,3.15326e-05,8.33211,0.0499875,1
52680,49.9989,41.6668,41.6668,1.11955,0.693795,1.11955,0.91764,3.15326e-05,8.33211,0.0499875,1
52740,49.9989,41.6668,41.6668,1.11779,0.69164,1.11779,0.915748,3.15326e-05,8.33211,0.0499875,1
52800,49.9989,41.6668,41.6668,1.11603,0.689483,1.11603,0.913856,3.15326e-05,8.33211,0.0499875,1
52860,49.9989,41.6668,41.6668,1.11427,0.687325,1.11427,0.911964,3.15326e-05,8.33211,0.0499875,1
52920,49.9989,41.6668,41.6668,1.11252,0.685165,1.11252,0.910072,3.15326e-05,8.33211,0.0499875,1
52980,49.9989,41.6668,41.6668,1.11076,0.683003,1.11076,0.90818,3.15326e-05,8.33211,0.0499875,1
53040,49.9989,41.6668,41.6668,1.109,0.680839,1.109,0.906288,3.15326e-05,8.33211,0.0499875,1
53100,49.9989,41.6668,41.6668,1.10725,0.678674,1.10725,0.904396,3.15326e-05,8.33211,0.0499875,1
53160,49.9989,41.6668,41.6668,1.10549,0.676507,1.10549,0.902505,3.15326e-05,8.33211,0.0499875,1
53220,49.9989,41.6668,41.6668,1.10374,0.674338,1.10374,0.900613,3.15326e-05,8.33211,0.0499875,1
53280,49.9989,41.6668,41.6668,1.10198,0.672168,1.10198,0.898721,3.15326e-05,8.33211,0.0499875,1
53340,49.9989,41.6668,41.6668,1.10023,0.669995,1.10023,0.896829,3.15326e-05,8.33211,0.0499875,1
53400,49.9989,41.6668,41.6668,1.09848,0.667821,1.09848,0.894937,3.15326e-05,8.33211,0.0499875,1
53460,49.9989,41.6668,41.6668,1.09672,0.665645,1.09672,0.893045,3.15326e-05,8.33211,0.0499875,1
53520,49.9989,41.6668,41.6668,1.09497,0.663467,1.09497,0.891153,3.15326e-05,8.33211,0.0499875,1
53580,49.9989,41.6668,41.6668,1.09322,0.661287,1.09322,0.889261,3.15326e-05,8.33211,0.0499875,1
53640,49.9989,41.6668,41.6668,1.09147,0.659105,1.09147,0.887369,3.15326e-05,8.33211,0.0499875,1
53700,49.9989,41.6668,41.6668,1.08972,0.656921,1.08972,0.885477,3.15326e-05,8.33211,0.0499875,1
53760,49.9989,41.6668,41.6668,1.08797,0.654735,1.08797,0.883585,3.15326e-05,8.33211,0.0499875,1
53820,49.9989,41.6668,41.6668,1.08622,0.652547,1.08622,0.881693,3.15326e-05,8.33211,0.0499875,1
53880,49.9989,41.6668,41.6668,1.08447,0.650357,1.08447,0.879801,3.15326e-05,8.33211,0.0499875,1
53940,49.9989,41.6668,41.6668,1.08272,0.648166,1.08272,0.877909,3.15326e-05,8.33211,0.0499875,1
54000,49.9989,41.6668,41.6668,1.08097,0.645972,1.08097,0.876017,3.15326e-05,8.33211,0.0499875,1
54060,49.9989,41.6668,41.6668,1.07923,0.643776,1.07923,0.874125,3.15326e-05,8.33211,0.0499875,1
54120,49.9989,41.6668,41.6668,1.07748,0.641578,1.07748,0.872233,3.15326e-05,8.33211,0.0499875,1
54180,49.9989,41.6668,41.6668,1.07573,0.639377,1.07573,0.870341,3.15326e-05,8.33211,0.0499875,1
54240,49.9989,41.6668,41.6668,1.07399,0.637175,1.07399,0.868449,3.15326e-05,8.33211,0.0499875,1
54300,49.9989,41.6668,41.6668,1.07224,0.634971,1.07224,0.866557,3.15326e-05,8.33211,0.0499875,1
54360,49.9989,41.6668,41.6668,1.0705,0.632764,1.0705,0.864665,3.15326e-05,8.33211,0.0499875,1
54420,49.9989,41.6668,41.6668,1.06876,0.630555,1.06876,0.862773,3.15326e-05,8.33211,0.0499875,1
54480,49.9989,41.6668,41.6668,1.06701,0.628344,1.06701,0.860881,3.15326e-05,8.33211,0.0499875,1
54540,49.9989,41.6668,41.6668,1.06527,0.62613,1.06527,0.858989,3.15326e-05,8.33211,0.0499875,1
54600,49.9989,41.6668,41.6668,1.06353,0.623914,1.06353,0.857098,3.15326e-05,8.33211,0.0499875,1
54660,49.9989,41.6668,41.6668,1.06179,0.621696,1.06179,0.855206,3.15326e-05,8.33211,0.0499875,1
54720,49.9989,41.6668,41.6668,1.06005,0.619476,1.06005,0.853314,3.15326e-05,8.33211,0.0499875,1
54780,49.9989,41.6668,41.6668,1.0583,0.617253,1.0583,0.851422,3.15326e-05,8.33211,0.0499875,1
54840,49.9989,41.6668,41.6668,1.05657,0.615027,1.05657,0.84953,3.15326e-05,8.33211,0.0499875,1
54900,49.9989,41.6668,41.6668,1.05483,0.6128,1.05483,0.847638,3.15326e-05,8.33211,0.0499875,1
54960,49.9989,41.6668,41.6668,1.05309,0.610569,1.05309,0.845746,3.15326e-05,8.33211,0.0499875,1
55020,49.9989,41.6668,41.6668,1.05135,0.608337,1.05135,0.843854,3.15326e-05,8.33211,0.0499875,1
55080,49.9989,41.6668,41.6668,1.04961,0.606101,1.04961,0.841962,3.15326e-05,8.33211,0.0499875,1
55140,49.9989,41.6668,41.6668,1.04788,0.603863,1.04788,0.84007,3.15326e-05,8.33211,0.0499875,1
55200,49.9989,41.6668,41.6668,1.04614,0.601623,1.04614,0.838178,3.15326e-05,8.33211,0.0499875,1
55260,49.9989,41.6668,41.6668,1.0444,0.59938,1.0444,0.836286,3.15326e-05,8.33211,0.0499875,1
55320,49.9989,41.6668,41.6668,1.04267,0.597134,1.04267,0.834394,3.15326e-05,8.33211,0.0499875,1
55380,49.9989,41.6668,41.6668,1.04093,0.594886,1.04093,0.832502,3.15326e-05,8.33211,0.0499875,1
55440,49.9989,41.6668,41.6668,1.0392,0.592634,1.0392,0.83061,3.15326e-05,8.33211,0.0499875,1
55500,49.9989,41.6668,41.6668,1.03747,0.590381,1.03747,0.828718,3.15326e-05,8.33211,0.0499875,1
55560,49.9989,41.6668,41.6668,1.03574,0.588124,1.03574,0.826826,3.15326e-05,8.33211,0.0499875,1
55620,49.9989,41.6668,41.6668,1.034,0.585864,1.034,0.824934,3.15326e-05,8.33211,0.0499875,1
55680,49.9989,41.6668,41.6668,1.03227,0.583602,1.03227,0.823042,3.15326e-05,8.33211,0.0499875,1
55740,49.9989,41.6668,41.6668,1.03054,0.581336,1.03054,0.82115,3.15326e-05,8.33211,0.0499875,1
55800,49.9989,41.6668,41.6668,1.02881,0.579068,1.02881,0.819258,3.15326e-05,8.33211,0.0499875,1
55860,49.9989,41.6668,41.6668,1.02708,0.576796,1.02708,0.817366,3.15326e-05,8.33211,0.0499875,1
55920,49.9989,41.6668,41.6668,1.02536,0.574522,1.02536,0.815474,3.15326e-05,8.33211,0.0499875,1
55980,49.9989,41.6668,41.6668,1.02363,0.572244,1.02363,0.813582,3.15326e-05,8.33211,0.0499875,1
56040,49.9989,41.6668,41.6668,1.0219,0.569964,1.0219,0.811691,3.15326e-05,8.33211,0.0499875,1
56100,49.9989,41.6668,41.6668,1.02017,0.56768,1.02017,0.809799,3.15326e-05,8.33211,0.0499875,1
56160,49.9989,41.6668,41.6668,1.01845,0.565393,1.01845,0.807907,3.15326e-05,8.33211,0.0499875,1
56220,49.9989,41.6668,41.6668,1.01672,0.563103,1.01672,0.806015,3.15326e-05,8.33211,0.0499875,1
56280,49.9989,41.6668,41.6668,1.015,0.560809,1.015,0.804123,3.15326e-05,8.33211,0.0499875,1
56340,49.9989,41.6668,41.6668,1.01328,0.558512,1.01328,0.802231,3.15326e-05,8.33211,0.0499875,1
56400,49.9989,41.6668,41.6668,1.01155,0.556212,1.01155,0.800339,3.15326e-05,8.33211,0.0499875,1
56460,49.9989,41.6668,41.6668,1.00983,0.553909,1.00983,0.798447,3.15326e-05,8.33211,0.0499875,1
56520,49.9989,41.6668,41.6668,1.00811,0.551601,1.00811,0.796555,3.15326e-05,8.33211,0.0499875,1
56580,49.9989,41.6668,41.6668,1.00639,0.549291,1.00639,0.794663,3.15326e-05,8.33211,0.0499875,1
56640,49.9989,41.6668,41.6668,1.00467,0.546976,1.00467,0.792771,3.15326e-05,8.33211,0.0499875,1
56700,49.9989,41.6668,41.6668,1.00295,0.544659,1.00295,0.790879,3.15326e-05,8.33211,0.0499875,1
56760,49.9989,41.6668,41.6668,1.00123,0.542337,1.00123,0.788987,3.15326e-05,8.33211,0.0499875,1
56820,49.9989,41.6668,41.6668,0.999512,0.540012,0.999512,0.787095,3.15326e-05,8.33211,0.0499875,1
56880,49.9989,41.6668,41.6668,0.997794,0.537682,0.997794,0.785203,3.15326e-05,8.33211,0.0499875,1
56940,49.9989,41.6668,41.6668,0.996078,0.535349,0.996078,0.783311,3.15326e-05,8.33211,0.0499875,1
57000,49.9989,41.6668,41.6668,0.994362,0.533012,0.994362,0.781419,3.15326e-05,8.33211,0.0499875,1
57060,49.9989,41.6668,41.6668,0.992647,0.530672,0.992647,0.779527,3.15326e-05,8.33211,0.0499875,1
57120,49.9989,41.6668,41.6668,0.990932,0.528327,0.990932,0.777635,3.15326e-05,8.33211,0.0499875,1
57180,49.9989,41.6668,41.6668,0.989219,0.525978,0.989219,0.775743,3.15326e-05,8.33211,0.0499875,1
57240,49.9989,41.6668,41.6668,0.987506,0.523624,0.987506,0.773851,3.15326e-05,8.33211,0.0499875,1
57300,49.9989,41.6668,41.6668,0.985794,0.521267,0.985794,0.771959,3.15326e-05,8.33211,0.0499875,1
57360,49.9989,41.6668,41.6668,0.984083,0.518905,0.984083,0.770067,3.15326e-05,8.33211,0.0499875,1
57420,49.9989,41.6668,41.6668,0.982372,0.516539,0.982372,0.768175,3.15326e-05,8.33211,0.0499875,1
57480,49.9989,41.6668,41.6668,0.980662,0.514169,0.980662,0.766284,3.15326e-05,8.33211,0.0499875,1
57540,49.9989,41.6668,41.6668,0.978953,0.511794,0.978953,0.764392,3.15326e-05,8.33211,0.0499875,1
57600,49.9989,41.6668,41.6668,0.977245,0.509414,0.977245,0.7625,3.15326e-05,8.33211,0.0499875,1
57660,49.9989,41.6668,41.6668,0.975537,0.50703,0.975537,0.760608,3.15326e-05,8.33211,0.0499875,1
57720,49.9989,41.6668,41.6668,0.973831,0.504641,0.973831,0.758716,3.15326e-05,8.33211,0.0499875,1
57780,49.9989,41.6668,41.6668,0.972125,0.502247,0.972125,0.756824,3.15326e-05,8.33211,0.0499875,1
57840,49.9989,41.6668,41.6668,0.97042,0.499849,0.97042,0.754932,3.15326e-05,8.33211,0.0499875,1
57900,49.9989,41.6668,41.6668,0.968715,0.497445,0.968715,0.75304,3.15326e-05,8.33211,0.0499875,1
57960,49.9989,41.6668,41.6668,0.967012,0.495037,0.967012,0.751148,3.15326e-05,8.33211,0.0499875,1
58020,49.9989,41.6668,41.6668,0.965309,0.492623,0.965309,0.749256,3.15326e-05,8.33211,0.0499875,1
58080,49.9989,41.6668,41.6668,0.963607,0.490204,0.963607,0.747364,3.15326e-05,8.33211,0.0499875,1
58140,49.9989,41.6668,41.6668,0.961906,0.48778,0.961906,0.745472,3.15326e-05,8.33211,0.0499875,1
58200,49.9989,41.6668,41.6668,0.960206,0.48535,0.960206,0.74358,3.15326e-05,8.33211,0.0499875,1
58260,49.9989,41.6668,41.6668,0.958506,0.482915,0.958506,0.741688,3.15326e-05,8.33211,0.0499875,1
58320,49.9989,41.6668,41.6668,0.956808,0.480474,0.956808,0.739796,3.15326e-05,8.33211,0.0499875,1
58380,49.9989,41.6668,41.6668,0.95511,0.478027,0.95511,0.737904,3.15326e-05,8.33211,0.0499875,1
58440,49.9989,41.6668,41.6668,0.953413,0.475575,0.953413,0.736012,3.15326e-05,8.33211,0.0499875,1
58500,49.9989,41.6668,41.6668,0.951717,0.473117,0.951717,0.73412,3.15326e-05,8.33211,0.0499875,1
58560,49.9989,41.6668,41.6668,0.950022,0.470652,0.950022,0.732228,3.15326e-05,8.33211,0.0499875,1
58620,49.9989,41.6668,41.6668,0.948328,0.468182,0.948328,0.730336,3.15326e-05,8.33211,0.0499875,1
58680,49.9989,41.6668,41.6668,0.946634,0.465705,0.946634,0.728444,3.15326e-05,8.33211,0.0499875,1
58740,49.9989,41.6668,41.6668,0.944942,0.463222,0.944942,0.726552,3.15326e-05,8.33211,0.0499875,1
58800,49.9989,41.6668,41.6668,0.94325,0.460733,0.94325,0.72466,3.15326e-05,8.33211,0.0499875,1
58860,49.9989,41.6668,41.6668,0.941559,0.458236,0.941559,0.722769,3.15326e-05,8.33211,0.0499875,1
58920,49.9989,41.6668,41.6668,0.939869,0.455733,0.939869,0.720877,3.15326e-05,8.33211,0.0499875,1
58980,49.9989,41.6668,41.6668,0.93818,0.453224,0.93818,0.718985,3.15326e-05,8.33211,0.0499875,1
59040,49.9989,41.6668,41.6668,0.936492,0.450707,0.936492,0.717093,3.15326e-05,8.33211,0.0499875,1
59100,49.9989,41.6668,41.6668,0.934805,0.448183,0.934805,0.715201,3.15326e-05,8.33211,0.0499875,1
59160,49.9989,41.6668,41.6668,0.933118,0.445651,0.933118,0.713309,3.15326e-05,8.33211,0.0499875,1
59220,49.9989,41.6668,41.6693,0.931433,0.443159,0.931433,0.711418,3.14538e-05,8.33211,0.0499875,0
59280,49.9989,41.6668,41.6808,0.929748,0.440869,0.929748,0.709536,3.12705e-05,8.33211,0.0499875,0
59340,49.9989,41.667,41.6962,0.928065,0.438688,0.928065,0.707665,3.1096e-05,8.33196,0.0499875,0
59400,49.9989,41.6678,41.7138,0.926382,0.436586,0.926382,0.705804,3.09279e-05,8.33116,0.0499875,0
59460,49.9989,41.6698,41.733,0.9247,0.434547,0.9247,0.703954,3.07648e-05,8.3291,0.0499875,0
59520,49.9989,41.6735,41.7535,0.923019,0.432563,0.923019,0.702113,3.06061e-05,8.32542,0.0499875,0
59580,49.9989,41.679,41.7751,0.921339,0.430627,0.921339,0.700281,3.04511e-05,8.31994,0.0499875,0
59640,49.9989,41.6863,41.7976,0.919659,0.428733,0.919659,0.698458,3.02996e-05,8.31263,0.0499875,0
59700,49.9989,41.6954,41.8208,0.917979,0.426878,0.917979,0.696645,3.01512e-05,8.30352,0.0499875,0
59760,49.9989,41.7062,41.8447,0.9163,0.425059,0.9163,0.69484,3.00057e-05,8.29269,0.0499875,0
59820,49.9989,41.7187,41.8693,0.914621,0.423272,0.914621,0.693044,2.98628e-05,8.28025,0.0499875,0
59880,49.9989,41.7326,41.8943,0.912942,0.421517,0.912942,0.691257,2.97224e-05,8.2663,0.0499875,0
59940,49.9989,41.748,41.9199,0.911262,0.419791,0.911262,0.689477,2.95843e-05,8.25096,0.0499875,0
60000,49.9989,41.7646,41.9459,0.909583,0.418092,0.909583,0.687706,2.94483e-05,8.23433,0.0499875,0
60060,49.9989,41.7824,41.9723,0.907904,0.416418,0.907904,0.685944,2.93144e-05,8.21652,0.0499875,0
60120,49.9989,41.8013,41.999,0.906224,0.414769,0.906224,0.684189,2.91825e-05,8.19761,0.0499875,0
60180,49.9989,41.8212,42.026,0.904544,0.413143,0.904544,0.682442,2.90525e-05,8.17771,0.0499875,0
60240,49.9989,41.842,42.0534,0.902863,0.41154,0.902863,0.680702,2.89242e-05,8.1569,0.0499875,0
60300,49.9989,41.8637,42.0809,0.901182,0.409957,0.901182,0.678971,2.87976e-05,8.13525,0.0499875,0
60360,49.9989,41.8861,42.1087,0.899501,0.408395,0.899501,0.677247,2.86726e-05,8.11284,0.0499875,0
60420,49.9989,41.9092,42.1366,0.897819,0.406852,0.897819,0.67553,2.85492e-05,8.08973,0.0499875,0
60480,49.9989,41.9329,42.1647,0.896136,0.405328,0.896136,0.673821,2.84272e-05,8.066,0.0499875,0
60540,49.9989,41.9572,42.1929,0.894453,0.403821,0.894453,0.672119,2.83067e-05,8.04169,0.0499875,0
60600,49.9989,41.9821,42.2213,0.892769,0.402332,0.892769,0.670424,2.81875e-05,8.01687,0.0499875,0
60660,49.9989,42.0074,42.2497,0.891085,0.400859,0.891085,0.668736,2.80697e-05,7.99157,0.0499875,0
60720,49.9989,42.0331,42.2782,0.8894,0.399402,0.8894,0.667055,2.79531e-05,7.96586,0.0499875,0
60780,49.9989,42.0592,42.3067,0.887714,0.39796,0.887714,0.665382,2.78378e-05,7.93977,0.0499875,0
60840,49.9989,42.0856,42.3353,0.886027,0.396534,0.886027,0.663715,2.77237e-05,7.91335,0.0499875,0
60900,49.9989,42.1123,42.3639,0.88434,0.395121,0.88434,0.662055,2.76107e-05,7.88663,0.0499875,0
60960,49.9989,42.1393,42.3924,0.882652,0.393723,0.882652,0.660402,2.74988e-05,7.85964,0.0499875,0
61020,49.9989,42.1665,42.421,0.880963,0.392338,0.880963,0.658755,2.7388e-05,7.83243,0.0499875,0
61080,49.9989,42.1939,42.4496,0.879274,0.390966,0.879274,0.657115,2.72782e-05,7.80501,0.0499875,0
61140,49.9989,42.2215,42.4781,0.877583,0.389606,0.877583,0.655482,2.71695e-05,7.77742,0.0499875,0
61200,49.9989,42.2492,42.5065,0.875892,0.388259,0.875892,0.653855,2.70617e-05,7.74969,0.0499875,0
61260,49.9989,42.2771,42.5349,0.874201,0.386923,0.874201,0.652234,2.69549e-05,7.72183,0.0499875,0
61320,49.9989,42.3051,42.5633,0.872508,0.3856,0.872508,0.65062,2.6849e-05,7.69387,0.0499875,0
61380,49.9989,42.3331,42.5916,0.870815,0.384287,0.870815,0.649012,2.67439e-05,7.66583,0.0499875,0
61440,49.9989,42.3612,42.6198,0.869122,0.382985,0.869122,0.647411,2.66398e-05,7.63773,0.0499875,0
61500,49.9989,42.3894,42.6479,0.867427,0.381694,0.867427,0.645815,2.65365e-05,7.60958,0.0499875,0
61560,49.9989,42.4175,42.6759,0.865733,0.380413,0.865733,0.644226,2.6434e-05,7.58141,0.0499875,0
61620,49.9989,42.4457,42.7038,0.864037,0.379142,0.864037,0.642643,2.63323e-05,7.55323,0.0499875,0
61680,49.9989,42.4739,42.7316,0.862341,0.377881,0.862341,0.641066,2.62315e-05,7.52504,0.0499875,0
61740,49.9989,42.5021,42.7594,0.860645,0.376629,0.860645,0.639496,2.61313e-05,7.49687,0.0499875,0
61800,49.9989,42.5302,42.787,0.858948,0.375387,0.858948,0.637931,2.60319e-05,7.46872,0.0499875,0
61860,49.9989,42.5583,42.8145,0.85725,0.374153,0.85725,0.636372,2.59333e-05,7.44061,0.0499875,0
61920,49.9989,42.5864,42.8418,0.855553,0.372929,0.855553,0.634819,2.58353e-05,7.41255,0.0499875,0
61980,49.9989,42.6144,42.8691,0.853855,0.371713,0.853855,0.633271,2.5738e-05,7.38454,0.0499875,0
62040,49.9989,42.6423,42.8962,0.852156,0.370505,0.852156,0.63173,2.56414e-05,7.35659,0.0499875,0
62100,49.9989,42.6702,42.9233,0.850458,0.369306,0.850458,0.630194,2.55455e-05,7.32872,0.0499875,0
62160,49.9989,42.698,42.9501,0.848759,0.368115,0.848759,0.628665,2.54502e-05,7.30092,0.0499875,0
62220,49.9989,42.7257,42.9769,0.84706,0.366932,0.84706,0.62714,2.53555e-05,7.2732,0.0499875,0
62280,49.9989,42.7534,43.0035,0.845361,0.365756,0.845361,0.625622,2.52615e-05,7.24558,0.0499875,0
62340,49.9989,42.7809,43.0301,0.843662,0.364588,0.843662,0.624109,2.5168e-05,7.21804,0.0499875,0
62400,49.9989,42.8083,43.0564,0.841963,0.363427,0.841963,0.622602,2.50752e-05,7.19061,0.0499875,0
62460,49.9989,42.8357,43.0827,0.840265,0.362273,0.840265,0.6211,2.49829e-05,7.16328,0.0499875,0
62520,49.9989,42.8629,43.1088,0.838566,0.361127,0.838566,0.619604,2.48912e-05,7.13606,0.0499875,0
62580,49.9989,42.89,43.1348,0.836868,0.359987,0.836868,0.618113,2.48e-05,7.10895,0.0499875,0
62640,49.9989,42.917,43.1606,0.83517,0.358855,0.83517,0.616628,2.47094e-05,7.08195,0.0499875,0
62700,49.9989,42.9439,43.1863,0.833472,0.357729,0.833472,0.615148,2.46193e-05,7.05506,0.0499875,0
62760,49.9989,42.9706,43.2119,0.831775,0.356609,0.831775,0.613673,2.45297e-05,7.0283,0.0499875,0
62820,49.9989,42.9973,43.2374,0.830078,0.355496,0.830078,0.612204,2.44407e-05,7.00165,0.0499875,0
62880,49.9989,43.0238,43.2627,0.828382,0.354389,0.828382,0.610741,2.43521e-05,6.97513,0.0499875,0
62940,49.9989,43.0502,43.2879,0.826686,0.353289,0.826686,0.609282,2.42641e-05,6.94872,0.0499875,0
63000,49.9989,43.0765,43.313,0.824991,0.352194,0.824991,0.607829,2.41765e-05,6.92245,0.0499875,0
63060,49.9989,43.1026,43.3379,0.823297,0.351105,0.823297,0.606381,2.40894e-05,6.89629,0.0499875,0
63120,49.9989,43.1287,43.3627,0.821604,0.350023,0.821604,0.604938,2.40028e-05,6.87027,0.0499875,0
63180,49.9989,43.1546,43.3874,0.819911,0.348946,0.819911,0.603501,2.39167e-05,6.84437,0.0499875,0
63240,49.9989,43.1803,43.412,0.81822,0.347874,0.81822,0.602068,2.3831e-05,6.8186,0.0499875,0
63300,49.9989,43.206,43.4364,0.81653,0.346809,0.81653,0.600641,2.37457e-05,6.79296,0.0499875,0
63360,49.9989,43.2315,43.4607,0.81484,0.345749,0.81484,0.599219,2.36609e-05,6.76744,0.0499875,0
63420,49.9989,43.2569,43.4849,0.813152,0.344694,0.813152,0.597801,2.35765e-05,6.74205,0.0499875,0
63480,49.9989,43.2821,43.5089,0.811465,0.343644,0.811465,0.596389,2.34925e-05,6.71679,0.0499875,0
63540,49.9989,43.3073,43.5328,0.80978,0.3426,0.80978,0.594982,2.3409e-05,6.69166,0.0499875,0
63600,49.9989,43.3323,43.5566,0.808095,0.341561,0.808095,0.59358,2.33259e-05,6.66665,0.0499875,0
63660,49.9989,43.3572,43.5803,0.806413,0.340527,0.806413,0.592183,2.32432e-05,6.64177,0.0499875,0
63720,49.9989,43.3819,43.6039,0.804731,0.339498,0.804731,0.590791,2.31609e-05,6.61702,0.0499875,0
63780,49.9989,43.4065,43.6273,0.803052,0.338474,0.803052,0.589404,2.30789e-05,6.59239,0.0499875,0
63840,49.9989,43.431,43.6507,0.801374,0.337455,0.801374,0.588022,2.29974e-05,6.56789,0.0499875,0
63900,49.9989,43.4554,43.6739,0.799697,0.336441,0.799697,0.586644,2.29163e-05,6.54352,0.0499875,0
63960,49.9989,43.4797,43.697,0.798023,0.335431,0.798023,0.585272,2.28355e-05,6.51926,0.0499875,0
64020,49.9989,43.5038,43.7199,0.79635,0.334426,0.79635,0.583904,2.27551e-05,6.49513,0.0499875,0
64080,49.9989,43.5278,43.7428,0.794679,0.333426,0.794679,0.582541,2.26751e-05,6.47113,0.0499875,0
64140,49.9989,43.5517,43.7656,0.79301,0.33243,0.79301,0.581183,2.25954e-05,6.44724,0.0499875,0
64200,49.9989,43.5755,43.7882,0.791343,0.331439,0.791343,0.57983,2.25161e-05,6.42348,0.0499875,0
64260,49.9989,43.5991,43.8107,0.789678,0.330452,0.789678,0.578481,2.24372e-05,6.39983,0.0499875,0
64320,49.9989,43.6226,43.8332,0.788016,0.32947,0.788016,0.577137,2.23586e-05,6.3763,0.0499875,0
64380,49.9989,43.646,43.8555,0.786355,0.328492,0.786355,0.575798,2.22803e-05,6.35289,0.0499875,0
64440,49.9989,43.6693,43.8777,0.784697,0.327518,0.784697,0.574464,2.22024e-05,6.3296,0.0499875,0
64500,49.9989,43.6925,43.8998,0.783041,0.326548,0.783041,0.573134,2.21249e-05,6.30642,0.0499875,0
64560,49.9989,43.7156,43.9218,0.781387,0.325583,0.781387,0.571809,2.20476e-05,6.28336,0.0499875,0
64620,49.9989,43.7385,43.9437,0.779736,0.324622,0.779736,0.570488,2.19707e-05,6.26041,0.0499875,0
64680,49.9989,43.7614,43.9655,0.778087,0.323665,0.778087,0.569172,2.18942e-05,6.23758,0.0499875,0
64740,49.9989,43.7841,43.9872,0.776441,0.322711,0.776441,0.567861,2.18179e-05,6.21485,0.0499875,0
64800,49.9989,43.8067,44.0087,0.774797,0.321762,0.774797,0.566554,2.1742e-05,6.19224,0.0499875,0
64860,49.9989,43.8292,44.0302,0.773156,0.320817,0.773156,0.565252,2.16664e-05,6.16974,0.0499875,0
64920,49.9989,43.8516,44.0516,0.771517,0.319876,0.771517,0.563954,2.15911e-05,6.14734,0.0499875,0
64980,49.9989,43.8739,44.0729,0.769882,0.318939,0.769882,0.562661,2.15161e-05,6.12505,0.0499875,0
65040,49.9989,43.8961,44.0941,0.768249,0.318005,0.768249,0.561372,2.14414e-05,6.10287,0.0499875,0
65100,49.9989,43.9181,44.1152,0.766618,0.317075,0.766618,0.560088,2.1367e-05,6.0808,0.0499875,0
65160,49.9989,43.9401,44.1362,0.764991,0.316149,0.764991,0.558808,2.12929e-05,6.05882,0.0499875,0
65220,49.9989,43.962,44.1571,0.763366,0.315227,0.763366,0.557533,2.12191e-05,6.03696,0.0499875,0
65280,49.9989,43.9837,44.178,0.761745,0.314308,0.761745,0.556262,2.11457e-05,6.01519,0.0499875,0
65340,49.9989,44.0054,44.1987,0.760126,0.313393,0.760126,0.554995,2.10725e-05,5.99352,0.0499875,0
65400,49.9989,44.027,44.2193,0.758511,0.312482,0.758511,0.553733,2.09996e-05,5.97196,0.0499875,0
65460,49.9989,44.0484,44.2399,0.756898,0.311574,0.756898,0.552475,2.09269e-05,5.95049,0.0499875,0
65520,49.9989,44.0698,44.2603,0.755289,0.31067,0.755289,0.551222,2.08546e-05,5.92913,0.0499875,0
65580,49.9989,44.0911,44.2807,0.753682,0.309769,0.753682,0.549973,2.07825e-05,5.90786,0.0499875,0
65640,49.9989,44.1123,44.301,0.752079,0.308872,0.752079,0.548728,2.07108e-05,5.88668,0.0499875,0
65700,49.9989,44.1333,44.3212,0.750479,0.307978,0.750479,0.547487,2.06393e-05,5.8656,0.0499875,0
65760,49.9989,44.1543,44.3413,0.748883,0.307088,0.748883,0.546251,2.0568e-05,5.84462,0.0499875,0
65820,49.9989,44.1752,44.3613,0.747289,0.306201,0.747289,0.545019,2.04971e-05,5.82373,0.0499875,0
65880,49.9989,44.196,44.3813,0.745699,0.305317,0.745699,0.543791,2.04264e-05,5.80293,0.0499875,0
65940,49.9989,44.2167,44.4011,0.744112,0.304437,0.744112,0.542568,2.0356e-05,5.78223,0.0499875,0
66000,49.9989,44.2373,44.4209,0.742529,0.30356,0.742529,0.541349,2.02858e-05,5.76161,0.0499875,0
66060,49.9989,44.2578,44.4406,0.740949,0.302686,0.740949,0.540134,2.02159e-05,5.74108,0.0499875,0
66120,49.9989,44.2783,44.4602,0.739372,0.301816,0.739372,0.538923,2.01463e-05,5.72065,0.0499875,0
66180,49.9989,44.2986,44.4797,0.737799,0.300949,0.737799,0.537716,2.00769e-05,5.7003,0.0499875,0
66240,49.9989,44.3189,44.4992,0.736229,0.300085,0.736229,0.536514,2.00078e-05,5.68004,0.0499875,0
66300,49.9989,44.3391,44.5185,0.734663,0.299224,0.734663,0.535315,1.99389e-05,5.65986,0.0499875,0
66360,49.9989,44.3592,44.5378,0.733101,0.298366,0.733101,0.534121,1.98703e-05,5.63977,0.0499875,0
66420,49.9989,44.3792,44.5571,0.731542,0.297512,0.731542,0.532931,1.98019e-05,5.61977,0.0499875,0
66480,49.9989,44.3991,44.5762,0.729986,0.29666,0.729986,0.531745,1.97338e-05,5.59985,0.0499875,0
66540,49.9989,44.4189,44.5953,0.728434,0.295812,0.728434,0.530563,1.96659e-05,5.58001,0.0499875,0
66600,49.9989,44.4387,44.6143,0.726886,0.294966,0.726886,0.529385,1.95983e-05,5.56026,0.0499875,0
66660,49.9989,44.4583,44.6332,0.725342,0.294124,0.725342,0.528211,1.95309e-05,5.54059,0.0499875,0
66720,49.9989,44.4779,44.652,0.723801,0.293285,0.723801,0.527041,1.94638e-05,5.52099,0.0499875,0
66780,49.9989,44.4975,44.6708,0.722264,0.292449,0.722264,0.525875,1.93969e-05,5.50148,0.0499875,0
66840,49.9989,44.5169,44.6895,0.72073,0.291615,0.72073,0.524713,1.93302e-05,5.48205,0.0499875,0
66900,49.9989,44.5362,44.7081,0.719201,0.290785,0.719201,0.523556,1.92638e-05,5.4627,0.0499875,0
66960,49.9989,44.5555,44.7266,0.717675,0.289958,0.717675,0.522402,1.91976e-05,5.44342,0.0499875,0
67020,49.9989,44.5747,44.7451,0.716153,0.289133,0.716153,0.521252,1.91317e-05,5.42423,0.0499875,0
67080,49.9989,44.5938,44.7635,0.714634,0.288312,0.714634,0.520106,1.90659e-05,5.4051,0.0499875,0
67140,49.9989,44.6129,44.7819,0.71312,0.287493,0.71312,0.518964,1.90004e-05,5.38606,0.0499875,0
67200,49.9989,44.6318,44.8001,0.711609,0.286677,0.711609,0.517826,1.89352e-05,5.36709,0.0499875,0
67260,49.9989,44.6507,44.8183,0.710102,0.285864,0.710102,0.516692,1.88701e-05,5.3482,0.0499875,0
67320,49.9989,44.6696,44.8365,0.708599,0.285054,0.708599,0.515561,1.88053e-05,5.32938,0.0499875,0
67380,49.9989,44.6883,44.8545,0.7071,0.284247,0.7071,0.514435,1.87407e-05,5.31063,0.0499875,0
67440,49.9989,44.707,44.8725,0.705605,0.283442,0.705605,0.513313,1.86764e-05,5.29196,0.0499875,0
67500,49.9989,44.7256,44.8904,0.704113,0.28264,0.704113,0.512194,1.86122e-05,5.27336,0.0499875,0
67560,49.9989,44.7441,44.9083,0.702626,0.281841,0.702626,0.511079,1.85483e-05,5.25483,0.0499875,0
67620,49.9989,44.7626,44.9261,0.701142,0.281045,0.701142,0.509968,1.84846e-05,5.23637,0.0499875,0
67680,49.9989,44.7809,44.9438,0.699663,0.280251,0.699663,0.508861,1.84211e-05,5.21799,0.0499875,0
67740,49.9989,44.7993,44.9615,0.698187,0.279461,0.698187,0.507758,1.83578e-05,5.19967,0.0499875,0
67800,49.9989,44.8175,44.9791,0.696716,0.278672,0.696716,0.506658,1.82948e-05,5.18142,0.0499875,0
67860,49.9989,44.8357,44.9966,0.695248,0.277887,0.695248,0.505562,1.82319e-05,5.16325,0.0499875,0
67920,49.9989,44.8538,45.0141,0.693784,0.277104,0.693784,0.50447,1.81693e-05,5.14514,0.0499875,0
67980,49.9989,44.8718,45.0315,0.692324,0.276324,0.692324,0.503382,1.81069e-05,5.1271,0.0499875,0
68040,49.9989,44.8898,45.0488,0.690869,0.275546,0.690869,0.502297,1.80447e-05,5.10912,0.0499875,0
68100,49.9989,44.9077,45.0661,0.689417,0.274771,0.689417,0.501216,1.79827e-05,5.09122,0.0499875,0
68160,49.9989,44.9256,45.0833,0.687969,0.273999,0.687969,0.500139,1.79209e-05,5.07338,0.0499875,0
68220,49.9989,44.9433,45.1005,0.686525,0.273229,0.686525,0.499066,1.78593e-05,5.05561,0.0499875,0
68280,49.9989,44.961,45.1176,0.685086,0.272462,0.685086,0.497996,1.7798e-05,5.0379,0.0499875,0
68340,49.9989,44.9787,45.1346,0.68365,0.271698,0.68365,0.49693,1.77368e-05,5.02026,0.0499875,0
68400,49.9989,44.9963,45.1516,0.682218,0.270936,0.682218,0.495868,1.76758e-05,5.00268,0.0499875,0
68460,49.9989,45.0138,45.1685,0.68079,0.270176,0.68079,0.494809,1.76151e-05,4.98517,0.0499875,0
68520,49.9989,45.0312,45.1854,0.679367,0.269419,0.679367,0.493754,1.75545e-05,4.96772,0.0499875,0
68580,49.9989,45.0486,45.2022,0.677947,0.268665,0.677947,0.492703,1.74942e-05,4.95033,0.0499875,0
68640,49.9989,45.0659,45.2189,0.676532,0.267913,0.676532,0.491655,1.7434e-05,4.93301,0.0499875,0
68700,49.9989,45.0832,45.2356,0.67512,0.267163,0.67512,0.49061,1.73741e-05,4.91575,0.0499875,0
68760,49.9989,45.1004,45.2522,0.673713,0.266416,0.673713,0.48957,1.73143e-05,4.89855,0.0499875,0
68820,49.9989,45.1175,45.2688,0.67231,0.265672,0.67231,0.488533,1.72547e-05,4.88142,0.0499875,0
68880,49.9989,45.1346,45.2853,0.67091,0.26493,0.67091,0.487499,1.71954e-05,4.86434,0.0499875,0
68940,49.9989,45.1516,45.3017,0.669515,0.26419,0.669515,0.486469,1.71362e-05,4.84733,0.0499875,0
69000,49.9989,45.1686,45.3181,0.668124,0.263453,0.668124,0.485443,1.70772e-05,4.83038,0.0499875,0
69060,49.9989,45.1854,45.3344,0.666737,0.262718,0.666737,0.48442,1.70185e-05,4.81349,0.0499875,0
69120,49.9989,45.2023,45.3507,0.665354,0.261986,0.665354,0.483401,1.69599e-05,4.79665,0.0499875,0
69180,49.9989,45.2191,45.3669,0.663975,0.261256,0.663975,0.482385,1.69015e-05,4.77988,0.0499875,0
69240,49.9989,45.2358,45.3831,0.6626,0.260528,0.6626,0.481372,1.68433e-05,4.76317,0.0499875,0
69300,49.9989,45.2524,45.3992,0.661229,0.259803,0.661229,0.480364,1.67853e-05,4.74651,0.0499875,0
69360,49.9989,45.269,45.4152,0.659862,0.259081,0.659862,0.479358,1.67274e-05,4.72992,0.0499875,0
69420,49.9989,45.2856,45.4312,0.658499,0.25836,0.658499,0.478356,1.66698e-05,4.71338,0.0499875,0
69480,49.9989,45.302,45.4472,0.65714,0.257642,0.65714,0.477358,1.66124e-05,4.6969,0.0499875,0
69540,49.9989,45.3185,45.463,0.655786,0.256926,0.655786,0.476363,1.65551e-05,4.68048,0.0499875,0
69600,49.9989,45.3348,45.4789,0.654435,0.256213,0.654435,0.475371,1.6498e-05,4.66412,0.0499875,0
69660,49.9989,45.3511,45.4947,0.653089,0.255502,0.653089,0.474383,1.64411e-05,4.64781,0.0499875,0
69720,49.9989,45.3674,45.5104,0.651746,0.254793,0.651746,0.473398,1.63844e-05,4.63156,0.0499875,0
69780,49.9989,45.3836,45.5261,0.650408,0.254087,0.650408,0.472417,1.63279e-05,4.61536,0.0499875,0
69840,49.9989,45.3997,45.5417,0.649073,0.253382,0.649073,0.471439,1.62716e-05,4.59922,0.0499875,0
69900,49.9989,45.4158,45.5572,0.647743,0.25268,0.647743,0.470464,1.62154e-05,4.58314,0.0499875,0
69960,49.9989,45.4318,45.5727,0.646417,0.251981,0.646417,0.469493,1.61595e-05,4.56711,0.0499875,0
70020,49.9989,45.4478,45.5882,0.645094,0.251283,0.645094,0.468525,1.61037e-05,4.55114,0.0499875,0
70080,49.9989,45.4637,45.6036,0.643776,0.250588,0.643776,0.467561,1.60481e-05,4.53522,0.0499875,0
70140,49.9989,45.4796,45.619,0.642462,0.249896,0.642462,0.466599,1.59926e-05,4.51936,0.0499875,0
70200,49.9989,45.4954,45.6343,0.641152,0.249205,0.641152,0.465642,1.59374e-05,4.50355,0.0499875,0
70260,49.9989,45.5111,45.6495,0.639846,0.248517,0.639846,0.464687,1.58823e-05,4.4878,0.0499875,0
70320,49.9989,45.5268,45.6647,0.638543,0.24783,0.638543,0.463736,1.58274e-05,4.4721,0.0499875,0
70380,49.9989,45.5425,45.6799,0.637245,0.247146,0.637245,0.462788,1.57727e-05,4.45645,0.0499875,0
70440,49.9989,45.5581,45.695,0.635951,0.246465,0.635951,0.461843,1.57182e-05,4.44086,0.0499875,0
70500,49.9989,45.5736,45.71,0.634661,0.245785,0.634661,0.460901,1.56638e-05,4.42532,0.0499875,0
70560,49.9989,45.5891,45.725,0.633375,0.245108,0.633375,0.459963,1.56096e-05,4.40983,0.0499875,0
70620,49.9989,45.6045,45.74,0.632093,0.244433,0.632093,0.459028,1.55556e-05,4.39439,0.0499875,0
70680,49.9989,45.6199,45.7549,0.630815,0.24376,0.630815,0.458097,1.55018e-05,4.37901,0.0499875,0
70740,49.9989,45.6353,45.7697,0.629541,0.243089,0.629541,0.457168,1.54481e-05,4.36368,0.0499875,0
70800,49.9989,45.6505,45.7845,0.62827,0.24242,0.62827,0.456243,1.53946e-05,4.3484,0.0499875,0
70860,49.9989,45.6658,45.7993,0.627004,0.241754,0.627004,0.455321,1.53413e-05,4.33317,0.0499875,0
70920,49.9989,45.6809,45.814,0.625742,0.24109,0.625742,0.454402,1.52882e-05,4.318,0.0499875,0
70980,49.9989,45.6961,45.8286,0.624484,0.240427,0.624484,0.453486,1.52352e-05,4.30287,0.0499875,0
71040,49.9989,45.7111,45.8432,0.623229,0.239767,0.623229,0.452574,1.51824e-05,4.2878,0.0499875,0
71100,49.9989,45.7262,45.8578,0.621979,0.239109,0.621979,0.451664,1.51297e-05,4.27277,0.0499875,0
71160,49.9989,45.7411,45.8723,0.620733,0.238453,0.620733,0.450758,1.50773e-05,4.2578,0.0499875,0
71220,49.9989,45.7561,45.8867,0.61949,0.2378,0.61949,0.449855,1.5025e-05,4.24288,0.0499875,0
71280,49.9989,45.7709,45.9011,0.618251,0.237148,0.618251,0.448955,1.49728e-05,4.228,0.0499875,0
71340,49.9989,45.7858,45.9155,0.617017,0.236499,0.617017,0.448058,1.49209e-05,4.21318,0.0499875,0
71400,49.9989,45.8005,45.9298,0.615786,0.235851,0.615786,0.447165,1.48691e-05,4.19841,0.0499875,0
71460,49.9989,45.8152,45.9441,0.614559,0.235206,0.614559,0.446274,1.48175e-05,4.18368,0.0499875,0
71520,49.9989,45.8299,45.9583,0.613336,0.234563,0.613336,0.445386,1.4766e-05,4.16901,0.0499875,0
71580,49.9989,45.8445,45.9725,0.612117,0.233921,0.612117,0.444502,1.47147e-05,4.15439,0.0499875,0
71640,49.9989,45.8591,45.9866,0.610902,0.233282,0.610902,0.443621,1.46636e-05,4.13981,0.0499875,0
71700,49.9989,45.8737,46.0007,0.60969,0.232645,0.60969,0.442742,1.46126e-05,4.12528,0.0499875,0
71760,49.9989,45.8881,46.0147,0.608483,0.23201,0.608483,0.441867,1.45618e-05,4.1108,0.0499875,0
71820,49.9989,45.9026,46.0287,0.607279,0.231377,0.607279,0.440995,1.45112e-05,4.09637,0.0499875,0
71880,49.9989,45.9169,46.0426,0.60608,0.230746,0.60608,0.440126,1.44607e-05,4.08199,0.0499875,0
71940,49.9989,45.9313,46.0565,0.604884,0.230117,0.604884,0.43926,1.44104e-05,4.06765,0.0499875,0
72000,49.9989,45.9456,46.0704,0.603691,0.229491,0.603691,0.438397,1.43602e-05,4.05336,0.0499875,0
72060,49.9989,45.9598,46.0842,0.602503,0.228866,0.602503,0.437536,1.43103e-05,4.03912,0.0499875,0
72120,49.9989,45.974,46.0979,0.601319,0.228243,0.601319,0.436679,1.42604e-05,4.02493,0.0499875,0
72180,49.9989,45.9881,46.1116,0.600138,0.227622,0.600138,0.435825,1.42108e-05,4.01079,0.0499875,0
72240,49.9989,46.0022,46.1253,0.598961,0.227003,0.598961,0.434974,1.41613e-05,3.99669,0.0499875,0
72300,49.9989,46.0163,46.1389,0.597788,0.226387,0.597788,0.434126,1.41119e-05,3.98264,0.0499875,0
72360,49.9989,46.0303,46.1525,0.596619,0.225772,0.596619,0.433281,1.40627e-05,3.96863,0.0499875,0
72420,49.9989,46.0443,46.166,0.595453,0.225159,0.595453,0.432438,1.40137e-05,3.95467,0.0499875,0
72480,49.9989,46.0582,46.1795,0.594291,0.224548,0.594291,0.431599,1.39648e-05,3.94076,0.0499875,0
72540,49.9989,46.072,46.1929,0.593133,0.223939,0.593133,0.430763,1.39161e-05,3.9269,0.0499875,0
72600,49.9989,46.0859,46.2063,0.591979,0.223332,0.591979,0.429929,1.38676e-05,3.91308,0.0499875,0
72660,49.9989,46.0996,46.2197,0.590829,0.222727,0.590829,0.429098,1.38192e-05,3.8993,0.0499875,0
72720,49.9989,46.1134,46.233,0.589682,0.222124,0.589682,0.428271,1.37709e-05,3.88558,0.0499875,0
72780,49.9989,46.127,46.2462,0.588539,0.221523,0.588539,0.427446,1.37229e-05,3.87189,0.0499875,0
72840,49.9989,46.1407,46.2595,0.587399,0.220924,0.587399,0.426624,1.36749e-05,3.85826,0.0499875,0
72900,49.9989,46.1543,46.2726,0.586264,0.220327,0.586264,0.425805,1.36272e-05,3.84467,0.0499875,0
72960,49.9989,46.1678,46.2858,0.585132,0.219732,0.585132,0.424989,1.35795e-05,3.83112,0.0499875,0
73020,49.9989,46.1813,46.2989,0.584003,0.219139,0.584003,0.424175,1.35321e-05,3.81762,0.0499875,0
73080,49.9989,46.1948,46.3119,0.582879,0.218547,0.582879,0.423365,1.34848e-05,3.80416,0.0499875,0
73140,49.9989,46.2082,46.3249,0.581758,0.217958,0.581758,0.422557,1.34376e-05,3.79075,0.0499875,0
73200,49.9989,46.2216,46.3379,0.58064,0.21737,0.58064,0.421752,1.33906e-05,3.77738,0.0499875,0
73260,49.9989,46.2349,46.3508,0.579527,0.216785,0.579527,0.42095,1.33438e-05,3.76406,0.0499875,0
73320,49.9989,46.2482,46.3636,0.578416,0.216201,0.578416,0.420151,1.32971e-05,3.75078,0.0499875,0
73380,49.9989,46.2614,46.3765,0.57731,0.215619,0.57731,0.419355,1.32505e-05,3.73755,0.0499875,0
73440,49.9989,46.2746,46.3893,0.576207,0.21504,0.576207,0.418561,1.32042e-05,3.72436,0.0499875,0
73500,49.9989,46.2877,46.402,0.575108,0.214462,0.575108,0.41777,1.31579e-05,3.71121,0.0499875,0
73560,49.9989,46.3008,46.4147,0.574012,0.213885,0.574012,0.416982,1.31118e-05,3.69811,0.0499875,0
73620,49.9989,46.3139,46.4274,0.57292,0.213311,0.57292,0.416197,1.30659e-05,3.68505,0.0499875,0
73680,49.9989,46.3269,46.44,0.571832,0.212739,0.571832,0.415414,1.30201e-05,3.67203,0.0499875,0
73740,49.9989,46.3399,46.4526,0.570747,0.212168,0.570747,0.414634,1.29745e-05,3.65906,0.0499875,0
73800,49.9989,46.3528,46.4651,0.569665,0.2116,0.569665,0.413857,1.2929e-05,3.64613,0.0499875,0
73860,49.9989,46.3657,46.4776,0.568587,0.211033,0.568587,0.413083,1.28836e-05,3.63324,0.0499875,0
73920,49.9989,46.3785,46.49,0.567513,0.210468,0.567513,0.412311,1.28385e-05,3.6204,0.0499875,0
73980,49.9989,46.3913,46.5024,0.566442,0.209905,0.566442,0.411542,1.27934e-05,3.6076,0.0499875,0
74040,49.9989,46.4041,46.5148,0.565375,0.209344,0.565375,0.410776,1.27485e-05,3.59484,0.0499875,0
74100,49.9989,46.4168,46.5271,0.564311,0.208785,0.564311,0.410012,1.27038e-05,3.58212,0.0499875,0
74160,49.9989,46.4295,46.5394,0.563251,0.208227,0.563251,0.409251,1.26592e-05,3.56945,0.0499875,0
74220,49.9989,46.4421,46.5517,0.562194,0.207672,0.562194,0.408493,1.26147e-05,3.55682,0.0499875,0
74280,49.9989,46.4547,46.5639,0.561141,0.207118,0.561141,0.407738,1.25704e-05,3.54423,0.0499875,0
74340,49.9989,46.4673,46.576,0.560091,0.206566,0.560091,0.406985,1.25263e-05,3.53168,0.0499875,0
74400,49.9989,46.4798,46.5881,0.559044,0.206016,0.559044,0.406235,1.24823e-05,3.51918,0.0499875,0
74460,49.9989,46.4922,46.6002,0.558001,0.205467,0.558001,0.405487,1.24384e-05,3.50671,0.0499875,0
74520,49.9989,46.5046,46.6123,0.556962,0.204921,0.556962,0.404742,1.23947e-05,3.49429,0.0499875,0
74580,49.9989,46.517,46.6243,0.555926,0.204376,0.555926,0.404,1.23511e-05,3.48191,0.0499875,0
74640,49.9989,46.5294,46.6362,0.554893,0.203833,0.554893,0.40326,1.23077e-05,3.46957,0.0499875,0
74700,49.9989,46.5417,46.6481,0.553864,0.203292,0.553864,0.402523,1.22644e-05,3.45728,0.0499875,0
74760,49.9989,46.5539,46.66,0.552838,0.202753,0.552838,0.401788,1.22212e-05,3.44502,0.0499875,0
74820,49.9989,46.5661,46.6719,0.551815,0.202215,0.551815,0.401056,1.21782e-05,3.43281,0.0499875,0
74880,49.9989,46.5783,46.6837,0.550796,0.20168,0.550796,0.400327,1.21354e-05,3.42063,0.0499875,0
74940,49.9989,46.5904,46.6954,0.54978,0.201146,0.54978,0.3996,1.20926e-05,3.4085,0.0499875,0
75000,49.9989,46.6025,46.7071,0.548768,0.200613,0.548768,0.398876,1.20501e-05,3.39641,0.0499875,0
75060,49.9989,46.6146,46.7188,0.547759,0.200083,0.547759,0.398154,1.20076e-05,3.38436,0.0499875,0
75120,49.9989,46.6266,46.7305,0.546753,0.199554,0.546753,0.397435,1.19654e-05,3.37234,0.0499875,0
75180,49.9989,46.6386,46.7421,0.54575,0.199028,0.54575,0.396718,1.19232e-05,3.36037,0.0499875,0
75240,49.9989,46.6505,46.7536,0.544751,0.198503,0.544751,0.396004,1.18812e-05,3.34844,0.0499875,0
75300,49.9989,46.6624,46.7652,0.543755,0.197979,0.543755,0.395292,1.18393e-05,3.33655,0.0499875,0
75360,49.9989,46.6742,46.7766,0.542763,0.197458,0.542763,0.394583,1.17976e-05,3.3247,0.0499875,0
75420,49.9989,46.686,46.7881,0.541773,0.196938,0.541773,0.393877,1.1756e-05,3.31289,0.0499875,0
75480,49.9989,46.6978,46.7995,0.540787,0.19642,0.540787,0.393172,1.17146e-05,3.30112,0.0499875,0
75540,49.9989,46.7095,46.8109,0.539804,0.195903,0.539804,0.392471,1.16733e-05,3.28939,0.0499875,0
75600,49.9989,46.7212,46.8222,0.538825,0.195389,0.538825,0.391772,1.16321e-05,3.2777,0.0499875,0
75660,49.9989,46.7329,46.8335,0.537848,0.194876,0.537848,0.391075,1.15911e-05,3.26605,0.0499875,0
75720,49.9989,46.7445,46.8447,0.536875,0.194365,0.536875,0.390381,1.15502e-05,3.25444,0.0499875,0
75780,49.9989,46.7561,46.8559,0.535905,0.193855,0.535905,0.389689,1.15094e-05,3.24287,0.0499875,0
75840,49.9989,46.7676,46.8671,0.534939,0.193348,0.534939,0.389,1.14688e-05,3.23134,0.0499875,0
75900,49.9989,46.7791,46.8783,0.533975,0.192842,0.533975,0.388313,1.14283e-05,3.21984,0.0499875,0
75960,49.9989,46.7905,46.8894,0.533015,0.192338,0.533015,0.387628,1.1388e-05,3.20839,0.0499875,0
76020,49.9989,46.802,46.9004,0.532058,0.191835,0.532058,0.386946,1.13478e-05,3.19697,0.0499875,0
76080,49.9989,46.8133,46.9114,0.531104,0.191334,0.531104,0.386266,1.13077e-05,3.1856,0.0499875,0
76140,49.9989,46.8247,46.9224,0.530153,0.190835,0.530153,0.385589,1.12678e-05,3.17426,0.0499875,0
76200,49.9989,46.836,46.9334,0.529205,0.190338,0.529205,0.384914,1.1228e-05,3.16296,0.0499875,0
76260,49.9989,46.8472,46.9443,0.528261,0.189842,0.528261,0.384242,1.11884e-05,3.1517,0.0499875,0
76320,49.9989,46.8585,46.9552,0.527319,0.189348,0.527319,0.383572,1.11488e-05,3.14048,0.0499875,0
76380,49.9989,46.8696,46.966,0.526381,0.188856,0.526381,0.382904,1.11094e-05,3.1293,0.0499875,0
76440,49.9989,46.8808,46.9768,0.525446,0.188365,0.525446,0.382239,1.10702e-05,3.11815,0.0499875,0
76500,49.9989,46.8919,46.9876,0.524514,0.187876,0.524514,0.381575,1.10311e-05,3.10704,0.0499875,0
76560,49.9989,46.903,46.9983,0.523585,0.187389,0.523585,0.380915,1.09921e-05,3.09597,0.0499875,0
76620,49.9989,46.914,47.009,0.522659,0.186903,0.522659,0.380256,1.09532e-05,3.08494,0.0499875,0
76680,49.9989,46.925,47.0196,0.521736,0.186419,0.521736,0.3796,1.09145e-05,3.07395,0.0499875,0
76740,49.9989,46.9359,47.0302,0.520816,0.185937,0.520816,0.378947,1.08759e-05,3.063,0.0499875,0
76800,49.9989,46.9469,47.0408,0.519899,0.185456,0.519899,0.378295,1.08375e-05,3.05208,0.0499875,0
76860,49.9989,46.9577,47.0513,0.518986,0.184977,0.518986,0.377646,1.07992e-05,3.0412,0.0499875,0
76920,49.9989,46.9686,47.0618,0.518075,0.1845,0.518075,0.376999,1.0761e-05,3.03036,0.0499875,0
76980,49.9989,46.9794,47.0723,0.517167,0.184024,0.517167,0.376355,1.07229e-05,3.01955,0.0499875,0
77040,49.9989,46.9902,47.0827,0.516262,0.18355,0.516262,0.375713,1.0685e-05,3.00878,0.0499875,0
77100,49.9989,47.0009,47.0931,0.515361,0.183078,0.515361,0.375073,1.06472e-05,2.99805,0.0499875,0
77160,49.9989,47.0116,47.1035,0.514462,0.182607,0.514462,0.374435,1.06096e-05,2.98736,0.0499875,0
77220,49.9989,47.0222,47.1138,0.513566,0.182138,0.513566,0.3738,1.05721e-05,2.97671,0.0499875,0
77280,49.9989,47.0328,47.1241,0.512673,0.181671,0.512673,0.373166,1.05347e-05,2.96609,0.0499875,0
77340,49.9989,47.0434,47.1343,0.511784,0.181205,0.511784,0.372535,1.04974e-05,2.95551,0.0499875,0
77400,49.9989,47.054,47.1446,0.510897,0.180741,0.510897,0.371907,1.04603e-05,2.94496,0.0499875,0
77460,49.9989,47.0645,47.1547,0.510013,0.180278,0.510013,0.37128,1.04232e-05,2.93445,0.0499875,0
77520,49.9989,47.075,47.1649,0.509132,0.179817,0.509132,0.370656,1.03864e-05,2.92398,0.0499875,0
77580,49.9989,47.0854,47.175,0.508253,0.179358,0.508253,0.370034,1.03496e-05,2.91355,0.0499875,0
77640,49.9989,47.0958,47.1851,0.507378,0.1789,0.507378,0.369414,1.0313e-05,2.90315,0.0499875,0
77700,49.9989,47.1061,47.1951,0.506506,0.178444,0.506506,0.368796,1.02765e-05,2.89278,0.0499875,0
77760,49.9989,47.1165,47.2051,0.505636,0.177989,0.505636,0.368181,1.02402e-05,2.88246,0.0499875,0
77820,49.9989,47.1268,47.215,0.50477,0.177537,0.50477,0.367567,1.02039e-05,2.87217,0.0499875,0
77880,49.9989,47.137,47.225,0.503906,0.177085,0.503906,0.366956,1.01678e-05,2.86192,0.0499875,0
77940,49.9989,47.1472,47.2349,0.503045,0.176636,0.503045,0.366347,1.01318e-05,2.8517,0.0499875,0
78000,49.9989,47.1574,47.2447,0.502187,0.176187,0.502187,0.36574,1.0096e-05,2.84152,0.0499875,0
78060,49.9989,47.1676,47.2546,0.501332,0.175741,0.501332,0.365136,1.00603e-05,2.83137,0.0499875,0
78120,49.9989,47.1777,47.2643,0.500479,0.175296,0.500479,0.364533,1.00247e-05,2.82126,0.0499875,0
78180,49.9989,47.1877,47.2741,0.49963,0.174852,0.49963,0.363933,9.98919e-06,2.81119,0.0499875,0
78240,49.9989,47.1978,47.2838,0.498783,0.174411,0.498783,0.363334,9.95385e-06,2.80115,0.0499875,0
78300,49.9989,47.2078,47.2935,0.497939,0.17397,0.497939,0.362738,9.91863e-06,2.79115,0.0499875,0
78360,49.9989,47.2178,47.3031,0.497098,0.173532,0.497098,0.362144,9.88353e-06,2.78118,0.0499875,0
78420,49.9989,47.2277,47.3128,0.49626,0.173095,0.49626,0.361552,9.84857e-06,2.77125,0.0499875,0
78480,49.9989,47.2376,47.3223,0.495424,0.172659,0.495424,0.360962,9.81372e-06,2.76135,0.0499875,0
78540,49.9989,47.2474,47.3319,0.494591,0.172225,0.494591,0.360375,9.779e-06,2.75149,0.0499875,0
78600,49.9989,47.2573,47.3414,0.493761,0.171793,0.493761,0.359789,9.74441e-06,2.74166,0.0499875,0
78660,49.9989,47.2671,47.3509,0.492933,0.171362,0.492933,0.359205,9.70994e-06,2.73187,0.0499875,0
78720,49.9989,47.2768,47.3603,0.492109,0.170932,0.492109,0.358624,9.67559e-06,2.72211,0.0499875,0
78780,49.9989,47.2865,47.3697,0.491287,0.170505,0.491287,0.358044,9.64137e-06,2.71239,0.0499875,0
78840,49.9989,47.2962,47.3791,0.490468,0.170078,0.490468,0.357467,9.60727e-06,2.7027,0.0499875,0
78900,49.9989,47.3059,47.3884,0.489651,0.169654,0.489651,0.356891,9.57329e-06,2.69305,0.0499875,0
78960,49.9989,47.3155,47.3978,0.488837,0.16923,0.488837,0.356318,9.53944e-06,2.68343,0.0499875,0
79020,49.9989,47.3251,47.407,0.488026,0.168809,0.488026,0.355747,9.5057e-06,2.67385,0.0499875,0
79080,49.9989,47.3346,47.4163,0.487217,0.168389,0.487217,0.355177,9.47209e-06,2.6643,0.0499875,0
79140,49.9989,47.3441,47.4255,0.486412,0.16797,0.486412,0.35461,9.43861e-06,2.65479,0.0499875,0
79200,49.9989,47.3536,47.4347,0.485608,0.167553,0.485608,0.354045,9.40524e-06,2.64531,0.0499875,0
79260,49.9989,47.3631,47.4438,0.484808,0.167137,0.484808,0.353481,9.372e-06,2.63586,0.0499875,0
79320,49.9989,47.3725,47.4529,0.48401,0.166723,0.48401,0.35292,9.33887e-06,2.62645,0.0499875,0
79380,49.9989,47.3819,47.462,0.483215,0.166311,0.483215,0.352361,9.30587e-06,2.61707,0.0499875,0
79440,49.9989,47.3912,47.471,0.482422,0.1659,0.482422,0.351803,9.27298e-06,2.60773,0.0499875,0
79500,49.9989,47.4005,47.48,0.481632,0.16549,0.481632,0.351248,9.24022e-06,2.59842,0.0499875,0
79560,49.9989,47.4098,47.489,0.480844,0.165082,0.480844,0.350694,9.20758e-06,2.58914,0.0499875,0
79620,49.9989,47.419,47.4979,0.480059,0.164676,0.480059,0.350143,9.17506e-06,2.5799,0.0499875,0
79680,49.9989,47.4282,47.5068,0.479277,0.164271,0.479277,0.349593,9.14265e-06,2.57069,0.0499875,0
79740,49.9989,47.4374,47.5157,0.478497,0.163867,0.478497,0.349046,9.11037e-06,2.56151,0.0499875,0
79800,49.9989,47.4466,47.5246,0.47772,0.163465,0.47772,0.3485,9.0782e-06,2.55237,0.0499875,0
79860,49.9989,47.4557,47.5334,0.476945,0.163064,0.476945,0.347956,9.04615e-06,2.54326,0.0499875,0
79920,49.9989,47.4647,47.5422,0.476173,0.162665,0.476173,0.347415,9.01422e-06,2.53419,0.0499875,0
79980,49.9989,47.4738,47.5509,0.475404,0.162268,0.475404,0.346875,8.98241e-06,2.52515,0.0499875,0
80040,49.9989,47.4828,47.5596,0.474637,0.161872,0.474637,0.346337,8.95072e-06,2.51614,0.0499875,0
80100,49.9989,47.4918,47.5683,0.473872,0.161477,0.473872,0.345801,8.91914e-06,2.50716,0.0499875,0
80160,49.9989,47.5007,47.5769,0.47311,0.161084,0.47311,0.345266,8.88768e-06,2.49822,0.0499875,0
80220,49.9989,47.5096,47.5856,0.472351,0.160692,0.472351,0.344734,8.85634e-06,2.48931,0.0499875,0
80280,49.9989,47.5185,47.5941,0.471594,0.160301,0.471594,0.344204,8.82511e-06,2.48043,0.0499875,0
80340,49.9989,47.5273,47.6027,0.470839,0.159913,0.470839,0.343675,8.79401e-06,2.47159,0.0499875,0
80400,49.9989,47.5362,47.6112,0.470087,0.159525,0.470087,0.343148,8.76301e-06,2.46278,0.0499875,0
80460,49.9989,47.5449,47.6197,0.469337,0.159139,0.469337,0.342624,8.73213e-06,2.454,0.0499875,0
80520,49.9989,47.5537,47.6282,0.46859,0.158755,0.46859,0.342101,8.70137e-06,2.44525,0.0499875,0
80580,49.9989,47.5624,47.6366,0.467845,0.158372,0.467845,0.341579,8.67072e-06,2.43654,0.0499875,0
80640,49.9989,47.5711,47.645,0.467103,0.15799,0.467103,0.34106,8.64019e-06,2.42786,0.0499875,0
80700,49.9989,47.5797,47.6533,0.466363,0.15761,0.466363,0.340543,8.60977e-06,2.41921,0.0499875,0
80760,49.9989,47.5883,47.6617,0.465626,0.157231,0.465626,0.340027,8.57947e-06,2.41059,0.0499875,0
80820,49.9989,47.5969,47.67,0.464891,0.156854,0.464891,0.339513,8.54928e-06,2.40201,0.0499875,0
80880,49.9989,47.6055,47.6782,0.464158,0.156478,0.464158,0.339001,8.51921e-06,2.39346,0.0499875,0
80940,49.9989,47.614,47.6865,0.463428,0.156103,0.463428,0.338491,8.48924e-06,2.38493,0.0499875,0
81000,49.9989,47.6225,47.6947,0.4627,0.15573,0.4627,0.337982,8.45939e-06,2.37645,0.0499875,0
81060,49.9989,47.6309,47.7029,0.461975,0.155358,0.461975,0.337476,8.42966e-06,2.36799,0.0499875,0
81120,49.9989,47.6394,47.711,0.461251,0.154988,0.461251,0.336971,8.40003e-06,2.35956,0.0499875,0
81180,49.9989,47.6478,47.7191,0.460531,0.154619,0.460531,0.336468,8.37052e-06,2.35117,0.0499875,0
81240,49.9989,47.6561,47.7272,0.459812,0.154252,0.459812,0.335966,8.34112e-06,2.34281,0.0499875,0
81300,49.9989,47.6645,47.7353,0.459096,0.153886,0.459096,0.335467,8.31184e-06,2.33448,0.0499875,0
81360,49.9989,47.6728,47.7433,0.458382,0.153521,0.458382,0.334969,8.28266e-06,2.32618,0.0499875,0
81420,49.9989,47.681,47.7513,0.457671,0.153158,0.457671,0.334473,8.2536e-06,2.31791,0.0499875,0
81480,49.9989,47.6893,47.7592,0.456962,0.152796,0.456962,0.333978,8.22464e-06,2.30967,0.0499875,0
81540,49.9989,47.6975,47.7672,0.456255,0.152435,0.456255,0.333486,8.1958e-06,2.30147,0.0499875,0
81600,49.9989,47.7056,47.7751,0.45555,0.152076,0.45555,0.332995,8.16707e-06,2.29329,0.0499875,0
81660,49.9989,47.7138,47.7829,0.454848,0.151718,0.454848,0.332506,8.13845e-06,2.28515,0.0499875,0
81720,49.9989,47.7219,47.7908,0.454148,0.151362,0.454148,0.332018,8.10993e-06,2.27704,0.0499875,0
81780,49.9989,47.73,47.7986,0.453451,0.151007,0.453451,0.331533,8.08153e-06,2.26895,0.0499875,0
81840,49.9989,47.738,47.8064,0.452755,0.150653,0.452755,0.331048,8.05324e-06,2.2609,0.0499875,0
81900,49.9989,47.7461,47.8141,0.452062,0.150301,0.452062,0.330566,8.02505e-06,2.25288,0.0499875,0
81960,49.9989,47.754,47.8218,0.451371,0.14995,0.451371,0.330085,7.99698e-06,2.24489,0.0499875,0
82020,49.9989,47.762,47.8295,0.450683,0.1496,0.450683,0.329606,7.96901e-06,2.23694,0.0499875,0
82080,49.9989,47.7699,47.8372,0.449996,0.149252,0.449996,0.329129,7.94115e-06,2.22901,0.0499875,0
82140,49.9989,47.7778,47.8448,0.449312,0.148905,0.449312,0.328654,7.9134e-06,2.22111,0.0499875,0
82200,49.9989,47.7857,47.8524,0.44863,0.148559,0.44863,0.32818,7.88575e-06,2.21324,0.0499875,0
82260,49.9989,47.7935,47.86,0.44795,0.148215,0.44795,0.327707,7.85822e-06,2.2054,0.0499875,0
82320,49.9989,47.8013,47.8675,0.447273,0.147872,0.447273,0.327237,7.83079e-06,2.1976,0.0499875,0
82380,49.9989,47.8091,47.875,0.446597,0.147531,0.446597,0.326768,7.80346e-06,2.18982,0.0499875,0
82440,49.9989,47.8169,47.8825,0.445924,0.147191,0.445924,0.3263,7.77625e-06,2.18207,0.0499875,0
82500,49.9989,47.8246,47.89,0.445253,0.146852,0.445253,0.325834,7.74914e-06,2.17435,0.0499875,0
82560,49.9989,47.8323,47.8974,0.444584,0.146514,0.444584,0.32537,7.72213e-06,2.16667,0.0499875,0
82620,49.9989,47.8399,47.9048,0.443917,0.146178,0.443917,0.324908,7.69523e-06,2.15901,0.0499875,0
82680,49.9989,47.8476,47.9122,0.443253,0.145843,0.443253,0.324447,7.66844e-06,2.15138,0.0499875,0
82740,49.9989,47.8552,47.9195,0.44259,0.145509,0.44259,0.323988,7.64175e-06,2.14378,0.0499875,0
82800,49.9989,47.8627,47.9268,0.44193,0.145177,0.44193,0.32353,7.61516e-06,2.13621,0.0499875,0
82860,49.9989,47.8703,47.9341,0.441272,0.144846,0.441272,0.323074,7.58868e-06,2.12867,0.0499875,0
82920,49.9989,47.8778,47.9413,0.440616,0.144516,0.440616,0.322619,7.56231e-06,2.12116,0.0499875,0
82980,49.9989,47.8853,47.9486,0.439962,0.144188,0.439962,0.322166,7.53603e-06,2.11368,0.0499875,0
83040,49.9989,47.8927,47.9558,0.43931,0.143861,0.43931,0.321715,7.50986e-06,2.10623,0.0499875,0
83100,49.9989,47.9001,47.9629,0.438661,0.143535,0.438661,0.321265,7.4838e-06,2.09881,0.0499875,0
83160,49.9989,47.9075,47.9701,0.438013,0.14321,0.438013,0.320817,7.45784e-06,2.09141,0.0499875,0
83220,49.9989,47.9149,47.9772,0.437367,0.142887,0.437367,0.32037,7.43198e-06,2.08405,0.0499875,0
83280,49.9989,47.9222,47.9843,0.436724,0.142565,0.436724,0.319925,7.40622e-06,2.07671,0.0499875,0
83340,49.9989,47.9295,47.9913,0.436083,0.142245,0.436083,0.319481,7.38056e-06,2.0694,0.0499875,0
83400,49.9989,47.9368,47.9983,0.435443,0.141925,0.435443,0.319039,7.35501e-06,2.06213,0.0499875,0
83460,49.9989,47.9441,48.0053,0.434806,0.141607,0.434806,0.318599,7.32956e-06,2.05488,0.0499875,0
83520,49.9989,47.9513,48.0123,0.434171,0.14129,0.434171,0.31816,7.30421e-06,2.04766,0.0499875,0
83580,49.9989,47.9585,48.0193,0.433537,0.140974,0.433537,0.317722,7.27895e-06,2.04046,0.0499875,0
83640,49.9989,47.9656,48.0262,0.432906,0.14066,0.432906,0.317286,7.2538e-06,2.0333,0.0499875,0
83700,49.9989,47.9728,48.0331,0.432277,0.140347,0.432277,0.316852,7.22876e-06,2.02616,0.0499875,0
83760,49.9989,47.9799,48.0399,0.43165,0.140035,0.43165,0.316419,7.20381e-06,2.01905,0.0499875,0
83820,49.9989,47.987,48.0468,0.431025,0.139724,0.431025,0.315987,7.17896e-06,2.01198,0.0499875,0
83880,49.9989,47.994,48.0536,0.430402,0.139415,0.430402,0.315557,7.15421e-06,2.00492,0.0499875,0
83940,49.9989,48.001,48.0603,0.429781,0.139107,0.429781,0.315129,7.12955e-06,1.9979,0.0499875,0
84000,49.9989,48.008,48.0671,0.429161,0.1388,0.429161,0.314702,7.105e-06,1.9909,0.0499875,0
84060,49.9989,48.015,48.0738,0.428544,0.138494,0.428544,0.314276,7.08055e-06,1.98394,0.0499875,0
84120,49.9989,48.0219,48.0805,0.427929,0.13819,0.427929,0.313852,7.05619e-06,1.977,0.0499875,0
84180,49.9989,48.0288,48.0872,0.427316,0.137887,0.427316,0.313429,7.03193e-06,1.97008,0.0499875,0
84240,49.9989,48.0357,48.0938,0.426704,0.137585,0.426704,0.313008,7.00777e-06,1.9632,0.0499875,0
84300,49.9989,48.0426,48.1004,0.426095,0.137284,0.426095,0.312589,6.98371e-06,1.95634,0.0499875,0
84360,49.9989,48.0494,48.107,0.425488,0.136984,0.425488,0.31217,6.95974e-06,1.94951,0.0499875,0
84420,49.9989,48.0562,48.1136,0.424882,0.136686,0.424882,0.311753,6.93588e-06,1.94271,0.0499875,0
84480,49.9989,48.063,48.1201,0.424279,0.136389,0.424279,0.311338,6.9121e-06,1.93594,0.0499875,0
84540,49.9989,48.0697,48.1266,0.423677,0.136093,0.423677,0.310924,6.88843e-06,1.92919,0.0499875,0
84600,49.9989,48.0765,48.1331,0.423077,0.135798,0.423077,0.310511,6.86484e-06,1.92247,0.0499875,0
84660,49.9989,48.0832,48.1396,0.422479,0.135505,0.422479,0.3101,6.84136e-06,1.91577,0.0499875,0
84720,49.9989,48.0898,48.146,0.421884,0.135212,0.421884,0.30969,6.81797e-06,1.90911,0.0499875,0
84780,49.9989,48.0965,48.1524,0.42129,0.134921,0.42129,0.309282,6.79467e-06,1.90247,0.0499875,0
84840,49.9989,48.1031,48.1588,0.420697,0.134631,0.420697,0.308875,6.77147e-06,1.89585,0.0499875,0
84900,49.9989,48.1097,48.1652,0.420107,0.134342,0.420107,0.308469,6.74837e-06,1.88927,0.0499875,0
84960,49.9989,48.1162,48.1715,0.419519,0.134054,0.419519,0.308065,6.72536e-06,1.88271,0.0499875,0
85020,49.9989,48.1228,48.1778,0.418932,0.133768,0.418932,0.307662,6.70244e-06,1.87617,0.0499875,0
85080,49.9989,48.1293,48.1841,0.418347,0.133483,0.418347,0.307261,6.67961e-06,1.86967,0.0499875,0
85140,49.9989,48.1357,48.1903,0.417765,0.133199,0.417765,0.306861,6.65688e-06,1.86319,0.0499875,0
85200,49.9989,48.1422,48.1965,0.417184,0.132916,0.417184,0.306462,6.63424e-06,1.85673,0.0499875,0
85260,49.9989,48.1486,48.2027,0.416605,0.132634,0.416605,0.306065,6.61169e-06,1.8503,0.0499875,0
85320,49.9989,48.155,48.2089,0.416027,0.132353,0.416027,0.305669,6.58924e-06,1.8439,0.0499875,0
85380,49.9989,48.1614,48.2151,0.415452,0.132074,0.415452,0.305274,6.56688e-06,1.83753,0.0499875,0
85440,49.9989,48.1678,48.2212,0.414878,0.131795,0.414878,0.304881,6.54461e-06,1.83118,0.0499875,0
85500,49.9989,48.1741,48.2273,0.414306,0.131518,0.414306,0.304489,6.52243e-06,1.82485,0.0499875,0
85560,49.9989,48.1804,48.2334,0.413736,0.131242,0.413736,0.304098,6.50034e-06,1.81855,0.0499875,0
85620,49.9989,48.1867,48.2394,0.413168,0.130967,0.413168,0.303709,6.47834e-06,1.81228,0.0499875,0
85680,49.9989,48.1929,48.2454,0.412601,0.130693,0.412601,0.303321,6.45643e-06,1.80604,0.0499875,0
85740,49.9989,48.1991,48.2514,0.412036,0.13042,0.412036,0.302934,6.43462e-06,1.79981,0.0499875,0
85800,49.9989,48.2053,48.2574,0.411474,0.130149,0.411474,0.302548,6.41289e-06,1.79362,0.0499875,0
85860,49.9989,48.2115,48.2634,0.410912,0.129878,0.410912,0.302164,6.39125e-06,1.78745,0.0499875,0
85920,49.9989,48.2176,48.2693,0.410353,0.129609,0.410353,0.301781,6.3697e-06,1.7813,0.0499875,0
85980,49.9989,48.2238,48.2752,0.409795,0.129341,0.409795,0.3014,6.34824e-06,1.77518,0.0499875,0
86040,49.9989,48.2298,48.2811,0.409239,0.129073,0.409239,0.30102,6.32687e-06,1.76909,0.0499875,0
86100,49.9989,48.2359,48.2869,0.408685,0.128807,0.408685,0.300641,6.30559e-06,1.76302,0.0499875,0
86160,49.9989,48.242,48.2927,0.408133,0.128542,0.408133,0.300263,6.28439e-06,1.75697,0.0499875,0
86220,49.9989,48.248,48.2985,0.407582,0.128279,0.407582,0.299887,6.26329e-06,1.75095,0.0499875,0
86280,49.9989,48.254,48.3043,0.407033,0.128016,0.407033,0.299511,6.24227e-06,1.74496,0.0499875,0
86340,49.9989,48.2599,48.3101,0.406486,0.127754,0.406486,0.299137,6.22133e-06,1.73899,0.0499875,0
86400,49.9989,48.2659,48.3158,0.40594,0.127494,0.40594,0.298765,6.20049e-06,1.73304,0.0499875,0
86460,49.9989,48.2718,48.3215,0.405396,0.127234,0.405396,0.298393,6.17973e-06,1.72712,0.0499875,0
86520,49.9989,48.2777,48.3272,0.404854,0.126976,0.404854,0.298023,6.15905e-06,1.72123,0.0499875,0
86580,49.9989,48.2836,48.3329,0.404314,0.126718,0.404314,0.297654,6.13847e-06,1.71535,0.0499875,0
86640,49.9989,48.2894,48.3385,0.403775,0.126462,0.403775,0.297287,6.11796e-06,1.70951,0.0499875,0
86700,49.9989,48.2953,48.3441,0.403238,0.126207,0.403238,0.29692,6.09755e-06,1.70368,0.0499875,0
86760,49.9989,48.3011,48.3497,0.402702,0.125953,0.402702,0.296555,6.07721e-06,1.69788,0.0499875,0
86820,49.9989,48.3068,48.3553,0.402169,0.1257,0.402169,0.296191,6.05697e-06,1.69211,0.0499875,0
86880,49.9989,48.3126,48.3608,0.401637,0.125448,0.401637,0.295828,6.0368e-06,1.68636,0.0499875,0
86940,49.9989,48.3183,48.3663,0.401106,0.125197,0.401106,0.295466,6.01672e-06,1.68063,0.0499875,0
87000,49.9989,48.324,48.3718,0.400577,0.124947,0.400577,0.295106,5.99673e-06,1.67493,0.0499875,0
87060,49.9989,48.3297,48.3773,0.40005,0.124698,0.40005,0.294747,5.97682e-06,1.66925,0.0499875,0
87120,49.9989,48.3353,48.3828,0.399525,0.12445,0.399525,0.294389,5.95699e-06,1.66359,0.0499875,0
87180,49.9989,48.341,48.3882,0.399001,0.124203,0.399001,0.294032,5.93724e-06,1.65796,0.0499875,0
87240,49.9989,48.3466,48.3936,0.398478,0.123957,0.398478,0.293676,5.91758e-06,1.65235,0.0499875,0
87300,49.9989,48.3522,48.399,0.397958,0.123712,0.397958,0.293322,5.898e-06,1.64676,0.0499875,0
87360,49.9989,48.3577,48.4043,0.397439,0.123469,0.397439,0.292969,5.8785e-06,1.6412,0.0499875,0
87420,49.9989,48.3633,48.4097,0.396921,0.123226,0.396921,0.292616,5.85908e-06,1.63566,0.0499875,0
87480,49.9989,48.3688,48.415,0.396405,0.122984,0.396405,0.292266,5.83974e-06,1.63015,0.0499875,0
87540,49.9989,48.3743,48.4203,0.395891,0.122744,0.395891,0.291916,5.82049e-06,1.62465,0.0499875,0
87600,49.9989,48.3798,48.4256,0.395378,0.122504,0.395378,0.291567,5.80131e-06,1.61918,0.0499875,0
87660,49.9989,48.3852,48.4308,0.394867,0.122265,0.394867,0.29122,5.78222e-06,1.61374,0.0499875,0
87720,49.9989,48.3906,48.436,0.394358,0.122028,0.394358,0.290873,5.7632e-06,1.60831,0.0499875,0
87780,49.9989,48.396,48.4413,0.39385,0.121791,0.39385,0.290528,5.74427e-06,1.60291,0.0499875,0
87840,49.9989,48.4014,48.4464,0.393343,0.121555,0.393343,0.290184,5.72541e-06,1.59753,0.0499875,0
87900,49.9989,48.4068,48.4516,0.392838,0.12132,0.392838,0.289841,5.70663e-06,1.59217,0.0499875,0
87960,49.9989,48.4121,48.4567,0.392335,0.121087,0.392335,0.289499,5.68794e-06,1.58684,0.0499875,0
88020,49.9989,48.4174,48.4619,0.391833,0.120854,0.391833,0.289158,5.66932e-06,1.58153,0.0499875,0
88080,49.9989,48.4227,48.467,0.391333,0.120622,0.391333,0.288819,5.65078e-06,1.57624,0.0499875,0
88140,49.9989,48.428,48.472,0.390835,0.120391,0.390835,0.28848,5.63231e-06,1.57097,0.0499875,0
88200,49.9989,48.4332,48.4771,0.390337,0.120162,0.390337,0.288143,5.61393e-06,1.56573,0.0499875,0
88260,49.9989,48.4384,48.4821,0.389842,0.119933,0.389842,0.287807,5.59562e-06,1.56051,0.0499875,0
88320,49.9989,48.4436,48.4871,0.389348,0.119705,0.389348,0.287471,5.57739e-06,1.55531,0.0499875,0
88380,49.9989,48.4488,48.4921,0.388855,0.119478,0.388855,0.287137,5.55923e-06,1.55013,0.0499875,0
88440,49.9989,48.454,48.4971,0.388364,0.119252,0.388364,0.286804,5.54116e-06,1.54497,0.0499875,0
88500,49.9989,48.4591,48.502,0.387874,0.119027,0.387874,0.286472,5.52315e-06,1.53984,0.0499875,0
88560,49.9989,48.4642,48.507,0.387386,0.118803,0.387386,0.286142,5.50523e-06,1.53472,0.0499875,0
88620,49.9989,48.4693,48.5119,0.3869,0.11858,0.3869,0.285812,5.48738e-06,1.52963,0.0499875,0
88680,49.9989,48.4744,48.5168,0.386414,0.118358,0.386414,0.285483,5.4696e-06,1.52456,0.0499875,0
88740,49.9989,48.4794,48.5216,0.385931,0.118136,0.385931,0.285155,5.4519e-06,1.51951,0.0499875,0
88800,49.9989,48.4844,48.5265,0.385449,0.117916,0.385449,0.284829,5.43427e-06,1.51448,0.0499875,0
88860,49.9989,48.4895,48.5313,0.384968,0.117697,0.384968,0.284503,5.41672e-06,1.50948,0.0499875,0
88920,49.9989,48.4944,48.5361,0.384489,0.117478,0.384489,0.284179,5.39925e-06,1.50449,0.0499875,0
88980,49.9989,48.4994,48.5409,0.384011,0.117261,0.384011,0.283855,5.38184e-06,1.49953,0.0499875,0
89040,49.9989,48.5043,48.5456,0.383534,0.117044,0.383534,0.283533,5.36451e-06,1.49459,0.0499875,0
89100,49.9989,48.5093,48.5504,0.38306,0.116828,0.38306,0.283212,5.34725e-06,1.48966,0.0499875,0
89160,49.9989,48.5142,48.5551,0.382586,0.116613,0.382586,0.282891,5.33007e-06,1.48476,0.0499875,0
89220,49.9989,48.5191,48.5598,0.382114,0.1164,0.382114,0.282572,5.31296e-06,1.47988,0.0499875,0
89280,49.9989,48.5239,48.5645,0.381643,0.116187,0.381643,0.282254,5.29592e-06,1.47502,0.0499875,0
89340,49.9989,48.5288,48.5691,0.381174,0.115974,0.381174,0.281937,5.27895e-06,1.47018,0.0499875,0
89400,49.9989,48.5336,48.5738,0.380706,0.115763,0.380706,0.28162,5.26205e-06,1.46537,0.0499875,0
89460,49.9989,48.5384,48.5784,0.38024,0.115553,0.38024,0.281305,5.24523e-06,1.46057,0.0499875,0
89520,49.9989,48.5431,48.583,0.379775,0.115343,0.379775,0.280991,5.22847e-06,1.45579,0.0499875,0
89580,49.9989,48.5479,48.5876,0.379312,0.115135,0.379312,0.280678,5.21179e-06,1.45103,0.0499875,0
89640,49.9989,48.5526,48.5922,0.378849,0.114927,0.378849,0.280365,5.19518e-06,1.44629,0.0499875,0
89700,49.9989,48.5574,48.5967,0.378389,0.11472,0.378389,0.280054,5.17864e-06,1.44158,0.0499875,0
89760,49.9989,48.5621,48.6012,0.377929,0.114515,0.377929,0.279744,5.16216e-06,1.43688,0.0499875,0
89820,49.9989,48.5667,48.6057,0.377471,0.11431,0.377471,0.279435,5.14576e-06,1.4322,0.0499875,0
89880,49.9989,48.5714,48.6102,0.377015,0.114105,0.377015,0.279126,5.12943e-06,1.42755,0.0499875,0
89940,49.9989,48.576,48.6147,0.376559,0.113902,0.376559,0.278819,5.11316e-06,1.42291,0.0499875,0
90000,49.9989,48.5806,48.6191,0.376105,0.1137,0.376105,0.278513,5.09696e-06,1.41829,0.0499875,0
90060,49.9989,48.5852,48.6236,0.375653,0.113498,0.375653,0.278208,5.08084e-06,1.41369,0.0499875,0
90120,49.9989,48.5898,48.628,0.375202,0.113297,0.375202,0.277903,5.06478e-06,1.40911,0.0499875,0
90180,49.9989,48.5944,48.6324,0.374752,0.113097,0.374752,0.2776,5.04878e-06,1.40455,0.0499875,0
90240,49.9989,48.5989,48.6368,0.374303,0.112898,0.374303,0.277297,5.03286e-06,1.40001,0.0499875,0
90300,49.9989,48.6034,48.6411,0.373856,0.1127,0.373856,0.276996,5.017e-06,1.39549,0.0499875,0
90360,49.9989,48.6079,48.6454,0.37341,0.112503,0.37341,0.276695,5.00121e-06,1.39099,0.0499875,0
90420,49.9989,48.6124,48.6498,0.372966,0.112306,0.372966,0.276396,4.98549e-06,1.38651,0.0499875,0
90480,49.9989,48.6169,48.6541,0.372523,0.11211,0.372523,0.276097,4.96983e-06,1.38205,0.0499875,0
90540,49.9989,48.6213,48.6583,0.372081,0.111916,0.372081,0.275799,4.95424e-06,1.3776,0.0499875,0
90600,49.9989,48.6258,48.6626,0.37164,0.111721,0.37164,0.275503,4.93872e-06,1.37318,0.0499875,0
90660,49.9989,48.6302,48.6669,0.371201,0.111528,0.371201,0.275207,4.92326e-06,1.36877,0.0499875,0
90720,49.9989,48.6346,48.6711,0.370763,0.111336,0.370763,0.274912,4.90786e-06,1.36438,0.0499875,0
90780,49.9989,48.6389,48.6753,0.370327,0.111144,0.370327,0.274618,4.89253e-06,1.36001,0.0499875,0
90840,49.9989,48.6433,48.6795,0.369891,0.110953,0.369891,0.274325,4.87727e-06,1.35566,0.0499875,0
90900,49.9989,48.6476,48.6837,0.369457,0.110763,0.369457,0.274032,4.86207e-06,1.35133,0.0499875,0
90960,49.9989,48.6519,48.6878,0.369024,0.110574,0.369024,0.273741,4.84693e-06,1.34702,0.0499875,0
91020,49.9989,48.6562,48.692,0.368593,0.110386,0.368593,0.273451,4.83186e-06,1.34272,0.0499875,0
91080,49.9989,48.6605,48.6961,0.368163,0.110198,0.368163,0.273161,4.81685e-06,1.33845,0.0499875,0
91140,49.9989,48.6647,48.7002,0.367734,0.110011,0.367734,0.272873,4.8019e-06,1.33419,0.0499875,0
91200,49.9989,48.669,48.7043,0.367306,0.109825,0.367306,0.272585,4.78702e-06,1.32995,0.0499875,0
91260,49.9989,48.6732,48.7083,0.36688,0.10964,0.36688,0.272298,4.7722e-06,1.32572,0.0499875,0
91320,49.9989,48.6774,48.7124,0.366455,0.109456,0.366455,0.272012,4.75744e-06,1.32152,0.0499875,0
91380,49.9989,48.6816,48.7164,0.366031,0.109272,0.366031,0.271727,4.74275e-06,1.31733,0.0499875,0
91440,49.9989,48.6858,48.7204,0.365608,0.109089,0.365608,0.271443,4.72812e-06,1.31316,0.0499875,0
91500,49.9989,48.6899,48.7244,0.365187,0.108907,0.365187,0.27116,4.71354e-06,1.30901,0.0499875,0
91560,49.9989,48.6941,48.7284,0.364766,0.108725,0.364766,0.270878,4.69903e-06,1.30488,0.0499875,0
91620,49.9989,48.6982,48.7324,0.364348,0.108545,0.364348,0.270596,4.68458e-06,1.30076,0.0499875,0
91680,49.9989,48.7023,48.7363,0.36393,0.108365,0.36393,0.270316,4.6702e-06,1.29667,0.0499875,0
91740,49.9989,48.7063,48.7403,0.363513,0.108186,0.363513,0.270036,4.65587e-06,1.29258,0.0499875,0
91800,49.9989,48.7104,48.7442,0.363098,0.108008,0.363098,0.269757,4.6416e-06,1.28852,0.0499875,0
91860,49.9989,48.7145,48.7481,0.362684,0.10783,0.362684,0.269479,4.62739e-06,1.28448,0.0499875,0
91920,49.9989,48.7185,48.752,0.362271,0.107653,0.362271,0.269202,4.61324e-06,1.28045,0.0499875,0
91980,49.9989,48.7225,48.7558,0.36186,0.107477,0.36186,0.268925,4.59915e-06,1.27643,0.0499875,0
92040,49.9989,48.7265,48.7597,0.361449,0.107302,0.361449,0.26865,4.58513e-06,1.27244,0.0499875,0
92100,49.9989,48.7305,48.7635,0.36104,0.107127,0.36104,0.268375,4.57115e-06,1.26846,0.0499875,0
92160,49.9989,48.7344,48.7673,0.360632,0.106953,0.360632,0.268101,4.55724e-06,1.2645,0.0499875,0
92220,49.9989,48.7384,48.7711,0.360225,0.10678,0.360225,0.267828,4.54339e-06,1.26056,0.0499875,0
92280,49.9989,48.7423,48.7749,0.359819,0.106607,0.359819,0.267556,4.52959e-06,1.25663,0.0499875,0
92340,49.9989,48.7462,48.7787,0.359415,0.106436,0.359415,0.267285,4.51586e-06,1.25272,0.0499875,0
92400,49.9989,48.7501,48.7824,0.359012,0.106265,0.359012,0.267014,4.50218e-06,1.24882,0.0499875,0
92460,49.9989,48.754,48.7862,0.358609,0.106094,0.358609,0.266744,4.48855e-06,1.24495,0.0499875,0
92520,49.9989,48.7579,48.7899,0.358208,0.105925,0.358208,0.266475,4.47499e-06,1.24108,0.0499875,0
92580,49.9989,48.7617,48.7936,0.357809,0.105756,0.357809,0.266207,4.46148e-06,1.23724,0.0499875,0
92640,49.9989,48.7655,48.7973,0.35741,0.105588,0.35741,0.26594,4.44803e-06,1.23341,0.0499875,0
92700,49.9989,48.7693,48.801,0.357012,0.10542,0.357012,0.265674,4.43463e-06,1.2296,0.0499875,0
92760,49.9989,48.7731,48.8046,0.356616,0.105254,0.356616,0.265408,4.42129e-06,1.2258,0.0499875,0
92820,49.9989,48.7769,48.8083,0.356221,0.105088,0.356221,0.265143,4.40801e-06,1.22202,0.0499875,0
92880,49.9989,48.7807,48.8119,0.355827,0.104922,0.355827,0.264879,4.39478e-06,1.21826,0.0499875,0
92940,49.9989,48.7844,48.8155,0.355434,0.104758,0.355434,0.264616,4.3816e-06,1.21451,0.0499875,0
93000,49.9989,48.7882,48.8191,0.355042,0.104594,0.355042,0.264353,4.36849e-06,1.21078,0.0499875,0
93060,49.9989,48.7919,48.8227,0.354651,0.10443,0.354651,0.264091,4.35542e-06,1.20706,0.0499875,0
93120,49.9989,48.7956,48.8263,0.354262,0.104268,0.354262,0.26383,4.34241e-06,1.20336,0.0499875,0
93180,49.9989,48.7993,48.8298,0.353873,0.104106,0.353873,0.26357,4.32946e-06,1.19967,0.0499875,0
93240,49.9989,48.8029,48.8334,0.353486,0.103945,0.353486,0.263311,4.31656e-06,1.196,0.0499875,0
93300,49.9989,48.8066,48.8369,0.3531,0.103784,0.3531,0.263052,4.30371e-06,1.19235,0.0499875,0
93360,49.9989,48.8102,48.8404,0.352715,0.103624,0.352715,0.262794,4.29092e-06,1.18871,0.0499875,0
93420,49.9989,48.8138,48.8439,0.352331,0.103465,0.352331,0.262537,4.27818e-06,1.18509,0.0499875,0
93480,49.9989,48.8175,48.8474,0.351948,0.103306,0.351948,0.262281,4.26549e-06,1.18148,0.0499875,0
93540,49.9989,48.821,48.8508,0.351566,0.103148,0.351566,0.262026,4.25285e-06,1.17789,0.0499875,0
93600,49.9989,48.8246,48.8543,0.351185,0.102991,0.351185,0.261771,4.24027e-06,1.17431,0.0499875,0
93660,49.9989,48.8282,48.8577,0.350805,0.102834,0.350805,0.261517,4.22774e-06,1.17075,0.0499875,0
93720,49.9989,48.8317,48.8611,0.350427,0.102678,0.350427,0.261263,4.21526e-06,1.1672,0.0499875,0
93780,49.9989,48.8353,48.8645,0.350049,0.102523,0.350049,0.261011,4.20284e-06,1.16367,0.0499875,0
93840,49.9989,48.8388,48.8679,0.349673,0.102368,0.349673,0.260759,4.19046e-06,1.16015,0.0499875,0
93900,49.9989,48.8423,48.8713,0.349298,0.102214,0.349298,0.260508,4.17814e-06,1.15665,0.0499875,0
93960,49.9989,48.8458,48.8747,0.348923,0.102061,0.348923,0.260258,4.16587e-06,1.15316,0.0499875,0
94020,49.9989,48.8493,48.878,0.34855,0.101908,0.34855,0.260008,4.15364e-06,1.14968,0.0499875,0
94080,49.9989,48.8527,48.8814,0.348178,0.101756,0.348178,0.259759,4.14147e-06,1.14623,0.0499875,0
94140,49.9989,48.8562,48.8847,0.347807,0.101604,0.347807,0.259511,4.12935e-06,1.14278,0.0499875,0
94200,49.9989,48.8596,48.888,0.347437,0.101454,0.347437,0.259264,4.11728e-06,1.13935,0.0499875,0
94260,49.9989,48.863,48.8913,0.347068,0.101303,0.347068,0.259017,4.10526e-06,1.13594,0.0499875,0
94320,49.9989,48.8664,48.8946,0.3467,0.101154,0.3467,0.258771,4.09329e-06,1.13253,0.0499875,0
94380,49.9989,48.8698,48.8978,0.346333,0.101005,0.346333,0.258526,4.08137e-06,1.12915,0.0499875,0
94440,49.9989,48.8732,48.9011,0.345967,0.100856,0.345967,0.258281,4.0695e-06,1.12577,0.0499875,0
94500,49.9989,48.8765,48.9043,0.345602,0.100708,0.345602,0.258038,4.05767e-06,1.12242,0.0499875,0
94560,49.9989,48.8799,48.9075,0.345238,0.100561,0.345238,0.257794,4.0459e-06,1.11907,0.0499875,0
94620,49.9989,48.8832,48.9108,0.344875,0.100415,0.344875,0.257552,4.03417e-06,1.11574,0.0499875,0
94680,49.9989,48.8865,48.914,0.344514,0.100269,0.344514,0.25731,4.02249e-06,1.11242,0.0499875,0
94740,49.9989,48.8898,48.9171,0.344153,0.100123,0.344153,0.257069,4.01086e-06,1.10912,0.0499875,0
94800,49.9989,48.8931,48.9203,0.343793,0.0999785,0.343793,0.256829,3.99928e-06,1.10583,0.0499875,0
94860,49.9989,48.8964,48.9235,0.343434,0.0998344,0.343434,0.256589,3.98774e-06,1.10256,0.0499875,0
94920,49.9989,48.8996,48.9266,0.343077,0.0996908,0.343077,0.25635,3.97626e-06,1.0993,0.0499875,0
94980,49.9989,48.9029,48.9298,0.34272,0.0995478,0.34272,0.256112,3.96482e-06,1.09605,0.0499875,0
95040,49.9989,48.9061,48.9329,0.342364,0.0994053,0.342364,0.255875,3.95342e-06,1.09281,0.0499875,0
95100,49.9989,48.9093,48.936,0.342009,0.0992635,0.342009,0.255638,3.94208e-06,1.08959,0.0499875,0
95160,49.9989,48.9126,48.9391,0.341655,0.0991222,0.341655,0.255402,3.93078e-06,1.08638,0.0499875,0
95220,49.9989,48.9157,48.9422,0.341303,0.0989816,0.341303,0.255166,3.91952e-06,1.08319,0.0499875,0
95280,49.9989,48.9189,48.9452,0.340951,0.0988415,0.340951,0.254931,3.90831e-06,1.08001,0.0499875,0
95340,49.9989,48.9221,48.9483,0.3406,0.0987019,0.3406,0.254697,3.89715e-06,1.07684,0.0499875,0
95400,49.9989,48.9252,48.9513,0.34025,0.098563,0.34025,0.254464,3.88603e-06,1.07369,0.0499875,0
95460,49.9989,48.9284,48.9544,0.339901,0.0984246,0.339901,0.254231,3.87496e-06,1.07055,0.0499875,0
95520,49.9989,48.9315,48.9574,0.339553,0.0982867,0.339553,0.253999,3.86394e-06,1.06742,0.0499875,0
95580,49.9989,48.9346,48.9604,0.339206,0.0981495,0.339206,0.253767,3.85295e-06,1.0643,0.0499875,0
95640,49.9989,48.9377,48.9634,0.33886,0.0980127,0.33886,0.253536,3.84202e-06,1.0612,0.0499875,0
95700,49.9989,48.9408,48.9664,0.338515,0.0978766,0.338515,0.253306,3.83112e-06,1.05811,0.0499875,0
95760,49.9989,48.9439,48.9693,0.338171,0.097741,0.338171,0.253077,3.82028e-06,1.05503,0.0499875,0
95820,49.9989,48.947,48.9723,0.337828,0.0976059,0.337828,0.252848,3.80947e-06,1.05197,0.0499875,0
95880,49.9989,48.95,48.9752,0.337486,0.0974714,0.337486,0.252619,3.79871e-06,1.04892,0.0499875,0
95940,49.9989,48.9531,48.9782,0.337145,0.0973375,0.337145,0.252392,3.78799e-06,1.04588,0.0499875,0
96000,49.9989,48.9561,48.9811,0.336804,0.0972041,0.336804,0.252165,3.77732e-06,1.04285,0.0499875,0
96060,49.9989,48.9591,48.984,0.336465,0.0970712,0.336465,0.251939,3.76669e-06,1.03984,0.0499875,0
96120,49.9989,48.9621,48.9869,0.336127,0.0969388,0.336127,0.251713,3.7561e-06,1.03684,0.0499875,0
96180,49.9989,48.9651,48.9898,0.335789,0.096807,0.335789,0.251488,3.74556e-06,1.03385,0.0499875,0
96240,49.9989,48.9681,48.9926,0.335453,0.0966758,0.335453,0.251263,3.73506e-06,1.03087,0.0499875,0
96300,49.9989,48.971,48.9955,0.335117,0.096545,0.335117,0.25104,3.7246e-06,1.02791,0.0499875,0
96360,49.9989,48.974,48.9984,0.334782,0.0964148,0.334782,0.250816,3.71418e-06,1.02495,0.0499875,0
96420,49.9989,48.9769,49.0012,0.334448,0.0962851,0.334448,0.250594,3.70381e-06,1.02201,0.0499875,0
96480,49.9989,48.9798,49.004,0.334115,0.096156,0.334115,0.250372,3.69347e-06,1.01909,0.0499875,0
96540,49.9989,48.9828,49.0068,0.333783,0.0960273,0.333783,0.250151,3.68318e-06,1.01617,0.0499875,0
96600,49.9989,48.9857,49.0096,0.333452,0.0958992,0.333452,0.24993,3.67293e-06,1.01327,0.0499875,0
96660,49.9989,48.9886,49.0124,0.333122,0.0957716,0.333122,0.24971,3.66272e-06,1.01037,0.0499875,0
96720,49.9989,48.9914,49.0152,0.332793,0.0956445,0.332793,0.24949,3.65256e-06,1.00749,0.0499875,0
96780,49.9989,48.9943,49.018,0.332464,0.0955179,0.332464,0.249272,3.64243e-06,1.00462,0.0499875,0
96840,49.9989,48.9972,49.0207,0.332137,0.0953918,0.332137,0.249053,3.63234e-06,1.00177,0.0499875,0
96900,49.9989,49,49.0235,0.33181,0.0952662,0.33181,0.248836,3.6223e-06,0.998923,0.0499875,0
96960,49.9989,49.0028,49.0262,0.331485,0.0951412,0.331485,0.248619,3.61229e-06,0.996089,0.0499875,0
97020,49.9989,49.0057,49.0289,0.33116,0.0950166,0.33116,0.248402,3.60232e-06,0.993267,0.0499875,0
97080,49.9989,49.0085,49.0317,0.330836,0.0948925,0.330836,0.248186,3.5924e-06,0.990457,0.0499875,0
97140,49.9989,49.0113,49.0344,0.330513,0.0947689,0.330513,0.247971,3.58251e-06,0.987658,0.0499875,0
97200,49.9989,49.0141,49.0371,0.33019,0.0946458,0.33019,0.247757,3.57266e-06,0.98487,0.0499875,0
97260,49.9989,49.0168,49.0397,0.329869,0.0945232,0.329869,0.247542,3.56286e-06,0.982094,0.0499875,0
97320,49.9989,49.0196,49.0424,0.329549,0.0944011,0.329549,0.247329,3.55309e-06,0.979329,0.0499875,0
97380,49.9989,49.0224,49.0451,0.329229,0.0942795,0.329229,0.247116,3.54336e-06,0.976575,0.0499875,0
97440,49.9989,49.0251,49.0477,0.32891,0.0941584,0.32891,0.246904,3.53367e-06,0.973833,0.0499875,0
97500,49.9989,49.0278,49.0504,0.328592,0.0940377,0.328592,0.246692,3.52401e-06,0.971101,0.0499875,0
97560,49.9989,49.0306,49.053,0.328275,0.0939175,0.328275,0.246481,3.5144e-06,0.968381,0.0499875,0
97620,49.9989,49.0333,49.0556,0.327959,0.0937978,0.327959,0.24627,3.50482e-06,0.965671,0.0499875,0
97680,49.9989,49.036,49.0582,0.327644,0.0936786,0.327644,0.24606,3.49528e-06,0.962973,0.0499875,0
97740,49.9989,49.0386,49.0608,0.327329,0.0935598,0.327329,0.245851,3.48578e-06,0.960285,0.0499875,0
97800,49.9989,49.0413,49.0634,0.327015,0.0934416,0.327015,0.245642,3.47632e-06,0.957609,0.0499875,0
97860,49.9989,49.044,49.066,0.326703,0.0933237,0.326703,0.245434,3.4669e-06,0.954943,0.0499875,0
97920,49.9989,49.0466,49.0685,0.326391,0.0932064,0.326391,0.245226,3.45751e-06,0.952288,0.0499875,0
97980,49.9989,49.0493,49.0711,0.326079,0.0930895,0.326079,0.245019,3.44816e-06,0.949643,0.0499875,0
98040,49.9989,49.0519,49.0736,0.325769,0.0929731,0.325769,0.244812,3.43884e-06,0.94701,0.0499875,0
98100,49.9989,49.0545,49.0762,0.32546,0.0928571,0.32546,0.244606,3.42956e-06,0.944386,0.0499875,0
98160,49.9989,49.0572,49.0787,0.325151,0.0927416,0.325151,0.244401,3.42032e-06,0.941774,0.0499875,0
98220,49.9989,49.0598,49.0812,0.324843,0.0926265,0.324843,0.244196,3.41112e-06,0.939172,0.0499875,0
98280,49.9989,49.0624,49.0837,0.324536,0.0925119,0.324536,0.243991,3.40195e-06,0.93658,0.0499875,0
98340,49.9989,49.0649,49.0862,0.32423,0.0923978,0.32423,0.243787,3.39282e-06,0.933999,0.0499875,0
98400,49.9989,49.0675,49.0887,0.323924,0.0922841,0.323924,0.243584,3.38372e-06,0.931428,0.0499875,0
98460,49.9989,49.0701,49.0912,0.32362,0.0921708,0.32362,0.243381,3.37466e-06,0.928867,0.0499875,0
98520,49.9989,49.0726,49.0936,0.323316,0.092058,0.323316,0.243179,3.36563e-06,0.926317,0.0499875,0
98580,49.9989,49.0752,49.0961,0.323013,0.0919456,0.323013,0.242978,3.35664e-06,0.923777,0.0499875,0
98640,49.9989,49.0777,49.0985,0.322711,0.0918337,0.322711,0.242776,3.34769e-06,0.921247,0.0499875,0
98700,49.9989,49.0802,49.101,0.322409,0.0917222,0.322409,0.242576,3.33877e-06,0.918727,0.0499875,0
98760,49.9989,49.0827,49.1034,0.322109,0.0916111,0.322109,0.242376,3.32988e-06,0.916217,0.0499875,0
98820,49.9989,49.0852,49.1058,0.321809,0.0915005,0.321809,0.242176,3.32103e-06,0.913717,0.0499875,0
98880,49.9989,49.0877,49.1082,0.32151,0.0913903,0.32151,0.241977,3.31222e-06,0.911227,0.0499875,0
98940,49.9989,49.0902,49.1106,0.321212,0.0912805,0.321212,0.241779,3.30343e-06,0.908747,0.0499875,0
99000,49.9989,49.0927,49.113,0.320914,0.0911711,0.320914,0.241581,3.29469e-06,0.906277,0.0499875,0
99060,49.9989,49.0951,49.1154,0.320618,0.0910622,0.320618,0.241383,3.28597e-06,0.903816,0.0499875,0
99120,49.9989,49.0976,49.1177,0.320322,0.0909537,0.320322,0.241187,3.27729e-06,0.901366,0.0499875,0
99180,49.9989,49.1,49.1201,0.320027,0.0908456,0.320027,0.24099,3.26865e-06,0.898925,0.0499875,0
99240,49.9989,49.1024,49.1224,0.319732,0.090738,0.319732,0.240794,3.26003e-06,0.896493,0.0499875,0
99300,49.9989,49.1049,49.1248,0.319439,0.0906307,0.319439,0.240599,3.25146e-06,0.894072,0.0499875,0
99360,49.9989,49.1073,49.1271,0.319146,0.0905239,0.319146,0.240404,3.24291e-06,0.89166,0.0499875,0
99420,49.9989,49.1097,49.1294,0.318854,0.0904175,0.318854,0.24021,3.2344e-06,0.889257,0.0499875,0
99480,49.9989,49.1121,49.1318,0.318563,0.0903115,0.318563,0.240016,3.22592e-06,0.886864,0.0499875,0
99540,49.9989,49.1145,49.1341,0.318272,0.0902059,0.318272,0.239823,3.21747e-06,0.88448,0.0499875,0
99600,49.9989,49.1168,49.1364,0.317982,0.0901007,0.317982,0.23963,3.20905e-06,0.882106,0.0499875,0
99660,49.9989,49.1192,49.1386,0.317693,0.0899959,0.317693,0.239438,3.20067e-06,0.879741,0.0499875,0
99720,49.9989,49.1215,49.1409,0.317405,0.0898915,0.317405,0.239246,3.19232e-06,0.877386,0.0499875,0
99780,49.9989,49.1239,49.1432,0.317117,0.0897876,0.317117,0.239055,3.184e-06,0.875039,0.0499875,0
99840,49.9989,49.1262,49.1454,0.316831,0.089684,0.316831,0.238864,3.17571e-06,0.872702,0.0499875,0
99900,49.9989,49.1286,49.1477,0.316545,0.0895808,0.316545,0.238673,3.16746e-06,0.870374,0.0499875,0
99960,49.9989,49.1309,49.1499,0.316259,0.089478,0.316259,0.238484,3.15924e-06,0.868055,0.0499875,0
100020,49.9989,49.1332,49.1522,0.315975,0.0893756,0.315975,0.238294,3.15105e-06,0.865745,0.0499875,0
100080,49.9989,49.1355,49.1544,0.315691,0.0892736,0.315691,0.238106,3.14289e-06,0.863445,0.0499875,0
100140,49.9989,49.1378,49.1566,0.315408,0.089172,0.315408,0.237917,3.13476e-06,0.861153,0.0499875,0
100200,49.9989,49.1401,49.1588,0.315125,0.0890708,0.315125,0.237729,3.12666e-06,0.85887,0.0499875,0
100260,49.9989,49.1423,49.161,0.314844,0.0889699,0.314844,0.237542,3.11859e-06,0.856596,0.0499875,0
100320,49.9989,49.1446,49.1632,0.314563,0.0888695,0.314563,0.237355,3.11055e-06,0.854331,0.0499875,0
100380,49.9989,49.1469,49.1654,0.314283,0.0887694,0.314283,0.237169,3.10255e-06,0.852075,0.0499875,0
100440,49.9989,49.1491,49.1676,0.314003,0.0886697,0.314003,0.236983,3.09457e-06,0.849827,0.0499875,0
100500,49.9989,49.1513,49.1697,0.313724,0.0885704,0.313724,0.236797,3.08663e-06,0.847589,0.0499875,0
100560,49.9989,49.1536,49.1719,0.313446,0.0884715,0.313446,0.236612,3.07871e-06,0.845359,0.0499875,0
100620,49.9989,49.1558,49.174,0.313169,0.0883729,0.313169,0.236428,3.07083e-06,0.843137,0.0499875,0
100680,49.9989,49.158,49.1762,0.312892,0.0882747,0.312892,0.236244,3.06297e-06,0.840924,0.0499875,0
100740,49.9989,49.1602,49.1783,0.312616,0.0881769,0.312616,0.23606,3.05515e-06,0.83872,0.0499875,0
100800,49.9989,49.1624,49.1804,0.312341,0.0880795,0.312341,0.235877,3.04735e-06,0.836524,0.0499875,0
100860,49.9989,49.1646,49.1826,0.312067,0.0879824,0.312067,0.235695,3.03959e-06,0.834337,0.0499875,0
100920,49.9989,49.1668,49.1847,0.311793,0.0878857,0.311793,0.235513,3.03185e-06,0.832158,0.0499875,0
100980,49.9989,49.1689,49.1868,0.31152,0.0877893,0.31152,0.235331,3.02414e-06,0.829988,0.0499875,0
101040,49.9989,49.1711,49.1889,0.311247,0.0876933,0.311247,0.23515,3.01646e-06,0.827826,0.0499875,0
101100,49.9989,49.1733,49.1909,0.310975,0.0875977,0.310975,0.234969,3.00881e-06,0.825672,0.0499875,0
101160,49.9989,49.1754,49.193,0.310704,0.0875025,0.310704,0.234789,3.00119e-06,0.823527,0.0499875,0
101220,49.9989,49.1775,49.1951,0.310434,0.0874076,0.310434,0.234609,2.9936e-06,0.82139,0.0499875,0
101280,49.9989,49.1797,49.1971,0.310164,0.087313,0.310164,0.234429,2.98604e-06,0.819261,0.0499875,0
101340,49.9989,49.1818,49.1992,0.309895,0.0872188,0.309895,0.23425,2.9785e-06,0.81714,0.0499875,0
101400,49.9989,49.1839,49.2012,0.309627,0.087125,0.309627,0.234072,2.97099e-06,0.815027,0.0499875,0
101460,49.9989,49.186,49.2033,0.309359,0.0870315,0.309359,0.233894,2.96352e-06,0.812922,0.0499875,0
101520,49.9989,49.1881,49.2053,0.309092,0.0869383,0.309092,0.233716,2.95606e-06,0.810826,0.0499875,0
101580,49.9989,49.1902,49.2073,0.308826,0.0868455,0.308826,0.233539,2.94864e-06,0.808737,0.0499875,0
101640,49.9989,49.1923,49.2093,0.30856,0.0867531,0.30856,0.233362,2.94124e-06,0.806657,0.0499875,0
101700,49.9989,49.1944,49.2114,0.308295,0.086661,0.308295,0.233186,2.93388e-06,0.804584,0.0499875,0
101760,49.9989,49.1964,49.2134,0.308031,0.0865692,0.308031,0.23301,2.92654e-06,0.802519,0.0499875,0
101820,49.9989,49.1985,49.2153,0.307768,0.0864778,0.307768,0.232835,2.91922e-06,0.800462,0.0499875,0
101880,49.9989,49.2005,49.2173,0.307505,0.0863867,0.307505,0.23266,2.91194e-06,0.798413,0.0499875,0
101940,49.9989,49.2026,49.2193,0.307242,0.086296,0.307242,0.232486,2.90468e-06,0.796372,0.0499875,0
102000,49.9989,49.2046,49.2213,0.306981,0.0862056,0.306981,0.232312,2.89744e-06,0.794339,0.0499875,0
102060,49.9989,49.2066,49.2232,0.30672,0.0861155,0.30672,0.232138,2.89024e-06,0.792313,0.0499875,0
102120,49.9989,49.2086,49.2252,0.306459,0.0860258,0.306459,0.231965,2.88306e-06,0.790294,0.0499875,0
102180,49.9989,49.2107,49.2271,0.306199,0.0859364,0.306199,0.231792,2.87591e-06,0.788284,0.0499875,0
102240,49.9989,49.2127,49.2291,0.30594,0.0858473,0.30594,0.23162,2.86878e-06,0.786281,0.0499875,0
102300,49.9989,49.2146,49.231,0.305682,0.0857586,0.305682,0.231448,2.86168e-06,0.784286,0.0499875,0
102360,49.9989,49.2166,49.2329,0.305424,0.0856702,0.305424,0.231276,2.85461e-06,0.782298,0.0499875,0
102420,49.9989,49.2186,49.2349,0.305167,0.0855821,0.305167,0.231105,2.84756e-06,0.780317,0.0499875,0
102480,49.9989,49.2206,49.2368,0.304911,0.0854943,0.304911,0.230934,2.84054e-06,0.778344,0.0499875,0
102540,49.9989,49.2226,49.2387,0.304655,0.0854069,0.304655,0.230764,2.83355e-06,0.776379,0.0499875,0
102600,49.9989,49.2245,49.2406,0.304399,0.0853197,0.304399,0.230594,2.82658e-06,0.774421,0.0499875,0
102660,49.9989,49.2265,49.2425,0.304145,0.0852329,0.304145,0.230425,2.81963e-06,0.77247,0.0499875,0
102720,49.9989,49.2284,49.2443,0.303891,0.0851465,0.303891,0.230256,2.81271e-06,0.770527,0.0499875,0
102780,49.9989,49.2303,49.2462,0.303637,0.0850603,0.303637,0.230088,2.80582e-06,0.76859,0.0499875,0
102840,49.9989,49.2323,49.2481,0.303385,0.0849744,0.303385,0.229919,2.79895e-06,0.766662,0.0499875,0
102900,49.9989,49.2342,49.2499,0.303133,0.0848889,0.303133,0.229752,2.79211e-06,0.76474,0.0499875,0
102960,49.9989,49.2361,49.2518,0.302881,0.0848037,0.302881,0.229584,2.78529e-06,0.762825,0.0499875,0
103020,49.9989,49.238,49.2536,0.30263,0.0847187,0.30263,0.229417,2.7785e-06,0.760918,0.0499875,0
103080,49.9989,49.2399,49.2555,0.30238,0.0846341,0.30238,0.229251,2.77173e-06,0.759018,0.0499875,0
103140,49.9989,49.2418,49.2573,0.30213,0.0845498,0.30213,0.229085,2.76498e-06,0.757124,0.0499875,0
103200,49.9989,49.2437,49.2591,0.301881,0.0844659,0.301881,0.228919,2.75826e-06,0.755238,0.0499875,0
103260,49.9989,49.2456,49.261,0.301633,0.0843822,0.301633,0.228754,2.75157e-06,0.753359,0.0499875,0
103320,49.9989,49.2474,49.2628,0.301385,0.0842988,0.301385,0.228589,2.7449e-06,0.751487,0.0499875,0
103380,49.9989,49.2493,49.2646,0.301138,0.0842157,0.301138,0.228424,2.73825e-06,0.749622,0.0499875,0
103440,49.9989,49.2512,49.2664,0.300891,0.0841329,0.300891,0.22826,2.73163e-06,0.747763,0.0499875,0
103500,49.9989,49.253,49.2682,0.300645,0.0840504,0.300645,0.228097,2.72503e-06,0.745912,0.0499875,0
103560,49.9989,49.2549,49.27,0.3004,0.0839683,0.3004,0.227933,2.71846e-06,0.744067,0.0499875,0
103620,49.9989,49.2567,49.2718,0.300155,0.0838864,0.300155,0.22777,2.71191e-06,0.74223,0.0499875,0
103680,49.9989,49.2585,49.2735,0.299911,0.0838048,0.299911,0.227608,2.70538e-06,0.740399,0.0499875,0
103740,49.9989,49.2604,49.2753,0.299667,0.0837235,0.299667,0.227446,2.69888e-06,0.738574,0.0499875,0
103800,49.9989,49.2622,49.2771,0.299424,0.0836425,0.299424,0.227284,2.6924e-06,0.736757,0.0499875,0
103860,49.9989,49.264,49.2788,0.299182,0.0835618,0.299182,0.227123,2.68594e-06,0.734946,0.0499875,0
103920,49.9989,49.2658,49.2806,0.29894,0.0834814,0.29894,0.226962,2.6795e-06,0.733142,0.0499875,0
103980,49.9989,49.2676,49.2823,0.298699,0.0834012,0.298699,0.226801,2.67309e-06,0.731344,0.0499875,0
104040,49.9989,49.2694,49.284,0.298458,0.0833214,0.298458,0.226641,2.66671e-06,0.729553,0.0499875,0
104100,49.9989,49.2712,49.2858,0.298218,0.0832418,0.298218,0.226481,2.66034e-06,0.727769,0.0499875,0
104160,49.9989,49.2729,49.2875,0.297978,0.0831625,0.297978,0.226322,2.654e-06,0.725991,0.0499875,0
104220,49.9989,49.2747,49.2892,0.297739,0.0830835,0.297739,0.226163,2.64768e-06,0.72422,0.0499875,0
104280,49.9989,49.2765,49.2909,0.297501,0.0830048,0.297501,0.226004,2.64138e-06,0.722455,0.0499875,0
104340,49.9989,49.2782,49.2926,0.297263,0.0829264,0.297263,0.225846,2.63511e-06,0.720696,0.0499875,0
104400,49.9989,49.28,49.2943,0.297026,0.0828483,0.297026,0.225688,2.62886e-06,0.718944,0.0499875,0
104460,49.9989,49.2817,49.296,0.296789,0.0827704,0.296789,0.22553,2.62263e-06,0.717199,0.0499875,0
104520,49.9989,49.2835,49.2977,0.296553,0.0826928,0.296553,0.225373,2.61642e-06,0.715459,0.0499875,0
104580,49.9989,49.2852,49.2994,0.296318,0.0826155,0.296318,0.225216,2.61023e-06,0.713726,0.0499875,0
104640,49.9989,49.2869,49.3011,0.296083,0.0825384,0.296083,0.22506,2.60407e-06,0.712,0.0499875,0
104700,49.9989,49.2887,49.3027,0.295848,0.0824617,0.295848,0.224904,2.59793e-06,0.710279,0.0499875,0
104760,49.9989,49.2904,49.3044,0.295614,0.0823852,0.295614,0.224748,2.59181e-06,0.708565,0.0499875,0
104820,49.9989,49.2921,49.306,0.295381,0.0823089,0.295381,0.224593,2.58571e-06,0.706857,0.0499875,0
104880,49.9989,49.2938,49.3077,0.295148,0.082233,0.295148,0.224438,2.57964e-06,0.705155,0.0499875,0
104940,49.9989,49.2955,49.3093,0.294916,0.0821573,0.294916,0.224283,2.57358e-06,0.703459,0.0499875,0
105000,49.9989,49.2972,49.311,0.294685,0.0820819,0.294685,0.224129,2.56755e-06,0.70177,0.0499875,0
105060,49.9989,49.2988,49.3126,0.294453,0.0820067,0.294453,0.223975,2.56153e-06,0.700086,0.0499875,0
105120,49.9989,49.3005,49.3142,0.294223,0.0819318,0.294223,0.223822,2.55554e-06,0.698409,0.0499875,0
105180,49.9989,49.3022,49.3159,0.293993,0.0818572,0.293993,0.223668,2.54957e-06,0.696738,0.0499875,0
105240,49.9989,49.3039,49.3175,0.293763,0.0817828,0.293763,0.223516,2.54362e-06,0.695072,0.0499875,0
105300,49.9989,49.3055,49.3191,0.293535,0.0817087,0.293535,0.223363,2.53769e-06,0.693413,0.0499875,0
105360,49.9989,49.3072,49.3207,0.293306,0.0816349,0.293306,0.223211,2.53179e-06,0.69176,0.0499875,0
105420,49.9989,49.3088,49.3223,0.293078,0.0815613,0.293078,0.223059,2.5259e-06,0.690112,0.0499875,0
105480,49.9989,49.3105,49.3239,0.292851,0.081488,0.292851,0.222908,2.52003e-06,0.688471,0.0499875,0
105540,49.9989,49.3121,49.3255,0.292624,0.0814149,0.292624,0.222757,2.51419e-06,0.686835,0.0499875,0
105600,49.9989,49.3137,49.3271,0.292398,0.0813421,0.292398,0.222606,2.50836e-06,0.685205,0.0499875,0
105660,49.9989,49.3154,49.3286,0.292172,0.0812695,0.292172,0.222456,2.50256e-06,0.683581,0.0499875,0
105720,49.9989,49.317,49.3302,0.291947,0.0811972,0.291947,0.222306,2.49677e-06,0.681963,0.0499875,0
105780,49.9989,49.3186,49.3318,0.291723,0.0811251,0.291723,0.222156,2.49101e-06,0.68035,0.0499875,0
105840,49.9989,49.3202,49.3333,0.291498,0.0810533,0.291498,0.222007,2.48526e-06,0.678743,0.0499875,0
105900,49.9989,49.3218,49.3349,0.291275,0.0809818,0.291275,0.221858,2.47954e-06,0.677142,0.0499875,0
105960,49.9989,49.3234,49.3364,0.291052,0.0809105,0.291052,0.22171,2.47383e-06,0.675547,0.0499875,0
106020,49.9989,49.325,49.338,0.290829,0.0808394,0.290829,0.221561,2.46815e-06,0.673957,0.0499875,0
106080,49.9989,49.3266,49.3395,0.290607,0.0807686,0.290607,0.221413,2.46248e-06,0.672373,0.0499875,0
106140,49.9989,49.3281,49.341,0.290386,0.080698,0.290386,0.221266,2.45684e-06,0.670795,0.0499875,0
106200,49.9989,49.3297,49.3426,0.290165,0.0806277,0.290165,0.221119,2.45121e-06,0.669222,0.0499875,0
106260,49.9989,49.3313,49.3441,0.289944,0.0805576,0.289944,0.220972,2.44561e-06,0.667655,0.0499875,0
106320,49.9989,49.3328,49.3456,0.289724,0.0804878,0.289724,0.220825,2.44002e-06,0.666093,0.0499875,0
106380,49.9989,49.3344,49.3471,0.289505,0.0804182,0.289505,0.220679,2.43445e-06,0.664537,0.0499875,0
106440,49.9989,49.3359,49.3486,0.289286,0.0803488,0.289286,0.220533,2.4289e-06,0.662986,0.0499875,0
106500,49.9989,49.3375,49.3501,0.289068,0.0802797,0.289068,0.220387,2.42337e-06,0.661441,0.0499875,0
106560,49.9989,49.339,49.3516,0.28885,0.0802108,0.28885,0.220242,2.41786e-06,0.659901,0.0499875,0
106620,49.9989,49.3406,49.3531,0.288632,0.0801422,0.288632,0.220097,2.41237e-06,0.658366,0.0499875,0
106680,49.9989,49.3421,49.3546,0.288415,0.0800738,0.288415,0.219953,2.4069e-06,0.656837,0.0499875,0
106740,49.9989,49.3436,49.3561,0.288199,0.0800056,0.288199,0.219808,2.40144e-06,0.655313,0.0499875,0
106800,49.9989,49.3451,49.3575,0.287983,0.0799376,0.287983,0.219664,2.39601e-06,0.653795,0.0499875,0
106860,49.9989,49.3467,49.359,0.287768,0.0798699,0.287768,0.219521,2.39059e-06,0.652282,0.0499875,0
106920,49.9989,49.3482,49.3605,0.287553,0.0798024,0.287553,0.219378,2.38519e-06,0.650774,0.0499875,0
106980,49.9989,49.3497,49.3619,0.287338,0.0797352,0.287338,0.219235,2.37981e-06,0.649271,0.0499875,0
107040,49.9989,49.3512,49.3634,0.287124,0.0796682,0.287124,0.219092,2.37445e-06,0.647774,0.0499875,0
107100,49.9989,49.3527,49.3648,0.286911,0.0796014,0.286911,0.21895,2.36911e-06,0.646282,0.0499875,0
107160,49.9989,49.3541,49.3663,0.286698,0.0795348,0.286698,0.218808,2.36378e-06,0.644795,0.0499875,0
107220,49.9989,49.3556,49.3677,0.286485,0.0794685,0.286485,0.218666,2.35848e-06,0.643313,0.0499875,0
107280,49.9989,49.3571,49.3691,0.286273,0.0794024,0.286273,0.218525,2.35319e-06,0.641837,0.0499875,0
107340,49.9989,49.3586,49.3706,0.286062,0.0793365,0.286062,0.218384,2.34791e-06,0.640365,0.0499875,0
107400,49.9989,49.36,49.372,0.285851,0.0792708,0.285851,0.218243,2.34266e-06,0.638899,0.0499875,0
107460,49.9989,49.3615,49.3734,0.28564,0.0792054,0.28564,0.218103,2.33743e-06,0.637438,0.0499875,0
107520,49.9989,49.363,49.3748,0.28543,0.0791401,0.28543,0.217962,2.33221e-06,0.635981,0.0499875,0
107580,49.9989,49.3644,49.3762,0.285221,0.0790751,0.285221,0.217823,2.32701e-06,0.63453,0.0499875,0
107640,49.9989,49.3659,49.3776,0.285011,0.0790104,0.285011,0.217683,2.32183e-06,0.633084,0.0499875,0
107700,49.9989,49.3673,49.379,0.284803,0.0789458,0.284803,0.217544,2.31666e-06,0.631643,0.0499875,0
107760,49.9989,49.3687,49.3804,0.284595,0.0788815,0.284595,0.217405,2.31151e-06,0.630207,0.0499875,0
107820,49.9989,49.3702,49.3818,0.284387,0.0788173,0.284387,0.217267,2.30638e-06,0.628775,0.0499875,0
107880,49.9989,49.3716,49.3832,0.28418,0.0787534,0.28418,0.217128,2.30127e-06,0.627349,0.0499875,0
107940,49.9989,49.373,49.3846,0.283973,0.0786897,0.283973,0.216991,2.29617e-06,0.625927,0.0499875,0
108000,49.9989,49.3744,49.386,0.283767,0.0786262,0.283767,0.216853,2.2911e-06,0.624511,0.0499875,0
108060,49.9989,49.3758,49.3873,0.283561,0.078563,0.283561,0.216716,2.28603e-06,0.623099,0.0499875,0
108120,49.9989,49.3772,49.3887,0.283356,0.0784999,0.283356,0.216579,2.28099e-06,0.621692,0.0499875,0
108180,49.9989,49.3786,49.3901,0.283151,0.0784371,0.283151,0.216442,2.27596e-06,0.62029,0.0499875,0
108240,49.9989,49.38,49.3914,0.282946,0.0783744,0.282946,0.216305,2.27095e-06,0.618893,0.0499875,0
108300,49.9989,49.3814,49.3928,0.282742,0.078312,0.282742,0.216169,2.26596e-06,0.6175,0.0499875,0
108360,49.9989,49.3828,49.3941,0.282539,0.0782498,0.282539,0.216034,2.26098e-06,0.616112,0.0499875,0
108420,49.9989,49.3842,49.3955,0.282336,0.0781877,0.282336,0.215898,2.25602e-06,0.614729,0.0499875,0
108480,49.9989,49.3856,49.3968,0.282133,0.0781259,0.282133,0.215763,2.25107e-06,0.613351,0.0499875,0
108540,49.9989,49.387,49.3982,0.281931,0.0780643,0.281931,0.215628,2.24614e-06,0.611977,0.0499875,0
108600,49.9989,49.3883,49.3995,0.281729,0.0780029,0.281729,0.215493,2.24123e-06,0.610608,0.0499875,0
108660,49.9989,49.3897,49.4008,0.281528,0.0779417,0.281528,0.215359,2.23634e-06,0.609244,0.0499875,0
108720,49.9989,49.3911,49.4021,0.281327,0.0778808,0.281327,0.215225,2.23146e-06,0.607884,0.0499875,0
108780,49.9989,49.3924,49.4035,0.281127,0.07782,0.281127,0.215091,2.22659e-06,0.606529,0.0499875,0
108840,49.9989,49.3938,49.4048,0.280927,0.0777594,0.280927,0.214958,2.22175e-06,0.605179,0.0499875,0
108900,49.9989,49.3951,49.4061,0.280727,0.077699,0.280727,0.214825,2.21692e-06,0.603833,0.0499875,0
108960,49.9989,49.3964,49.4074,0.280528,0.0776388,0.280528,0.214692,2.2121e-06,0.602491,0.0499875,0
109020,49.9989,49.3978,49.4087,0.28033,0.0775788,0.28033,0.214559,2.2073e-06,0.601154,0.0499875,0
109080,49.9989,49.3991,49.41,0.280132,0.077519,0.280132,0.214427,2.20252e-06,0.599822,0.0499875,0
109140,49.9989,49.4004,49.4113,0.279934,0.0774594,0.279934,0.214295,2.19775e-06,0.598494,0.0499875,0
109200,49.9989,49.4018,49.4125,0.279737,0.0774,0.279737,0.214163,2.193e-06,0.59717,0.0499875,0
109260,49.9989,49.4031,49.4138,0.27954,0.0773408,0.27954,0.214032,2.18826e-06,0.595851,0.0499875,0
109320,49.9989,49.4044,49.4151,0.279343,0.0772818,0.279343,0.213901,2.18354e-06,0.594537,0.0499875,0
109380,49.9989,49.4057,49.4164,0.279147,0.077223,0.279147,0.21377,2.17884e-06,0.593226,0.0499875,0
109440,49.9989,49.407,49.4177,0.278952,0.0771644,0.278952,0.213639,2.17415e-06,0.591921,0.0499875,0
109500,49.9989,49.4083,49.4189,0.278757,0.077106,0.278757,0.213509,2.16947e-06,0.590619,0.0499875,0
109560,49.9989,49.4096,49.4202,0.278562,0.0770477,0.278562,0.213379,2.16481e-06,0.589322,0.0499875,0
109620,49.9989,49.4109,49.4214,0.278368,0.0769897,0.278368,0.213249,2.16017e-06,0.588029,0.0499875,0
109680,49.9989,49.4122,49.4227,0.278174,0.0769318,0.278174,0.213119,2.15554e-06,0.586741,0.0499875,0
109740,49.9989,49.4135,49.4239,0.277981,0.0768741,0.277981,0.21299,2.15093e-06,0.585457,0.0499875,0
109800,49.9989,49.4148,49.4252,0.277788,0.0768166,0.277788,0.212861,2.14633e-06,0.584177,0.0499875,0
109860,49.9989,49.416,49.4264,0.277595,0.0767594,0.277595,0.212733,2.14174e-06,0.582901,0.0499875,0
109920,49.9989,49.4173,49.4277,0.277403,0.0767022,0.277403,0.212604,2.13718e-06,0.58163,0.0499875,0
109980,49.9989,49.4186,49.4289,0.277211,0.0766453,0.277211,0.212476,2.13262e-06,0.580363,0.0499875,0
110040,49.9989,49.4198,49.4301,0.27702,0.0765886,0.27702,0.212348,2.12808e-06,0.5791,0.0499875,0
110100,49.9989,49.4211,49.4313,0.276829,0.076532,0.276829,0.212221,2.12356e-06,0.577841,0.0499875,0
110160,49.9989,49.4223,49.4326,0.276639,0.0764756,0.276639,0.212094,2.11905e-06,0.576586,0.0499875,0
110220,49.9989,49.4236,49.4338,0.276449,0.0764195,0.276449,0.211967,2.11455e-06,0.575336,0.0499875,0
110280,49.9989,49.4248,49.435,0.276259,0.0763634,0.276259,0.21184,2.11007e-06,0.574089,0.0499875,0
110340,49.9989,49.4261,49.4362,0.27607,0.0763076,0.27607,0.211713,2.10561e-06,0.572847,0.0499875,0
110400,49.9989,49.4273,49.4374,0.275881,0.076252,0.275881,0.211587,2.10115e-06,0.571609,0.0499875,0
110460,49.9989,49.4286,49.4386,0.275693,0.0761965,0.275693,0.211461,2.09672e-06,0.570375,0.0499875,0
110520,49.9989,49.4298,49.4398,0.275505,0.0761412,0.275505,0.211336,2.09229e-06,0.569145,0.0499875,0
110580,49.9989,49.431,49.441,0.275317,0.0760861,0.275317,0.21121,2.08788e-06,0.567919,0.0499875,0
110640,49.9989,49.4322,49.4422,0.27513,0.0760312,0.27513,0.211085,2.08349e-06,0.566697,0.0499875,0
110700,49.9989,49.4335,49.4434,0.274943,0.0759764,0.274943,0.21096,2.07911e-06,0.565479,0.0499875,0
110760,49.9989,49.4347,49.4445,0.274757,0.0759218,0.274757,0.210836,2.07474e-06,0.564265,0.0499875,0
110820,49.9989,49.4359,49.4457,0.274571,0.0758674,0.274571,0.210711,2.07039e-06,0.563055,0.0499875,0
110880,49.9989,49.4371,49.4469,0.274385,0.0758132,0.274385,0.210587,2.06605e-06,0.561849,0.0499875,0
110940,49.9989,49.4383,49.4481,0.2742,0.0757591,0.2742,0.210463,2.06173e-06,0.560647,0.0499875,0
111000,49.9989,49.4395,49.4492,0.274015,0.0757052,0.274015,0.21034,2.05742e-06,0.559449,0.0499875,0
111060,49.9989,49.4407,49.4504,0.273831,0.0756515,0.273831,0.210216,2.05312e-06,0.558255,0.0499875,0
111120,49.9989,49.4419,49.4516,0.273647,0.075598,0.273647,0.210093,2.04883e-06,0.557064,0.0499875,0
111180,49.9989,49.4431,49.4527,0.273463,0.0755446,0.273463,0.209971,2.04456e-06,0.555878,0.0499875,0
111240,49.9989,49.4442,49.4539,0.27328,0.0754914,0.27328,0.209848,2.04031e-06,0.554695,0.0499875,0
111300,49.9989,49.4454,49.455,0.273097,0.0754383,0.273097,0.209726,2.03606e-06,0.553516,0.0499875,0
111360,49.9989,49.4466,49.4562,0.272915,0.0753855,0.272915,0.209604,2.03184e-06,0.552341,0.0499875,0
111420,49.9989,49.4478,49.4573,0.272733,0.0753328,0.272733,0.209482,2.02762e-06,0.55117,0.0499875,0
111480,49.9989,49.4489,49.4584,0.272551,0.0752802,0.272551,0.20936,2.02342e-06,0.550003,0.0499875,0
111540,49.9989,49.4501,49.4596,0.27237,0.0752279,0.27237,0.209239,2.01923e-06,0.548839,0.0499875,0
111600,49.9989,49.4513,49.4607,0.272189,0.0751757,0.272189,0.209118,2.01505e-06,0.547679,0.0499875,0
111660,49.9989,49.4524,49.4618,0.272009,0.0751236,0.272009,0.208997,2.01089e-06,0.546523,0.0499875,0
111720,49.9989,49.4536,49.4629,0.271829,0.0750718,0.271829,0.208877,2.00674e-06,0.545371,0.0499875,0
111780,49.9989,49.4547,49.4641,0.271649,0.0750201,0.271649,0.208756,2.0026e-06,0.544222,0.0499875,0
111840,49.9989,49.4559,49.4652,0.27147,0.0749685,0.27147,0.208636,1.99848e-06,0.543077,0.0499875,0
111900,49.9989,49.457,49.4663,0.271291,0.0749171,0.271291,0.208517,1.99437e-06,0.541936,0.0499875,0
111960,49.9989,49.4581,49.4674,0.271112,0.0748659,0.271112,0.208397,1.99027e-06,0.540798,0.0499875,0
112020,49.9989,49.4593,49.4685,0.270934,0.0748149,0.270934,0.208278,1.98618e-06,0.539664,0.0499875,0
112080,49.9989,49.4604,49.4696,0.270756,0.0747639,0.270756,0.208159,1.98211e-06,0.538534,0.0499875,0
112140,49.9989,49.4615,49.4707,0.270579,0.0747132,0.270579,0.20804,1.97805e-06,0.537407,0.0499875,0
112200,49.9989,49.4627,49.4718,0.270402,0.0746626,0.270402,0.207921,1.97401e-06,0.536284,0.0499875,0
112260,49.9989,49.4638,49.4729,0.270225,0.0746122,0.270225,0.207803,1.96997e-06,0.535164,0.0499875,0
112320,49.9989,49.4649,49.474,0.270049,0.0745619,0.270049,0.207685,1.96595e-06,0.534048,0.0499875,0
112380,49.9989,49.466,49.475,0.269873,0.0745118,0.269873,0.207567,1.96194e-06,0.532936,0.0499875,0
112440,49.9989,49.4671,49.4761,0.269697,0.0744619,0.269697,0.20745,1.95795e-06,0.531827,0.0499875,0
112500,49.9989,49.4682,49.4772,0.269522,0.0744121,0.269522,0.207332,1.95396e-06,0.530721,0.0499875,0
112560,49.9989,49.4693,49.4783,0.269347,0.0743624,0.269347,0.207215,1.94999e-06,0.52962,0.0499875,0
112620,49.9989,49.4704,49.4793,0.269172,0.0743129,0.269172,0.207098,1.94603e-06,0.528521,0.0499875,0
112680,49.9989,49.4715,49.4804,0.268998,0.0742636,0.268998,0.206982,1.94209e-06,0.527426,0.0499875,0
112740,49.9989,49.4726,49.4815,0.268825,0.0742144,0.268825,0.206865,1.93815e-06,0.526335,0.0499875,0
112800,49.9989,49.4737,49.4825,0.268651,0.0741654,0.268651,0.206749,1.93423e-06,0.525247,0.0499875,0
112860,49.9989,49.4748,49.4836,0.268478,0.0741165,0.268478,0.206633,1.93032e-06,0.524163,0.0499875,0
112920,49.9989,49.4759,49.4846,0.268305,0.0740678,0.268305,0.206517,1.92642e-06,0.523081,0.0499875,0
112980,49.9989,49.4769,49.4857,0.268133,0.0740192,0.268133,0.206402,1.92253e-06,0.522004,0.0499875,0
113040,49.9989,49.478,49.4867,0.267961,0.0739708,0.267961,0.206287,1.91866e-06,0.52093,0.0499875,0
113100,49.9989,49.4791,49.4878,0.26779,0.0739225,0.26779,0.206172,1.9148e-06,0.519859,0.0499875,0
113160,49.9989,49.4801,49.4888,0.267618,0.0738744,0.267618,0.206057,1.91095e-06,0.518791,0.0499875,0
113220,49.9989,49.4812,49.4899,0.267447,0.0738264,0.267447,0.205942,1.90711e-06,0.517727,0.0499875,0
113280,49.9989,49.4823,49.4909,0.267277,0.0737786,0.267277,0.205828,1.90328e-06,0.516666,0.0499875,0
113340,49.9989,49.4833,49.4919,0.267107,0.0737309,0.267107,0.205714,1.89947e-06,0.515609,0.0499875,0
113400,49.9989,49.4844,49.4929,0.266937,0.0736834,0.266937,0.2056,1.89567e-06,0.514555,0.0499875,0
113460,49.9989,49.4854,49.494,0.266767,0.073636,0.266767,0.205486,1.89187e-06,0.513504,0.0499875,0
113520,49.9989,49.4865,49.495,0.266598,0.0735887,0.266598,0.205373,1.88809e-06,0.512456,0.0499875,0
113580,49.9989,49.4875,49.496,0.266429,0.0735416,0.266429,0.20526,1.88433e-06,0.511412,0.0499875,0
113640,49.9989,49.4886,49.497,0.266261,0.0734947,0.266261,0.205147,1.88057e-06,0.510371,0.0499875,0
113700,49.9989,49.4896,49.498,0.266093,0.0734479,0.266093,0.205034,1.87683e-06,0.509333,0.0499875,0
113760,49.9989,49.4906,49.499,0.265925,0.0734012,0.265925,0.204922,1.87309e-06,0.508298,0.0499875,0
113820,49.9989,49.4917,49.5,0.265758,0.0733547,0.265758,0.204809,1.86937e-06,0.507267,0.0499875,0
113880,49.9989,49.4927,49.501,0.265591,0.0733083,0.265591,0.204697,1.86566e-06,0.506239,0.0499875,0
113940,49.9989,49.4937,49.502,0.265424,0.073262,0.265424,0.204586,1.86196e-06,0.505214,0.0499875,0
114000,49.9989,49.4947,49.503,0.265257,0.0732159,0.265257,0.204474,1.85827e-06,0.504192,0.0499875,0
114060,49.9989,49.4958,49.504,0.265091,0.07317,0.265091,0.204363,1.85459e-06,0.503174,0.0499875,0
114120,49.9989,49.4968,49.505,0.264926,0.0731241,0.264926,0.204251,1.85093e-06,0.502158,0.0499875,0
114180,49.9989,49.4978,49.506,0.26476,0.0730784,0.26476,0.20414,1.84727e-06,0.501146,0.0499875,0
114240,49.9989,49.4988,49.507,0.264595,0.0730329,0.264595,0.20403,1.84363e-06,0.500137,0.0499875,0
114300,49.9989,49.4998,49.508,0.264431,0.0729875,0.264431,0.203919,1.84e-06,0.499131,0.0499875,0
114360,49.9989,49.5008,49.5089,0.264266,0.0729422,0.264266,0.203809,1.83637e-06,0.498128,0.0499875,0
114420,49.9989,49.5018,49.5099,0.264102,0.0728971,0.264102,0.203699,1.83276e-06,0.497128,0.0499875,0
114480,49.9989,49.5028,49.5109,0.263938,0.0728521,0.263938,0.203589,1.82916e-06,0.496131,0.0499875,0
114540,49.9989,49.5038,49.5119,0.263775,0.0728072,0.263775,0.203479,1.82557e-06,0.495138,0.0499875,0
114600,49.9989,49.5048,49.5128,0.263612,0.0727625,0.263612,0.20337,1.822e-06,0.494147,0.0499875,0
114660,49.9989,49.5058,49.5138,0.263449,0.0727179,0.263449,0.203261,1.81843e-06,0.493159,0.0499875,0
114720,49.9989,49.5068,49.5147,0.263287,0.0726734,0.263287,0.203152,1.81487e-06,0.492175,0.0499875,0
114780,49.9989,49.5077,49.5157,0.263125,0.0726291,0.263125,0.203043,1.81133e-06,0.491193,0.0499875,0
114840,49.9989,49.5087,49.5167,0.262963,0.0725849,0.262963,0.202934,1.80779e-06,0.490215,0.0499875,0
114900,49.9989,49.5097,49.5176,0.262802,0.0725409,0.262802,0.202826,1.80427e-06,0.489239,0.0499875,0
114960,49.9989,49.5107,49.5186,0.262641,0.0724969,0.262641,0.202718,1.80075e-06,0.488267,0.0499875,0
115020,49.9989,49.5116,49.5195,0.26248,0.0724531,0.26248,0.20261,1.79725e-06,0.487297,0.0499875,0
115080,49.9989,49.5126,49.5204,0.262319,0.0724095,0.262319,0.202502,1.79375e-06,0.48633,0.0499875,0
115140,49.9989,49.5136,49.5214,0.262159,0.0723659,0.262159,0.202395,1.79027e-06,0.485367,0.0499875,0
115200,49.9989,49.5145,49.5223,0.262,0.0723225,0.262,0.202287,1.7868e-06,0.484406,0.0499875,0
115260,49.9989,49.5155,49.5233,0.26184,0.0722792,0.26184,0.20218,1.78334e-06,0.483448,0.0499875,0
115320,49.9989,49.5164,49.5242,0.261681,0.0722361,0.261681,0.202073,1.77988e-06,0.482493,0.0499875,0
115380,49.9989,49.5174,49.5251,0.261522,0.0721931,0.261522,0.201967,1.77644e-06,0.481541,0.0499875,0
115440,49.9989,49.5183,49.526,0.261364,0.0721502,0.261364,0.20186,1.77301e-06,0.480592,0.0499875,0
115500,49.9989,49.5193,49.527,0.261205,0.0721074,0.261205,0.201754,1.76959e-06,0.479646,0.0499875,0
115560,49.9989,49.5202,49.5279,0.261048,0.0720648,0.261048,0.201648,1.76618e-06,0.478702,0.0499875,0
115620,49.9989,49.5212,49.5288,0.26089,0.0720223,0.26089,0.201542,1.76278e-06,0.477762,0.0499875,0
115680,49.9989,49.5221,49.5297,0.260733,0.0719799,0.260733,0.201436,1.75939e-06,0.476824,0.0499875,0
115740,49.9989,49.523,49.5306,0.260576,0.0719376,0.260576,0.201331,1.75601e-06,0.475889,0.0499875,0
115800,49.9989,49.524,49.5315,0.260419,0.0718955,0.260419,0.201226,1.75264e-06,0.474957,0.0499875,0
115860,49.9989,49.5249,49.5324,0.260263,0.0718535,0.260263,0.20112,1.74928e-06,0.474028,0.0499875,0
115920,49.9989,49.5258,49.5333,0.260107,0.0718116,0.260107,0.201016,1.74593e-06,0.473101,0.0499875,0
115980,49.9989,49.5268,49.5342,0.259951,0.0717698,0.259951,0.200911,1.74258e-06,0.472178,0.0499875,0
116040,49.9989,49.5277,49.5351,0.259796,0.0717282,0.259796,0.200807,1.73925e-06,0.471257,0.0499875,0
116100,49.9989,49.5286,49.536,0.259641,0.0716867,0.259641,0.200702,1.73593e-06,0.470339,0.0499875,0
116160,49.9989,49.5295,49.5369,0.259486,0.0716453,0.259486,0.200598,1.73262e-06,0.469423,0.0499875,0
116220,49.9989,49.5304,49.5378,0.259331,0.071604,0.259331,0.200494,1.72932e-06,0.468511,0.0499875,0
116280,49.9989,49.5313,49.5387,0.259177,0.0715629,0.259177,0.200391,1.72603e-06,0.467601,0.0499875,0
116340,49.9989,49.5322,49.5396,0.259023,0.0715218,0.259023,0.200287,1.72274e-06,0.466694,0.0499875,0
116400,49.9989,49.5331,49.5405,0.25887,0.0714809,0.25887,0.200184,1.71947e-06,0.465789,0.0499875,0
116460,49.9989,49.534,49.5414,0.258716,0.0714401,0.258716,0.200081,1.71621e-06,0.464887,0.0499875,0
116520,49.9989,49.5349,49.5422,0.258563,0.0713995,0.258563,0.199978,1.71295e-06,0.463988,0.0499875,0
116580,49.9989,49.5358,49.5431,0.258411,0.0713589,0.258411,0.199875,1.70971e-06,0.463092,0.0499875,0
116640,49.9989,49.5367,49.544,0.258258,0.0713185,0.258258,0.199773,1.70648e-06,0.462198,0.0499875,0
116700,49.9989,49.5376,49.5448,0.258106,0.0712782,0.258106,0.199671,1.70325e-06,0.461307,0.0499875,0
116760,49.9989,49.5385,49.5457,0.257955,0.071238,0.257955,0.199568,1.70003e-06,0.460419,0.0499875,0
116820,49.9989,49.5394,49.5466,0.257803,0.0711979,0.257803,0.199467,1.69683e-06,0.459533,0.0499875,0
116880,49.9989,49.5403,49.5474,0.257652,0.0711579,0.257652,0.199365,1.69363e-06,0.45865,0.0499875,0
116940,49.9989,49.5412,49.5483,0.257501,0.0711181,0.257501,0.199263,1.69044e-06,0.457769,0.0499875,0
117000,49.9989,49.542,49.5492,0.25735,0.0710783,0.25735,0.199162,1.68726e-06,0.456891,0.0499875,0
117060,49.9989,49.5429,49.55,0.2572,0.0710387,0.2572,0.199061,1.68409e-06,0.456016,0.0499875,0
117120,49.9989,49.5438,49.5509,0.25705,0.0709992,0.25705,0.19896,1.68093e-06,0.455143,0.0499875,0
117180,49.9989,49.5447,49.5517,0.2569,0.0709598,0.2569,0.198859,1.67778e-06,0.454273,0.0499875,0
117240,49.9989,49.5455,49.5526,0.256751,0.0709205,0.256751,0.198759,1.67464e-06,0.453405,0.0499875,0
117300,49.9989,49.5464,49.5534,0.256602,0.0708814,0.256602,0.198658,1.67151e-06,0.45254,0.0499875,0
117360,49.9989,49.5473,49.5542,0.256453,0.0708423,0.256453,0.198558,1.66838e-06,0.451678,0.0499875,0
117420,49.9989,49.5481,49.5551,0.256304,0.0708034,0.256304,0.198458,1.66527e-06,0.450818,0.0499875,0
117480,49.9989,49.549,49.5559,0.256156,0.0707646,0.256156,0.198358,1.66216e-06,0.44996,0.0499875,0
117540,49.9989,49.5498,49.5568,0.256008,0.0707259,0.256008,0.198259,1.65907e-06,0.449105,0.0499875,0
117600,49.9989,49.5507,49.5576,0.25586,0.0706873,0.25586,0.198159,1.65598e-06,0.448253,0.0499875,0
117660,49.9989,49.5515,49.5584,0.255713,0.0706488,0.255713,0.19806,1.6529e-06,0.447403,0.0499875,0
117720,49.9989,49.5524,49.5592,0.255566,0.0706104,0.255566,0.197961,1.64983e-06,0.446555,0.0499875,0
117780,49.9989,49.5532,49.5601,0.255419,0.0705721,0.255419,0.197862,1.64677e-06,0.44571,0.0499875,0
117840,49.9989,49.5541,49.5609,0.255272,0.070534,0.255272,0.197763,1.64371e-06,0.444868,0.0499875,0
117900,49.9989,49.5549,49.5617,0.255126,0.0704959,0.255126,0.197665,1.64067e-06,0.444028,0.0499875,0
117960,49.9989,49.5557,49.5625,0.25498,0.070458,0.25498,0.197566,1.63763e-06,0.44319,0.0499875,0
118020,49.9989,49.5566,49.5633,0.254834,0.0704201,0.254834,0.197468,1.63461e-06,0.442355,0.0499875,0
118080,49.9989,49.5574,49.5642,0.254689,0.0703824,0.254689,0.19737,1.63159e-06,0.441522,0.0499875,0
118140,49.9989,49.5582,49.565,0.254544,0.0703448,0.254544,0.197272,1.62858e-06,0.440692,0.0499875,0
118200,49.9989,49.5591,49.5658,0.254399,0.0703073,0.254399,0.197175,1.62558e-06,0.439864,0.0499875,0
118260,49.9989,49.5599,49.5666,0.254254,0.0702699,0.254254,0.197077,1.62259e-06,0.439039,0.0499875,0
118320,49.9989,49.5607,49.5674,0.25411,0.0702326,0.25411,0.19698,1.6196e-06,0.438215,0.0499875,0
118380,49.9989,49.5615,49.5682,0.253966,0.0701954,0.253966,0.196883,1.61663e-06,0.437395,0.0499875,0
118440,49.9989,49.5624,49.569,0.253822,0.0701583,0.253822,0.196786,1.61366e-06,0.436576,0.0499875,0
118500,49.9989,49.5632,49.5698,0.253678,0.0701213,0.253678,0.196689,1.6107e-06,0.43576,0.0499875,0
118560,49.9989,49.564,49.5706,0.253535,0.0700844,0.253535,0.196593,1.60775e-06,0.434947,0.0499875,0
118620,49.9989,49.5648,49.5714,0.253392,0.0700477,0.253392,0.196496,1.60481e-06,0.434135,0.0499875,0
118680,49.9989,49.5656,49.5722,0.25325,0.070011,0.25325,0.1964,1.60188e-06,0.433326,0.0499875,0
118740,49.9989,49.5664,49.5729,0.253107,0.0699744,0.253107,0.196304,1.59895e-06,0.43252,0.0499875,0
118800,49.9989,49.5672,49.5737,0.252965,0.069938,0.252965,0.196208,1.59603e-06,0.431715,0.0499875,0
118860,49.9989,49.568,49.5745,0.252823,0.0699016,0.252823,0.196113,1.59313e-06,0.430913,0.0499875,0
118920,49.9989,49.5688,49.5753,0.252681,0.0698654,0.252681,0.196017,1.59022e-06,0.430114,0.0499875,0
118980,49.9989,49.5696,49.5761,0.25254,0.0698292,0.25254,0.195922,1.58733e-06,0.429316,0.0499875,0
119040,49.9989,49.5704,49.5768,0.252399,0.0697931,0.252399,0.195827,1.58445e-06,0.428521,0.0499875,0
119100,49.9989,49.5712,49.5776,0.252258,0.0697572,0.252258,0.195732,1.58157e-06,0.427728,0.0499875,0
119160,49.9989,49.572,49.5784,0.252117,0.0697213,0.252117,0.195637,1.5787e-06,0.426938,0.0499875,0
119220,49.9989,49.5728,49.5792,0.251977,0.0696856,0.251977,0.195542,1.57584e-06,0.42615,0.0499875,0
119280,49.9989,49.5736,49.5799,0.251837,0.0696499,0.251837,0.195448,1.57299e-06,0.425363,0.0499875,0
119340,49.9989,49.5744,49.5807,0.251697,0.0696144,0.251697,0.195353,1.57015e-06,0.42458,0.0499875,0
119400,49.9989,49.5751,49.5815,0.251558,0.0695789,0.251558,0.195259,1.56731e-06,0.423798,0.0499875,0
119460,49.9989,49.5759,49.5822,0.251419,0.0695436,0.251419,0.195165,1.56448e-06,0.423019,0.0499875,0
119520,49.9989,49.5767,49.583,0.25128,0.0695083,0.25128,0.195071,1.56166e-06,0.422242,0.0499875,0
119580,49.9989,49.5775,49.5837,0.251141,0.0694732,0.251141,0.194978,1.55885e-06,0.421467,0.0499875,0
119640,49.9989,49.5782,49.5845,0.251002,0.0694381,0.251002,0.194884,1.55605e-06,0.420694,0.0499875,0
119700,49.9989,49.579,49.5852,0.250864,0.0694032,0.250864,0.194791,1.55325e-06,0.419923,0.0499875,0
119760,49.9989,49.5798,49.586,0.250726,0.0693683,0.250726,0.194698,1.55046e-06,0.419155,0.0499875,0
119820,49.9989,49.5805,49.5867,0.250588,0.0693335,0.250588,0.194605,1.54768e-06,0.418389,0.0499875,0
119880,49.9989,49.5813,49.5875,0.250451,0.0692989,0.250451,0.194512,1.54491e-06,0.417625,0.0499875,0
119940,49.9989,49.5821,49.5882,0.250314,0.0692643,0.250314,0.19442,1.54214e-06,0.416863,0.0499875,0
120000,49.9989,49.5828,49.589,0.250177,0.0692298,0.250177,0.194327,1.53938e-06,0.416103,0.0499875,0
120060,49.9989,49.5836,49.5897,0.25004,0.0691954,0.25004,0.194235,1.53663e-06,0.415346,0.0499875,0
120120,49.9989,49.5843,49.5905,0.249904,0.0691612,0.249904,0.194143,1.53389e-06,0.41459,0.0499875,0
120180,49.9989,49.5851,49.5912,0.249768,0.069127,0.249768,0.194051,1.53115e-06,0.413837,0.0499875,0
120240,49.9989,49.5858,49.5919,0.249632,0.0690929,0.249632,0.193959,1.52843e-06,0.413086,0.0499875,0
120300,49.9989,49.5866,49.5927,0.249496,0.0690589,0.249496,0.193868,1.52571e-06,0.412337,0.0499875,0
120360,49.9989,49.5873,49.5934,0.24936,0.069025,0.24936,0.193776,1.52299e-06,0.41159,0.0499875,0
120420,49.9989,49.5881,49.5941,0.249225,0.0689912,0.249225,0.193685,1.52029e-06,0.410845,0.0499875,0
120480,49.9989,49.5888,49.5948,0.24909,0.0689574,0.24909,0.193594,1.51759e-06,0.410102,0.0499875,0
120540,49.9989,49.5896,49.5956,0.248956,0.0689238,0.248956,0.193503,1.5149e-06,0.409361,0.0499875,0
120600,49.9989,49.5903,49.5963,0.248821,0.0688903,0.248821,0.193412,1.51222e-06,0.408623,0.0499875,0
120660,49.9989,49.591,49.597,0.248687,0.0688568,0.248687,0.193321,1.50954e-06,0.407886,0.0499875,0
120720,49.9989,49.5918,49.5977,0.248553,0.0688235,0.248553,0.193231,1.50687e-06,0.407152,0.0499875,0
120780,49.9989,49.5925,49.5984,0.248419,0.0687902,0.248419,0.19314,1.50421e-06,0.406419,0.0499875,0
120840,49.9989,49.5932,49.5992,0.248286,0.068757,0.248286,0.19305,1.50156e-06,0.405689,0.0499875,0
120900,49.9989,49.594,49.5999,0.248153,0.068724,0.248153,0.19296,1.49891e-06,0.40496,0.0499875,0
120960,49.9989,49.5947,49.6006,0.24802,0.068691,0.24802,0.19287,1.49627e-06,0.404234,0.0499875,0
121020,49.9989,49.5954,49.6013,0.247887,0.0686581,0.247887,0.192781,1.49364e-06,0.40351,0.0499875,0
121080,49.9989,49.5961,49.602,0.247755,0.0686253,0.247755,0.192691,1.49102e-06,0.402788,0.0499875,0
121140,49.9989,49.5969,49.6027,0.247622,0.0685925,0.247622,0.192602,1.4884e-06,0.402067,0.0499875,0
121200,49.9989,49.5976,49.6034,0.24749,0.0685599,0.24749,0.192512,1.48579e-06,0.401349,0.0499875,0
121260,49.9989,49.5983,49.6041,0.247359,0.0685274,0.247359,0.192423,1.48319e-06,0.400633,0.0499875,0
121320,49.9989,49.599,49.6048,0.247227,0.0684949,0.247227,0.192334,1.48059e-06,0.399918,0.0499875,0
121380,49.9989,49.5997,49.6055,0.247096,0.0684625,0.247096,0.192246,1.478e-06,0.399206,0.0499875,0
121440,49.9989,49.6004,49.6062,0.246965,0.0684303,0.246965,0.192157,1.47542e-06,0.398495,0.0499875,0
121500,49.9989,49.6011,49.6069,0.246834,0.0683981,0.246834,0.192069,1.47284e-06,0.397787,0.0499875,0
121560,49.9989,49.6019,49.6076,0.246703,0.068366,0.246703,0.19198,1.47027e-06,0.397081,0.0499875,0
121620,49.9989,49.6026,49.6083,0.246573,0.068334,0.246573,0.191892,1.46771e-06,0.396376,0.0499875,0
121680,49.9989,49.6033,49.6089,0.246443,0.068302,0.246443,0.191804,1.46516e-06,0.395673,0.0499875,0
121740,49.9989,49.604,49.6096,0.246313,0.0682702,0.246313,0.191716,1.46261e-06,0.394973,0.0499875,0
121800,49.9989,49.6047,49.6103,0.246183,0.0682384,0.246183,0.191629,1.46007e-06,0.394274,0.0499875,0
121860,49.9989,49.6054,49.611,0.246054,0.0682068,0.246054,0.191541,1.45754e-06,0.393577,0.0499875,0
121920,49.9989,49.6061,49.6117,0.245925,0.0681752,0.245925,0.191454,1.45501e-06,0.392882,0.0499875,0
121980,49.9989,49.6067,49.6123,0.245796,0.0681437,0.245796,0.191367,1.45249e-06,0.392189,0.0499875,0
122040,49.9989,49.6074,49.613,0.245667,0.0681123,0.245667,0.19128,1.44998e-06,0.391498,0.0499875,0
122100,49.9989,49.6081,49.6137,0.245539,0.0680809,0.245539,0.191193,1.44747e-06,0.390809,0.0499875,0
122160,49.9989,49.6088,49.6144,0.24541,0.0680497,0.24541,0.191106,1.44497e-06,0.390122,0.0499875,0
122220,49.9989,49.6095,49.615,0.245282,0.0680185,0.245282,0.191019,1.44248e-06,0.389436,0.0499875,0
122280,49.9989,49.6102,49.6157,0.245155,0.0679874,0.245155,0.190933,1.43999e-06,0.388753,0.0499875,0
122340,49.9989,49.6109,49.6164,0.245027,0.0679564,0.245027,0.190846,1.43751e-06,0.388071,0.0499875,0
122400,49.9989,49.6115,49.617,0.2449,0.0679255,0.2449,0.19076,1.43504e-06,0.387391,0.0499875,0
122460,49.9989,49.6122,49.6177,0.244773,0.0678947,0.244773,0.190674,1.43257e-06,0.386713,0.0499875,0
122520,49.9989,49.6129,49.6184,0.244646,0.0678639,0.244646,0.190588,1.43011e-06,0.386037,0.0499875,0
122580,49.9989,49.6136,49.619,0.244519,0.0678333,0.244519,0.190503,1.42766e-06,0.385362,0.0499875,0
122640,49.9989,49.6142,49.6197,0.244393,0.0678027,0.244393,0.190417,1.42521e-06,0.38469,0.0499875,0
122700,49.9989,49.6149,49.6203,0.244267,0.0677722,0.244267,0.190332,1.42277e-06,0.384019,0.0499875,0
122760,49.9989,49.6156,49.621,0.244141,0.0677418,0.244141,0.190246,1.42034e-06,0.38335,0.0499875,0
122820,49.9989,49.6163,49.6216,0.244015,0.0677114,0.244015,0.190161,1.41791e-06,0.382683,0.0499875,0
122880,49.9989,49.6169,49.6223,0.243889,0.0676812,0.243889,0.190076,1.41549e-06,0.382018,0.0499875,0
122940,49.9989,49.6176,49.6229,0.243764,0.067651,0.243764,0.189991,1.41307e-06,0.381355,0.0499875,0
123000,49.9989,49.6182,49.6236,0.243639,0.0676209,0.243639,0.189907,1.41067e-06,0.380693,0.0499875,0
123060,49.9989,49.6189,49.6242,0.243514,0.0675909,0.243514,0.189822,1.40826e-06,0.380033,0.0499875,0
123120,49.9989,49.6196,49.6249,0.243389,0.0675609,0.243389,0.189738,1.40587e-06,0.379375,0.0499875,0
123180,49.9989,49.6202,49.6255,0.243265,0.067531,0.243265,0.189653,1.40348e-06,0.378719,0.0499875,0
123240,49.9989,49.6209,49.6262,0.243141,0.0675013,0.243141,0.189569,1.4011e-06,0.378064,0.0499875,0
123300,49.9989,49.6215,49.6268,0.243017,0.0674716,0.243017,0.189485,1.39872e-06,0.377411,0.0499875,0
123360,49.9989,49.6222,49.6274,0.242893,0.0674419,0.242893,0.189401,1.39635e-06,0.37676,0.0499875,0
123420,49.9989,49.6228,49.6281,0.24277,0.0674124,0.24277,0.189318,1.39399e-06,0.376111,0.0499875,0
123480,49.9989,49.6235,49.6287,0.242646,0.0673829,0.242646,0.189234,1.39163e-06,0.375463,0.0499875,0
123540,49.9989,49.6241,49.6293,0.242523,0.0673535,0.242523,0.189151,1.38928e-06,0.374818,0.0499875,0
123600,49.9989,49.6248,49.63,0.2424,0.0673242,0.2424,0.189067,1.38693e-06,0.374174,0.0499875,0
123660,49.9989,49.6254,49.6306,0.242278,0.067295,0.242278,0.188984,1.38459e-06,0.373531,0.0499875,0
123720,49.9989,49.626,49.6312,0.242155,0.0672658,0.242155,0.188901,1.38226e-06,0.372891,0.0499875,0
123780,49.9989,49.6267,49.6318,0.242033,0.0672367,0.242033,0.188818,1.37993e-06,0.372252,0.0499875,0
123840,49.9989,49.6273,49.6325,0.241911,0.0672077,0.241911,0.188736,1.37761e-06,0.371614,0.0499875,0
123900,49.9989,49.628,49.6331,0.241789,0.0671788,0.241789,0.188653,1.3753e-06,0.370979,0.0499875,0
123960,49.9989,49.6286,49.6337,0.241667,0.0671499,0.241667,0.188571,1.37299e-06,0.370345,0.0499875,0
124020,49.9989,49.6292,49.6343,0.241546,0.0671211,0.241546,0.188488,1.37069e-06,0.369713,0.0499875,0
124080,49.9989,49.6299,49.6349,0.241425,0.0670924,0.241425,0.188406,1.36839e-06,0.369082,0.0499875,0
124140,49.9989,49.6305,49.6356,0.241304,0.0670638,0.241304,0.188324,1.3661e-06,0.368453,0.0499875,0
124200,49.9989,49.6311,49.6362,0.241183,0.0670352,0.241183,0.188242,1.36382e-06,0.367826,0.0499875,0
124260,49.9989,49.6317,49.6368,0.241063,0.0670068,0.241063,0.18816,1.36154e-06,0.367201,0.0499875,0
124320,49.9989,49.6324,49.6374,0.240942,0.0669783,0.240942,0.188079,1.35926e-06,0.366577,0.0499875,0
124380,49.9989,49.633,49.638,0.240822,0.06695,0.240822,0.187997,1.357e-06,0.365955,0.0499875,0
124440,49.9989,49.6336,49.6386,0.240702,0.0669217,0.240702,0.187916,1.35474e-06,0.365334,0.0499875,0
124500,49.9989,49.6342,49.6392,0.240582,0.0668936,0.240582,0.187835,1.35248e-06,0.364715,0.0499875,0
124560,49.9989,49.6348,49.6398,0.240463,0.0668654,0.240463,0.187754,1.35023e-06,0.364098,0.0499875,0
124620,49.9989,49.6355,49.6404,0.240344,0.0668374,0.240344,0.187673,1.34799e-06,0.363482,0.0499875,0
124680,49.9989,49.6361,49.641,0.240225,0.0668094,0.240225,0.187592,1.34575e-06,0.362868,0.0499875,0
124740,49.9989,49.6367,49.6416,0.240106,0.0667815,0.240106,0.187511,1.34352e-06,0.362256,0.0499875,0
124800,49.9989,49.6373,49.6422,0.239987,0.0667537,0.239987,0.187431,1.34129e-06,0.361645,0.0499875,0
124860,49.9989,49.6379,49.6428,0.239868,0.066726,0.239868,0.18735,1.33907e-06,0.361036,0.0499875,0
124920,49.9989,49.6385,49.6434,0.23975,0.0666983,0.23975,0.18727,1.33686e-06,0.360428,0.0499875,0
124980,49.9989,49.6391,49.644,0.239632,0.0666707,0.239632,0.18719,1.33465e-06,0.359822,0.0499875,0
125040,49.9989,49.6397,49.6446,0.239514,0.0666431,0.239514,0.18711,1.33245e-06,0.359218,0.0499875,0
125100,49.9989,49.6403,49.6452,0.239397,0.0666157,0.239397,0.18703,1.33025e-06,0.358615,0.0499875,0
125160,49.9989,49.6409,49.6458,0.239279,0.0665883,0.239279,0.18695,1.32806e-06,0.358014,0.0499875,0
125220,49.9989,49.6415,49.6464,0.239162,0.0665609,0.239162,0.186871,1.32587e-06,0.357414,0.0499875,0
125280,49.9989,49.6421,49.6469,0.239045,0.0665337,0.239045,0.186791,1.32369e-06,0.356816,0.0499875,0
125340,49.9989,49.6427,49.6475,0.238928,0.0665065,0.238928,0.186712,1.32152e-06,0.35622,0.0499875,0
125400,49.9989,49.6433,49.6481,0.238811,0.0664794,0.238811,0.186632,1.31935e-06,0.355625,0.0499875,0
125460,49.9989,49.6439,49.6487,0.238695,0.0664523,0.238695,0.186553,1.31718e-06,0.355031,0.0499875,0
125520,49.9989,49.6445,49.6493,0.238578,0.0664253,0.238578,0.186474,1.31502e-06,0.354439,0.0499875,0
125580,49.9989,49.6451,49.6498,0.238462,0.0663984,0.238462,0.186396,1.31287e-06,0.353849,0.0499875,0
125640,49.9989,49.6457,49.6504,0.238346,0.0663716,0.238346,0.186317,1.31072e-06,0.35326,0.0499875,0
125700,49.9989,49.6463,49.651,0.238231,0.0663448,0.238231,0.186238,1.30858e-06,0.352673,0.0499875,0
125760,49.9989,49.6468,49.6516,0.238115,0.0663181,0.238115,0.18616,1.30645e-06,0.352087,0.0499875,0
125820,49.9989,49.6474,49.6521,0.238,0.0662915,0.238,0.186081,1.30431e-06,0.351503,0.0499875,0
125880,49.9989,49.648,49.6527,0.237885,0.0662649,0.237885,0.186003,1.30219e-06,0.35092,0.0499875,0
125940,49.9989,49.6486,49.6533,0.23777,0.0662384,0.23777,0.185925,1.30007e-06,0.350339,0.0499875,0
126000,49.9989,49.6492,49.6538,0.237655,0.066212,0.237655,0.185847,1.29795e-06,0.349759,0.0499875,0
126060,49.9989,49.6498,49.6544,0.237541,0.0661856,0.237541,0.185769,1.29584e-06,0.349181,0.0499875,0
126120,49.9989,49.6503,49.655,0.237426,0.0661593,0.237426,0.185692,1.29374e-06,0.348604,0.0499875,0
126180,49.9989,49.6509,49.6555,0.237312,0.0661331,0.237312,0.185614,1.29164e-06,0.348029,0.0499875,0
126240,49.9989,49.6515,49.6561,0.237198,0.0661069,0.237198,0.185537,1.28955e-06,0.347455,0.0499875,0
126300,49.9989,49.6521,49.6567,0.237085,0.0660808,0.237085,0.185459,1.28746e-06,0.346883,0.0499875,0
126360,49.9989,49.6526,49.6572,0.236971,0.0660548,0.236971,0.185382,1.28538e-06,0.346312,0.0499875,0
126420,49.9989,49.6532,49.6578,0.236858,0.0660288,0.236858,0.185305,1.2833e-06,0.345743,0.0499875,0
126480,49.9989,49.6538,49.6583,0.236745,0.0660029,0.236745,0.185228,1.28123e-06,0.345175,0.0499875,0
126540,49.9989,49.6543,49.6589,0.236632,0.0659771,0.236632,0.185151,1.27916e-06,0.344608,0.0499875,0
126600,49.9989,49.6549,49.6594,0.236519,0.0659513,0.236519,0.185075,1.2771e-06,0.344043,0.0499875,0
126660,49.9989,49.6555,49.66,0.236406,0.0659256,0.236406,0.184998,1.27504e-06,0.34348,0.0499875,0
126720,49.9989,49.656,49.6605,0.236294,0.0658999,0.236294,0.184922,1.27299e-06,0.342918,0.0499875,0
126780,49.9989,49.6566,49.6611,0.236182,0.0658744,0.236182,0.184845,1.27095e-06,0.342357,0.0499875,0
126840,49.9989,49.6571,49.6616,0.23607,0.0658488,0.23607,0.184769,1.2689e-06,0.341798,0.0499875,0
126900,49.9989,49.6577,49.6622,0.235958,0.0658234,0.235958,0.184693,1.26687e-06,0.34124,0.0499875,0
126960,49.9989,49.6583,49.6627,0.235846,0.065798,0.235846,0.184617,1.26484e-06,0.340683,0.0499875,0
127020,49.9989,49.6588,49.6633,0.235735,0.0657727,0.235735,0.184541,1.26281e-06,0.340128,0.0499875,0
127080,49.9989,49.6594,49.6638,0.235623,0.0657474,0.235623,0.184466,1.26079e-06,0.339575,0.0499875,0
127140,49.9989,49.6599,49.6644,0.235512,0.0657222,0.235512,0.18439,1.25877e-06,0.339023,0.0499875,0
127200,49.9989,49.6605,49.6649,0.235401,0.0656971,0.235401,0.184315,1.25676e-06,0.338472,0.0499875,0
127260,49.9989,49.661,49.6654,0.235291,0.065672,0.235291,0.184239,1.25476e-06,0.337923,0.0499875,0
127320,49.9989,49.6616,49.666,0.23518,0.065647,0.23518,0.184164,1.25276e-06,0.337375,0.0499875,0
127380,49.9989,49.6621,49.6665,0.23507,0.0656221,0.23507,0.184089,1.25076e-06,0.336828,0.0499875,0
127440,49.9989,49.6627,49.667,0.234959,0.0655972,0.234959,0.184014,1.24877e-06,0.336283,0.0499875,0
127500,49.9989,49.6632,49.6676,0.234849,0.0655724,0.234849,0.183939,1.24679e-06,0.335739,0.0499875,0
127560,49.9989,49.6637,49.6681,0.23474,0.0655476,0.23474,0.183864,1.2448e-06,0.335197,0.0499875,0
127620,49.9989,49.6643,49.6686,0.23463,0.0655229,0.23463,0.18379,1.24283e-06,0.334656,0.0499875,0
127680,49.9989,49.6648,49.6692,0.234521,0.0654983,0.234521,0.183715,1.24086e-06,0.334116,0.0499875,0
127740,49.9989,49.6654,49.6697,0.234411,0.0654737,0.234411,0.183641,1.23889e-06,0.333578,0.0499875,0
127800,49.9989,49.6659,49.6702,0.234302,0.0654492,0.234302,0.183567,1.23693e-06,0.333041,0.0499875,0
127860,49.9989,49.6664,49.6707,0.234193,0.0654247,0.234193,0.183492,1.23497e-06,0.332505,0.0499875,0
127920,49.9989,49.667,49.6713,0.234085,0.0654003,0.234085,0.183418,1.23302e-06,0.331971,0.0499875,0
127980,49.9989,49.6675,49.6718,0.233976,0.065376,0.233976,0.183344,1.23108e-06,0.331438,0.0499875,0
128040,49.9989,49.668,49.6723,0.233868,0.0653517,0.233868,0.183271,1.22913e-06,0.330906,0.0499875,0
128100,49.9989,49.6686,49.6728,0.233759,0.0653275,0.233759,0.183197,1.2272e-06,0.330376,0.0499875,0
128160,49.9989,49.6691,49.6733,0.233651,0.0653033,0.233651,0.183123,1.22526e-06,0.329847,0.0499875,0
128220,49.9989,49.6696,49.6739,0.233543,0.0652793,0.233543,0.18305,1.22334e-06,0.329319,0.0499875,0
128280,49.9989,49.6701,49.6744,0.233436,0.0652552,0.233436,0.182977,1.22141e-06,0.328793,0.0499875,0
128340,49.9989,49.6707,49.6749,0.233328,0.0652312,0.233328,0.182903,1.2195e-06,0.328268,0.0499875,0
128400,49.9989,49.6712,49.6754,0.233221,0.0652073,0.233221,0.18283,1.21758e-06,0.327744,0.0499875,0
128460,49.9989,49.6717,49.6759,0.233114,0.0651835,0.233114,0.182757,1.21567e-06,0.327222,0.0499875,0
128520,49.9989,49.6722,49.6764,0.233007,0.0651597,0.233007,0.182684,1.21377e-06,0.326701,0.0499875,0
128580,49.9989,49.6728,49.6769,0.2329,0.0651359,0.2329,0.182612,1.21187e-06,0.326181,0.0499875,0
128640,49.9989,49.6733,49.6774,0.232793,0.0651122,0.232793,0.182539,1.20998e-06,0.325663,0.0499875,0
128700,49.9989,49.6738,49.678,0.232687,0.0650886,0.232687,0.182466,1.20809e-06,0.325146,0.0499875,0
128760,49.9989,49.6743,49.6785,0.232581,0.065065,0.232581,0.182394,1.2062e-06,0.32463,0.0499875,0
128820,49.9989,49.6748,49.679,0.232475,0.0650415,0.232475,0.182322,1.20432e-06,0.324115,0.0499875,0
128880,49.9989,49.6753,49.6795,0.232369,0.0650181,0.232369,0.182249,1.20244e-06,0.323602,0.0499875,0
128940,49.9989,49.6758,49.68,0.232263,0.0649947,0.232263,0.182177,1.20057e-06,0.32309,0.0499875,0
129000,49.9989,49.6764,49.6805,0.232157,0.0649714,0.232157,0.182105,1.1987e-06,0.322579,0.0499875,0
129060,49.9989,49.6769,49.681,0.232052,0.0649481,0.232052,0.182034,1.19684e-06,0.32207,0.0499875,0
129120,49.9989,49.6774,49.6815,0.231947,0.0649248,0.231947,0.181962,1.19498e-06,0.321561,0.0499875,0
129180,49.9989,49.6779,49.682,0.231842,0.0649017,0.231842,0.18189,1.19313e-06,0.321054,0.0499875,0
129240,49.9989,49.6784,49.6825,0.231737,0.0648786,0.231737,0.181819,1.19128e-06,0.320549,0.0499875,0
129300,49.9989,49.6789,49.683,0.231632,0.0648555,0.231632,0.181747,1.18944e-06,0.320044,0.0499875,0
129360,49.9989,49.6794,49.6834,0.231527,0.0648325,0.231527,0.181676,1.1876e-06,0.319541,0.0499875,0
129420,49.9989,49.6799,49.6839,0.231423,0.0648096,0.231423,0.181605,1.18576e-06,0.319039,0.0499875,0
129480,49.9989,49.6804,49.6844,0.231319,0.0647867,0.231319,0.181534,1.18393e-06,0.318538,0.0499875,0
129540,49.9989,49.6809,49.6849,0.231215,0.0647638,0.231215,0.181463,1.1821e-06,0.318038,0.0499875,0
129600,49.9989,49.6814,49.6854,0.231111,0.0647411,0.231111,0.181392,1.18028e-06,0.31754,0.0499875,0
129660,49.9989,49.6819,49.6859,0.231007,0.0647183,0.231007,0.181321,1.17846e-06,0.317043,0.0499875,0
129720,49.9989,49.6824,49.6864,0.230903,0.0646957,0.230903,0.18125,1.17665e-06,0.316547,0.0499875,0
129780,49.9989,49.6829,49.6869,0.2308,0.0646731,0.2308,0.18118,1.17484e-06,0.316052,0.0499875,0
129840,49.9989,49.6834,49.6873,0.230697,0.0646505,0.230697,0.181109,1.17304e-06,0.315559,0.0499875,0
129900,49.9989,49.6839,49.6878,0.230594,0.064628,0.230594,0.181039,1.17124e-06,0.315067,0.0499875,0
129960,49.9989,49.6844,49.6883,0.230491,0.0646055,0.230491,0.180969,1.16944e-06,0.314576,0.0499875,0
130020,49.9989,49.6848,49.6888,0.230388,0.0645831,0.230388,0.180899,1.16765e-06,0.314086,0.0499875,0
130080,49.9989,49.6853,49.6893,0.230286,0.0645608,0.230286,0.180829,1.16586e-06,0.313597,0.0499875,0
130140,49.9989,49.6858,49.6897,0.230183,0.0645385,0.230183,0.180759,1.16408e-06,0.31311,0.0499875,0
130200,49.9989,49.6863,49.6902,0.230081,0.0645163,0.230081,0.180689,1.1623e-06,0.312623,0.0499875,0
130260,49.9989,49.6868,49.6907,0.229979,0.0644941,0.229979,0.180619,1.16052e-06,0.312138,0.0499875,0
130320,49.9989,49.6873,49.6912,0.229877,0.064472,0.229877,0.18055,1.15875e-06,0.311655,0.0499875,0
130380,49.9989,49.6878,49.6916,0.229775,0.0644499,0.229775,0.18048,1.15699e-06,0.311172,0.0499875,0
130440,49.9989,49.6882,49.6921,0.229673,0.0644279,0.229673,0.180411,1.15523e-06,0.31069,0.0499875,0
130500,49.9989,49.6887,49.6926,0.229572,0.0644059,0.229572,0.180342,1.15347e-06,0.31021,0.0499875,0
130560,49.9989,49.6892,49.6931,0.229471,0.064384,0.229471,0.180272,1.15172e-06,0.309731,0.0499875,0
130620,49.9989,49.6897,49.6935,0.22937,0.0643621,0.22937,0.180203,1.14997e-06,0.309253,0.0499875,0
130680,49.9989,49.6902,49.694,0.229269,0.0643403,0.229269,0.180134,1.14822e-06,0.308776,0.0499875,0
130740,49.9989,49.6906,49.6945,0.229168,0.0643185,0.229168,0.180066,1.14648e-06,0.3083,0.0499875,0
130800,49.9989,49.6911,49.6949,0.229067,0.0642968,0.229067,0.179997,1.14474e-06,0.307825,0.0499875,0
130860,49.9989,49.6916,49.6954,0.228967,0.0642752,0.228967,0.179928,1.14301e-06,0.307352,0.0499875,0
130920,49.9989,49.6921,49.6959,0.228866,0.0642536,0.228866,0.17986,1.14128e-06,0.30688,0.0499875,0
130980,49.9989,49.6925,49.6963,0.228766,0.064232,0.228766,0.179791,1.13956e-06,0.306408,0.0499875,0
131040,49.9989,49.693,49.6968,0.228666,0.0642105,0.228666,0.179723,1.13784e-06,0.305938,0.0499875,0
131100,49.9989,49.6935,49.6972,0.228566,0.064189,0.228566,0.179655,1.13612e-06,0.305469,0.0499875,0
131160,49.9989,49.6939,49.6977,0.228467,0.0641676,0.228467,0.179587,1.13441e-06,0.305002,0.0499875,0
131220,49.9989,49.6944,49.6982,0.228367,0.0641463,0.228367,0.179519,1.1327e-06,0.304535,0.0499875,0
131280,49.9989,49.6949,49.6986,0.228268,0.064125,0.228268,0.179451,1.131e-06,0.30407,0.0499875,0
131340,49.9989,49.6953,49.6991,0.228169,0.0641037,0.228169,0.179383,1.1293e-06,0.303605,0.0499875,0
131400,49.9989,49.6958,49.6995,0.228069,0.0640825,0.228069,0.179315,1.1276e-06,0.303142,0.0499875,0
131460,49.9989,49.6963,49.7,0.227971,0.0640614,0.227971,0.179248,1.12591e-06,0.30268,0.0499875,0
131520,49.9989,49.6967,49.7004,0.227872,0.0640403,0.227872,0.17918,1.12422e-06,0.302219,0.0499875,0
131580,49.9989,49.6972,49.7009,0.227773,0.0640192,0.227773,0.179113,1.12254e-06,0.301759,0.0499875,0
131640,49.9989,49.6976,49.7013,0.227675,0.0639982,0.227675,0.179045,1.12086e-06,0.3013,0.0499875,0
131700,49.9989,49.6981,49.7018,0.227576,0.0639773,0.227576,0.178978,1.11918e-06,0.300842,0.0499875,0
131760,49.9989,49.6985,49.7022,0.227478,0.0639564,0.227478,0.178911,1.11751e-06,0.300385,0.0499875,0
131820,49.9989,49.699,49.7027,0.22738,0.0639355,0.22738,0.178844,1.11584e-06,0.29993,0.0499875,0
131880,49.9989,49.6995,49.7031,0.227282,0.0639147,0.227282,0.178777,1.11417e-06,0.299475,0.0499875,0
131940,49.9989,49.6999,49.7036,0.227185,0.063894,0.227185,0.17871,1.11251e-06,0.299022,0.0499875,0
132000,49.9989,49.7004,49.704,0.227087,0.0638732,0.227087,0.178644,1.11086e-06,0.298569,0.0499875,0
132060,49.9989,49.7008,49.7044,0.22699,0.0638526,0.22699,0.178577,1.1092e-06,0.298118,0.0499875,0
132120,49.9989,49.7013,49.7049,0.226893,0.063832,0.226893,0.178511,1.10756e-06,0.297668,0.0499875,0
132180,49.9989,49.7017,49.7053,0.226795,0.0638114,0.226795,0.178444,1.10591e-06,0.297219,0.0499875,0
132240,49.9989,49.7022,49.7058,0.226699,0.0637909,0.226699,0.178378,1.10427e-06,0.296771,0.0499875,0
132300,49.9989,49.7026,49.7062,0.226602,0.0637704,0.226602,0.178312,1.10263e-06,0.296324,0.0499875,0
132360,49.9989,49.7031,49.7066,0.226505,0.06375,0.226505,0.178246,1.101e-06,0.295878,0.0499875,0
132420,49.9989,49.7035,49.7071,0.226409,0.0637296,0.226409,0.17818,1.09937e-06,0.295433,0.0499875,0
132480,49.9989,49.7039,49.7075,0.226312,0.0637093,0.226312,0.178114,1.09774e-06,0.294989,0.0499875,0
132540,49.9989,49.7044,49.7079,0.226216,0.063689,0.226216,0.178048,1.09612e-06,0.294546,0.0499875,0
132600,49.9989,49.7048,49.7084,0.22612,0.0636688,0.22612,0.177982,1.0945e-06,0.294104,0.0499875,0
132660,49.9989,49.7053,49.7088,0.226024,0.0636486,0.226024,0.177916,1.09289e-06,0.293664,0.0499875,0
132720,49.9989,49.7057,49.7092,0.225928,0.0636285,0.225928,0.177851,1.09128e-06,0.293224,0.0499875,0
132780,49.9989,49.7061,49.7097,0.225833,0.0636084,0.225833,0.177786,1.08967e-06,0.292785,0.0499875,0
132840,49.9989,49.7066,49.7101,0.225737,0.0635884,0.225737,0.17772,1.08807e-06,0.292348,0.0499875,0
132900,49.9989,49.707,49.7105,0.225642,0.0635684,0.225642,0.177655,1.08647e-06,0.291911,0.0499875,0
132960,49.9989,49.7075,49.711,0.225547,0.0635484,0.225547,0.17759,1.08487e-06,0.291476,0.0499875,0
133020,49.9989,49.7079,49.7114,0.225452,0.0635285,0.225452,0.177525,1.08328e-06,0.291041,0.0499875,0
133080,49.9989,49.7083,49.7118,0.225357,0.0635086,0.225357,0.17746,1.08169e-06,0.290608,0.0499875,0
133140,49.9989,49.7088,49.7122,0.225262,0.0634888,0.225262,0.177395,1.0801e-06,0.290175,0.0499875,0
133200,49.9989,49.7092,49.7127,0.225168,0.0634691,0.225168,0.17733,1.07852e-06,0.289744,0.0499875,0
133260,49.9989,49.7096,49.7131,0.225073,0.0634493,0.225073,0.177266,1.07694e-06,0.289313,0.0499875,0
133320,49.9989,49.7101,49.7135,0.224979,0.0634297,0.224979,0.177201,1.07537e-06,0.288884,0.0499875,0
133380,49.9989,49.7105,49.7139,0.224885,0.06341,0.224885,0.177136,1.0738e-06,0.288455,0.0499875,0
133440,49.9989,49.7109,49.7143,0.224791,0.0633904,0.224791,0.177072,1.07223e-06,0.288028,0.0499875,0
133500,49.9989,49.7113,49.7148,0.224697,0.0633709,0.224697,0.177008,1.07067e-06,0.287601,0.0499875,0
133560,49.9989,49.7118,49.7152,0.224603,0.0633514,0.224603,0.176944,1.06911e-06,0.287176,0.0499875,0
133620,49.9989,49.7122,49.7156,0.22451,0.063332,0.22451,0.17688,1.06755e-06,0.286751,0.0499875,0
133680,49.9989,49.7126,49.716,0.224416,0.0633126,0.224416,0.176816,1.066e-06,0.286328,0.0499875,0
133740,49.9989,49.713,49.7164,0.224323,0.0632932,0.224323,0.176752,1.06445e-06,0.285905,0.0499875,0
133800,49.9989,49.7135,49.7168,0.22423,0.0632739,0.22423,0.176688,1.06291e-06,0.285484,0.0499875,0
133860,49.9989,49.7139,49.7173,0.224137,0.0632546,0.224137,0.176624,1.06136e-06,0.285063,0.0499875,0
133920,49.9989,49.7143,49.7177,0.224044,0.0632354,0.224044,0.17656,1.05983e-06,0.284644,0.0499875,0
133980,49.9989,49.7147,49.7181,0.223951,0.0632162,0.223951,0.176497,1.05829e-06,0.284225,0.0499875,0
134040,49.9989,49.7151,49.7185,0.223858,0.063197,0.223858,0.176433,1.05676e-06,0.283807,0.0499875,0
134100,49.9989,49.7155,49.7189,0.223766,0.0631779,0.223766,0.17637,1.05523e-06,0.283391,0.0499875,0
134160,49.9989,49.716,49.7193,0.223674,0.0631589,0.223674,0.176307,1.05371e-06,0.282975,0.0499875,0
134220,49.9989,49.7164,49.7197,0.223581,0.0631399,0.223581,0.176244,1.05219e-06,0.28256,0.0499875,0
134280,49.9989,49.7168,49.7201,0.223489,0.0631209,0.223489,0.176181,1.05067e-06,0.282146,0.0499875,0
134340,49.9989,49.7172,49.7205,0.223397,0.063102,0.223397,0.176118,1.04916e-06,0.281734,0.0499875,0
134400,49.9989,49.7176,49.7209,0.223306,0.0630831,0.223306,0.176055,1.04764e-06,0.281322,0.0499875,0
134460,49.9989,49.718,49.7213,0.223214,0.0630643,0.223214,0.175992,1.04614e-06,0.280911,0.0499875,0
134520,49.9989,49.7184,49.7217,0.223123,0.0630455,0.223123,0.175929,1.04463e-06,0.280501,0.0499875,0
134580,49.9989,49.7188,49.7221,0.223031,0.0630267,0.223031,0.175866,1.04313e-06,0.280092,0.0499875,0
134640,49.9989,49.7193,49.7225,0.22294,0.063008,0.22294,0.175804,1.04164e-06,0.279684,0.0499875,0
134700,49.9989,49.7197,49.7229,0.222849,0.0629893,0.222849,0.175741,1.04014e-06,0.279276,0.0499875,0
134760,49.9989,49.7201,49.7233,0.222758,0.0629707,0.222758,0.175679,1.03865e-06,0.27887,0.0499875,0
134820,49.9989,49.7205,49.7237,0.222667,0.0629521,0.222667,0.175617,1.03717e-06,0.278465,0.0499875,0
134880,49.9989,49.7209,49.7241,0.222577,0.0629336,0.222577,0.175555,1.03568e-06,0.278061,0.0499875,0
134940,49.9989,49.7213,49.7245,0.222486,0.0629151,0.222486,0.175493,1.0342e-06,0.277657,0.0499875,0
135000,49.9989,49.7217,49.7249,0.222396,0.0628966,0.222396,0.175431,1.03273e-06,0.277255,0.0499875,0
135060,49.9989,49.7221,49.7253,0.222305,0.0628782,0.222305,0.175369,1.03125e-06,0.276853,0.0499875,0
135120,49.9989,49.7225,49.7257,0.222215,0.0628598,0.222215,0.175307,1.02978e-06,0.276452,0.0499875,0
135180,49.9989,49.7229,49.7261,0.222125,0.0628415,0.222125,0.175245,1.02832e-06,0.276052,0.0499875,0
135240,49.9989,49.7233,49.7265,0.222035,0.0628232,0.222035,0.175183,1.02685e-06,0.275654,0.0499875,0
135300,49.9989,49.7237,49.7269,0.221946,0.0628049,0.221946,0.175122,1.02539e-06,0.275256,0.0499875,0
135360,49.9989,49.7241,49.7273,0.221856,0.0627867,0.221856,0.17506,1.02393e-06,0.274859,0.0499875,0
135420,49.9989,49.7245,49.7277,0.221767,0.0627686,0.221767,0.174999,1.02248e-06,0.274462,0.0499875,0
135480,49.9989,49.7249,49.728,0.221677,0.0627504,0.221677,0.174938,1.02103e-06,0.274067,0.0499875,0
135540,49.9989,49.7253,49.7284,0.221588,0.0627323,0.221588,0.174876,1.01958e-06,0.273673,0.0499875,0
135600,49.9989,49.7257,49.7288,0.221499,0.0627143,0.221499,0.174815,1.01814e-06,0.273279,0.0499875,0
135660,49.9989,49.726,49.7292,0.22141,0.0626963,0.22141,0.174754,1.0167e-06,0.272887,0.0499875,0
135720,49.9989,49.7264,49.7296,0.221321,0.0626783,0.221321,0.174693,1.01526e-06,0.272495,0.0499875,0
135780,49.9989,49.7268,49.73,0.221232,0.0626604,0.221232,0.174632,1.01383e-06,0.272104,0.0499875,0
135840,49.9989,49.7272,49.7304,0.221144,0.0626425,0.221144,0.174572,1.0124e-06,0.271714,0.0499875,0
135900,49.9989,49.7276,49.7307,0.221056,0.0626246,0.221056,0.174511,1.01097e-06,0.271325,0.0499875,0
135960,49.9989,49.728,49.7311,0.220967,0.0626068,0.220967,0.17445,1.00954e-06,0.270937,0.0499875,0
136020,49.9989,49.7284,49.7315,0.220879,0.0625891,0.220879,0.17439,1.00812e-06,0.27055,0.0499875,0
136080,49.9989,49.7288,49.7319,0.220791,0.0625713,0.220791,0.174329,1.0067e-06,0.270164,0.0499875,0
136140,49.9989,49.7292,49.7323,0.220703,0.0625536,0.220703,0.174269,1.00529e-06,0.269778,0.0499875,0
136200,49.9989,49.7295,49.7326,0.220615,0.062536,0.220615,0.174209,1.00388e-06,0.269393,0.0499875,0
136260,49.9989,49.7299,49.733,0.220528,0.0625184,0.220528,0.174149,1.00247e-06,0.26901,0.0499875,0
136320,49.9989,49.7303,49.7334,0.22044,0.0625008,0.22044,0.174088,1.00106e-06,0.268627,0.0499875,0
136380,49.9989,49.7307,49.7338,0.220353,0.0624833,0.220353,0.174028,9.99657e-07,0.268245,0.0499875,0
136440,49.9989,49.7311,49.7341,0.220266,0.0624658,0.220266,0.173968,9.98258e-07,0.267863,0.0499875,0
136500,49.9989,49.7315,49.7345,0.220178,0.0624483,0.220178,0.173909,9.96861e-07,0.267483,0.0499875,0
136560,49.9989,49.7318,49.7349,0.220091,0.0624309,0.220091,0.173849,9.95468e-07,0.267104,0.0499875,0
136620,49.9989,49.7322,49.7352,0.220005,0.0624135,0.220005,0.173789,9.94077e-07,0.266725,0.0499875,0
136680,49.9989,49.7326,49.7356,0.219918,0.0623962,0.219918,0.17373,9.9269e-07,0.266347,0.0499875,0
136740,49.9989,49.733,49.736,0.219831,0.0623789,0.219831,0.17367,9.91305e-07,0.26597,0.0499875,0
136800,49.9989,49.7333,49.7364,0.219745,0.0623616,0.219745,0.173611,9.89924e-07,0.265594,0.0499875,0
136860,49.9989,49.7337,49.7367,0.219658,0.0623444,0.219658,0.173551,9.88546e-07,0.265219,0.0499875,0
136920,49.9989,49.7341,49.7371,0.219572,0.0623272,0.219572,0.173492,9.87171e-07,0.264844,0.0499875,0
136980,49.9989,49.7345,49.7375,0.219486,0.06231,0.219486,0.173433,9.85799e-07,0.264471,0.0499875,0
137040,49.9989,49.7348,49.7378,0.2194,0.0622929,0.2194,0.173374,9.84429e-07,0.264098,0.0499875,0
137100,49.9989,49.7352,49.7382,0.219314,0.0622758,0.219314,0.173315,9.83063e-07,0.263726,0.0499875,0
137160,49.9989,49.7356,49.7386,0.219228,0.0622588,0.219228,0.173256,9.817e-07,0.263355,0.0499875,0
137220,49.9989,49.7359,49.7389,0.219143,0.0622418,0.219143,0.173197,9.8034e-07,0.262985,0.0499875,0
137280,49.9989,49.7363,49.7393,0.219057,0.0622248,0.219057,0.173138,9.78983e-07,0.262615,0.0499875,0
137340,49.9989,49.7367,49.7396,0.218972,0.0622079,0.218972,0.173079,9.77628e-07,0.262246,0.0499875,0
137400,49.9989,49.7371,49.74,0.218886,0.062191,0.218886,0.173021,9.76277e-07,0.261879,0.0499875,0
137460,49.9989,49.7374,49.7404,0.218801,0.0621742,0.218801,0.172962,9.74929e-07,0.261512,0.0499875,0
137520,49.9989,49.7378,49.7407,0.218716,0.0621573,0.218716,0.172904,9.73583e-07,0.261145,0.0499875,0
137580,49.9989,49.7382,49.7411,0.218631,0.0621406,0.218631,0.172845,9.72241e-07,0.26078,0.0499875,0
137640,49.9989,49.7385,49.7414,0.218547,0.0621238,0.218547,0.172787,9.70901e-07,0.260415,0.0499875,0
137700,49.9989,49.7389,49.7418,0.218462,0.0621071,0.218462,0.172729,9.69565e-07,0.260052,0.0499875,0
137760,49.9989,49.7392,49.7422,0.218378,0.0620904,0.218378,0.172671,9.68231e-07,0.259689,0.0499875,0
137820,49.9989,49.7396,49.7425,0.218293,0.0620738,0.218293,0.172613,9.669e-07,0.259326,0.0499875,0
137880,49.9989,49.74,49.7429,0.218209,0.0620572,0.218209,0.172555,9.65573e-07,0.258965,0.0499875,0
137940,49.9989,49.7403,49.7432,0.218125,0.0620406,0.218125,0.172497,9.64247e-07,0.258604,0.0499875,0
138000,49.9989,49.7407,49.7436,0.218041,0.0620241,0.218041,0.172439,9.62925e-07,0.258245,0.0499875,0
138060,49.9989,49.741,49.7439,0.217957,0.0620076,0.217957,0.172381,9.61606e-07,0.257886,0.0499875,0
138120,49.9989,49.7414,49.7443,0.217873,0.0619912,0.217873,0.172324,9.6029e-07,0.257527,0.0499875,0
138180,49.9989,49.7418,49.7446,0.217789,0.0619747,0.217789,0.172266,9.58976e-07,0.25717,0.0499875,0
138240,49.9989,49.7421,49.745,0.217706,0.0619584,0.217706,0.172209,9.57665e-07,0.256813,0.0499875,0
138300,49.9989,49.7425,49.7453,0.217622,0.061942,0.217622,0.172151,9.56357e-07,0.256458,0.0499875,0
138360,49.9989,49.7428,49.7457,0.217539,0.0619257,0.217539,0.172094,9.55052e-07,0.256102,0.0499875,0
138420,49.9989,49.7432,49.746,0.217456,0.0619094,0.217456,0.172036,9.5375e-07,0.255748,0.0499875,0
138480,49.9989,49.7435,49.7464,0.217373,0.0618932,0.217373,0.171979,9.52451e-07,0.255395,0.0499875,0
138540,49.9989,49.7439,49.7467,0.21729,0.061877,0.21729,0.171922,9.51154e-07,0.255042,0.0499875,0
138600,49.9989,49.7442,49.7471,0.217207,0.0618608,0.217207,0.171865,9.4986e-07,0.25469,0.0499875,0
138660,49.9989,49.7446,49.7474,0.217124,0.0618447,0.217124,0.171808,9.48569e-07,0.254339,0.0499875,0
138720,49.9989,49.7449,49.7478,0.217041,0.0618286,0.217041,0.171751,9.47281e-07,0.253988,0.0499875,0
138780,49.9989,49.7453,49.7481,0.216959,0.0618125,0.216959,0.171695,9.45995e-07,0.253639,0.0499875,0
138840,49.9989,49.7456,49.7484,0.216877,0.0617964,0.216877,0.171638,9.44713e-07,0.25329,0.0499875,0
138900,49.9989,49.746,49.7488,0.216794,0.0617804,0.216794,0.171581,9.43433e-07,0.252941,0.0499875,0
138960,49.9989,49.7463,49.7491,0.216712,0.0617645,0.216712,0.171525,9.42155e-07,0.252594,0.0499875,0
139020,49.9989,49.7467,49.7495,0.21663,0.0617486,0.21663,0.171468,9.40881e-07,0.252247,0.0499875,0
139080,49.9989,49.747,49.7498,0.216548,0.0617327,0.216548,0.171412,9.39609e-07,0.251901,0.0499875,0
139140,49.9989,49.7474,49.7501,0.216466,0.0617168,0.216466,0.171355,9.3834e-07,0.251556,0.0499875,0
139200,49.9989,49.7477,49.7505,0.216385,0.061701,0.216385,0.171299,9.37073e-07,0.251212,0.0499875,0
139260,49.9989,49.7481,49.7508,0.216303,0.0616852,0.216303,0.171243,9.3581e-07,0.250868,0.0499875,0
139320,49.9989,49.7484,49.7512,0.216222,0.0616694,0.216222,0.171187,9.34549e-07,0.250525,0.0499875,0
139380,49.9989,49.7488,49.7515,0.21614,0.0616537,0.21614,0.171131,9.33291e-07,0.250183,0.0499875,0
139440,49.9989,49.7491,49.7518,0.216059,0.061638,0.216059,0.171075,9.32035e-07,0.249842,0.0499875,0
139500,49.9989,49.7494,49.7522,0.215978,0.0616223,0.215978,0.171019,9.30782e-07,0.249501,0.0499875,0
139560,49.9989,49.7498,49.7525,0.215897,0.0616067,0.215897,0.170963,9.29532e-07,0.249161,0.0499875,0
139620,49.9989,49.7501,49.7528,0.215816,0.0615911,0.215816,0.170907,9.28284e-07,0.248822,0.0499875,0
139680,49.9989,49.7505,49.7532,0.215735,0.0615755,0.215735,0.170852,9.27039e-07,0.248483,0.0499875,0
139740,49.9989,49.7508,49.7535,0.215655,0.06156,0.215655,0.170796,9.25797e-07,0.248146,0.0499875,0
139800,49.9989,49.7511,49.7538,0.215574,0.0615445,0.215574,0.170741,9.24557e-07,0.247809,0.0499875,0
139860,49.9989,49.7515,49.7542,0.215494,0.061529,0.215494,0.170685,9.2332e-07,0.247472,0.0499875,0
139920,49.9989,49.7518,49.7545,0.215413,0.0615136,0.215413,0.17063,9.22086e-07,0.247137,0.0499875,0
139980,49.9989,49.7521,49.7548,0.215333,0.0614982,0.215333,0.170575,9.20854e-07,0.246802,0.0499875,0
140040,49.9989,49.7525,49.7551,0.215253,0.0614829,0.215253,0.170519,9.19625e-07,0.246468,0.0499875,0
140100,49.9989,49.7528,49.7555,0.215173,0.0614675,0.215173,0.170464,9.18398e-07,0.246134,0.0499875,0
140160,49.9989,49.7531,49.7558,0.215093,0.0614522,0.215093,0.170409,9.17174e-07,0.245801,0.0499875,0
140220,49.9989,49.7535,49.7561,0.215013,0.061437,0.215013,0.170354,9.15953e-07,0.245469,0.0499875,0
140280,49.9989,49.7538,49.7565,0.214934,0.0614217,0.214934,0.170299,9.14734e-07,0.245138,0.0499875,0
140340,49.9989,49.7541,49.7568,0.214854,0.0614065,0.214854,0.170244,9.13518e-07,0.244808,0.0499875,0
140400,49.9989,49.7545,49.7571,0.214775,0.0613913,0.214775,0.17019,9.12304e-07,0.244478,0.0499875,0
140460,49.9989,49.7548,49.7574,0.214695,0.0613762,0.214695,0.170135,9.11093e-07,0.244149,0.0499875,0
140520,49.9989,49.7551,49.7577,0.214616,0.0613611,0.214616,0.17008,9.09884e-07,0.24382,0.0499875,0
140580,49.9989,49.7554,49.7581,0.214537,0.061346,0.214537,0.170026,9.08678e-07,0.243492,0.0499875,0
140640,49.9989,49.7558,49.7584,0.214458,0.061331,0.214458,0.169971,9.07475e-07,0.243165,0.0499875,0
140700,49.9989,49.7561,49.7587,0.214379,0.061316,0.214379,0.169917,9.06274e-07,0.242839,0.0499875,0
140760,49.9989,49.7564,49.759,0.2143,0.061301,0.2143,0.169862,9.05075e-07,0.242513,0.0499875,0
140820,49.9989,49.7567,49.7594,0.214222,0.061286,0.214222,0.169808,9.03879e-07,0.242188,0.0499875,0
140880,49.9989,49.7571,49.7597,0.214143,0.0612711,0.214143,0.169754,9.02686e-07,0.241864,0.0499875,0
140940,49.9989,49.7574,49.76,0.214065,0.0612562,0.214065,0.1697,9.01495e-07,0.24154,0.0499875,0
141000,49.9989,49.7577,49.7603,0.213986,0.0612414,0.213986,0.169646,9.00306e-07,0.241217,0.0499875,0
141060,49.9989,49.758,49.7606,0.213908,0.0612265,0.213908,0.169592,8.9912e-07,0.240895,0.0499875,0
141120,49.9989,49.7584,49.7609,0.21383,0.0612118,0.21383,0.169538,8.97937e-07,0.240573,0.0499875,0
141180,49.9989,49.7587,49.7613,0.213752,0.061197,0.213752,0.169484,8.96756e-07,0.240253,0.0499875,0
141240,49.9989,49.759,49.7616,0.213674,0.0611823,0.213674,0.16943,8.95577e-07,0.239932,0.0499875,0
141300,49.9989,49.7593,49.7619,0.213596,0.0611676,0.213596,0.169377,8.94401e-07,0.239613,0.0499875,0
141360,49.9989,49.7596,49.7622,0.213518,0.0611529,0.213518,0.169323,8.93227e-07,0.239294,0.0499875,0
141420,49.9989,49.76,49.7625,0.213441,0.0611382,0.213441,0.169269,8.92056e-07,0.238976,0.0499875,0
141480,49.9989,49.7603,49.7628,0.213363,0.0611236,0.213363,0.169216,8.90887e-07,0.238658,0.0499875,0
141540,49.9989,49.7606,49.7631,0.213286,0.0611091,0.213286,0.169163,8.89721e-07,0.238341,0.0499875,0
141600,49.9989,49.7609,49.7634,0.213209,0.0610945,0.213209,0.169109,8.88557e-07,0.238025,0.0499875,0
141660,49.9989,49.7612,49.7638,0.213131,0.06108,0.213131,0.169056,8.87395e-07,0.23771,0.0499875,0
141720,49.9989,49.7615,49.7641,0.213054,0.0610655,0.213054,0.169003,8.86236e-07,0.237395,0.0499875,0
141780,49.9989,49.7619,49.7644,0.212977,0.061051,0.212977,0.16895,8.8508e-07,0.237081,0.0499875,0
141840,49.9989,49.7622,49.7647,0.2129,0.0610366,0.2129,0.168896,8.83925e-07,0.236767,0.0499875,0
141900,49.9989,49.7625,49.765,0.212824,0.0610222,0.212824,0.168843,8.82773e-07,0.236454,0.0499875,0
141960,49.9989,49.7628,49.7653,0.212747,0.0610078,0.212747,0.168791,8.81624e-07,0.236142,0.0499875,0
142020,49.9989,49.7631,49.7656,0.21267,0.0609935,0.21267,0.168738,8.80477e-07,0.235831,0.0499875,0
142080,49.9989,49.7634,49.7659,0.212594,0.0609792,0.212594,0.168685,8.79332e-07,0.23552,0.0499875,0
142140,49.9989,49.7637,49.7662,0.212518,0.0609649,0.212518,0.168632,8.78189e-07,0.235209,0.0499875,0
142200,49.9989,49.764,49.7665,0.212441,0.0609507,0.212441,0.168579,8.77049e-07,0.2349,0.0499875,0
142260,49.9989,49.7643,49.7668,0.212365,0.0609364,0.212365,0.168527,8.75911e-07,0.234591,0.0499875,0
142320,49.9989,49.7647,49.7671,0.212289,0.0609222,0.212289,0.168474,8.74776e-07,0.234283,0.0499875,0
142380,49.9989,49.765,49.7674,0.212213,0.0609081,0.212213,0.168422,8.73643e-07,0.233975,0.0499875,0
142440,49.9989,49.7653,49.7677,0.212137,0.0608939,0.212137,0.16837,8.72512e-07,0.233668,0.0499875,0
142500,49.9989,49.7656,49.768,0.212062,0.0608798,0.212062,0.168317,8.71384e-07,0.233361,0.0499875,0
142560,49.9989,49.7659,49.7683,0.211986,0.0608658,0.211986,0.168265,8.70258e-07,0.233056,0.0499875,0
142620,49.9989,49.7662,49.7686,0.211911,0.0608517,0.211911,0.168213,8.69134e-07,0.232751,0.0499875,0
142680,49.9989,49.7665,49.7689,0.211835,0.0608377,0.211835,0.168161,8.68012e-07,0.232446,0.0499875,0
142740,49.9989,49.7668,49.7692,0.21176,0.0608237,0.21176,0.168109,8.66893e-07,0.232142,0.0499875,0
142800,49.9989,49.7671,49.7695,0.211685,0.0608097,0.211685,0.168057,8.65776e-07,0.231839,0.0499875,0
142860,49.9989,49.7674,49.7698,0.21161,0.0607958,0.21161,0.168005,8.64662e-07,0.231536,0.0499875,0
142920,49.9989,49.7677,49.7701,0.211534,0.0607819,0.211534,0.167953,8.63549e-07,0.231234,0.0499875,0
142980,49.9989,49.768,49.7704,0.21146,0.060768,0.21146,0.167901,8.62439e-07,0.230933,0.0499875,0
143040,49.9989,49.7683,49.7707,0.211385,0.0607542,0.211385,0.167849,8.61332e-07,0.230632,0.0499875,0
143100,49.9989,49.7686,49.771,0.21131,0.0607404,0.21131,0.167798,8.60226e-07,0.230332,0.0499875,0
143160,49.9989,49.7689,49.7713,0.211235,0.0607266,0.211235,0.167746,8.59123e-07,0.230033,0.0499875,0
143220,49.9989,49.7692,49.7716,0.211161,0.0607128,0.211161,0.167695,8.58022e-07,0.229734,0.0499875,0
143280,49.9989,49.7695,49.7719,0.211086,0.0606991,0.211086,0.167643,8.56923e-07,0.229436,0.0499875,0
143340,49.9989,49.7698,49.7722,0.211012,0.0606854,0.211012,0.167592,8.55826e-07,0.229138,0.0499875,0
143400,49.9989,49.7701,49.7725,0.210938,0.0606717,0.210938,0.167541,8.54732e-07,0.228841,0.0499875,0
143460,49.9989,49.7704,49.7728,0.210864,0.060658,0.210864,0.167489,8.5364e-07,0.228545,0.0499875,0
143520,49.9989,49.7707,49.7731,0.21079,0.0606444,0.21079,0.167438,8.5255e-07,0.228249,0.0499875,0
143580,49.9989,49.771,49.7733,0.210716,0.0606308,0.210716,0.167387,8.51462e-07,0.227954,0.0499875,0
143640,49.9989,49.7713,49.7736,0.210642,0.0606173,0.210642,0.167336,8.50377e-07,0.227659,0.0499875,0
143700,49.9989,49.7716,49.7739,0.210568,0.0606037,0.210568,0.167285,8.49294e-07,0.227365,0.0499875,0
143760,49.9989,49.7719,49.7742,0.210495,0.0605902,0.210495,0.167234,8.48213e-07,0.227072,0.0499875,0
143820,49.9989,49.7722,49.7745,0.210421,0.0605767,0.210421,0.167183,8.47134e-07,0.226779,0.0499875,0
143880,49.9989,49.7724,49.7748,0.210348,0.0605633,0.210348,0.167132,8.46057e-07,0.226487,0.0499875,0
143940,49.9989,49.7727,49.7751,0.210274,0.0605498,0.210274,0.167082,8.44982e-07,0.226195,0.0499875,0
144000,49.9989,49.773,49.7754,0.210201,0.0605364,0.210201,0.167031,8.4391e-07,0.225904,0.0499875,0
144060,49.9989,49.7733,49.7756,0.210128,0.060523,0.210128,0.16698,8.4284e-07,0.225614,0.0499875,0
144120,49.9989,49.7736,49.7759,0.210055,0.0605097,0.210055,0.16693,8.41772e-07,0.225324,0.0499875,0
144180,49.9989,49.7739,49.7762,0.209982,0.0604964,0.209982,0.166879,8.40706e-07,0.225035,0.0499875,0
144240,49.9989,49.7742,49.7765,0.209909,0.0604831,0.209909,0.166829,8.39642e-07,0.224746,0.0499875,0
144300,49.9989,49.7745,49.7768,0.209836,0.0604698,0.209836,0.166779,8.38581e-07,0.224458,0.0499875,0
144360,49.9989,49.7748,49.7771,0.209764,0.0604566,0.209764,0.166728,8.37521e-07,0.224171,0.0499875,0
144420,49.9989,49.7751,49.7773,0.209691,0.0604433,0.209691,0.166678,8.36464e-07,0.223884,0.0499875,0
144480,49.9989,49.7753,49.7776,0.209619,0.0604301,0.209619,0.166628,8.35408e-07,0.223598,0.0499875,0
144540,49.9989,49.7756,49.7779,0.209546,0.060417,0.209546,0.166578,8.34355e-07,0.223312,0.0499875,0
144600,49.9989,49.7759,49.7782,0.209474,0.0604038,0.209474,0.166528,8.33304e-07,0.223027,0.0499875,0
144660,49.9989,49.7762,49.7785,0.209402,0.0603907,0.209402,0.166478,8.32255e-07,0.222743,0.0499875,0
144720,49.9989,49.7765,49.7787,0.20933,0.0603776,0.20933,0.166428,8.31209e-07,0.222459,0.0499875,0
144780,49.9989,49.7768,49.779,0.209258,0.0603646,0.209258,0.166378,8.30164e-07,0.222175,0.0499875,0
144840,49.9989,49.777,49.7793,0.209186,0.0603516,0.209186,0.166328,8.29121e-07,0.221892,0.0499875,0
144900,49.9989,49.7773,49.7796,0.209114,0.0603386,0.209114,0.166279,8.28081e-07,0.22161,0.0499875,0
144960,49.9989,49.7776,49.7799,0.209042,0.0603256,0.209042,0.166229,8.27042e-07,0.221329,0.0499875,0
145020,49.9989,49.7779,49.7801,0.208971,0.0603126,0.208971,0.166179,8.26006e-07,0.221048,0.0499875,0
145080,49.9989,49.7782,49.7804,0.208899,0.0602997,0.208899,0.16613,8.24972e-07,0.220767,0.0499875,0
145140,49.9989,49.7784,49.7807,0.208828,0.0602868,0.208828,0.16608,8.23939e-07,0.220487,0.0499875,0
145200,49.9989,49.7787,49.781,0.208756,0.0602739,0.208756,0.166031,8.22909e-07,0.220208,0.0499875,0
145260,49.9989,49.779,49.7812,0.208685,0.0602611,0.208685,0.165982,8.21881e-07,0.219929,0.0499875,0
145320,49.9989,49.7793,49.7815,0.208614,0.0602482,0.208614,0.165932,8.20855e-07,0.219651,0.0499875,0
145380,49.9989,49.7796,49.7818,0.208543,0.0602354,0.208543,0.165883,8.19831e-07,0.219373,0.0499875,0
145440,49.9989,49.7798,49.7821,0.208472,0.0602227,0.208472,0.165834,8.18809e-07,0.219096,0.0499875,0
145500,49.9989,49.7801,49.7823,0.208401,0.0602099,0.208401,0.165785,8.17789e-07,0.218819,0.0499875,0
145560,49.9989,49.7804,49.7826,0.20833,0.0601972,0.20833,0.165736,8.16771e-07,0.218543,0.0499875,0
145620,49.9989,49.7807,49.7829,0.20826,0.0601845,0.20826,0.165687,8.15755e-07,0.218268,0.0499875,0
145680,49.9989,49.7809,49.7831,0.208189,0.0601718,0.208189,0.165638,8.14741e-07,0.217993,0.0499875,0
145740,49.9989,49.7812,49.7834,0.208118,0.0601592,0.208118,0.165589,8.13729e-07,0.217718,0.0499875,0
145800,49.9989,49.7815,49.7837,0.208048,0.0601465,0.208048,0.16554,8.12719e-07,0.217445,0.0499875,0
145860,49.9989,49.7818,49.7839,0.207978,0.0601339,0.207978,0.165492,8.11711e-07,0.217171,0.0499875,0
145920,49.9989,49.782,49.7842,0.207907,0.0601214,0.207907,0.165443,8.10705e-07,0.216899,0.0499875,0
145980,49.9989,49.7823,49.7845,0.207837,0.0601088,0.207837,0.165394,8.09701e-07,0.216626,0.0499875,0
146040,49.9989,49.7826,49.7848,0.207767,0.0600963,0.207767,0.165346,8.08699e-07,0.216355,0.0499875,0
146100,49.9989,49.7829,49.785,0.207697,0.0600838,0.207697,0.165297,8.07699e-07,0.216084,0.0499875,0
146160,49.9989,49.7831,49.7853,0.207627,0.0600713,0.207627,0.165249,8.06701e-07,0.215813,0.0499875,0
146220,49.9989,49.7834,49.7856,0.207558,0.0600589,0.207558,0.1652,8.05705e-07,0.215543,0.0499875,0
146280,49.9989,49.7837,49.7858,0.207488,0.0600464,0.207488,0.165152,8.04711e-07,0.215274,0.0499875,0
146340,49.9989,49.7839,49.7861,0.207418,0.060034,0.207418,0.165104,8.03719e-07,0.215005,0.0499875,0
146400,49.9989,49.7842,49.7863,0.207349,0.0600216,0.207349,0.165056,8.02729e-07,0.214736,0.0499875,0
146460,49.9989,49.7845,49.7866,0.207279,0.0600093,0.207279,0.165007,8.0174e-07,0.214468,0.0499875,0
146520,49.9989,49.7847,49.7869,0.20721,0.059997,0.20721,0.164959,8.00754e-07,0.214201,0.0499875,0
146580,49.9989,49.785,49.7871,0.207141,0.0599847,0.207141,0.164911,7.99769e-07,0.213934,0.0499875,0
146640,49.9989,49.7853,49.7874,0.207072,0.0599724,0.207072,0.164863,7.98787e-07,0.213668,0.0499875,0
146700,49.9989,49.7855,49.7877,0.207003,0.0599601,0.207003,0.164816,7.97806e-07,0.213402,0.0499875,0
146760,49.9989,49.7858,49.7879,0.206934,0.0599479,0.206934,0.164768,7.96828e-07,0.213137,0.0499875,0
146820,49.9989,49.7861,49.7882,0.206865,0.0599357,0.206865,0.16472,7.95851e-07,0.212872,0.0499875,0
146880,49.9989,49.7863,49.7884,0.206796,0.0599235,0.206796,0.164672,7.94876e-07,0.212608,0.0499875,0
146940,49.9989,49.7866,49.7887,0.206727,0.0599113,0.206727,0.164625,7.93903e-07,0.212345,0.0499875,0
147000,49.9989,49.7869,49.789,0.206659,0.0598992,0.206659,0.164577,7.92932e-07,0.212081,0.0499875,0
147060,49.9989,49.7871,49.7892,0.20659,0.0598871,0.20659,0.164529,7.91963e-07,0.211819,0.0499875,0
147120,49.9989,49.7874,49.7895,0.206521,0.059875,0.206521,0.164482,7.90996e-07,0.211557,0.0499875,0
147180,49.9989,49.7876,49.7897,0.206453,0.0598629,0.206453,0.164434,7.9003e-07,0.211295,0.0499875,0
147240,49.9989,49.7879,49.79,0.206385,0.0598509,0.206385,0.164387,7.89067e-07,0.211034,0.0499875,0
147300,49.9989,49.7882,49.7902,0.206317,0.0598389,0.206317,0.16434,7.88105e-07,0.210774,0.0499875,0
147360,49.9989,49.7884,49.7905,0.206249,0.0598269,0.206249,0.164293,7.87146e-07,0.210513,0.0499875,0
147420,49.9989,49.7887,49.7908,0.206181,0.0598149,0.206181,0.164245,7.86188e-07,0.210254,0.0499875,0
147480,49.9989,49.7889,49.791,0.206113,0.0598029,0.206113,0.164198,7.85232e-07,0.209995,0.0499875,0
147540,49.9989,49.7892,49.7913,0.206045,0.059791,0.206045,0.164151,7.84278e-07,0.209736,0.0499875,0
147600,49.9989,49.7895,49.7915,0.205977,0.0597791,0.205977,0.164104,7.83325e-07,0.209478,0.0499875,0
147660,49.9989,49.7897,49.7918,0.205909,0.0597672,0.205909,0.164057,7.82375e-07,0.209221,0.0499875,0
147720,49.9989,49.79,49.792,0.205842,0.0597554,0.205842,0.16401,7.81426e-07,0.208964,0.0499875,0
147780,49.9989,49.7902,49.7923,0.205774,0.0597435,0.205774,0.163963,7.80479e-07,0.208707,0.0499875,0
147840,49.9989,49.7905,49.7925,0.205707,0.0597317,0.205707,0.163917,7.79534e-07,0.208452,0.0499875,0
147900,49.9989,49.7907,49.7928,0.205639,0.0597199,0.205639,0.16387,7.78591e-07,0.208196,0.0499875,0
147960,49.9989,49.791,49.793,0.205572,0.0597082,0.205572,0.163823,7.7765e-07,0.207941,0.0499875,0
148020,49.9989,49.7912,49.7933,0.205505,0.0596964,0.205505,0.163776,7.7671e-07,0.207687,0.0499875,0
148080,49.9989,49.7915,49.7935,0.205438,0.0596847,0.205438,0.16373,7.75773e-07,0.207433,0.0499875,0
148140,49.9989,49.7918,49.7938,0.205371,0.059673,0.205371,0.163683,7.74837e-07,0.207179,0.0499875,0
148200,49.9989,49.792,49.794,0.205304,0.0596613,0.205304,0.163637,7.73903e-07,0.206926,0.0499875,0
148260,49.9989,49.7923,49.7943,0.205237,0.0596497,0.205237,0.163591,7.7297e-07,0.206674,0.0499875,0
148320,49.9989,49.7925,49.7945,0.20517,0.059638,0.20517,0.163544,7.7204e-07,0.206422,0.0499875,0
148380,49.9989,49.7928,49.7948,0.205104,0.0596264,0.205104,0.163498,7.71111e-07,0.20617,0.0499875,0
148440,49.9989,49.793,49.795,0.205037,0.0596148,0.205037,0.163452,7.70184e-07,0.205919,0.0499875,0
148500,49.9989,49.7933,49.7953,0.204971,0.0596033,0.204971,0.163405,7.69259e-07,0.205668,0.0499875,0
148560,49.9989,49.7935,49.7955,0.204904,0.0595917,0.204904,0.163359,7.68335e-07,0.205418,0.0499875,0
148620,49.9989,49.7938,49.7958,0.204838,0.0595802,0.204838,0.163313,7.67414e-07,0.205169,0.0499875,0
148680,49.9989,49.794,49.796,0.204772,0.0595687,0.204772,0.163267,7.66494e-07,0.20492,0.0499875,0
148740,49.9989,49.7943,49.7963,0.204705,0.0595572,0.204705,0.163221,7.65576e-07,0.204671,0.0499875,0
148800,49.9989,49.7945,49.7965,0.204639,0.0595458,0.204639,0.163175,7.64659e-07,0.204423,0.0499875,0
148860,49.9989,49.7948,49.7967,0.204573,0.0595344,0.204573,0.163129,7.63745e-07,0.204175,0.0499875,0
148920,49.9989,49.795,49.797,0.204507,0.0595229,0.204507,0.163084,7.62832e-07,0.203928,0.0499875,0
148980,49.9989,49.7953,49.7972,0.204442,0.0595116,0.204442,0.163038,7.61921e-07,0.203681,0.0499875,0
149040,49.9989,49.7955,49.7975,0.204376,0.0595002,0.204376,0.162992,7.61012e-07,0.203435,0.0499875,0
149100,49.9989,49.7957,49.7977,0.20431,0.0594888,0.20431,0.162947,7.60104e-07,0.203189,0.0499875,0
149160,49.9989,49.796,49.798,0.204245,0.0594775,0.204245,0.162901,7.59198e-07,0.202944,0.0499875,0
149220,49.9989,49.7962,49.7982,0.204179,0.0594662,0.204179,0.162856,7.58294e-07,0.202699,0.0499875,0
149280,49.9989,49.7965,49.7984,0.204114,0.0594549,0.204114,0.16281,7.57391e-07,0.202455,0.0499875,0
149340,49.9989,49.7967,49.7987,0.204048,0.0594437,0.204048,0.162765,7.56491e-07,0.202211,0.0499875,0
149400,49.9989,49.797,49.7989,0.203983,0.0594324,0.203983,0.162719,7.55591e-07,0.201968,0.0499875,0
149460,49.9989,49.7972,49.7992,0.203918,0.0594212,0.203918,0.162674,7.54694e-07,0.201725,0.0499875,0
149520,49.9989,49.7975,49.7994,0.203853,0.05941,0.203853,0.162629,7.53798e-07,0.201482,0.0499875,0
149580,49.9989,49.7977,49.7996,0.203788,0.0593988,0.203788,0.162584,7.52905e-07,0.20124,0.0499875,0
149640,49.9989,49.7979,49.7999,0.203723,0.0593877,0.203723,0.162538,7.52012e-07,0.200999,0.0499875,0
149700,49.9989,49.7982,49.8001,0.203658,0.0593766,0.203658,0.162493,7.51122e-07,0.200758,0.0499875,0
149760,49.9989,49.7984,49.8003,0.203593,0.0593655,0.203593,0.162448,7.50233e-07,0.200517,0.0499875,0
149820,49.9989,49.7987,49.8006,0.203528,0.0593544,0.203528,0.162403,7.49346e-07,0.200277,0.0499875,0
149880,49.9989,49.7989,49.8008,0.203464,0.0593433,0.203464,0.162358,7.4846e-07,0.200037,0.0499875,0
149940,49.9989,49.7991,49.801,0.203399,0.0593322,0.203399,0.162313,7.47576e-07,0.199798,0.0499875,0
150000,49.9989,49.7994,49.8013,0.203335,0.0593212,0.203335,0.162269,7.46694e-07,0.199559,0.0499875,0
150060,49.9989,49.7996,49.8015,0.20327,0.0593102,0.20327,0.162224,7.45813e-07,0.199321,0.0499875,0
150120,49.9989,49.7999,49.8018,0.203206,0.0592992,0.203206,0.162179,7.44935e-07,0.199083,0.0499875,0
150180,49.9989,49.8001,49.802,0.203142,0.0592883,0.203142,0.162134,7.44057e-07,0.198846,0.0499875,0
150240,49.9989,49.8003,49.8022,0.203078,0.0592773,0.203078,0.16209,7.43182e-07,0.198609,0.0499875,0
150300,49.9989,49.8006,49.8025,0.203014,0.0592664,0.203014,0.162045,7.42308e-07,0.198372,0.0499875,0
150360,49.9989,49.8008,49.8027,0.20295,0.0592555,0.20295,0.162001,7.41436e-07,0.198136,0.0499875,0
150420,49.9989,49.801,49.8029,0.202886,0.0592446,0.202886,0.161956,7.40565e-07,0.197901,0.0499875,0
150480,49.9989,49.8013,49.8031,0.202822,0.0592337,0.202822,0.161912,7.39696e-07,0.197666,0.0499875,0
150540,49.9989,49.8015,49.8034,0.202758,0.0592229,0.202758,0.161868,7.38829e-07,0.197431,0.0499875,0
150600,49.9989,49.8017,49.8036,0.202694,0.0592121,0.202694,0.161823,7.37963e-07,0.197197,0.0499875,0
150660,49.9989,49.802,49.8038,0.202631,0.0592013,0.202631,0.161779,7.37099e-07,0.196963,0.0499875,0
150720,49.9989,49.8022,49.8041,0.202567,0.0591905,0.202567,0.161735,7.36236e-07,0.196729,0.0499875,0
150780,49.9989,49.8024,49.8043,0.202504,0.0591797,0.202504,0.161691,7.35375e-07,0.196497,0.0499875,0
150840,49.9989,49.8027,49.8045,0.202441,0.059169,0.202441,0.161647,7.34516e-07,0.196264,0.0499875,0
150900,49.9989,49.8029,49.8048,0.202377,0.0591583,0.202377,0.161602,7.33658e-07,0.196032,0.0499875,0
150960,49.9989,49.8031,49.805,0.202314,0.0591476,0.202314,0.161558,7.32802e-07,0.1958,0.0499875,0
151020,49.9989,49.8034,49.8052,0.202251,0.0591369,0.202251,0.161515,7.31948e-07,0.195569,0.0499875,0
151080,49.9989,49.8036,49.8054,0.202188,0.0591262,0.202188,0.161471,7.31095e-07,0.195338,0.0499875,0
151140,49.9989,49.8038,49.8057,0.202125,0.0591156,0.202125,0.161427,7.30244e-07,0.195108,0.0499875,0
151200,49.9989,49.8041,49.8059,0.202062,0.059105,0.202062,0.161383,7.29394e-07,0.194878,0.0499875,0
151260,49.9989,49.8043,49.8061,0.201999,0.0590944,0.201999,0.161339,7.28546e-07,0.194649,0.0499875,0
151320,49.9989,49.8045,49.8063,0.201936,0.0590838,0.201936,0.161296,7.27699e-07,0.19442,0.0499875,0
151380,49.9989,49.8047,49.8066,0.201874,0.0590732,0.201874,0.161252,7.26854e-07,0.194191,0.0499875,0
151440,49.9989,49.805,49.8068,0.201811,0.0590627,0.201811,0.161208,7.26011e-07,0.193963,0.0499875,0
151500,49.9989,49.8052,49.807,0.201748,0.0590522,0.201748,0.161165,7.25169e-07,0.193735,0.0499875,0
151560,49.9989,49.8054,49.8072,0.201686,0.0590416,0.201686,0.161121,7.24328e-07,0.193508,0.0499875,0
151620,49.9989,49.8057,49.8075,0.201624,0.0590312,0.201624,0.161078,7.2349e-07,0.193281,0.0499875,0
151680,49.9989,49.8059,49.8077,0.201561,0.0590207,0.201561,0.161035,7.22653e-07,0.193055,0.0499875,0
151740,49.9989,49.8061,49.8079,0.201499,0.0590103,0.201499,0.160991,7.21817e-07,0.192829,0.0499875,0
151800,49.9989,49.8063,49.8081,0.201437,0.0589998,0.201437,0.160948,7.20983e-07,0.192603,0.0499875,0
151860,49.9989,49.8066,49.8084,0.201375,0.0589894,0.201375,0.160905,7.2015e-07,0.192378,0.0499875,0
151920,49.9989,49.8068,49.8086,0.201313,0.058979,0.201313,0.160861,7.19319e-07,0.192153,0.0499875,0
151980,49.9989,49.807,49.8088,0.201251,0.0589687,0.201251,0.160818,7.1849e-07,0.191929,0.0499875,0
152040,49.9989,49.8072,49.809,0.201189,0.0589583,0.201189,0.160775,7.17662e-07,0.191705,0.0499875,0
152100,49.9989,49.8075,49.8092,0.201127,0.058948,0.201127,0.160732,7.16835e-07,0.191482,0.0499875,0
152160,49.9989,49.8077,49.8095,0.201066,0.0589377,0.201066,0.160689,7.1601e-07,0.191258,0.0499875,0
152220,49.9989,49.8079,49.8097,0.201004,0.0589274,0.201004,0.160646,7.15187e-07,0.191036,0.0499875,0
152280,49.9989,49.8081,49.8099,0.200942,0.0589171,0.200942,0.160603,7.14365e-07,0.190814,0.0499875,0
152340,49.9989,49.8083,49.8101,0.200881,0.0589069,0.200881,0.160561,7.13545e-07,0.190592,0.0499875,0
152400,49.9989,49.8086,49.8103,0.20082,0.0588966,0.20082,0.160518,7.12726e-07,0.19037,0.0499875,0
152460,49.9989,49.8088,49.8105,0.200758,0.0588864,0.200758,0.160475,7.11909e-07,0.190149,0.0499875,0
152520,49.9989,49.809,49.8108,0.200697,0.0588762,0.200697,0.160432,7.11093e-07,0.189929,0.0499875,0
152580,49.9989,49.8092,49.811,0.200636,0.058866,0.200636,0.16039,7.10278e-07,0.189708,0.0499875,0
152640,49.9989,49.8094,49.8112,0.200575,0.0588559,0.200575,0.160347,7.09466e-07,0.189489,0.0499875,0
152700,49.9989,49.8097,49.8114,0.200514,0.0588457,0.200514,0.160305,7.08654e-07,0.189269,0.0499875,0
152760,49.9989,49.8099,49.8116,0.200453,0.0588356,0.200453,0.160262,7.07844e-07,0.18905,0.0499875,0
152820,49.9989,49.8101,49.8118,0.200392,0.0588255,0.200392,0.16022,7.07036e-07,0.188832,0.0499875,0
152880,49.9989,49.8103,49.8121,0.200331,0.0588154,0.200331,0.160177,7.06229e-07,0.188614,0.0499875,0
152940,49.9989,49.8105,49.8123,0.20027,0.0588053,0.20027,0.160135,7.05423e-07,0.188396,0.0499875,0
153000,49.9989,49.8108,49.8125,0.200209,0.0587953,0.200209,0.160093,7.04619e-07,0.188179,0.0499875,0
153060,49.9989,49.811,49.8127,0.200149,0.0587853,0.200149,0.16005,7.03817e-07,0.187962,0.0499875,0
153120,49.9989,49.8112,49.8129,0.200088,0.0587752,0.200088,0.160008,7.03016e-07,0.187745,0.0499875,0
153180,49.9989,49.8114,49.8131,0.200028,0.0587652,0.200028,0.159966,7.02216e-07,0.187529,0.0499875,0
153240,49.9989,49.8116,49.8133,0.199967,0.0587553,0.199967,0.159924,7.01418e-07,0.187313,0.0499875,0
153300,49.9989,49.8118,49.8136,0.199907,0.0587453,0.199907,0.159882,7.00621e-07,0.187098,0.0499875,0
153360,49.9989,49.8121,49.8138,0.199847,0.0587354,0.199847,0.15984,6.99826e-07,0.186883,0.0499875,0
153420,49.9989,49.8123,49.814,0.199787,0.0587254,0.199787,0.159798,6.99032e-07,0.186668,0.0499875,0
153480,49.9989,49.8125,49.8142,0.199727,0.0587155,0.199727,0.159756,6.9824e-07,0.186454,0.0499875,0
153540,49.9989,49.8127,49.8144,0.199666,0.0587057,0.199666,0.159714,6.97449e-07,0.18624,0.0499875,0
153600,49.9989,49.8129,49.8146,0.199607,0.0586958,0.199607,0.159672,6.9666e-07,0.186027,0.0499875,0
153660,49.9989,49.8131,49.8148,0.199547,0.0586859,0.199547,0.15963,6.95872e-07,0.185814,0.0499875,0
153720,49.9989,49.8133,49.815,0.199487,0.0586761,0.199487,0.159589,6.95085e-07,0.185601,0.0499875,0
153780,49.9989,49.8135,49.8152,0.199427,0.0586663,0.199427,0.159547,6.943e-07,0.185389,0.0499875,0
153840,49.9989,49.8138,49.8154,0.199367,0.0586565,0.199367,0.159505,6.93516e-07,0.185177,0.0499875,0
153900,49.9989,49.814,49.8157,0.199308,0.0586467,0.199308,0.159464,6.92734e-07,0.184966,0.0499875,0
153960,49.9989,49.8142,49.8159,0.199248,0.058637,0.199248,0.159422,6.91953e-07,0.184755,0.0499875,0
154020,49.9989,49.8144,49.8161,0.199189,0.0586272,0.199189,0.159381,6.91173e-07,0.184544,0.0499875,0
154080,49.9989,49.8146,49.8163,0.199129,0.0586175,0.199129,0.159339,6.90395e-07,0.184334,0.0499875,0
154140,49.9989,49.8148,49.8165,0.19907,0.0586078,0.19907,0.159298,6.89618e-07,0.184124,0.0499875,0
154200,49.9989,49.815,49.8167,0.199011,0.0585981,0.199011,0.159257,6.88843e-07,0.183914,0.0499875,0
154260,49.9989,49.8152,49.8169,0.198951,0.0585884,0.198951,0.159215,6.88069e-07,0.183705,0.0499875,0
154320,49.9989,49.8154,49.8171,0.198892,0.0585787,0.198892,0.159174,6.87297e-07,0.183497,0.0499875,0
154380,49.9989,49.8156,49.8173,0.198833,0.0585691,0.198833,0.159133,6.86525e-07,0.183288,0.0499875,0
154440,49.9989,49.8159,49.8175,0.198774,0.0585595,0.198774,0.159092,6.85756e-07,0.18308,0.0499875,0
154500,49.9989,49.8161,49.8177,0.198715,0.0585499,0.198715,0.159051,6.84987e-07,0.182873,0.0499875,0
154560,49.9989,49.8163,49.8179,0.198657,0.0585403,0.198657,0.159009,6.8422e-07,0.182665,0.0499875,0
154620,49.9989,49.8165,49.8181,0.198598,0.0585307,0.198598,0.158968,6.83455e-07,0.182458,0.0499875,0
154680,49.9989,49.8167,49.8183,0.198539,0.0585212,0.198539,0.158927,6.8269e-07,0.182252,0.0499875,0
154740,49.9989,49.8169,49.8185,0.19848,0.0585116,0.19848,0.158886,6.81927e-07,0.182046,0.0499875,0
154800,49.9989,49.8171,49.8187,0.198422,0.0585021,0.198422,0.158846,6.81166e-07,0.18184,0.0499875,0
154860,49.9989,49.8173,49.8189,0.198363,0.0584926,0.198363,0.158805,6.80406e-07,0.181635,0.0499875,0
154920,49.9989,49.8175,49.8191,0.198305,0.0584831,0.198305,0.158764,6.79647e-07,0.18143,0.0499875,0
154980,49.9989,49.8177,49.8193,0.198246,0.0584737,0.198246,0.158723,6.7889e-07,0.181225,0.0499875,0
155040,49.9989,49.8179,49.8195,0.198188,0.0584642,0.198188,0.158682,6.78133e-07,0.181021,0.0499875,0
155100,49.9989,49.8181,49.8197,0.19813,0.0584548,0.19813,0.158642,6.77379e-07,0.180817,0.0499875,0
155160,49.9989,49.8183,49.8199,0.198072,0.0584454,0.198072,0.158601,6.76625e-07,0.180614,0.0499875,0
155220,49.9989,49.8185,49.8201,0.198014,0.058436,0.198014,0.158561,6.75873e-07,0.18041,0.0499875,0
155280,49.9989,49.8187,49.8203,0.197956,0.0584266,0.197956,0.15852,6.75123e-07,0.180208,0.0499875,0
155340,49.9989,49.8189,49.8205,0.197898,0.0584172,0.197898,0.15848,6.74373e-07,0.180005,0.0499875,0
155400,49.9989,49.8191,49.8207,0.19784,0.0584079,0.19784,0.158439,6.73625e-07,0.179803,0.0499875,0
155460,49.9989,49.8193,49.8209,0.197782,0.0583985,0.197782,0.158399,6.72879e-07,0.179601,0.0499875,0
155520,49.9989,49.8195,49.8211,0.197724,0.0583892,0.197724,0.158358,6.72133e-07,0.1794,0.0499875,0
155580,49.9989,49.8197,49.8213,0.197666,0.0583799,0.197666,0.158318,6.71389e-07,0.179199,0.0499875,0
155640,49.9989,49.8199,49.8215,0.197609,0.0583706,0.197609,0.158278,6.70646e-07,0.178999,0.0499875,0
155700,49.9989,49.8201,49.8217,0.197551,0.0583614,0.197551,0.158238,6.69905e-07,0.178798,0.0499875,0
155760,49.9989,49.8203,49.8219,0.197494,0.0583521,0.197494,0.158197,6.69165e-07,0.178598,0.0499875,0
155820,49.9989,49.8205,49.8221,0.197436,0.0583429,0.197436,0.158157,6.68426e-07,0.178399,0.0499875,0
155880,49.9989,49.8207,49.8223,0.197379,0.0583336,0.197379,0.158117,6.67689e-07,0.1782,0.0499875,0
155940,49.9989,49.8209,49.8225,0.197322,0.0583244,0.197322,0.158077,6.66952e-07,0.178001,0.0499875,0
156000,49.9989,49.8211,49.8227,0.197264,0.0583153,0.197264,0.158037,6.66218e-07,0.177802,0.0499875,0
156060,49.9989,49.8213,49.8229,0.197207,0.0583061,0.197207,0.157997,6.65484e-07,0.177604,0.0499875,0
156120,49.9989,49.8215,49.8231,0.19715,0.0582969,0.19715,0.157957,6.64752e-07,0.177407,0.0499875,0
156180,49.9989,49.8217,49.8233,0.197093,0.0582878,0.197093,0.157917,6.64021e-07,0.177209,0.0499875,0
156240,49.9989,49.8219,49.8235,0.197036,0.0582787,0.197036,0.157878,6.63291e-07,0.177012,0.0499875,0
156300,49.9989,49.8221,49.8237,0.196979,0.0582696,0.196979,0.157838,6.62563e-07,0.176815,0.0499875,0
156360,49.9989,49.8223,49.8239,0.196922,0.0582605,0.196922,0.157798,6.61835e-07,0.176619,0.0499875,0
156420,49.9989,49.8225,49.8241,0.196865,0.0582514,0.196865,0.157758,6.6111e-07,0.176423,0.0499875,0
156480,49.9989,49.8227,49.8243,0.196809,0.0582424,0.196809,0.157719,6.60385e-07,0.176227,0.0499875,0
156540,49.9989,49.8229,49.8245,0.196752,0.0582333,0.196752,0.157679,6.59662e-07,0.176032,0.0499875,0
156600,49.9989,49.8231,49.8247,0.196696,0.0582243,0.196696,0.15764,6.5894e-07,0.175837,0.0499875,0
156660,49.9989,49.8233,49.8248,0.196639,0.0582153,0.196639,0.1576,6.58219e-07,0.175643,0.0499875,0
156720,49.9989,49.8235,49.825,0.196583,0.0582063,0.196583,0.157561,6.57499e-07,0.175448,0.0499875,0
156780,49.9989,49.8237,49.8252,0.196526,0.0581973,0.196526,0.157521,6.56781e-07,0.175254,0.0499875,0
156840,49.9989,49.8239,49.8254,0.19647,0.0581883,0.19647,0.157482,6.56064e-07,0.175061,0.0499875,0
156900,49.9989,49.8241,49.8256,0.196414,0.0581794,0.196414,0.157443,6.55349e-07,0.174868,0.0499875,0
156960,49.9989,49.8243,49.8258,0.196357,0.0581705,0.196357,0.157403,6.54634e-07,0.174675,0.0499875,0
157020,49.9989,49.8245,49.826,0.196301,0.0581616,0.196301,0.157364,6.53921e-07,0.174482,0.0499875,0
157080,49.9989,49.8246,49.8262,0.196245,0.0581527,0.196245,0.157325,6.53209e-07,0.17429,0.0499875,0
157140,49.9989,49.8248,49.8264,0.196189,0.0581438,0.196189,0.157286,6.52498e-07,0.174098,0.0499875,0
157200,49.9989,49.825,49.8266,0.196133,0.0581349,0.196133,0.157246,6.51789e-07,0.173907,0.0499875,0
157260,49.9989,49.8252,49.8267,0.196077,0.058126,0.196077,0.157207,6.5108e-07,0.173716,0.0499875,0
157320,49.9989,49.8254,49.8269,0.196021,0.0581172,0.196021,0.157168,6.50373e-07,0.173525,0.0499875,0
157380,49.9989,49.8256,49.8271,0.195966,0.0581084,0.195966,0.157129,6.49668e-07,0.173334,0.0499875,0
157440,49.9989,49.8258,49.8273,0.19591,0.0580996,0.19591,0.15709,6.48963e-07,0.173144,0.0499875,0
157500,49.9989,49.826,49.8275,0.195854,0.0580908,0.195854,0.157051,6.4826e-07,0.172954,0.0499875,0
157560,49.9989,49.8262,49.8277,0.195799,0.058082,0.195799,0.157013,6.47558e-07,0.172765,0.0499875,0
157620,49.9989,49.8264,49.8279,0.195743,0.0580733,0.195743,0.156974,6.46857e-07,0.172575,0.0499875,0
157680,49.9989,49.8265,49.8281,0.195688,0.0580645,0.195688,0.156935,6.46157e-07,0.172387,0.0499875,0
157740,49.9989,49.8267,49.8282,0.195632,0.0580558,0.195632,0.156896,6.45459e-07,0.172198,0.0499875,0
157800,49.9989,49.8269,49.8284,0.195577,0.0580471,0.195577,0.156858,6.44762e-07,0.17201,0.0499875,0
157860,49.9989,49.8271,49.8286,0.195522,0.0580384,0.195522,0.156819,6.44066e-07,0.171822,0.0499875,0
157920,49.9989,49.8273,49.8288,0.195467,0.0580297,0.195467,0.15678,6.43371e-07,0.171635,0.0499875,0
157980,49.9989,49.8275,49.829,0.195412,0.058021,0.195412,0.156742,6.42677e-07,0.171447,0.0499875,0
158040,49.9989,49.8277,49.8292,0.195356,0.0580123,0.195356,0.156703,6.41985e-07,0.171261,0.0499875,0
158100,49.9989,49.8279,49.8293,0.195301,0.0580037,0.195301,0.156665,6.41294e-07,0.171074,0.0499875,0
158160,49.9989,49.828,49.8295,0.195247,0.0579951,0.195247,0.156626,6.40603e-07,0.170888,0.0499875,0
158220,49.9989,49.8282,49.8297,0.195192,0.0579865,0.195192,0.156588,6.39915e-07,0.170702,0.0499875,0
158280,49.9989,49.8284,49.8299,0.195137,0.0579779,0.195137,0.156549,6.39227e-07,0.170516,0.0499875,0
158340,49.9989,49.8286,49.8301,0.195082,0.0579693,0.195082,0.156511,6.38541e-07,0.170331,0.0499875,0
158400,49.9989,49.8288,49.8303,0.195027,0.0579607,0.195027,0.156473,6.37855e-07,0.170146,0.0499875,0
158460,49.9989,49.829,49.8304,0.194973,0.0579522,0.194973,0.156434,6.37171e-07,0.169962,0.0499875,0
158520,49.9989,49.8292,49.8306,0.194918,0.0579436,0.194918,0.156396,6.36488e-07,0.169777,0.0499875,0
158580,49.9989,49.8293,49.8308,0.194864,0.0579351,0.194864,0.156358,6.35807e-07,0.169593,0.0499875,0
158640,49.9989,49.8295,49.831,0.194809,0.0579266,0.194809,0.15632,6.35126e-07,0.16941,0.0499875,0
158700,49.9989,49.8297,49.8312,0.194755,0.0579181,0.194755,0.156282,6.34447e-07,0.169227,0.0499875,0
158760,49.9989,49.8299,49.8313,0.1947,0.0579096,0.1947,0.156244,6.33769e-07,0.169044,0.0499875,0
158820,49.9989,49.8301,49.8315,0.194646,0.0579012,0.194646,0.156206,6.33091e-07,0.168861,0.0499875,0
158880,49.9989,49.8303,49.8317,0.194592,0.0578927,0.194592,0.156168,6.32416e-07,0.168679,0.0499875,0
158940,49.9989,49.8304,49.8319,0.194538,0.0578843,0.194538,0.15613,6.31741e-07,0.168496,0.0499875,0
159000,49.9989,49.8306,49.8321,0.194484,0.0578759,0.194484,0.156092,6.31067e-07,0.168315,0.0499875,0
159060,49.9989,49.8308,49.8322,0.19443,0.0578675,0.19443,0.156054,6.30395e-07,0.168133,0.0499875,0
159120,49.9989,49.831,49.8324,0.194376,0.0578591,0.194376,0.156016,6.29724e-07,0.167952,0.0499875,0
159180,49.9989,49.8312,49.8326,0.194322,0.0578507,0.194322,0.155979,6.29054e-07,0.167772,0.0499875,0
159240,49.9989,49.8313,49.8328,0.194268,0.0578423,0.194268,0.155941,6.28385e-07,0.167591,0.0499875,0
159300,49.9989,49.8315,49.833,0.194214,0.057834,0.194214,0.155903,6.27717e-07,0.167411,0.0499875,0
159360,49.9989,49.8317,49.8331,0.19416,0.0578257,0.19416,0.155866,6.2705e-07,0.167231,0.0499875,0
159420,49.9989,49.8319,49.8333,0.194107,0.0578173,0.194107,0.155828,6.26384e-07,0.167052,0.0499875,0
159480,49.9989,49.8321,49.8335,0.194053,0.057809,0.194053,0.15579,6.2572e-07,0.166872,0.0499875,0
159540,49.9989,49.8322,49.8337,0.193999,0.0578008,0.193999,0.155753,6.25057e-07,0.166693,0.0499875,0
159600,49.9989,49.8324,49.8338,0.193946,0.0577925,0.193946,0.155715,6.24395e-07,0.166515,0.0499875,0
159660,49.9989,49.8326,49.834,0.193893,0.0577842,0.193893,0.155678,6.23734e-07,0.166337,0.0499875,0
159720,49.9989,49.8328,49.8342,0.193839,0.057776,0.193839,0.155641,6.23074e-07,0.166159,0.0499875,0
159780,49.9989,49.833,49.8344,0.193786,0.0577677,0.193786,0.155603,6.22415e-07,0.165981,0.0499875,0
159840,49.9989,49.8331,49.8345,0.193733,0.0577595,0.193733,0.155566,6.21757e-07,0.165803,0.0499875,0
159900,49.9989,49.8333,49.8347,0.193679,0.0577513,0.193679,0.155529,6.21101e-07,0.165626,0.0499875,0
159960,49.9989,49.8335,49.8349,0.193626,0.0577431,0.193626,0.155491,6.20445e-07,0.16545,0.0499875,0
160020,49.9989,49.8337,49.8351,0.193573,0.0577349,0.193573,0.155454,6.19791e-07,0.165273,0.0499875,0
160080,49.9989,49.8338,49.8352,0.19352,0.0577268,0.19352,0.155417,6.19138e-07,0.165097,0.0499875,0
160140,49.9989,49.834,49.8354,0.193467,0.0577186,0.193467,0.15538,6.18486e-07,0.164921,0.0499875,0
160200,49.9989,49.8342,49.8356,0.193414,0.0577105,0.193414,0.155343,6.17835e-07,0.164746,0.0499875,0
160260,49.9989,49.8344,49.8358,0.193361,0.0577024,0.193361,0.155306,6.17185e-07,0.16457,0.0499875,0
160320,49.9989,49.8345,49.8359,0.193309,0.0576942,0.193309,0.155269,6.16536e-07,0.164395,0.0499875,0
160380,49.9989,49.8347,49.8361,0.193256,0.0576861,0.193256,0.155232,6.15888e-07,0.164221,0.0499875,0
160440,49.9989,49.8349,49.8363,0.193203,0.0576781,0.193203,0.155195,6.15242e-07,0.164046,0.0499875,0
160500,49.9989,49.8351,49.8364,0.19315,0.05767,0.19315,0.155158,6.14596e-07,0.163872,0.0499875,0
160560,49.9989,49.8352,49.8366,0.193098,0.0576619,0.193098,0.155121,6.13952e-07,0.163699,0.0499875,0
160620,49.9989,49.8354,49.8368,0.193045,0.0576539,0.193045,0.155084,6.13309e-07,0.163525,0.0499875,0
160680,49.9989,49.8356,49.837,0.192993,0.0576459,0.192993,0.155047,6.12666e-07,0.163352,0.0499875,0
160740,49.9989,49.8358,49.8371,0.192941,0.0576379,0.192941,0.155011,6.12025e-07,0.163179,0.0499875,0
160800,49.9989,49.8359,49.8373,0.192888,0.0576299,0.192888,0.154974,6.11385e-07,0.163006,0.0499875,0
160860,49.9989,49.8361,49.8375,0.192836,0.0576219,0.192836,0.154937,6.10746e-07,0.162834,0.0499875,0
160920,49.9989,49.8363,49.8376,0.192784,0.0576139,0.192784,0.154901,6.10108e-07,0.162662,0.0499875,0
160980,49.9989,49.8364,49.8378,0.192732,0.0576059,0.192732,0.154864,6.09471e-07,0.16249,0.0499875,0
161040,49.9989,49.8366,49.838,0.192679,0.057598,0.192679,0.154828,6.08836e-07,0.162319,0.0499875,0
161100,49.9989,49.8368,49.8381,0.192627,0.0575901,0.192627,0.154791,6.08201e-07,0.162148,0.0499875,0
161160,49.9989,49.837,49.8383,0.192575,0.0575821,0.192575,0.154755,6.07567e-07,0.161977,0.0499875,0
161220,49.9989,49.8371,49.8385,0.192523,0.0575742,0.192523,0.154718,6.06935e-07,0.161807,0.0499875,0
161280,49.9989,49.8373,49.8387,0.192472,0.0575663,0.192472,0.154682,6.06303e-07,0.161636,0.0499875,0
161340,49.9989,49.8375,49.8388,0.19242,0.0575584,0.19242,0.154645,6.05673e-07,0.161466,0.0499875,0
161400,49.9989,49.8376,49.839,0.192368,0.0575506,0.192368,0.154609,6.05043e-07,0.161297,0.0499875,0
161460,49.9989,49.8378,49.8392,0.192316,0.0575427,0.192316,0.154573,6.04415e-07,0.161127,0.0499875,0
161520,49.9989,49.838,49.8393,0.192265,0.0575349,0.192265,0.154537,6.03788e-07,0.160958,0.0499875,0
161580,49.9989,49.8381,49.8395,0.192213,0.0575271,0.192213,0.1545,6.03161e-07,0.160789,0.0499875,0
161640,49.9989,49.8383,49.8397,0.192161,0.0575192,0.192161,0.154464,6.02536e-07,0.160621,0.0499875,0
161700,49.9989,49.8385,49.8398,0.19211,0.0575114,0.19211,0.154428,6.01912e-07,0.160453,0.0499875,0
161760,49.9989,49.8386,49.84,0.192058,0.0575037,0.192058,0.154392,6.01289e-07,0.160285,0.0499875,0
161820,49.9989,49.8388,49.8402,0.192007,0.0574959,0.192007,0.154356,6.00667e-07,0.160117,0.0499875,0
161880,49.9989,49.839,49.8403,0.191956,0.0574881,0.191956,0.15432,6.00046e-07,0.159949,0.0499875,0
161940,49.9989,49.8392,49.8405,0.191904,0.0574804,0.191904,0.154284,5.99426e-07,0.159782,0.0499875,0
162000,49.9989,49.8393,49.8406,0.191853,0.0574726,0.191853,0.154248,5.98807e-07,0.159616,0.0499875,0
162060,49.9989,49.8395,49.8408,0.191802,0.0574649,0.191802,0.154212,5.98189e-07,0.159449,0.0499875,0
162120,49.9989,49.8397,49.841,0.191751,0.0574572,0.191751,0.154176,5.97572e-07,0.159283,0.0499875,0
162180,49.9989,49.8398,49.8411,0.1917,0.0574495,0.1917,0.15414,5.96956e-07,0.159117,0.0499875,0
162240,49.9989,49.84,49.8413,0.191649,0.0574418,0.191649,0.154105,5.96341e-07,0.158951,0.0499875,0
162300,49.9989,49.8401,49.8415,0.191598,0.0574341,0.191598,0.154069,5.95727e-07,0.158786,0.0499875,0
162360,49.9989,49.8403,49.8416,0.191547,0.0574265,0.191547,0.154033,5.95114e-07,0.15862,0.0499875,0
162420,49.9989,49.8405,49.8418,0.191496,0.0574188,0.191496,0.153997,5.94502e-07,0.158455,0.0499875,0
162480,49.9989,49.8406,49.842,0.191445,0.0574112,0.191445,0.153962,5.93892e-07,0.158291,0.0499875,0
162540,49.9989,49.8408,49.8421,0.191395,0.0574036,0.191395,0.153926,5.93282e-07,0.158127,0.0499875,0
162600,49.9989,49.841,49.8423,0.191344,0.057396,0.191344,0.15389,5.92673e-07,0.157962,0.0499875,0
162660,49.9989,49.8411,49.8424,0.191293,0.0573884,0.191293,0.153855,5.92065e-07,0.157799,0.0499875,0
162720,49.9989,49.8413,49.8426,0.191243,0.0573808,0.191243,0.153819,5.91458e-07,0.157635,0.0499875,0
162780,49.9989,49.8415,49.8428,0.191192,0.0573732,0.191192,0.153784,5.90853e-07,0.157472,0.0499875,0
162840,49.9989,49.8416,49.8429,0.191142,0.0573656,0.191142,0.153749,5.90248e-07,0.157309,0.0499875,0
162900,49.9989,49.8418,49.8431,0.191092,0.0573581,0.191092,0.153713,5.89644e-07,0.157146,0.0499875,0
162960,49.9989,49.842,49.8432,0.191041,0.0573506,0.191041,0.153678,5.89041e-07,0.156984,0.0499875,0
163020,49.9989,49.8421,49.8434,0.190991,0.057343,0.190991,0.153642,5.88439e-07,0.156822,0.0499875,0
163080,49.9989,49.8423,49.8436,0.190941,0.0573355,0.190941,0.153607,5.87839e-07,0.15666,0.0499875,0
163140,49.9989,49.8424,49.8437,0.19089,0.057328,0.19089,0.153572,5.87239e-07,0.156498,0.0499875,0
163200,49.9989,49.8426,49.8439,0.19084,0.0573205,0.19084,0.153537,5.8664e-07,0.156337,0.0499875,0
163260,49.9989,49.8428,49.844,0.19079,0.0573131,0.19079,0.153502,5.86042e-07,0.156176,0.0499875,0
163320,49.9989,49.8429,49.8442,0.19074,0.0573056,0.19074,0.153466,5.85445e-07,0.156015,0.0499875,0
163380,49.9989,49.8431,49.8444,0.19069,0.0572982,0.19069,0.153431,5.84849e-07,0.155854,0.0499875,0
163440,49.9989,49.8432,49.8445,0.19064,0.0572907,0.19064,0.153396,5.84254e-07,0.155694,0.0499875,0
163500,49.9989,49.8434,49.8447,0.19059,0.0572833,0.19059,0.153361,5.8366e-07,0.155534,0.0499875,0
163560,49.9989,49.8436,49.8448,0.190541,0.0572759,0.190541,0.153326,5.83067e-07,0.155374,0.0499875,0
163620,49.9989,49.8437,49.845,0.190491,0.0572685,0.190491,0.153291,5.82475e-07,0.155215,0.0499875,0
163680,49.9989,49.8439,49.8451,0.190441,0.0572611,0.190441,0.153256,5.81884e-07,0.155056,0.0499875,0
163740,49.9989,49.844,49.8453,0.190392,0.0572537,0.190392,0.153221,5.81294e-07,0.154897,0.0499875,0
163800,49.9989,49.8442,49.8455,0.190342,0.0572464,0.190342,0.153186,5.80705e-07,0.154738,0.0499875,0
163860,49.9989,49.8444,49.8456,0.190292,0.057239,0.190292,0.153152,5.80117e-07,0.15458,0.0499875,0
163920,49.9989,49.8445,49.8458,0.190243,0.0572317,0.190243,0.153117,5.7953e-07,0.154421,0.0499875,0
163980,49.9989,49.8447,49.8459,0.190193,0.0572243,0.190193,0.153082,5.78944e-07,0.154263,0.0499875,0
164040,49.9989,49.8448,49.8461,0.190144,0.057217,0.190144,0.153047,5.78358e-07,0.154106,0.0499875,0
164100,49.9989,49.845,49.8462,0.190095,0.0572097,0.190095,0.153013,5.77774e-07,0.153948,0.0499875,0
164160,49.9989,49.8451,49.8464,0.190045,0.0572024,0.190045,0.152978,5.77191e-07,0.153791,0.0499875,0
164220,49.9989,49.8453,49.8465,0.189996,0.0571951,0.189996,0.152943,5.76608e-07,0.153634,0.0499875,0
164280,49.9989,49.8455,49.8467,0.189947,0.0571879,0.189947,0.152909,5.76027e-07,0.153478,0.0499875,0
164340,49.9989,49.8456,49.8469,0.189898,0.0571806,0.189898,0.152874,5.75446e-07,0.153321,0.0499875,0
164400,49.9989,49.8458,49.847,0.189849,0.0571734,0.189849,0.15284,5.74867e-07,0.153165,0.0499875,0
164460,49.9989,49.8459,49.8472,0.1898,0.0571661,0.1898,0.152805,5.74288e-07,0.15301,0.0499875,0
164520,49.9989,49.8461,49.8473,0.189751,0.0571589,0.189751,0.152771,5.73711e-07,0.152854,0.0499875,0
164580,49.9989,49.8462,49.8475,0.189702,0.0571517,0.189702,0.152737,5.73134e-07,0.152699,0.0499875,0
164640,49.9989,49.8464,49.8476,0.189653,0.0571445,0.189653,0.152702,5.72558e-07,0.152544,0.0499875,0
164700,49.9989,49.8465,49.8478,0.189604,0.0571373,0.189604,0.152668,5.71983e-07,0.152389,0.0499875,0
164760,49.9989,49.8467,49.8479,0.189555,0.0571302,0.189555,0.152634,5.71409e-07,0.152234,0.0499875,0
164820,49.9989,49.8469,49.8481,0.189507,0.057123,0.189507,0.152599,5.70836e-07,0.15208,0.0499875,0
164880,49.9989,49.847,49.8482,0.189458,0.0571158,0.189458,0.152565,5.70264e-07,0.151926,0.0499875,0
164940,49.9989,49.8472,49.8484,0.189409,0.0571087,0.189409,0.152531,5.69693e-07,0.151772,0.0499875,0
165000,49.9989,49.8473,49.8485,0.189361,0.0571016,0.189361,0.152497,5.69123e-07,0.151618,0.0499875,0
165060,49.9989,49.8475,49.8487,0.189312,0.0570945,0.189312,0.152463,5.68553e-07,0.151465,0.0499875,0
165120,49.9989,49.8476,49.8488,0.189264,0.0570874,0.189264,0.152428,5.67985e-07,0.151312,0.0499875,0
165180,49.9989,49.8478,49.849,0.189215,0.0570803,0.189215,0.152394,5.67417e-07,0.151159,0.0499875,0
165240,49.9989,49.8479,49.8491,0.189167,0.0570732,0.189167,0.15236,5.66851e-07,0.151007,0.0499875,0
165300,49.9989,49.8481,49.8493,0.189119,0.0570661,0.189119,0.152326,5.66285e-07,0.150854,0.0499875,0
165360,49.9989,49.8482,49.8494,0.18907,0.057059,0.18907,0.152292,5.6572e-07,0.150702,0.0499875,0
165420,49.9989,49.8484,49.8496,0.189022,0.057052,0.189022,0.152258,5.65156e-07,0.15055,0.0499875,0
165480,49.9989,49.8485,49.8497,0.188974,0.057045,0.188974,0.152225,5.64594e-07,0.150399,0.0499875,0
165540,49.9989,49.8487,49.8499,0.188926,0.0570379,0.188926,0.152191,5.64032e-07,0.150248,0.0499875,0
165600,49.9989,49.8488,49.85,0.188878,0.0570309,0.188878,0.152157,5.6347e-07,0.150096,0.0499875,0
165660,49.9989,49.849,49.8502,0.18883,0.0570239,0.18883,0.152123,5.6291e-07,0.149946,0.0499875,0
165720,49.9989,49.8491,49.8503,0.188782,0.0570169,0.188782,0.152089,5.62351e-07,0.149795,0.0499875,0
165780,49.9989,49.8493,49.8505,0.188734,0.0570099,0.188734,0.152056,5.61792e-07,0.149645,0.0499875,0
165840,49.9989,49.8494,49.8506,0.188686,0.057003,0.188686,0.152022,5.61235e-07,0.149495,0.0499875,0
165900,49.9989,49.8496,49.8508,0.188638,0.056996,0.188638,0.151988,5.60678e-07,0.149345,0.0499875,0
165960,49.9989,49.8497,49.8509,0.18859,0.0569891,0.18859,0.151955,5.60122e-07,0.149195,0.0499875,0
166020,49.9989,49.8499,49.8511,0.188543,0.0569821,0.188543,0.151921,5.59568e-07,0.149046,0.0499875,0
166080,49.9989,49.85,49.8512,0.188495,0.0569752,0.188495,0.151887,5.59014e-07,0.148897,0.0499875,0
166140,49.9989,49.8502,49.8514,0.188447,0.0569683,0.188447,0.151854,5.5846e-07,0.148748,0.0499875,0
166200,49.9989,49.8503,49.8515,0.1884,0.0569614,0.1884,0.15182,5.57908e-07,0.148599,0.0499875,0
166260,49.9989,49.8505,49.8517,0.188352,0.0569545,0.188352,0.151787,5.57357e-07,0.148451,0.0499875,0
166320,49.9989,49.8506,49.8518,0.188305,0.0569476,0.188305,0.151754,5.56806e-07,0.148302,0.0499875,0
166380,49.9989,49.8508,49.852,0.188257,0.0569408,0.188257,0.15172,5.56257e-07,0.148154,0.0499875,0
166440,49.9989,49.8509,49.8521,0.18821,0.0569339,0.18821,0.151687,5.55708e-07,0.148007,0.0499875,0
166500,49.9989,49.8511,49.8522,0.188162,0.056927,0.188162,0.151653,5.5516e-07,0.147859,0.0499875,0
166560,49.9989,49.8512,49.8524,0.188115,0.0569202,0.188115,0.15162,5.54613e-07,0.147712,0.0499875,0
166620,49.9989,49.8514,49.8525,0.188068,0.0569134,0.188068,0.151587,5.54067e-07,0.147565,0.0499875,0
166680,49.9989,49.8515,49.8527,0.188021,0.0569066,0.188021,0.151554,5.53522e-07,0.147418,0.0499875,0
166740,49.9989,49.8517,49.8528,0.187974,0.0568998,0.187974,0.151521,5.52978e-07,0.147272,0.0499875,0
166800,49.9989,49.8518,49.853,0.187927,0.056893,0.187927,0.151487,5.52434e-07,0.147126,0.0499875,0
166860,49.9989,49.852,49.8531,0.187879,0.0568862,0.187879,0.151454,5.51892e-07,0.14698,0.0499875,0
166920,49.9989,49.8521,49.8533,0.187832,0.0568794,0.187832,0.151421,5.5135e-07,0.146834,0.0499875,0
166980,49.9989,49.8522,49.8534,0.187786,0.0568727,0.187786,0.151388,5.50809e-07,0.146688,0.0499875,0
167040,49.9989,49.8524,49.8535,0.187739,0.0568659,0.187739,0.151355,5.50269e-07,0.146543,0.0499875,0
167100,49.9989,49.8525,49.8537,0.187692,0.0568592,0.187692,0.151322,5.4973e-07,0.146398,0.0499875,0
167160,49.9989,49.8527,49.8538,0.187645,0.0568524,0.187645,0.151289,5.49191e-07,0.146253,0.0499875,0
167220,49.9989,49.8528,49.854,0.187598,0.0568457,0.187598,0.151256,5.48654e-07,0.146108,0.0499875,0
167280,49.9989,49.853,49.8541,0.187551,0.056839,0.187551,0.151223,5.48117e-07,0.145964,0.0499875,0
167340,49.9989,49.8531,49.8543,0.187505,0.0568323,0.187505,0.15119,5.47582e-07,0.14582,0.0499875,0
167400,49.9989,49.8533,49.8544,0.187458,0.0568256,0.187458,0.151158,5.47047e-07,0.145676,0.0499875,0
167460,49.9989,49.8534,49.8545,0.187412,0.0568189,0.187412,0.151125,5.46513e-07,0.145532,0.0499875,0
167520,49.9989,49.8535,49.8547,0.187365,0.0568123,0.187365,0.151092,5.45979e-07,0.145388,0.0499875,0
167580,49.9989,49.8537,49.8548,0.187319,0.0568056,0.187319,0.151059,5.45447e-07,0.145245,0.0499875,0
167640,49.9989,49.8538,49.855,0.187272,0.056799,0.187272,0.151026,5.44915e-07,0.145102,0.0499875,0
167700,49.9989,49.854,49.8551,0.187226,0.0567923,0.187226,0.150994,5.44385e-07,0.144959,0.0499875,0
167760,49.9989,49.8541,49.8553,0.18718,0.0567857,0.18718,0.150961,5.43855e-07,0.144817,0.0499875,0
167820,49.9989,49.8543,49.8554,0.187133,0.0567791,0.187133,0.150929,5.43326e-07,0.144674,0.0499875,0
167880,49.9989,49.8544,49.8555,0.187087,0.0567725,0.187087,0.150896,5.42797e-07,0.144532,0.0499875,0
167940,49.9989,49.8545,49.8557,0.187041,0.0567659,0.187041,0.150863,5.4227e-07,0.14439,0.0499875,0
168000,49.9989,49.8547,49.8558,0.186995,0.0567593,0.186995,0.150831,5.41743e-07,0.144249,0.0499875,0
168060,49.9989,49.8548,49.856,0.186949,0.0567528,0.186949,0.150798,5.41218e-07,0.144107,0.0499875,0
168120,49.9989,49.855,49.8561,0.186903,0.0567462,0.186903,0.150766,5.40693e-07,0.143966,0.0499875,0
168180,49.9989,49.8551,49.8562,0.186857,0.0567396,0.186857,0.150734,5.40169e-07,0.143825,0.0499875,0
168240,49.9989,49.8553,49.8564,0.186811,0.0567331,0.186811,0.150701,5.39645e-07,0.143684,0.0499875,0
168300,49.9989,49.8554,49.8565,0.186765,0.0567266,0.186765,0.150669,5.39123e-07,0.143543,0.0499875,0
168360,49.9989,49.8555,49.8566,0.186719,0.0567201,0.186719,0.150636,5.38601e-07,0.143403,0.0499875,0
168420,49.9989,49.8557,49.8568,0.186673,0.0567135,0.186673,0.150604,5.3808e-07,0.143263,0.0499875,0
168480,49.9989,49.8558,49.8569,0.186627,0.056707,0.186627,0.150572,5.3756e-07,0.143123,0.0499875,0
168540,49.9989,49.856,49.8571,0.186581,0.0567006,0.186581,0.15054,5.37041e-07,0.142983,0.0499875,0
168600,49.9989,49.8561,49.8572,0.186536,0.0566941,0.186536,0.150507,5.36523e-07,0.142844,0.0499875,0
168660,49.9989,49.8562,49.8573,0.18649,0.0566876,0.18649,0.150475,5.36005e-07,0.142705,0.0499875,0
168720,49.9989,49.8564,49.8575,0.186445,0.0566811,0.186445,0.150443,5.35488e-07,0.142566,0.0499875,0
168780,49.9989,49.8565,49.8576,0.186399,0.0566747,0.186399,0.150411,5.34972e-07,0.142427,0.0499875,0
168840,49.9989,49.8566,49.8577,0.186353,0.0566683,0.186353,0.150379,5.34457e-07,0.142288,0.0499875,0
168900,49.9989,49.8568,49.8579,0.186308,0.0566618,0.186308,0.150347,5.33943e-07,0.14215,0.0499875,0
168960,49.9989,49.8569,49.858,0.186263,0.0566554,0.186263,0.150315,5.33429e-07,0.142012,0.0499875,0
169020,49.9989,49.8571,49.8582,0.186217,0.056649,0.186217,0.150283,5.32916e-07,0.141874,0.0499875,0
169080,49.9989,49.8572,49.8583,0.186172,0.0566426,0.186172,0.150251,5.32404e-07,0.141736,0.0499875,0
169140,49.9989,49.8573,49.8584,0.186127,0.0566362,0.186127,0.150219,5.31893e-07,0.141599,0.0499875,0
169200,49.9989,49.8575,49.8586,0.186081,0.0566298,0.186081,0.150187,5.31383e-07,0.141461,0.0499875,0
169260,49.9989,49.8576,49.8587,0.186036,0.0566235,0.186036,0.150155,5.30873e-07,0.141324,0.0499875,0
169320,49.9989,49.8577,49.8588,0.185991,0.0566171,0.185991,0.150123,5.30365e-07,0.141187,0.0499875,0
169380,49.9989,49.8579,49.859,0.185946,0.0566107,0.185946,0.150092,5.29857e-07,0.141051,0.0499875,0
169440,49.9989,49.858,49.8591,0.185901,0.0566044,0.185901,0.15006,5.29349e-07,0.140914,0.0499875,0
169500,49.9989,49.8582,49.8592,0.185856,0.0565981,0.185856,0.150028,5.28843e-07,0.140778,0.0499875,0
169560,49.9989,49.8583,49.8594,0.185811,0.0565918,0.185811,0.149996,5.28337e-07,0.140642,0.0499875,0
169620,49.9989,49.8584,49.8595,0.185766,0.0565854,0.185766,0.149965,5.27832e-07,0.140506,0.0499875,0
169680,49.9989,49.8586,49.8596,0.185721,0.0565791,0.185721,0.149933,5.27328e-07,0.140371,0.0499875,0
169740,49.9989,49.8587,49.8598,0.185676,0.0565729,0.185676,0.149901,5.26825e-07,0.140235,0.0499875,0
169800,49.9989,49.8588,49.8599,0.185632,0.0565666,0.185632,0.14987,5.26322e-07,0.1401,0.0499875,0
169860,49.9989,49.859,49.86,0.185587,0.0565603,0.185587,0.149838,5.25821e-07,0.139965,0.0499875,0
169920,49.9989,49.8591,49.8602,0.185542,0.056554,0.185542,0.149807,5.2532e-07,0.139831,0.0499875,0
169980,49.9989,49.8592,49.8603,0.185498,0.0565478,0.185498,0.149775,5.24819e-07,0.139696,0.0499875,0
170040,49.9989,49.8594,49.8604,0.185453,0.0565415,0.185453,0.149744,5.2432e-07,0.139562,0.0499875,0
170100,49.9989,49.8595,49.8606,0.185408,0.0565353,0.185408,0.149712,5.23821e-07,0.139428,0.0499875,0
170160,49.9989,49.8596,49.8607,0.185364,0.0565291,0.185364,0.149681,5.23323e-07,0.139294,0.0499875,0
170220,49.9989,49.8598,49.8608,0.185319,0.0565229,0.185319,0.149649,5.22826e-07,0.13916,0.0499875,0
170280,49.9989,49.8599,49.861,0.185275,0.0565167,0.185275,0.149618,5.2233e-07,0.139027,0.0499875,0
170340,49.9989,49.86,49.8611,0.185231,0.0565105,0.185231,0.149587,5.21834e-07,0.138893,0.0499875,0
170400,49.9989,49.8602,49.8612,0.185186,0.0565043,0.185186,0.149555,5.21339e-07,0.13876,0.0499875,0
170460,49.9989,49.8603,49.8614,0.185142,0.0564981,0.185142,0.149524,5.20845e-07,0.138627,0.0499875,0
170520,49.9989,49.8604,49.8615,0.185098,0.0564919,0.185098,0.149493,5.20352e-07,0.138495,0.0499875,0
170580,49.9989,49.8606,49.8616,0.185054,0.0564858,0.185054,0.149462,5.19859e-07,0.138362,0.0499875,0
170640,49.9989,49.8607,49.8618,0.185009,0.0564796,0.185009,0.149431,5.19368e-07,0.13823,0.0499875,0
170700,49.9989,49.8608,49.8619,0.184965,0.0564735,0.184965,0.149399,5.18876e-07,0.138098,0.0499875,0
170760,49.9989,49.861,49.862,0.184921,0.0564674,0.184921,0.149368,5.18386e-07,0.137966,0.0499875,0
170820,49.9989,49.8611,49.8621,0.184877,0.0564612,0.184877,0.149337,5.17897e-07,0.137835,0.0499875,0
170880,49.9989,49.8612,49.8623,0.184833,0.0564551,0.184833,0.149306,5.17408e-07,0.137703,0.0499875,0
170940,49.9989,49.8614,49.8624,0.184789,0.056449,0.184789,0.149275,5.1692e-07,0.137572,0.0499875,0
171000,49.9989,49.8615,49.8625,0.184745,0.0564429,0.184745,0.149244,5.16432e-07,0.137441,0.0499875,0
171060,49.9989,49.8616,49.8627,0.184701,0.0564369,0.184701,0.149213,5.15946e-07,0.13731,0.0499875,0
171120,49.9989,49.8618,49.8628,0.184658,0.0564308,0.184658,0.149182,5.1546e-07,0.137179,0.0499875,0
171180,49.9989,49.8619,49.8629,0.184614,0.0564247,0.184614,0.149151,5.14975e-07,0.137049,0.0499875,0
171240,49.9989,49.862,49.8631,0.18457,0.0564187,0.18457,0.14912,5.1449e-07,0.136919,0.0499875,0
171300,49.9989,49.8621,49.8632,0.184526,0.0564126,0.184526,0.14909,5.14007e-07,0.136789,0.0499875,0
171360,49.9989,49.8623,49.8633,0.184483,0.0564066,0.184483,0.149059,5.13524e-07,0.136659,0.0499875,0
171420,49.9989,49.8624,49.8634,0.184439,0.0564006,0.184439,0.149028,5.13042e-07,0.136529,0.0499875,0
171480,49.9989,49.8625,49.8636,0.184396,0.0563945,0.184396,0.148997,5.1256e-07,0.1364,0.0499875,0
171540,49.9989,49.8627,49.8637,0.184352,0.0563885,0.184352,0.148966,5.1208e-07,0.136271,0.0499875,0
171600,49.9989,49.8628,49.8638,0.184309,0.0563825,0.184309,0.148936,5.116e-07,0.136142,0.0499875,0
171660,49.9989,49.8629,49.8639,0.184265,0.0563765,0.184265,0.148905,5.1112e-07,0.136013,0.0499875,0
171720,49.9989,49.8631,49.8641,0.184222,0.0563706,0.184222,0.148874,5.10642e-07,0.135884,0.0499875,0
171780,49.9989,49.8632,49.8642,0.184178,0.0563646,0.184178,0.148844,5.10164e-07,0.135756,0.0499875,0
171840,49.9989,49.8633,49.8643,0.184135,0.0563586,0.184135,0.148813,5.09687e-07,0.135628,0.0499875,0
171900,49.9989,49.8634,49.8645,0.184092,0.0563527,0.184092,0.148783,5.09211e-07,0.1355,0.0499875,0
171960,49.9989,49.8636,49.8646,0.184049,0.0563467,0.184049,0.148752,5.08735e-07,0.135372,0.0499875,0
172020,49.9989,49.8637,49.8647,0.184006,0.0563408,0.184006,0.148722,5.0826e-07,0.135244,0.0499875,0
172080,49.9989,49.8638,49.8648,0.183962,0.0563349,0.183962,0.148691,5.07786e-07,0.135117,0.0499875,0
172140,49.9989,49.8639,49.865,0.183919,0.0563289,0.183919,0.148661,5.07312e-07,0.134989,0.0499875,0
172200,49.9989,49.8641,49.8651,0.183876,0.056323,0.183876,0.14863,5.0684e-07,0.134862,0.0499875,0
172260,49.9989,49.8642,49.8652,0.183833,0.0563171,0.183833,0.1486,5.06368e-07,0.134735,0.0499875,0
172320,49.9989,49.8643,49.8653,0.18379,0.0563112,0.18379,0.148569,5.05896e-07,0.134609,0.0499875,0
172380,49.9989,49.8645,49.8655,0.183747,0.0563054,0.183747,0.148539,5.05426e-07,0.134482,0.0499875,0
172440,49.9989,49.8646,49.8656,0.183704,0.0562995,0.183704,0.148509,5.04956e-07,0.134356,0.0499875,0
172500,49.9989,49.8647,49.8657,0.183662,0.0562936,0.183662,0.148478,5.04487e-07,0.13423,0.0499875,0
172560,49.9989,49.8648,49.8658,0.183619,0.0562878,0.183619,0.148448,5.04018e-07,0.134104,0.0499875,0
172620,49.9989,49.865,49.866,0.183576,0.0562819,0.183576,0.148418,5.0355e-07,0.133978,0.0499875,0
172680,49.9989,49.8651,49.8661,0.183533,0.0562761,0.183533,0.148388,5.03083e-07,0.133853,0.0499875,0
172740,49.9989,49.8652,49.8662,0.183491,0.0562703,0.183491,0.148358,5.02617e-07,0.133727,0.0499875,0
172800,49.9989,49.8653,49.8663,0.183448,0.0562644,0.183448,0.148327,5.02151e-07,0.133602,0.0499875,0
172860,49.9989,49.8655,49.8664,0.183405,0.0562586,0.183405,0.148297,5.01686e-07,0.133477,0.0499875,0
172920,49.9989,49.8656,49.8666,0.183363,0.0562528,0.183363,0.148267,5.01222e-07,0.133353,0.0499875,0
172980,49.9989,49.8657,49.8667,0.18332,0.056247,0.18332,0.148237,5.00758e-07,0.133228,0.0499875,0
173040,49.9989,49.8658,49.8668,0.183278,0.0562412,0.183278,0.148207,5.00295e-07,0.133104,0.0499875,0
173100,49.9989,49.866,49.8669,0.183235,0.0562355,0.183235,0.148177,4.99833e-07,0.132979,0.0499875,0
173160,49.9989,49.8661,49.8671,0.183193,0.0562297,0.183193,0.148147,4.99372e-07,0.132855,0.0499875,0
173220,49.9989,49.8662,49.8672,0.183151,0.0562239,0.183151,0.148117,4.98911e-07,0.132732,0.0499875,0
173280,49.9989,49.8663,49.8673,0.183108,0.0562182,0.183108,0.148087,4.98451e-07,0.132608,0.0499875,0
173340,49.9989,49.8664,49.8674,0.183066,0.0562124,0.183066,0.148057,4.97991e-07,0.132484,0.0499875,0
173400,49.9989,49.8666,49.8676,0.183024,0.0562067,0.183024,0.148028,4.97533e-07,0.132361,0.0499875,0
173460,49.9989,49.8667,49.8677,0.182982,0.056201,0.182982,0.147998,4.97074e-07,0.132238,0.0499875,0
173520,49.9989,49.8668,49.8678,0.18294,0.0561953,0.18294,0.147968,4.96617e-07,0.132115,0.0499875,0
173580,49.9989,49.8669,49.8679,0.182897,0.0561895,0.182897,0.147938,4.9616e-07,0.131993,0.0499875,0
173640,49.9989,49.8671,49.868,0.182855,0.0561838,0.182855,0.147908,4.95704e-07,0.13187,0.0499875,0
173700,49.9989,49.8672,49.8682,0.182813,0.0561782,0.182813,0.147879,4.95249e-07,0.131748,0.0499875,0
173760,49.9989,49.8673,49.8683,0.182771,0.0561725,0.182771,0.147849,4.94794e-07,0.131626,0.0499875,0
173820,49.9989,49.8674,49.8684,0.182729,0.0561668,0.182729,0.147819,4.9434e-07,0.131504,0.0499875,0
173880,49.9989,49.8676,49.8685,0.182687,0.0561611,0.182687,0.14779,4.93887e-07,0.131382,0.0499875,0
173940,49.9989,49.8677,49.8686,0.182646,0.0561555,0.182646,0.14776,4.93434e-07,0.13126,0.0499875,0
174000,49.9989,49.8678,49.8688,0.182604,0.0561498,0.182604,0.14773,4.92982e-07,0.131139,0.0499875,0
174060,49.9989,49.8679,49.8689,0.182562,0.0561442,0.182562,0.147701,4.92531e-07,0.131017,0.0499875,0
174120,49.9989,49.868,49.869,0.18252,0.0561385,0.18252,0.147671,4.92081e-07,0.130896,0.0499875,0
174180,49.9989,49.8682,49.8691,0.182479,0.0561329,0.182479,0.147642,4.91631e-07,0.130776,0.0499875,0
174240,49.9989,49.8683,49.8692,0.182437,0.0561273,0.182437,0.147612,4.91181e-07,0.130655,0.0499875,0
174300,49.9989,49.8684,49.8694,0.182395,0.0561217,0.182395,0.147583,4.90733e-07,0.130534,0.0499875,0
174360,49.9989,49.8685,49.8695,0.182354,0.0561161,0.182354,0.147553,4.90285e-07,0.130414,0.0499875,0
174420,49.9989,49.8686,49.8696,0.182312,0.0561105,0.182312,0.147524,4.89837e-07,0.130294,0.0499875,0
174480,49.9989,49.8688,49.8697,0.182271,0.0561049,0.182271,0.147495,4.89391e-07,0.130174,0.0499875,0
174540,49.9989,49.8689,49.8698,0.182229,0.0560994,0.182229,0.147465,4.88945e-07,0.130054,0.0499875,0
174600,49.9989,49.869,49.87,0.182188,0.0560938,0.182188,0.147436,4.88499e-07,0.129934,0.0499875,0
174660,49.9989,49.8691,49.8701,0.182146,0.0560882,0.182146,0.147407,4.88055e-07,0.129815,0.0499875,0
174720,49.9989,49.8692,49.8702,0.182105,0.0560827,0.182105,0.147377,4.87611e-07,0.129696,0.0499875,0
174780,49.9989,49.8694,49.8703,0.182064,0.0560771,0.182064,0.147348,4.87167e-07,0.129577,0.0499875,0
174840,49.9989,49.8695,49.8704,0.182022,0.0560716,0.182022,0.147319,4.86725e-07,0.129458,0.0499875,0
174900,49.9989,49.8696,49.8705,0.181981,0.0560661,0.181981,0.14729,4.86283e-07,0.129339,0.0499875,0
174960,49.9989,49.8697,49.8707,0.18194,0.0560606,0.18194,0.147261,4.85841e-07,0.12922,0.0499875,0
175020,49.9989,49.8698,49.8708,0.181899,0.056055,0.181899,0.147231,4.85401e-07,0.129102,0.0499875,0
175080,49.9989,49.87,49.8709,0.181858,0.0560495,0.181858,0.147202,4.8496e-07,0.128984,0.0499875,0
175140,49.9989,49.8701,49.871,0.181816,0.0560441,0.181816,0.147173,4.84521e-07,0.128866,0.0499875,0
175200,49.9989,49.8702,49.8711,0.181775,0.0560386,0.181775,0.147144,4.84082e-07,0.128748,0.0499875,0
175260,49.9989,49.8703,49.8712,0.181734,0.0560331,0.181734,0.147115,4.83644e-07,0.12863,0.0499875,0
175320,49.9989,49.8704,49.8714,0.181693,0.0560276,0.181693,0.147086,4.83207e-07,0.128513,0.0499875,0
175380,49.9989,49.8705,49.8715,0.181653,0.0560222,0.181653,0.147057,4.8277e-07,0.128396,0.0499875,0
175440,49.9989,49.8707,49.8716,0.181612,0.0560167,0.181612,0.147028,4.82333e-07,0.128278,0.0499875,0
175500,49.9989,49.8708,49.8717,0.181571,0.0560113,0.181571,0.146999,4.81898e-07,0.128161,0.0499875,0
175560,49.9989,49.8709,49.8718,0.18153,0.0560058,0.18153,0.14697,4.81463e-07,0.128045,0.0499875,0
175620,49.9989,49.871,49.8719,0.181489,0.0560004,0.181489,0.146942,4.81029e-07,0.127928,0.0499875,0
175680,49.9989,49.8711,49.872,0.181448,0.055995,0.181448,0.146913,4.80595e-07,0.127811,0.0499875,0
175740,49.9989,49.8712,49.8722,0.181408,0.0559896,0.181408,0.146884,4.80162e-07,0.127695,0.0499875,0
175800,49.9989,49.8714,49.8723,0.181367,0.0559842,0.181367,0.146855,4.79729e-07,0.127579,0.0499875,0
175860,49.9989,49.8715,49.8724,0.181327,0.0559788,0.181327,0.146826,4.79298e-07,0.127463,0.0499875,0
175920,49.9989,49.8716,49.8725,0.181286,0.0559734,0.181286,0.146798,4.78867e-07,0.127347,0.0499875,0
175980,49.9989,49.8717,49.8726,0.181245,0.055968,0.181245,0.146769,4.78436e-07,0.127232,0.0499875,0
176040,49.9989,49.8718,49.8727,0.181205,0.0559626,0.181205,0.14674,4.78006e-07,0.127116,0.0499875,0
176100,49.9989,49.8719,49.8728,0.181164,0.0559573,0.181164,0.146711,4.77577e-07,0.127001,0.0499875,0
176160,49.9989,49.872,49.873,0.181124,0.0559519,0.181124,0.146683,4.77148e-07,0.126886,0.0499875,0
176220,49.9989,49.8722,49.8731,0.181084,0.0559465,0.181084,0.146654,4.7672e-07,0.126771,0.0499875,0
176280,49.9989,49.8723,49.8732,0.181043,0.0559412,0.181043,0.146626,4.76293e-07,0.126656,0.0499875,0
176340,49.9989,49.8724,49.8733,0.181003,0.0559359,0.181003,0.146597,4.75866e-07,0.126542,0.0499875,0
176400,49.9989,49.8725,49.8734,0.180963,0.0559305,0.180963,0.146569,4.7544e-07,0.126427,0.0499875,0
176460,49.9989,49.8726,49.8735,0.180922,0.0559252,0.180922,0.14654,4.75014e-07,0.126313,0.0499875,0
176520,49.9989,49.8727,49.8736,0.180882,0.0559199,0.180882,0.146512,4.74589e-07,0.126199,0.0499875,0
176580,49.9989,49.8728,49.8738,0.180842,0.0559146,0.180842,0.146483,4.74165e-07,0.126085,0.0499875,0
176640,49.9989,49.873,49.8739,0.180802,0.0559093,0.180802,0.146455,4.73741e-07,0.125971,0.0499875,0
176700,49.9989,49.8731,49.874,0.180762,0.055904,0.180762,0.146426,4.73318e-07,0.125858,0.0499875,0
176760,49.9989,49.8732,49.8741,0.180722,0.0558987,0.180722,0.146398,4.72896e-07,0.125744,0.0499875,0
176820,49.9989,49.8733,49.8742,0.180682,0.0558935,0.180682,0.146369,4.72474e-07,0.125631,0.0499875,0
176880,49.9989,49.8734,49.8743,0.180642,0.0558882,0.180642,0.146341,4.72053e-07,0.125518,0.0499875,0
176940,49.9989,49.8735,49.8744,0.180602,0.0558829,0.180602,0.146313,4.71632e-07,0.125405,0.0499875,0
177000,49.9989,49.8736,49.8745,0.180562,0.0558777,0.180562,0.146285,4.71212e-07,0.125292,0.0499875,0
177060,49.9989,49.8738,49.8746,0.180522,0.0558725,0.180522,0.146256,4.70793e-07,0.12518,0.0499875,0
177120,49.9989,49.8739,49.8748,0.180482,0.0558672,0.180482,0.146228,4.70374e-07,0.125067,0.0499875,0
177180,49.9989,49.874,49.8749,0.180442,0.055862,0.180442,0.1462,4.69956e-07,0.124955,0.0499875,0
177240,49.9989,49.8741,49.875,0.180403,0.0558568,0.180403,0.146172,4.69538e-07,0.124843,0.0499875,0
177300,49.9989,49.8742,49.8751,0.180363,0.0558516,0.180363,0.146143,4.69121e-07,0.124731,0.0499875,0
177360,49.9989,49.8743,49.8752,0.180323,0.0558464,0.180323,0.146115,4.68705e-07,0.124619,0.0499875,0
177420,49.9989,49.8744,49.8753,0.180284,0.0558412,0.180284,0.146087,4.68289e-07,0.124507,0.0499875,0
177480,49.9989,49.8745,49.8754,0.180244,0.055836,0.180244,0.146059,4.67874e-07,0.124396,0.0499875,0
177540,49.9989,49.8746,49.8755,0.180204,0.0558308,0.180204,0.146031,4.67459e-07,0.124285,0.0499875,0
177600,49.9989,49.8748,49.8756,0.180165,0.0558256,0.180165,0.146003,4.67045e-07,0.124174,0.0499875,0
177660,49.9989,49.8749,49.8758,0.180125,0.0558204,0.180125,0.145975,4.66632e-07,0.124063,0.0499875,0
177720,49.9989,49.875,49.8759,0.180086,0.0558153,0.180086,0.145947,4.66219e-07,0.123952,0.0499875,0
177780,49.9989,49.8751,49.876,0.180046,0.0558101,0.180046,0.145919,4.65807e-07,0.123841,0.0499875,0
177840,49.9989,49.8752,49.8761,0.180007,0.055805,0.180007,0.145891,4.65395e-07,0.123731,0.0499875,0
177900,49.9989,49.8753,49.8762,0.179968,0.0557998,0.179968,0.145863,4.64984e-07,0.12362,0.0499875,0
177960,49.9989,49.8754,49.8763,0.179928,0.0557947,0.179928,0.145835,4.64574e-07,0.12351,0.0499875,0
178020,49.9989,49.8755,49.8764,0.179889,0.0557896,0.179889,0.145808,4.64164e-07,0.1234,0.0499875,0
178080,49.9989,49.8756,49.8765,0.17985,0.0557845,0.17985,0.14578,4.63755e-07,0.12329,0.0499875,0
178140,49.9989,49.8758,49.8766,0.179811,0.0557794,0.179811,0.145752,4.63346e-07,0.123181,0.0499875,0
178200,49.9989,49.8759,49.8767,0.179771,0.0557743,0.179771,0.145724,4.62938e-07,0.123071,0.0499875,0
178260,49.9989,49.876,49.8768,0.179732,0.0557692,0.179732,0.145696,4.6253e-07,0.122962,0.0499875,0
178320,49.9989,49.8761,49.8769,0.179693,0.0557641,0.179693,0.145669,4.62124e-07,0.122853,0.0499875,0
178380,49.9989,49.8762,49.8771,0.179654,0.055759,0.179654,0.145641,4.61717e-07,0.122744,0.0499875,0
178440,49.9989,49.8763,49.8772,0.179615,0.0557539,0.179615,0.145613,4.61311e-07,0.122635,0.0499875,0
178500,49.9989,49.8764,49.8773,0.179576,0.0557489,0.179576,0.145585,4.60906e-07,0.122526,0.0499875,0
178560,49.9989,49.8765,49.8774,0.179537,0.0557438,0.179537,0.145558,4.60502e-07,0.122417,0.0499875,0
178620,49.9989,49.8766,49.8775,0.179498,0.0557388,0.179498,0.14553,4.60098e-07,0.122309,0.0499875,0
178680,49.9989,49.8767,49.8776,0.179459,0.0557337,0.179459,0.145503,4.59694e-07,0.122201,0.0499875,0
178740,49.9989,49.8768,49.8777,0.17942,0.0557287,0.17942,0.145475,4.59291e-07,0.122093,0.0499875,0
178800,49.9989,49.8769,49.8778,0.179382,0.0557237,0.179382,0.145448,4.58889e-07,0.121985,0.0499875,0
178860,49.9989,49.8771,49.8779,0.179343,0.0557186,0.179343,0.14542,4.58487e-07,0.121877,0.0499875,0
178920,49.9989,49.8772,49.878,0.179304,0.0557136,0.179304,0.145393,4.58086e-07,0.121769,0.0499875,0
178980,49.9989,49.8773,49.8781,0.179265,0.0557086,0.179265,0.145365,4.57686e-07,0.121662,0.0499875,0
179040,49.9989,49.8774,49.8782,0.179227,0.0557036,0.179227,0.145338,4.57286e-07,0.121554,0.0499875,0
179100,49.9989,49.8775,49.8783,0.179188,0.0556986,0.179188,0.14531,4.56886e-07,0.121447,0.0499875,0
179160,49.9989,49.8776,49.8784,0.179149,0.0556936,0.179149,0.145283,4.56487e-07,0.12134,0.0499875,0
179220,49.9989,49.8777,49.8785,0.179111,0.0556887,0.179111,0.145255,4.56089e-07,0.121233,0.0499875,0
179280,49.9989,49.8778,49.8787,0.179072,0.0556837,0.179072,0.145228,4.55691e-07,0.121126,0.0499875,0
179340,49.9989,49.8779,49.8788,0.179034,0.0556787,0.179034,0.145201,4.55294e-07,0.12102,0.0499875,0
179400,49.9989,49.878,49.8789,0.178995,0.0556738,0.178995,0.145173,4.54897e-07,0.120913,0.0499875,0
179460,49.9989,49.8781,49.879,0.178957,0.0556688,0.178957,0.145146,4.54501e-07,0.120807,0.0499875,0
179520,49.9989,49.8782,49.8791,0.178918,0.0556639,0.178918,0.145119,4.54106e-07,0.120701,0.0499875,0
179580,49.9989,49.8783,49.8792,0.17888,0.0556589,0.17888,0.145092,4.53711e-07,0.120595,0.0499875,0
179640,49.9989,49.8784,49.8793,0.178842,0.055654,0.178842,0.145064,4.53316e-07,0.120489,0.0499875,0
179700,49.9989,49.8786,49.8794,0.178803,0.0556491,0.178803,0.145037,4.52923e-07,0.120384,0.0499875,0
179760,49.9989,49.8787,49.8795,0.178765,0.0556442,0.178765,0.14501,4.52529e-07,0.120278,0.0499875,0
179820,49.9989,49.8788,49.8796,0.178727,0.0556392,0.178727,0.144983,4.52137e-07,0.120173,0.0499875,0
179880,49.9989,49.8789,49.8797,0.178689,0.0556343,0.178689,0.144956,4.51744e-07,0.120068,0.0499875,0
179940,49.9989,49.879,49.8798,0.178651,0.0556295,0.178651,0.144929,4.51353e-07,0.119962,0.0499875,0
180000,49.9989,49.8791,49.8799,0.178612,0.0556246,0.178612,0.144902,4.50962e-07,0.119858,0.0499875,0
180060,49.9989,49.8792,49.88,0.178574,0.0556197,0.178574,0.144875,4.50571e-07,0.119753,0.0499875,0
180120,49.9989,49.8793,49.8801,0.178536,0.0556148,0.178536,0.144848,4.50181e-07,0.119648,0.0499875,0
180180,49.9989,49.8794,49.8802,0.178498,0.0556099,0.178498,0.144821,4.49792e-07,0.119544,0.0499875,0
180240,49.9989,49.8795,49.8803,0.17846,0.0556051,0.17846,0.144794,4.49403e-07,0.119439,0.0499875,0
180300,49.9989,49.8796,49.8804,0.178422,0.0556002,0.178422,0.144767,4.49015e-07,0.119335,0.0499875,0
180360,49.9989,49.8797,49.8805,0.178384,0.0555954,0.178384,0.14474,4.48627e-07,0.119231,0.0499875,0
180420,49.9989,49.8798,49.8806,0.178347,0.0555905,0.178347,0.144713,4.4824e-07,0.119127,0.0499875,0
180480,49.9989,49.8799,49.8807,0.178309,0.0555857,0.178309,0.144686,4.47853e-07,0.119024,0.0499875,0
180540,49.9989,49.88,49.8808,0.178271,0.0555809,0.178271,0.144659,4.47467e-07,0.11892,0.0499875,0
180600,49.9989,49.8801,49.8809,0.178233,0.0555761,0.178233,0.144632,4.47081e-07,0.118817,0.0499875,0
180660,49.9989,49.8802,49.881,0.178195,0.0555712,0.178195,0.144605,4.46696e-07,0.118713,0.0499875,0
180720,49.9989,49.8803,49.8811,0.178158,0.0555664,0.178158,0.144579,4.46312e-07,0.11861,0.0499875,0
180780,49.9989,49.8804,49.8812,0.17812,0.0555616,0.17812,0.144552,4.45928e-07,0.118507,0.0499875,0
180840,49.9989,49.8805,49.8813,0.178082,0.0555568,0.178082,0.144525,4.45544e-07,0.118404,0.0499875,0
180900,49.9989,49.8806,49.8814,0.178045,0.0555521,0.178045,0.144498,4.45161e-07,0.118302,0.0499875,0
180960,49.9989,49.8807,49.8815,0.178007,0.0555473,0.178007,0.144472,4.44779e-07,0.118199,0.0499875,0
181020,49.9989,49.8808,49.8817,0.17797,0.0555425,0.17797,0.144445,4.44397e-07,0.118097,0.0499875,0
181080,49.9989,49.8809,49.8818,0.177932,0.0555377,0.177932,0.144418,4.44016e-07,0.117994,0.0499875,0
181140,49.9989,49.881,49.8819,0.177895,0.055533,0.177895,0.144392,4.43635e-07,0.117892,0.0499875,0
181200,49.9989,49.8811,49.882,0.177857,0.0555282,0.177857,0.144365,4.43255e-07,0.11779,0.0499875,0
181260,49.9989,49.8812,49.8821,0.17782,0.0555235,0.17782,0.144339,4.42875e-07,0.117688,0.0499875,0
181320,49.9989,49.8813,49.8822,0.177782,0.0555187,0.177782,0.144312,4.42496e-07,0.117587,0.0499875,0
181380,49.9989,49.8814,49.8823,0.177745,0.055514,0.177745,0.144285,4.42117e-07,0.117485,0.0499875,0
181440,49.9989,49.8816,49.8824,0.177708,0.0555093,0.177708,0.144259,4.41739e-07,0.117384,0.0499875,0
181500,49.9989,49.8817,49.8825,0.17767,0.0555046,0.17767,0.144232,4.41362e-07,0.117282,0.0499875,0
181560,49.9989,49.8818,49.8826,0.177633,0.0554998,0.177633,0.144206,4.40985e-07,0.117181,0.0499875,0
181620,49.9989,49.8819,49.8827,0.177596,0.0554951,0.177596,0.14418,4.40608e-07,0.11708,0.0499875,0
181680,49.9989,49.882,49.8828,0.177559,0.0554904,0.177559,0.144153,4.40232e-07,0.116979,0.0499875,0
181740,49.9989,49.8821,49.8829,0.177522,0.0554857,0.177522,0.144127,4.39857e-07,0.116879,0.0499875,0
181800,49.9989,49.8822,49.883,0.177484,0.0554811,0.177484,0.1441,4.39482e-07,0.116778,0.0499875,0
181860,49.9989,49.8823,49.8831,0.177447,0.0554764,0.177447,0.144074,4.39107e-07,0.116678,0.0499875,0
181920,49.9989,49.8824,49.8832,0.17741,0.0554717,0.17741,0.144048,4.38733e-07,0.116578,0.0499875,0
181980,49.9989,49.8825,49.8833,0.177373,0.055467,0.177373,0.144021,4.3836e-07,0.116477,0.0499875,0
182040,49.9989,49.8826,49.8834,0.177336,0.0554624,0.177336,0.143995,4.37987e-07,0.116377,0.0499875,0
182100,49.9989,49.8827,49.8834,0.177299,0.0554577,0.177299,0.143969,4.37614e-07,0.116278,0.0499875,0
182160,49.9989,49.8828,49.8835,0.177262,0.0554531,0.177262,0.143943,4.37243e-07,0.116178,0.0499875,0
182220,49.9989,49.8829,49.8836,0.177226,0.0554484,0.177226,0.143916,4.36871e-07,0.116078,0.0499875,0
182280,49.9989,49.883,49.8837,0.177189,0.0554438,0.177189,0.14389,4.365e-07,0.115979,0.0499875,0
182340,49.9989,49.8831,49.8838,0.177152,0.0554392,0.177152,0.143864,4.3613e-07,0.115879,0.0499875,0
182400,49.9989,49.8832,49.8839,0.177115,0.0554345,0.177115,0.143838,4.3576e-07,0.11578,0.0499875,0
182460,49.9989,49.8833,49.884,0.177078,0.0554299,0.177078,0.143812,4.35391e-07,0.115681,0.0499875,0
182520,49.9989,49.8834,49.8841,0.177042,0.0554253,0.177042,0.143785,4.35022e-07,0.115582,0.0499875,0
182580,49.9989,49.8835,49.8842,0.177005,0.0554207,0.177005,0.143759,4.34654e-07,0.115484,0.0499875,0
182640,49.9989,49.8835,49.8843,0.176968,0.0554161,0.176968,0.143733,4.34286e-07,0.115385,0.0499875,0
182700,49.9989,49.8836,49.8844,0.176932,0.0554115,0.176932,0.143707,4.33919e-07,0.115287,0.0499875,0
182760,49.9989,49.8837,49.8845,0.176895,0.0554069,0.176895,0.143681,4.33552e-07,0.115188,0.0499875,0
182820,49.9989,49.8838,49.8846,0.176858,0.0554024,0.176858,0.143655,4.33186e-07,0.11509,0.0499875,0
182880,49.9989,49.8839,49.8847,0.176822,0.0553978,0.176822,0.143629,4.3282e-07,0.114992,0.0499875,0
182940,49.9989,49.884,49.8848,0.176785,0.0553932,0.176785,0.143603,4.32455e-07,0.114894,0.0499875,0
183000,49.9989,49.8841,49.8849,0.176749,0.0553887,0.176749,0.143577,4.3209e-07,0.114796,0.0499875,0
183060,49.9989,49.8842,49.885,0.176712,0.0553841,0.176712,0.143551,4.31726e-07,0.114699,0.0499875,0
183120,49.9989,49.8843,49.8851,0.176676,0.0553796,0.176676,0.143526,4.31362e-07,0.114601,0.0499875,0
183180,49.9989,49.8844,49.8852,0.17664,0.055375,0.17664,0.1435,4.30999e-07,0.114504,0.0499875,0
183240,49.9989,49.8845,49.8853,0.176603,0.0553705,0.176603,0.143474,4.30636e-07,0.114406,0.0499875,0
183300,49.9989,49.8846,49.8854,0.176567,0.055366,0.176567,0.143448,4.30274e-07,0.114309,0.0499875,0
183360,49.9989,49.8847,49.8855,0.176531,0.0553614,0.176531,0.143422,4.29912e-07,0.114212,0.0499875,0
183420,49.9989,49.8848,49.8856,0.176495,0.0553569,0.176495,0.143396,4.29551e-07,0.114115,0.0499875,0
183480,49.9989,49.8849,49.8857,0.176458,0.0553524,0.176458,0.143371,4.2919e-07,0.114019,0.0499875,0
183540,49.9989,49.885,49.8858,0.176422,0.0553479,0.176422,0.143345,4.28829e-07,0.113922,0.0499875,0
183600,49.9989,49.8851,49.8859,0.176386,0.0553434,0.176386,0.143319,4.2847e-07,0.113826,0.0499875,0
183660,49.9989,49.8852,49.886,0.17635,0.0553389,0.17635,0.143294,4.2811e-07,0.113729,0.0499875,0
183720,49.9989,49.8853,49.8861,0.176314,0.0553344,0.176314,0.143268,4.27752e-07,0.113633,0.0499875,0
183780,49.9989,49.8854,49.8862,0.176278,0.05533,0.176278,0.143242,4.27393e-07,0.113537,0.0499875,0
183840,49.9989,49.8855,49.8863,0.176242,0.0553255,0.176242,0.143217,4.27035e-07,0.113441,0.0499875,0
183900,49.9989,49.8856,49.8863,0.176206,0.055321,0.176206,0.143191,4.26678e-07,0.113345,0.0499875,0
183960,49.9989,49.8857,49.8864,0.17617,0.0553166,0.17617,0.143165,4.26321e-07,0.11325,0.0499875,0
184020,49.9989,49.8858,49.8865,0.176134,0.0553121,0.176134,0.14314,4.25965e-07,0.113154,0.0499875,0
184080,49.9989,49.8859,49.8866,0.176098,0.0553077,0.176098,0.143114,4.25609e-07,0.113059,0.0499875,0
184140,49.9989,49.886,49.8867,0.176062,0.0553032,0.176062,0.143089,4.25254e-07,0.112964,0.0499875,0
184200,49.9989,49.8861,49.8868,0.176026,0.0552988,0.176026,0.143063,4.24899e-07,0.112868,0.0499875,0
184260,49.9989,49.8862,49.8869,0.17599,0.0552943,0.17599,0.143038,4.24544e-07,0.112773,0.0499875,0
184320,49.9989,49.8863,49.887,0.175955,0.0552899,0.175955,0.143012,4.2419e-07,0.112678,0.0499875,0
184380,49.9989,49.8864,49.8871,0.175919,0.0552855,0.175919,0.142987,4.23837e-07,0.112584,0.0499875,0
184440,49.9989,49.8864,49.8872,0.175883,0.0552811,0.175883,0.142961,4.23484e-07,0.112489,0.0499875,0
184500,49.9989,49.8865,49.8873,0.175848,0.0552767,0.175848,0.142936,4.23131e-07,0.112395,0.0499875,0
184560,49.9989,49.8866,49.8874,0.175812,0.0552723,0.175812,0.142911,4.22779e-07,0.1123,0.0499875,0
184620,49.9989,49.8867,49.8875,0.175776,0.0552679,0.175776,0.142885,4.22428e-07,0.112206,0.0499875,0
184680,49.9989,49.8868,49.8876,0.175741,0.0552635,0.175741,0.14286,4.22077e-07,0.112112,0.0499875,0
184740,49.9989,49.8869,49.8877,0.175705,0.0552591,0.175705,0.142835,4.21726e-07,0.112018,0.0499875,0
184800,49.9989,49.887,49.8878,0.17567,0.0552547,0.17567,0.142809,4.21376e-07,0.111924,0.0499875,0
184860,49.9989,49.8871,49.8878,0.175634,0.0552504,0.175634,0.142784,4.21026e-07,0.11183,0.0499875,0
184920,49.9989,49.8872,49.8879,0.175599,0.055246,0.175599,0.142759,4.20677e-07,0.111737,0.0499875,0
184980,49.9989,49.8873,49.888,0.175563,0.0552416,0.175563,0.142734,4.20328e-07,0.111643,0.0499875,0
185040,49.9989,49.8874,49.8881,0.175528,0.0552373,0.175528,0.142708,4.1998e-07,0.11155,0.0499875,0
185100,49.9989,49.8875,49.8882,0.175492,0.0552329,0.175492,0.142683,4.19632e-07,0.111457,0.0499875,0
185160,49.9989,49.8876,49.8883,0.175457,0.0552286,0.175457,0.142658,4.19285e-07,0.111364,0.0499875,0
185220,49.9989,49.8877,49.8884,0.175422,0.0552243,0.175422,0.142633,4.18938e-07,0.111271,0.0499875,0
185280,49.9989,49.8878,49.8885,0.175386,0.0552199,0.175386,0.142608,4.18592e-07,0.111178,0.0499875,0
185340,49.9989,49.8878,49.8886,0.175351,0.0552156,0.175351,0.142583,4.18246e-07,0.111085,0.0499875,0
185400,49.9989,49.8879,49.8887,0.175316,0.0552113,0.175316,0.142558,4.179e-07,0.110993,0.0499875,0
185460,49.9989,49.888,49.8888,0.175281,0.055207,0.175281,0.142532,4.17555e-07,0.1109,0.0499875,0
185520,49.9989,49.8881,49.8889,0.175246,0.0552027,0.175246,0.142507,4.17211e-07,0.110808,0.0499875,0
185580,49.9989,49.8882,49.8889,0.17521,0.0551984,0.17521,0.142482,4.16867e-07,0.110716,0.0499875,0
185640,49.9989,49.8883,49.889,0.175175,0.0551941,0.175175,0.142457,4.16523e-07,0.110624,0.0499875,0
185700,49.9989,49.8884,49.8891,0.17514,0.0551898,0.17514,0.142432,4.1618e-07,0.110532,0.0499875,0
185760,49.9989,49.8885,49.8892,0.175105,0.0551855,0.175105,0.142407,4.15837e-07,0.11044,0.0499875,0
185820,49.9989,49.8886,49.8893,0.17507,0.0551812,0.17507,0.142383,4.15495e-07,0.110348,0.0499875,0
185880,49.9989,49.8887,49.8894,0.175035,0.055177,0.175035,0.142358,4.15154e-07,0.110257,0.0499875,0
185940,49.9989,49.8888,49.8895,0.175,0.0551727,0.175,0.142333,4.14812e-07,0.110165,0.0499875,0
186000,49.9989,49.8889,49.8896,0.174965,0.0551684,0.174965,0.142308,4.14471e-07,0.110074,0.0499875,0
186060,49.9989,49.889,49.8897,0.17493,0.0551642,0.17493,0.142283,4.14131e-07,0.109983,0.0499875,0
186120,49.9989,49.889,49.8898,0.174896,0.0551599,0.174896,0.142258,4.13791e-07,0.109892,0.0499875,0
186180,49.9989,49.8891,49.8899,0.174861,0.0551557,0.174861,0.142233,4.13452e-07,0.109801,0.0499875,0
186240,49.9989,49.8892,49.8899,0.174826,0.0551514,0.174826,0.142209,4.13113e-07,0.10971,0.0499875,0
186300,49.9989,49.8893,49.89,0.174791,0.0551472,0.174791,0.142184,4.12774e-07,0.109619,0.0499875,0
186360,49.9989,49.8894,49.8901,0.174756,0.055143,0.174756,0.142159,4.12436e-07,0.109529,0.0499875,0
186420,49.9989,49.8895,49.8902,0.174722,0.0551388,0.174722,0.142134,4.12098e-07,0.109438,0.0499875,0
186480,49.9989,49.8896,49.8903,0.174687,0.0551346,0.174687,0.14211,4.11761e-07,0.109348,0.0499875,0
186540,49.9989,49.8897,49.8904,0.174652,0.0551303,0.174652,0.142085,4.11424e-07,0.109258,0.0499875,0
186600,49.9989,49.8898,49.8905,0.174618,0.0551261,0.174618,0.14206,4.11088e-07,0.109167,0.0499875,0
186660,49.9989,49.8899,49.8906,0.174583,0.0551219,0.174583,0.142036,4.10752e-07,0.109077,0.0499875,0
186720,49.9989,49.8899,49.8907,0.174549,0.0551178,0.174549,0.142011,4.10417e-07,0.108988,0.0499875,0
186780,49.9989,49.89,49.8907,0.174514,0.0551136,0.174514,0.141986,4.10082e-07,0.108898,0.0499875,0
186840,49.9989,49.8901,49.8908,0.17448,0.0551094,0.17448,0.141962,4.09747e-07,0.108808,0.0499875,0
186900,49.9989,49.8902,49.8909,0.174445,0.0551052,0.174445,0.141937,4.09413e-07,0.108719,0.0499875,0
186960,49.9989,49.8903,49.891,0.174411,0.055101,0.174411,0.141913,4.0908e-07,0.108629,0.0499875,0
187020,49.9989,49.8904,49.8911,0.174376,0.0550969,0.174376,0.141888,4.08747e-07,0.10854,0.0499875,0
187080,49.9989,49.8905,49.8912,0.174342,0.0550927,0.174342,0.141864,4.08414e-07,0.108451,0.0499875,0
187140,49.9989,49.8906,49.8913,0.174307,0.0550886,0.174307,0.141839,4.08082e-07,0.108362,0.0499875,0
187200,49.9989,49.8907,49.8914,0.174273,0.0550844,0.174273,0.141815,4.0775e-07,0.108273,0.0499875,0
187260,49.9989,49.8908,49.8915,0.174239,0.0550803,0.174239,0.14179,4.07418e-07,0.108184,0.0499875,0
187320,49.9989,49.8908,49.8915,0.174205,0.0550761,0.174205,0.141766,4.07087e-07,0.108096,0.0499875,0
187380,49.9989,49.8909,49.8916,0.17417,0.055072,0.17417,0.141741,4.06757e-07,0.108007,0.0499875,0
187440,49.9989,49.891,49.8917,0.174136,0.0550679,0.174136,0.141717,4.06427e-07,0.107919,0.0499875,0
187500,49.9989,49.8911,49.8918,0.174102,0.0550638,0.174102,0.141692,4.06097e-07,0.10783,0.0499875,0
187560,49.9989,49.8912,49.8919,0.174068,0.0550596,0.174068,0.141668,4.05768e-07,0.107742,0.0499875,0
187620,49.9989,49.8913,49.892,0.174034,0.0550555,0.174034,0.141644,4.05439e-07,0.107654,0.0499875,0
187680,49.9989,49.8914,49.8921,0.173999,0.0550514,0.173999,0.141619,4.05111e-07,0.107566,0.0499875,0
187740,49.9989,49.8915,49.8922,0.173965,0.0550473,0.173965,0.141595,4.04783e-07,0.107478,0.0499875,0
187800,49.9989,49.8915,49.8922,0.173931,0.0550432,0.173931,0.141571,4.04455e-07,0.107391,0.0499875,0
187860,49.9989,49.8916,49.8923,0.173897,0.0550391,0.173897,0.141547,4.04128e-07,0.107303,0.0499875,0
187920,49.9989,49.8917,49.8924,0.173863,0.0550351,0.173863,0.141522,4.03802e-07,0.107216,0.0499875,0
187980,49.9989,49.8918,49.8925,0.173829,0.055031,0.173829,0.141498,4.03475e-07,0.107128,0.0499875,0
188040,49.9989,49.8919,49.8926,0.173795,0.0550269,0.173795,0.141474,4.0315e-07,0.107041,0.0499875,0
188100,49.9989,49.892,49.8927,0.173762,0.0550228,0.173762,0.14145,4.02824e-07,0.106954,0.0499875,0
188160,49.9989,49.8921,49.8928,0.173728,0.0550188,0.173728,0.141426,4.02499e-07,0.106867,0.0499875,0
188220,49.9989,49.8922,49.8928,0.173694,0.0550147,0.173694,0.141401,4.02175e-07,0.10678,0.0499875,0
188280,49.9989,49.8922,49.8929,0.17366,0.0550107,0.17366,0.141377,4.01851e-07,0.106693,0.0499875,0
188340,49.9989,49.8923,49.893,0.173626,0.0550066,0.173626,0.141353,4.01527e-07,0.106606,0.0499875,0
188400,49.9989,49.8924,49.8931,0.173592,0.0550026,0.173592,0.141329,4.01204e-07,0.10652,0.0499875,0
188460,49.9989,49.8925,49.8932,0.173559,0.0549986,0.173559,0.141305,4.00881e-07,0.106433,0.0499875,0
188520,49.9989,49.8926,49.8933,0.173525,0.0549945,0.173525,0.141281,4.00559e-07,0.106347,0.0499875,0
188580,49.9989,49.8927,49.8934,0.173491,0.0549905,0.173491,0.141257,4.00237e-07,0.106261,0.0499875,0
188640,49.9989,49.8928,49.8934,0.173458,0.0549865,0.173458,0.141233,3.99916e-07,0.106175,0.0499875,0
188700,49.9989,49.8928,49.8935,0.173424,0.0549825,0.173424,0.141209,3.99595e-07,0.106089,0.0499875,0
188760,49.9989,49.8929,49.8936,0.173391,0.0549785,0.173391,0.141185,3.99274e-07,0.106003,0.0499875,0
188820,49.9989,49.893,49.8937,0.173357,0.0549745,0.173357,0.141161,3.98954e-07,0.105917,0.0499875,0
188880,49.9989,49.8931,49.8938,0.173323,0.0549705,0.173323,0.141137,3.98634e-07,0.105831,0.0499875,0
188940,49.9989,49.8932,49.8939,0.17329,0.0549665,0.17329,0.141113,3.98314e-07,0.105746,0.0499875,0
189000,49.9989,49.8933,49.894,0.173256,0.0549625,0.173256,0.141089,3.97995e-07,0.10566,0.0499875,0
189060,49.9989,49.8934,49.894,0.173223,0.0549585,0.173223,0.141066,3.97677e-07,0.105575,0.0499875,0
189120,49.9989,49.8934,49.8941,0.17319,0.0549545,0.17319,0.141042,3.97359e-07,0.10549,0.0499875,0
189180,49.9989,49.8935,49.8942,0.173156,0.0549506,0.173156,0.141018,3.97041e-07,0.105405,0.0499875,0
189240,49.9989,49.8936,49.8943,0.173123,0.0549466,0.173123,0.140994,3.96724e-07,0.10532,0.0499875,0
189300,49.9989,49.8937,49.8944,0.173089,0.0549426,0.173089,0.14097,3.96407e-07,0.105235,0.0499875,0
189360,49.9989,49.8938,49.8945,0.173056,0.0549387,0.173056,0.140946,3.9609e-07,0.10515,0.0499875,0
189420,49.9989,49.8939,49.8945,0.173023,0.0549347,0.173023,0.140923,3.95774e-07,0.105066,0.0499875,0
189480,49.9989,49.894,49.8946,0.17299,0.0549308,0.17299,0.140899,3.95459e-07,0.104981,0.0499875,0
189540,49.9989,49.894,49.8947,0.172956,0.0549268,0.172956,0.140875,3.95143e-07,0.104897,0.0499875,0
189600,49.9989,49.8941,49.8948,0.172923,0.0549229,0.172923,0.140852,3.94828e-07,0.104812,0.0499875,0
189660,49.9989,49.8942,49.8949,0.17289,0.054919,0.17289,0.140828,3.94514e-07,0.104728,0.0499875,0
189720,49.9989,49.8943,49.895,0.172857,0.054915,0.172857,0.140804,3.942e-07,0.104644,0.0499875,0
189780,49.9989,49.8944,49.895,0.172824,0.0549111,0.172824,0.140781,3.93886e-07,0.10456,0.0499875,0
189840,49.9989,49.8945,49.8951,0.172791,0.0549072,0.172791,0.140757,3.93573e-07,0.104476,0.0499875,0
189900,49.9989,49.8945,49.8952,0.172758,0.0549033,0.172758,0.140733,3.9326e-07,0.104393,0.0499875,0
189960,49.9989,49.8946,49.8953,0.172724,0.0548994,0.172724,0.14071,3.92948e-07,0.104309,0.0499875,0
190020,49.9989,49.8947,49.8954,0.172691,0.0548955,0.172691,0.140686,3.92636e-07,0.104225,0.0499875,0
190080,49.9989,49.8948,49.8955,0.172658,0.0548916,0.172658,0.140663,3.92324e-07,0.104142,0.0499875,0
190140,49.9989,49.8949,49.8955,0.172626,0.0548877,0.172626,0.140639,3.92013e-07,0.104059,0.0499875,0
190200,49.9989,49.895,49.8956,0.172593,0.0548838,0.172593,0.140616,3.91702e-07,0.103975,0.0499875,0
190260,49.9989,49.895,49.8957,0.17256,0.0548799,0.17256,0.140592,3.91392e-07,0.103892,0.0499875,0
190320,49.9989,49.8951,49.8958,0.172527,0.0548761,0.172527,0.140569,3.91082e-07,0.103809,0.0499875,0
190380,49.9989,49.8952,49.8959,0.172494,0.0548722,0.172494,0.140545,3.90772e-07,0.103726,0.0499875,0
190440,49.9989,49.8953,49.8959,0.172461,0.0548683,0.172461,0.140522,3.90463e-07,0.103644,0.0499875,0
190500,49.9989,49.8954,49.896,0.172428,0.0548645,0.172428,0.140498,3.90154e-07,0.103561,0.0499875,0
190560,49.9989,49.8955,49.8961,0.172396,0.0548606,0.172396,0.140475,3.89846e-07,0.103478,0.0499875,0
190620,49.9989,49.8955,49.8962,0.172363,0.0548568,0.172363,0.140452,3.89538e-07,0.103396,0.0499875,0
190680,49.9989,49.8956,49.8963,0.17233,0.0548529,0.17233,0.140428,3.89231e-07,0.103314,0.0499875,0
190740,49.9989,49.8957,49.8964,0.172297,0.0548491,0.172297,0.140405,3.88923e-07,0.103231,0.0499875,0
190800,49.9989,49.8958,49.8964,0.172265,0.0548452,0.172265,0.140382,3.88617e-07,0.103149,0.0499875,0
190860,49.9989,49.8959,49.8965,0.172232,0.0548414,0.172232,0.140358,3.8831e-07,0.103067,0.0499875,0
190920,49.9989,49.8959,49.8966,0.1722,0.0548376,0.1722,0.140335,3.88004e-07,0.102985,0.0499875,0
190980,49.9989,49.896,49.8967,0.172167,0.0548338,0.172167,0.140312,3.87699e-07,0.102904,0.0499875,0
191040,49.9989,49.8961,49.8968,0.172134,0.05483,0.172134,0.140288,3.87393e-07,0.102822,0.0499875,0
191100,49.9989,49.8962,49.8968,0.172102,0.0548261,0.172102,0.140265,3.87088e-07,0.10274,0.0499875,0
191160,49.9989,49.8963,49.8969,0.172069,0.0548223,0.172069,0.140242,3.86784e-07,0.102659,0.0499875,0
191220,49.9989,49.8964,49.897,0.172037,0.0548185,0.172037,0.140219,3.8648e-07,0.102577,0.0499875,0
191280,49.9989,49.8964,49.8971,0.172004,0.0548147,0.172004,0.140196,3.86176e-07,0.102496,0.0499875,0
191340,49.9989,49.8965,49.8972,0.171972,0.054811,0.171972,0.140172,3.85873e-07,0.102415,0.0499875,0
191400,49.9989,49.8966,49.8972,0.17194,0.0548072,0.17194,0.140149,3.8557e-07,0.102334,0.0499875,0
191460,49.9989,49.8967,49.8973,0.171907,0.0548034,0.171907,0.140126,3.85268e-07,0.102253,0.0499875,0
191520,49.9989,49.8968,49.8974,0.171875,0.0547996,0.171875,0.140103,3.84966e-07,0.102172,0.0499875,0
191580,49.9989,49.8968,49.8975,0.171843,0.0547958,0.171843,0.14008,3.84664e-07,0.102091,0.0499875,0
191640,49.9989,49.8969,49.8976,0.17181,0.0547921,0.17181,0.140057,3.84363e-07,0.102011,0.0499875,0
191700,49.9989,49.897,49.8976,0.171778,0.0547883,0.171778,0.140034,3.84062e-07,0.10193,0.0499875,0
191760,49.9989,49.8971,49.8977,0.171746,0.0547846,0.171746,0.140011,3.83761e-07,0.10185,0.0499875,0
191820,49.9989,49.8972,49.8978,0.171714,0.0547808,0.171714,0.139988,3.83461e-07,0.101769,0.0499875,0
191880,49.9989,49.8972,49.8979,0.171681,0.0547771,0.171681,0.139965,3.83161e-07,0.101689,0.0499875,0
191940,49.9989,49.8973,49.898,0.171649,0.0547733,0.171649,0.139942,3.82862e-07,0.101609,0.0499875,0
192000,49.9989,49.8974,49.898,0.171617,0.0547696,0.171617,0.139919,3.82563e-07,0.101529,0.0499875,0
192060,49.9989,49.8975,49.8981,0.171585,0.0547658,0.171585,0.139896,3.82264e-07,0.101449,0.0499875,0
192120,49.9989,49.8976,49.8982,0.171553,0.0547621,0.171553,0.139873,3.81966e-07,0.101369,0.0499875,0
192180,49.9989,49.8976,49.8983,0.171521,0.0547584,0.171521,0.13985,3.81668e-07,0.101289,0.0499875,0
192240,49.9989,49.8977,49.8984,0.171489,0.0547547,0.171489,0.139827,3.81371e-07,0.10121,0.0499875,0
192300,49.9989,49.8978,49.8984,0.171457,0.054751,0.171457,0.139804,3.81073e-07,0.10113,0.0499875,0
192360,49.9989,49.8979,49.8985,0.171425,0.0547473,0.171425,0.139781,3.80777e-07,0.101051,0.0499875,0
192420,49.9989,49.898,49.8986,0.171393,0.0547435,0.171393,0.139759,3.8048e-07,0.100972,0.0499875,0
192480,49.9989,49.898,49.8987,0.171361,0.0547398,0.171361,0.139736,3.80184e-07,0.100892,0.0499875,0
192540,49.9989,49.8981,49.8987,0.171329,0.0547362,0.171329,0.139713,3.79889e-07,0.100813,0.0499875,0
192600,49.9989,49.8982,49.8988,0.171297,0.0547325,0.171297,0.13969,3.79594e-07,0.100734,0.0499875,0
192660,49.9989,49.8983,49.8989,0.171265,0.0547288,0.171265,0.139667,3.79299e-07,0.100655,0.0499875,0
192720,49.9989,49.8984,49.899,0.171234,0.0547251,0.171234,0.139645,3.79004e-07,0.100576,0.0499875,0
192780,49.9989,49.8984,49.8991,0.171202,0.0547214,0.171202,0.139622,3.7871e-07,0.100498,0.0499875,0
192840,49.9989,49.8985,49.8991,0.17117,0.0547177,0.17117,0.139599,3.78416e-07,0.100419,0.0499875,0
192900,49.9989,49.8986,49.8992,0.171138,0.0547141,0.171138,0.139577,3.78123e-07,0.100341,0.0499875,0
192960,49.9989,49.8987,49.8993,0.171107,0.0547104,0.171107,0.139554,3.7783e-07,0.100262,0.0499875,0
193020,49.9989,49.8988,49.8994,0.171075,0.0547068,0.171075,0.139531,3.77537e-07,0.100184,0.0499875,0
193080,49.9989,49.8988,49.8994,0.171043,0.0547031,0.171043,0.139509,3.77245e-07,0.100106,0.0499875,0
193140,49.9989,49.8989,49.8995,0.171012,0.0546995,0.171012,0.139486,3.76953e-07,0.100028,0.0499875,0
193200,49.9989,49.899,49.8996,0.17098,0.0546958,0.17098,0.139463,3.76662e-07,0.0999496,0.0499875,0
193260,49.9989,49.8991,49.8997,0.170948,0.0546922,0.170948,0.139441,3.76371e-07,0.0998717,0.0499875,0
193320,49.9989,49.8991,49.8998,0.170917,0.0546885,0.170917,0.139418,3.7608e-07,0.0997939,0.0499875,0
193380,49.9989,49.8992,49.8998,0.170885,0.0546849,0.170885,0.139396,3.75789e-07,0.0997162,0.0499875,0
193440,49.9989,49.8993,49.8999,0.170854,0.0546813,0.170854,0.139373,3.75499e-07,0.0996386,0.0499875,0
193500,49.9989,49.8994,49.9,0.170822,0.0546777,0.170822,0.139351,3.7521e-07,0.0995611,0.0499875,0
193560,49.9989,49.8995,49.9001,0.170791,0.054674,0.170791,0.139328,3.7492e-07,0.0994837,0.0499875,0
193620,49.9989,49.8995,49.9001,0.170759,0.0546704,0.170759,0.139306,3.74632e-07,0.0994064,0.0499875,0
193680,49.9989,49.8996,49.9002,0.170728,0.0546668,0.170728,0.139283,3.74343e-07,0.0993291,0.0499875,0
193740,49.9989,49.8997,49.9003,0.170696,0.0546632,0.170696,0.139261,3.74055e-07,0.099252,0.0499875,0
193800,49.9989,49.8998,49.9004,0.170665,0.0546596,0.170665,0.139238,3.73767e-07,0.099175,0.0499875,0
193860,49.9989,49.8998,49.9004,0.170634,0.054656,0.170634,0.139216,3.73479e-07,0.0990981,0.0499875,0
193920,49.9989,49.8999,49.9005,0.170602,0.0546524,0.170602,0.139193,3.73192e-07,0.0990213,0.0499875,0
193980,49.9989,49.9,49.9006,0.170571,0.0546489,0.170571,0.139171,3.72906e-07,0.0989445,0.0499875,0
194040,49.9989,49.9001,49.9007,0.17054,0.0546453,0.17054,0.139149,3.72619e-07,0.0988679,0.0499875,0
194100,49.9989,49.9001,49.9007,0.170509,0.0546417,0.170509,0.139126,3.72333e-07,0.0987914,0.0499875,0
194160,49.9989,49.9002,49.9008,0.170477,0.0546381,0.170477,0.139104,3.72047e-07,0.098715,0.0499875,0
194220,49.9989,49.9003,49.9009,0.170446,0.0546346,0.170446,0.139082,3.71762e-07,0.0986386,0.0499875,0
194280,49.9989,49.9004,49.901,0.170415,0.054631,0.170415,0.139059,3.71477e-07,0.0985624,0.0499875,0
194340,49.9989,49.9004,49.9011,0.170384,0.0546274,0.170384,0.139037,3.71193e-07,0.0984862,0.0499875,0
194400,49.9989,49.9005,49.9011,0.170353,0.0546239,0.170353,0.139015,3.70908e-07,0.0984102,0.0499875,0
194460,49.9989,49.9006,49.9012,0.170322,0.0546203,0.170322,0.138993,3.70624e-07,0.0983342,0.0499875,0
194520,49.9989,49.9007,49.9013,0.170291,0.0546168,0.170291,0.13897,3.70341e-07,0.0982584,0.0499875,0
194580,49.9989,49.9008,49.9014,0.17026,0.0546133,0.17026,0.138948,3.70058e-07,0.0981826,0.0499875,0
194640,49.9989,49.9008,49.9014,0.170229,0.0546097,0.170229,0.138926,3.69775e-07,0.098107,0.0499875,0
194700,49.9989,49.9009,49.9015,0.170198,0.0546062,0.170198,0.138904,3.69492e-07,0.0980314,0.0499875,0
194760,49.9989,49.901,49.9016,0.170167,0.0546027,0.170167,0.138882,3.6921e-07,0.0979559,0.0499875,0
194820,49.9989,49.9011,49.9017,0.170136,0.0545991,0.170136,0.138859,3.68928e-07,0.0978805,0.0499875,0
194880,49.9989,49.9011,49.9017,0.170105,0.0545956,0.170105,0.138837,3.68647e-07,0.0978052,0.0499875,0
194940,49.9989,49.9012,49.9018,0.170074,0.0545921,0.170074,0.138815,3.68366e-07,0.0977301,0.0499875,0
195000,49.9989,49.9013,49.9019,0.170043,0.0545886,0.170043,0.138793,3.68085e-07,0.097655,0.0499875,0
195060,49.9989,49.9014,49.9019,0.170012,0.0545851,0.170012,0.138771,3.67805e-07,0.09758,0.0499875,0
195120,49.9989,49.9014,49.902,0.169981,0.0545816,0.169981,0.138749,3.67525e-07,0.0975051,0.0499875,0
195180,49.9989,49.9015,49.9021,0.169951,0.0545781,0.169951,0.138727,3.67245e-07,0.0974302,0.0499875,0
195240,49.9989,49.9016,49.9022,0.16992,0.0545746,0.16992,0.138705,3.66966e-07,0.0973555,0.0499875,0
195300,49.9989,49.9017,49.9022,0.169889,0.0545711,0.169889,0.138683,3.66687e-07,0.0972809,0.0499875,0
195360,49.9989,49.9017,49.9023,0.169858,0.0545676,0.169858,0.138661,3.66408e-07,0.0972064,0.0499875,0
195420,49.9989,49.9018,49.9024,0.169828,0.0545642,0.169828,0.138639,3.6613e-07,0.0971319,0.0499875,0
195480,49.9989,49.9019,49.9025,0.169797,0.0545607,0.169797,0.138617,3.65852e-07,0.0970576,0.0499875,0
195540,49.9989,49.902,49.9025,0.169766,0.0545572,0.169766,0.138595,3.65574e-07,0.0969833,0.0499875,0
195600,49.9989,49.902,49.9026,0.169736,0.0545538,0.169736,0.138573,3.65297e-07,0.0969092,0.0499875,0
195660,49.9989,49.9021,49.9027,0.169705,0.0545503,0.169705,0.138551,3.6502e-07,0.0968351,0.0499875,0
195720,49.9989,49.9022,49.9028,0.169675,0.0545468,0.169675,0.138529,3.64744e-07,0.0967611,0.0499875,0
195780,49.9989,49.9022,49.9028,0.169644,0.0545434,0.169644,0.138507,3.64468e-07,0.0966873,0.0499875,0
195840,49.9989,49.9023,49.9029,0.169613,0.0545399,0.169613,0.138486,3.64192e-07,0.0966135,0.0499875,0
195900,49.9989,49.9024,49.903,0.169583,0.0545365,0.169583,0.138464,3.63916e-07,0.0965398,0.0499875,0
195960,49.9989,49.9025,49.9031,0.169552,0.0545331,0.169552,0.138442,3.63641e-07,0.0964662,0.0499875,0
196020,49.9989,49.9025,49.9031,0.169522,0.0545296,0.169522,0.13842,3.63366e-07,0.0963927,0.0499875,0
196080,49.9989,49.9026,49.9032,0.169492,0.0545262,0.169492,0.138398,3.63092e-07,0.0963192,0.0499875,0
196140,49.9989,49.9027,49.9033,0.169461,0.0545228,0.169461,0.138376,3.62817e-07,0.0962459,0.0499875,0
196200,49.9989,49.9028,49.9033,0.169431,0.0545193,0.169431,0.138355,3.62544e-07,0.0961727,0.0499875,0
196260,49.9989,49.9028,49.9034,0.1694,0.0545159,0.1694,0.138333,3.6227e-07,0.0960995,0.0499875,0
196320,49.9989,49.9029,49.9035,0.16937,0.0545125,0.16937,0.138311,3.61997e-07,0.0960265,0.0499875,0
196380,49.9989,49.903,49.9036,0.16934,0.0545091,0.16934,0.13829,3.61724e-07,0.0959535,0.0499875,0
196440,49.9989,49.9031,49.9036,0.169309,0.0545057,0.169309,0.138268,3.61452e-07,0.0958806,0.0499875,0
196500,49.9989,49.9031,49.9037,0.169279,0.0545023,0.169279,0.138246,3.61179e-07,0.0958079,0.0499875,0
196560,49.9989,49.9032,49.9038,0.169249,0.0544989,0.169249,0.138225,3.60908e-07,0.0957352,0.0499875,0
196620,49.9989,49.9033,49.9038,0.169219,0.0544955,0.169219,0.138203,3.60636e-07,0.0956626,0.0499875,0
196680,49.9989,49.9033,49.9039,0.169189,0.0544921,0.169189,0.138181,3.60365e-07,0.0955901,0.0499875,0
196740,49.9989,49.9034,49.904,0.169158,0.0544887,0.169158,0.13816,3.60094e-07,0.0955176,0.0499875,0
196800,49.9989,49.9035,49.9041,0.169128,0.0544853,0.169128,0.138138,3.59824e-07,0.0954453,0.0499875,0
196860,49.9989,49.9036,49.9041,0.169098,0.054482,0.169098,0.138116,3.59554e-07,0.0953731,0.0499875,0
196920,49.9989,49.9036,49.9042,0.169068,0.0544786,0.169068,0.138095,3.59284e-07,0.0953009,0.0499875,0
196980,49.9989,49.9037,49.9043,0.169038,0.0544752,0.169038,0.138073,3.59014e-07,0.0952288,0.0499875,0
197040,49.9989,49.9038,49.9043,0.169008,0.0544719,0.169008,0.138052,3.58745e-07,0.0951569,0.0499875,0
197100,49.9989,49.9038,49.9044,0.168978,0.0544685,0.168978,0.13803,3.58476e-07,0.095085,0.0499875,0
197160,49.9989,49.9039,49.9045,0.168948,0.0544651,0.168948,0.138009,3.58208e-07,0.0950132,0.0499875,0
197220,49.9989,49.904,49.9046,0.168918,0.0544618,0.168918,0.137987,3.5794e-07,0.0949415,0.0499875,0
197280,49.9989,49.9041,49.9046,0.168888,0.0544584,0.168888,0.137966,3.57672e-07,0.0948699,0.0499875,0
197340,49.9989,49.9041,49.9047,0.168858,0.0544551,0.168858,0.137944,3.57404e-07,0.0947983,0.0499875,0
197400,49.9989,49.9042,49.9048,0.168828,0.0544518,0.168828,0.137923,3.57137e-07,0.0947269,0.0499875,0
197460,49.9989,49.9043,49.9048,0.168798,0.0544484,0.168798,0.137902,3.5687e-07,0.0946555,0.0499875,0
197520,49.9989,49.9044,49.9049,0.168768,0.0544451,0.168768,0.13788,3.56604e-07,0.0945843,0.0499875,0
197580,49.9989,49.9044,49.905,0.168738,0.0544418,0.168738,0.137859,3.56338e-07,0.0945131,0.0499875,0
197640,49.9989,49.9045,49.9051,0.168709,0.0544384,0.168709,0.137837,3.56072e-07,0.094442,0.0499875,0
197700,49.9989,49.9046,49.9051,0.168679,0.0544351,0.168679,0.137816,3.55806e-07,0.094371,0.0499875,0
197760,49.9989,49.9046,49.9052,0.168649,0.0544318,0.168649,0.137795,3.55541e-07,0.0943001,0.0499875,0
197820,49.9989,49.9047,49.9053,0.168619,0.0544285,0.168619,0.137773,3.55276e-07,0.0942293,0.0499875,0
197880,49.9989,49.9048,49.9053,0.168589,0.0544252,0.168589,0.137752,3.55012e-07,0.0941585,0.0499875,0
197940,49.9989,49.9048,49.9054,0.16856,0.0544219,0.16856,0.137731,3.54747e-07,0.0940879,0.0499875,0
198000,49.9989,49.9049,49.9055,0.16853,0.0544186,0.16853,0.137709,3.54483e-07,0.0940173,0.0499875,0
198060,49.9989,49.905,49.9055,0.1685,0.0544153,0.1685,0.137688,3.5422e-07,0.0939468,0.0499875,0
198120,49.9989,49.9051,49.9056,0.168471,0.054412,0.168471,0.137667,3.53957e-07,0.0938764,0.0499875,0
198180,49.9989,49.9051,49.9057,0.168441,0.0544087,0.168441,0.137646,3.53694e-07,0.0938061,0.0499875,0
198240,49.9989,49.9052,49.9058,0.168412,0.0544054,0.168412,0.137624,3.53431e-07,0.0937359,0.0499875,0
198300,49.9989,49.9053,49.9058,0.168382,0.0544021,0.168382,0.137603,3.53169e-07,0.0936658,0.0499875,0
198360,49.9989,49.9053,49.9059,0.168352,0.0543989,0.168352,0.137582,3.52907e-07,0.0935957,0.0499875,0
198420,49.9989,49.9054,49.906,0.168323,0.0543956,0.168323,0.137561,3.52645e-07,0.0935257,0.0499875,0
198480,49.9989,49.9055,49.906,0.168293,0.0543923,0.168293,0.13754,3.52384e-07,0.0934559,0.0499875,0
198540,49.9989,49.9055,49.9061,0.168264,0.0543891,0.168264,0.137519,3.52123e-07,0.0933861,0.0499875,0
198600,49.9989,49.9056,49.9062,0.168234,0.0543858,0.168234,0.137498,3.51862e-07,0.0933164,0.0499875,0
198660,49.9989,49.9057,49.9062,0.168205,0.0543826,0.168205,0.137476,3.51601e-07,0.0932468,0.0499875,0
198720,49.9989,49.9058,49.9063,0.168176,0.0543793,0.168176,0.137455,3.51341e-07,0.0931772,0.0499875,0
198780,49.9989,49.9058,49.9064,0.168146,0.0543761,0.168146,0.137434,3.51082e-07,0.0931078,0.0499875,0
198840,49.9989,49.9059,49.9064,0.168117,0.0543728,0.168117,0.137413,3.50822e-07,0.0930384,0.0499875,0
198900,49.9989,49.906,49.9065,0.168088,0.0543696,0.168088,0.137392,3.50563e-07,0.0929691,0.0499875,0
198960,49.9989,49.906,49.9066,0.168058,0.0543663,0.168058,0.137371,3.50304e-07,0.0928999,0.0499875,0
199020,49.9989,49.9061,49.9067,0.168029,0.0543631,0.168029,0.13735,3.50046e-07,0.0928308,0.0499875,0
199080,49.9989,49.9062,49.9067,0.168,0.0543599,0.168,0.137329,3.49787e-07,0.0927618,0.0499875,0
199140,49.9989,49.9062,49.9068,0.16797,0.0543567,0.16797,0.137308,3.49529e-07,0.0926928,0.0499875,0
199200,49.9989,49.9063,49.9069,0.167941,0.0543534,0.167941,0.137287,3.49272e-07,0.092624,0.0499875,0
199260,49.9989,49.9064,49.9069,0.167912,0.0543502,0.167912,0.137266,3.49015e-07,0.0925552,0.0499875,0
199320,49.9989,49.9064,49.907,0.167883,0.054347,0.167883,0.137245,3.48758e-07,0.0924865,0.0499875,0
199380,49.9989,49.9065,49.9071,0.167854,0.0543438,0.167854,0.137224,3.48501e-07,0.0924179,0.0499875,0
199440,49.9989,49.9066,49.9071,0.167824,0.0543406,0.167824,0.137204,3.48245e-07,0.0923494,0.0499875,0
199500,49.9989,49.9067,49.9072,0.167795,0.0543374,0.167795,0.137183,3.47989e-07,0.0922809,0.0499875,0
199560,49.9989,49.9067,49.9073,0.167766,0.0543342,0.167766,0.137162,3.47733e-07,0.0922126,0.0499875,0
199620,49.9989,49.9068,49.9073,0.167737,0.054331,0.167737,0.137141,3.47477e-07,0.0921443,0.0499875,0
199680,49.9989,49.9069,49.9074,0.167708,0.0543278,0.167708,0.13712,3.47222e-07,0.0920761,0.0499875,0
199740,49.9989,49.9069,49.9075,0.167679,0.0543246,0.167679,0.137099,3.46967e-07,0.092008,0.0499875,0
199800,49.9989,49.907,49.9075,0.16765,0.0543215,0.16765,0.137078,3.46713e-07,0.09194,0.0499875,0
199860,49.9989,49.9071,49.9076,0.167621,0.0543183,0.167621,0.137058,3.46459e-07,0.091872,0.0499875,0
199920,49.9989,49.9071,49.9077,0.167592,0.0543151,0.167592,0.137037,3.46205e-07,0.0918042,0.0499875,0
199980,49.9989,49.9072,49.9077,0.167563,0.0543119,0.167563,0.137016,3.45951e-07,0.0917364,0.0499875,0
200040,49.9989,49.9073,49.9078,0.167534,0.0543088,0.167534,0.136995,3.45698e-07,0.0916687,0.0499875,0
200100,49.9989,49.9073,49.9079,0.167505,0.0543056,0.167505,0.136975,3.45445e-07,0.0916011,0.0499875,0
200160,49.9989,49.9074,49.9079,0.167476,0.0543024,0.167476,0.136954,3.45192e-07,0.0915335,0.0499875,0
200220,49.9989,49.9075,49.908,0.167448,0.0542993,0.167448,0.136933,3.4494e-07,0.0914661,0.0499875,0
200280,49.9989,49.9075,49.9081,0.167419,0.0542961,0.167419,0.136912,3.44688e-07,0.0913987,0.0499875,0
200340,49.9989,49.9076,49.9081,0.16739,0.054293,0.16739,0.136892,3.44436e-07,0.0913314,0.0499875,0
200400,49.9989,49.9077,49.9082,0.167361,0.0542898,0.167361,0.136871,3.44185e-07,0.0912642,0.0499875,0
200460,49.9989,49.9077,49.9083,0.167332,0.0542867,0.167332,0.13685,3.43934e-07,0.0911971,0.0499875,0
200520,49.9989,49.9078,49.9083,0.167304,0.0542836,0.167304,0.13683,3.43683e-07,0.09113,0.0499875,0
200580,49.9989,49.9079,49.9084,0.167275,0.0542804,0.167275,0.136809,3.43432e-07,0.0910631,0.0499875,0
200640,49.9989,49.9079,49.9085,0.167246,0.0542773,0.167246,0.136789,3.43182e-07,0.0909962,0.0499875,0
200700,49.9989,49.908,49.9085,0.167218,0.0542742,0.167218,0.136768,3.42932e-07,0.0909294,0.0499875,0
200760,49.9989,49.9081,49.9086,0.167189,0.0542711,0.167189,0.136748,3.42682e-07,0.0908626,0.0499875,0
200820,49.9989,49.9081,49.9087,0.16716,0.054268,0.16716,0.136727,3.42433e-07,0.090796,0.0499875,0
200880,49.9989,49.9082,49.9087,0.167132,0.0542648,0.167132,0.136706,3.42184e-07,0.0907294,0.0499875,0
200940,49.9989,49.9083,49.9088,0.167103,0.0542617,0.167103,0.136686,3.41935e-07,0.0906629,0.0499875,0
201000,49.9989,49.9083,49.9089,0.167074,0.0542586,0.167074,0.136665,3.41687e-07,0.0905965,0.0499875,0
201060,49.9989,49.9084,49.9089,0.167046,0.0542555,0.167046,0.136645,3.41438e-07,0.0905302,0.0499875,0
201120,49.9989,49.9085,49.909,0.167017,0.0542524,0.167017,0.136624,3.4119e-07,0.090464,0.0499875,0
201180,49.9989,49.9085,49.9091,0.166989,0.0542493,0.166989,0.136604,3.40943e-07,0.0903978,0.0499875,0
201240,49.9989,49.9086,49.9091,0.16696,0.0542462,0.16696,0.136583,3.40696e-07,0.0903317,0.0499875,0
201300,49.9989,49.9087,49.9092,0.166932,0.0542431,0.166932,0.136563,3.40449e-07,0.0902657,0.0499875,0
201360,49.9989,49.9087,49.9093,0.166903,0.0542401,0.166903,0.136543,3.40202e-07,0.0901998,0.0499875,0
201420,49.9989,49.9088,49.9093,0.166875,0.054237,0.166875,0.136522,3.39955e-07,0.0901339,0.0499875,0
201480,49.9989,49.9089,49.9094,0.166847,0.0542339,0.166847,0.136502,3.39709e-07,0.0900682,0.0499875,0
201540,49.9989,49.9089,49.9095,0.166818,0.0542308,0.166818,0.136481,3.39463e-07,0.0900025,0.0499875,0
201600,49.9989,49.909,49.9095,0.16679,0.0542278,0.16679,0.136461,3.39218e-07,0.0899369,0.0499875,0
201660,49.9989,49.9091,49.9096,0.166762,0.0542247,0.166762,0.136441,3.38973e-07,0.0898713,0.0499875,0
201720,49.9989,49.9091,49.9096,0.166733,0.0542216,0.166733,0.13642,3.38728e-07,0.0898059,0.0499875,0
201780,49.9989,49.9092,49.9097,0.166705,0.0542186,0.166705,0.1364,3.38483e-07,0.0897405,0.0499875,0
201840,49.9989,49.9093,49.9098,0.166677,0.0542155,0.166677,0.13638,3.38239e-07,0.0896752,0.0499875,0
201900,49.9989,49.9093,49.9098,0.166648,0.0542125,0.166648,0.13636,3.37995e-07,0.08961,0.0499875,0
201960,49.9989,49.9094,49.9099,0.16662,0.0542094,0.16662,0.136339,3.37751e-07,0.0895448,0.0499875,0
202020,49.9989,49.9095,49.91,0.166592,0.0542064,0.166592,0.136319,3.37507e-07,0.0894798,0.0499875,0
202080,49.9989,49.9095,49.91,0.166564,0.0542033,0.166564,0.136299,3.37264e-07,0.0894148,0.0499875,0
202140,49.9989,49.9096,49.9101,0.166536,0.0542003,0.166536,0.136279,3.37021e-07,0.0893499,0.0499875,0
202200,49.9989,49.9096,49.9102,0.166507,0.0541973,0.166507,0.136258,3.36779e-07,0.089285,0.0499875,0
202260,49.9989,49.9097,49.9102,0.166479,0.0541942,0.166479,0.136238,3.36536e-07,0.0892203,0.0499875,0
202320,49.9989,49.9098,49.9103,0.166451,0.0541912,0.166451,0.136218,3.36294e-07,0.0891556,0.0499875,0
202380,49.9989,49.9098,49.9104,0.166423,0.0541882,0.166423,0.136198,3.36052e-07,0.089091,0.0499875,0
202440,49.9989,49.9099,49.9104,0.166395,0.0541852,0.166395,0.136178,3.35811e-07,0.0890265,0.0499875,0
202500,49.9989,49.91,49.9105,0.166367,0.0541822,0.166367,0.136157,3.3557e-07,0.088962,0.0499875,0
202560,49.9989,49.91,49.9105,0.166339,0.0541791,0.166339,0.136137,3.35329e-07,0.0888976,0.0499875,0
202620,49.9989,49.9101,49.9106,0.166311,0.0541761,0.166311,0.136117,3.35088e-07,0.0888333,0.0499875,0
202680,49.9989,49.9102,49.9107,0.166283,0.0541731,0.166283,0.136097,3.34848e-07,0.0887691,0.0499875,0
202740,49.9989,49.9102,49.9107,0.166255,0.0541701,0.166255,0.136077,3.34608e-07,0.088705,0.0499875,0
202800,49.9989,49.9103,49.9108,0.166227,0.0541671,0.166227,0.136057,3.34368e-07,0.0886409,0.0499875,0
202860,49.9989,49.9104,49.9109,0.166199,0.0541641,0.166199,0.136037,3.34128e-07,0.0885769,0.0499875,0
202920,49.9989,49.9104,49.9109,0.166171,0.0541612,0.166171,0.136017,3.33889e-07,0.088513,0.0499875,0
202980,49.9989,49.9105,49.911,0.166143,0.0541582,0.166143,0.135997,3.3365e-07,0.0884491,0.0499875,0
203040,49.9989,49.9105,49.9111,0.166116,0.0541552,0.166116,0.135977,3.33411e-07,0.0883854,0.0499875,0
203100,49.9989,49.9106,49.9111,0.166088,0.0541522,0.166088,0.135957,3.33173e-07,0.0883217,0.0499875,0
203160,49.9989,49.9107,49.9112,0.16606,0.0541492,0.16606,0.135937,3.32935e-07,0.0882581,0.0499875,0
203220,49.9989,49.9107,49.9112,0.166032,0.0541463,0.166032,0.135917,3.32697e-07,0.0881945,0.0499875,0
203280,49.9989,49.9108,49.9113,0.166004,0.0541433,0.166004,0.135897,3.32459e-07,0.0881311,0.0499875,0
203340,49.9989,49.9109,49.9114,0.165977,0.0541403,0.165977,0.135877,3.32222e-07,0.0880677,0.0499875,0
203400,49.9989,49.9109,49.9114,0.165949,0.0541374,0.165949,0.135857,3.31985e-07,0.0880044,0.0499875,0
203460,49.9989,49.911,49.9115,0.165921,0.0541344,0.165921,0.135837,3.31748e-07,0.0879411,0.0499875,0
203520,49.9989,49.9111,49.9116,0.165893,0.0541314,0.165893,0.135817,3.31512e-07,0.087878,0.0499875,0
203580,49.9989,49.9111,49.9116,0.165866,0.0541285,0.165866,0.135797,3.31276e-07,0.0878149,0.0499875,0
203640,49.9989,49.9112,49.9117,0.165838,0.0541255,0.165838,0.135778,3.3104e-07,0.0877519,0.0499875,0
203700,49.9989,49.9112,49.9117,0.165811,0.0541226,0.165811,0.135758,3.30804e-07,0.0876889,0.0499875,0
203760,49.9989,49.9113,49.9118,0.165783,0.0541197,0.165783,0.135738,3.30569e-07,0.0876261,0.0499875,0
203820,49.9989,49.9114,49.9119,0.165755,0.0541167,0.165755,0.135718,3.30334e-07,0.0875633,0.0499875,0
203880,49.9989,49.9114,49.9119,0.165728,0.0541138,0.165728,0.135698,3.30099e-07,0.0875005,0.0499875,0
203940,49.9989,49.9115,49.912,0.1657,0.0541108,0.1657,0.135678,3.29865e-07,0.0874379,0.0499875,0
204000,49.9989,49.9116,49.9121,0.165673,0.0541079,0.165673,0.135659,3.2963e-07,0.0873753,0.0499875,0
204060,49.9989,49.9116,49.9121,0.165645,0.054105,0.165645,0.135639,3.29396e-07,0.0873128,0.0499875,0
204120,49.9989,49.9117,49.9122,0.165618,0.0541021,0.165618,0.135619,3.29163e-07,0.0872504,0.0499875,0
204180,49.9989,49.9117,49.9122,0.16559,0.0540992,0.16559,0.135599,3.28929e-07,0.087188,0.0499875,0
204240,49.9989,49.9118,49.9123,0.165563,0.0540962,0.165563,0.13558,3.28696e-07,0.0871258,0.0499875,0
204300,49.9989,49.9119,49.9124,0.165535,0.0540933,0.165535,0.13556,3.28463e-07,0.0870636,0.0499875,0
204360,49.9989,49.9119,49.9124,0.165508,0.0540904,0.165508,0.13554,3.28231e-07,0.0870014,0.0499875,0
204420,49.9989,49.912,49.9125,0.165481,0.0540875,0.165481,0.13552,3.27998e-07,0.0869394,0.0499875,0
204480,49.9989,49.9121,49.9125,0.165453,0.0540846,0.165453,0.135501,3.27766e-07,0.0868774,0.0499875,0
204540,49.9989,49.9121,49.9126,0.165426,0.0540817,0.165426,0.135481,3.27534e-07,0.0868155,0.0499875,0
204600,49.9989,49.9122,49.9127,0.165399,0.0540788,0.165399,0.135462,3.27303e-07,0.0867536,0.0499875,0
204660,49.9989,49.9122,49.9127,0.165371,0.0540759,0.165371,0.135442,3.27072e-07,0.0866918,0.0499875,0
204720,49.9989,49.9123,49.9128,0.165344,0.054073,0.165344,0.135422,3.26841e-07,0.0866302,0.0499875,0
204780,49.9989,49.9124,49.9129,0.165317,0.0540702,0.165317,0.135403,3.2661e-07,0.0865685,0.0499875,0
204840,49.9989,49.9124,49.9129,0.165289,0.0540673,0.165289,0.135383,3.26379e-07,0.086507,0.0499875,0
204900,49.9989,49.9125,49.913,0.165262,0.0540644,0.165262,0.135363,3.26149e-07,0.0864455,0.0499875,0
204960,49.9989,49.9126,49.913,0.165235,0.0540615,0.165235,0.135344,3.25919e-07,0.0863841,0.0499875,0
205020,49.9989,49.9126,49.9131,0.165208,0.0540587,0.165208,0.135324,3.2569e-07,0.0863227,0.0499875,0
205080,49.9989,49.9127,49.9132,0.165181,0.0540558,0.165181,0.135305,3.2546e-07,0.0862615,0.0499875,0
205140,49.9989,49.9127,49.9132,0.165154,0.0540529,0.165154,0.135285,3.25231e-07,0.0862003,0.0499875,0
205200,49.9989,49.9128,49.9133,0.165126,0.0540501,0.165126,0.135266,3.25002e-07,0.0861392,0.0499875,0
205260,49.9989,49.9129,49.9133,0.165099,0.0540472,0.165099,0.135246,3.24774e-07,0.0860781,0.0499875,0
205320,49.9989,49.9129,49.9134,0.165072,0.0540444,0.165072,0.135227,3.24545e-07,0.0860171,0.0499875,0
205380,49.9989,49.913,49.9135,0.165045,0.0540415,0.165045,0.135207,3.24317e-07,0.0859562,0.0499875,0
205440,49.9989,49.913,49.9135,0.165018,0.0540387,0.165018,0.135188,3.2409e-07,0.0858954,0.0499875,0
205500,49.9989,49.9131,49.9136,0.164991,0.0540358,0.164991,0.135168,3.23862e-07,0.0858346,0.0499875,0
205560,49.9989,49.9132,49.9136,0.164964,0.054033,0.164964,0.135149,3.23635e-07,0.0857739,0.0499875,0
205620,49.9989,49.9132,49.9137,0.164937,0.0540301,0.164937,0.13513,3.23408e-07,0.0857133,0.0499875,0
205680,49.9989,49.9133,49.9138,0.16491,0.0540273,0.16491,0.13511,3.23181e-07,0.0856527,0.0499875,0
205740,49.9989,49.9133,49.9138,0.164883,0.0540245,0.164883,0.135091,3.22954e-07,0.0855922,0.0499875,0
205800,49.9989,49.9134,49.9139,0.164856,0.0540216,0.164856,0.135071,3.22728e-07,0.0855318,0.0499875,0
205860,49.9989,49.9135,49.9139,0.164829,0.0540188,0.164829,0.135052,3.22502e-07,0.0854715,0.0499875,0
205920,49.9989,49.9135,49.914,0.164802,0.054016,0.164802,0.135033,3.22276e-07,0.0854112,0.0499875,0
205980,49.9989,49.9136,49.9141,0.164776,0.0540132,0.164776,0.135013,3.22051e-07,0.085351,0.0499875,0
206040,49.9989,49.9136,49.9141,0.164749,0.0540104,0.164749,0.134994,3.21826e-07,0.0852908,0.0499875,0
206100,49.9989,49.9137,49.9142,0.164722,0.0540076,0.164722,0.134975,3.21601e-07,0.0852308,0.0499875,0
206160,49.9989,49.9138,49.9142,0.164695,0.0540047,0.164695,0.134956,3.21376e-07,0.0851708,0.0499875,0
206220,49.9989,49.9138,49.9143,0.164668,0.0540019,0.164668,0.134936,3.21152e-07,0.0851108,0.0499875,0
206280,49.9989,49.9139,49.9144,0.164641,0.0539991,0.164641,0.134917,3.20928e-07,0.085051,0.0499875,0
206340,49.9989,49.9139,49.9144,0.164615,0.0539963,0.164615,0.134898,3.20704e-07,0.0849912,0.0499875,0
206400,49.9989,49.914,49.9145,0.164588,0.0539935,0.164588,0.134879,3.2048e-07,0.0849315,0.0499875,0
206460,49.9989,49.9141,49.9145,0.164561,0.0539907,0.164561,0.134859,3.20257e-07,0.0848718,0.0499875,0
206520,49.9989,49.9141,49.9146,0.164535,0.053988,0.164535,0.13484,3.20034e-07,0.0848122,0.0499875,0
206580,49.9989,49.9142,49.9147,0.164508,0.0539852,0.164508,0.134821,3.19811e-07,0.0847527,0.0499875,0
206640,49.9989,49.9142,49.9147,0.164481,0.0539824,0.164481,0.134802,3.19588e-07,0.0846933,0.0499875,0
206700,49.9989,49.9143,49.9148,0.164455,0.0539796,0.164455,0.134783,3.19366e-07,0.0846339,0.0499875,0
206760,49.9989,49.9144,49.9148,0.164428,0.0539768,0.164428,0.134763,3.19144e-07,0.0845746,0.0499875,0
206820,49.9989,49.9144,49.9149,0.164401,0.0539741,0.164401,0.134744,3.18922e-07,0.0845153,0.0499875,0
206880,49.9989,49.9145,49.9149,0.164375,0.0539713,0.164375,0.134725,3.187e-07,0.0844562,0.0499875,0
206940,49.9989,49.9145,49.915,0.164348,0.0539685,0.164348,0.134706,3.18479e-07,0.084397,0.0499875,0
207000,49.9989,49.9146,49.9151,0.164322,0.0539658,0.164322,0.134687,3.18258e-07,0.084338,0.0499875,0
207060,49.9989,49.9147,49.9151,0.164295,0.053963,0.164295,0.134668,3.18037e-07,0.084279,0.0499875,0
207120,49.9989,49.9147,49.9152,0.164269,0.0539602,0.164269,0.134649,3.17816e-07,0.0842201,0.0499875,0
207180,49.9989,49.9148,49.9152,0.164242,0.0539575,0.164242,0.13463,3.17596e-07,0.0841613,0.0499875,0
207240,49.9989,49.9148,49.9153,0.164216,0.0539547,0.164216,0.134611,3.17376e-07,0.0841025,0.0499875,0
207300,49.9989,49.9149,49.9154,0.164189,0.053952,0.164189,0.134592,3.17156e-07,0.0840438,0.0499875,0
207360,49.9989,49.9149,49.9154,0.164163,0.0539492,0.164163,0.134573,3.16936e-07,0.0839852,0.0499875,0
207420,49.9989,49.915,49.9155,0.164136,0.0539465,0.164136,0.134554,3.16717e-07,0.0839266,0.0499875,0
207480,49.9989,49.9151,49.9155,0.16411,0.0539438,0.16411,0.134535,3.16498e-07,0.0838681,0.0499875,0
207540,49.9989,49.9151,49.9156,0.164084,0.053941,0.164084,0.134516,3.16279e-07,0.0838097,0.0499875,0
207600,49.9989,49.9152,49.9156,0.164057,0.0539383,0.164057,0.134497,3.1606e-07,0.0837513,0.0499875,0
207660,49.9989,49.9152,49.9157,0.164031,0.0539356,0.164031,0.134478,3.15842e-07,0.0836931,0.0499875,0
207720,49.9989,49.9153,49.9158,0.164005,0.0539328,0.164005,0.134459,3.15624e-07,0.0836348,0.0499875,0
207780,49.9989,49.9154,49.9158,0.163978,0.0539301,0.163978,0.13444,3.15406e-07,0.0835767,0.0499875,0
207840,49.9989,49.9154,49.9159,0.163952,0.0539274,0.163952,0.134421,3.15188e-07,0.0835186,0.0499875,0
207900,49.9989,49.9155,49.9159,0.163926,0.0539247,0.163926,0.134402,3.14971e-07,0.0834605,0.0499875,0
207960,49.9989,49.9155,49.916,0.1639,0.053922,0.1639,0.134383,3.14754e-07,0.0834026,0.0499875,0
208020,49.9989,49.9156,49.916,0.163873,0.0539193,0.163873,0.134364,3.14537e-07,0.0833447,0.0499875,0
208080,49.9989,49.9156,49.9161,0.163847,0.0539165,0.163847,0.134345,3.1432e-07,0.0832868,0.0499875,0
208140,49.9989,49.9157,49.9162,0.163821,0.0539138,0.163821,0.134326,3.14104e-07,0.0832291,0.0499875,0
208200,49.9989,49.9158,49.9162,0.163795,0.0539111,0.163795,0.134308,3.13888e-07,0.0831714,0.0499875,0
208260,49.9989,49.9158,49.9163,0.163769,0.0539084,0.163769,0.134289,3.13672e-07,0.0831137,0.0499875,0
208320,49.9989,49.9159,49.9163,0.163743,0.0539057,0.163743,0.13427,3.13456e-07,0.0830562,0.0499875,0
208380,49.9989,49.9159,49.9164,0.163716,0.0539031,0.163716,0.134251,3.13241e-07,0.0829987,0.0499875,0
208440,49.9989,49.916,49.9164,0.16369,0.0539004,0.16369,0.134232,3.13026e-07,0.0829412,0.0499875,0
208500,49.9989,49.9161,49.9165,0.163664,0.0538977,0.163664,0.134214,3.12811e-07,0.0828839,0.0499875,0
208560,49.9989,49.9161,49.9166,0.163638,0.053895,0.163638,0.134195,3.12596e-07,0.0828265,0.0499875,0
208620,49.9989,49.9162,49.9166,0.163612,0.0538923,0.163612,0.134176,3.12382e-07,0.0827693,0.0499875,0
208680,49.9989,49.9162,49.9167,0.163586,0.0538896,0.163586,0.134157,3.12168e-07,0.0827121,0.0499875,0
208740,49.9989,49.9163,49.9167,0.16356,0.053887,0.16356,0.134139,3.11954e-07,0.082655,0.0499875,0
208800,49.9989,49.9163,49.9168,0.163534,0.0538843,0.163534,0.13412,3.1174e-07,0.082598,0.0499875,0
208860,49.9989,49.9164,49.9168,0.163508,0.0538816,0.163508,0.134101,3.11526e-07,0.082541,0.0499875,0
208920,49.9989,49.9165,49.9169,0.163482,0.053879,0.163482,0.134083,3.11313e-07,0.0824841,0.0499875,0
208980,49.9989,49.9165,49.917,0.163456,0.0538763,0.163456,0.134064,3.111e-07,0.0824272,0.0499875,0
209040,49.9989,49.9166,49.917,0.16343,0.0538736,0.16343,0.134045,3.10887e-07,0.0823704,0.0499875,0
209100,49.9989,49.9166,49.9171,0.163405,0.053871,0.163405,0.134027,3.10675e-07,0.0823137,0.0499875,0
209160,49.9989,49.9167,49.9171,0.163379,0.0538683,0.163379,0.134008,3.10463e-07,0.082257,0.0499875,0
209220,49.9989,49.9167,49.9172,0.163353,0.0538657,0.163353,0.133989,3.10251e-07,0.0822004,0.0499875,0
209280,49.9989,49.9168,49.9172,0.163327,0.053863,0.163327,0.133971,3.10039e-07,0.0821439,0.0499875,0
209340,49.9989,49.9168,49.9173,0.163301,0.0538604,0.163301,0.133952,3.09827e-07,0.0820874,0.0499875,0
209400,49.9989,49.9169,49.9173,0.163275,0.0538577,0.163275,0.133934,3.09616e-07,0.082031,0.0499875,0
209460,49.9989,49.917,49.9174,0.16325,0.0538551,0.16325,0.133915,3.09405e-07,0.0819747,0.0499875,0
209520,49.9989,49.917,49.9175,0.163224,0.0538525,0.163224,0.133896,3.09194e-07,0.0819184,0.0499875,0
209580,49.9989,49.9171,49.9175,0.163198,0.0538498,0.163198,0.133878,3.08983e-07,0.0818622,0.0499875,0
209640,49.9989,49.9171,49.9176,0.163172,0.0538472,0.163172,0.133859,3.08773e-07,0.0818061,0.0499875,0
209700,49.9989,49.9172,49.9176,0.163147,0.0538446,0.163147,0.133841,3.08563e-07,0.08175,0.0499875,0
209760,49.9989,49.9172,49.9177,0.163121,0.053842,0.163121,0.133822,3.08353e-07,0.0816939,0.0499875,0
209820,49.9989,49.9173,49.9177,0.163095,0.0538393,0.163095,0.133804,3.08143e-07,0.081638,0.0499875,0
209880,49.9989,49.9174,49.9178,0.16307,0.0538367,0.16307,0.133785,3.07934e-07,0.0815821,0.0499875,0
209940,49.9989,49.9174,49.9178,0.163044,0.0538341,0.163044,0.133767,3.07725e-07,0.0815263,0.0499875,0
210000,49.9989,49.9175,49.9179,0.163019,0.0538315,0.163019,0.133748,3.07516e-07,0.0814705,0.0499875,0
210060,49.9989,49.9175,49.918,0.162993,0.0538289,0.162993,0.13373,3.07307e-07,0.0814148,0.0499875,0
210120,49.9989,49.9176,49.918,0.162967,0.0538263,0.162967,0.133712,3.07099e-07,0.0813591,0.0499875,0
210180,49.9989,49.9176,49.9181,0.162942,0.0538237,0.162942,0.133693,3.0689e-07,0.0813035,0.0499875,0
210240,49.9989,49.9177,49.9181,0.162916,0.0538211,0.162916,0.133675,3.06682e-07,0.081248,0.0499875,0
210300,49.9989,49.9177,49.9182,0.162891,0.0538185,0.162891,0.133656,3.06475e-07,0.0811926,0.0499875,0
210360,49.9989,49.9178,49.9182,0.162865,0.0538159,0.162865,0.133638,3.06267e-07,0.0811372,0.0499875,0
210420,49.9989,49.9179,49.9183,0.16284,0.0538133,0.16284,0.13362,3.0606e-07,0.0810818,0.0499875,0
210480,49.9989,49.9179,49.9183,0.162814,0.0538107,0.162814,0.133601,3.05853e-07,0.0810266,0.0499875,0
210540,49.9989,49.918,49.9184,0.162789,0.0538081,0.162789,0.133583,3.05646e-07,0.0809714,0.0499875,0
210600,49.9989,49.918,49.9185,0.162763,0.0538055,0.162763,0.133565,3.05439e-07,0.0809162,0.0499875,0
210660,49.9989,49.9181,49.9185,0.162738,0.0538029,0.162738,0.133546,3.05233e-07,0.0808611,0.0499875,0
210720,49.9989,49.9181,49.9186,0.162713,0.0538004,0.162713,0.133528,3.05026e-07,0.0808061,0.0499875,0
210780,49.9989,49.9182,49.9186,0.162687,0.0537978,0.162687,0.13351,3.0482e-07,0.0807511,0.0499875,0
210840,49.9989,49.9182,49.9187,0.162662,0.0537952,0.162662,0.133491,3.04615e-07,0.0806962,0.0499875,0
210900,49.9989,49.9183,49.9187,0.162636,0.0537927,0.162636,0.133473,3.04409e-07,0.0806414,0.0499875,0
210960,49.9989,49.9183,49.9188,0.162611,0.0537901,0.162611,0.133455,3.04204e-07,0.0805866,0.0499875,0
211020,49.9989,49.9184,49.9188,0.162586,0.0537875,0.162586,0.133437,3.03999e-07,0.0805319,0.0499875,0
211080,49.9989,49.9185,49.9189,0.162561,0.053785,0.162561,0.133418,3.03794e-07,0.0804772,0.0499875,0
211140,49.9989,49.9185,49.9189,0.162535,0.0537824,0.162535,0.1334,3.0359e-07,0.0804226,0.0499875,0
211200,49.9989,49.9186,49.919,0.16251,0.0537799,0.16251,0.133382,3.03385e-07,0.0803681,0.0499875,0
211260,49.9989,49.9186,49.9191,0.162485,0.0537773,0.162485,0.133364,3.03181e-07,0.0803136,0.0499875,0
211320,49.9989,49.9187,49.9191,0.16246,0.0537748,0.16246,0.133345,3.02977e-07,0.0802592,0.0499875,0
211380,49.9989,49.9187,49.9192,0.162434,0.0537722,0.162434,0.133327,3.02773e-07,0.0802049,0.0499875,0
211440,49.9989,49.9188,49.9192,0.162409,0.0537697,0.162409,0.133309,3.0257e-07,0.0801506,0.0499875,0
211500,49.9989,49.9188,49.9193,0.162384,0.0537671,0.162384,0.133291,3.02367e-07,0.0800963,0.0499875,0
211560,49.9989,49.9189,49.9193,0.162359,0.0537646,0.162359,0.133273,3.02164e-07,0.0800422,0.0499875,0
211620,49.9989,49.9189,49.9194,0.162334,0.0537621,0.162334,0.133255,3.01961e-07,0.0799881,0.0499875,0
211680,49.9989,49.919,49.9194,0.162309,0.0537595,0.162309,0.133237,3.01758e-07,0.079934,0.0499875,0
211740,49.9989,49.9191,49.9195,0.162283,0.053757,0.162283,0.133219,3.01556e-07,0.07988,0.0499875,0
211800,49.9989,49.9191,49.9195,0.162258,0.0537545,0.162258,0.1332,3.01354e-07,0.0798261,0.0499875,0
211860,49.9989,49.9192,49.9196,0.162233,0.0537519,0.162233,0.133182,3.01152e-07,0.0797722,0.0499875,0
211920,49.9989,49.9192,49.9196,0.162208,0.0537494,0.162208,0.133164,3.0095e-07,0.0797184,0.0499875,0
211980,49.9989,49.9193,49.9197,0.162183,0.0537469,0.162183,0.133146,3.00749e-07,0.0796647,0.0499875,0
212040,49.9989,49.9193,49.9197,0.162158,0.0537444,0.162158,0.133128,3.00548e-07,0.079611,0.0499875,0
212100,49.9989,49.9194,49.9198,0.162133,0.0537419,0.162133,0.13311,3.00347e-07,0.0795573,0.0499875,0
212160,49.9989,49.9194,49.9199,0.162108,0.0537394,0.162108,0.133092,3.00146e-07,0.0795038,0.0499875,0
212220,49.9989,49.9195,49.9199,0.162083,0.0537369,0.162083,0.133074,2.99945e-07,0.0794503,0.0499875,0
212280,49.9989,49.9195,49.92,0.162058,0.0537344,0.162058,0.133056,2.99745e-07,0.0793968,0.0499875,0
212340,49.9989,49.9196,49.92,0.162033,0.0537319,0.162033,0.133038,2.99545e-07,0.0793434,0.0499875,0
212400,49.9989,49.9196,49.9201,0.162009,0.0537294,0.162009,0.13302,2.99345e-07,0.0792901,0.0499875,0
212460,49.9989,49.9197,49.9201,0.161984,0.0537269,0.161984,0.133002,2.99145e-07,0.0792368,0.0499875,0
212520,49.9989,49.9198,49.9202,0.161959,0.0537244,0.161959,0.132984,2.98946e-07,0.0791836,0.0499875,0
212580,49.9989,49.9198,49.9202,0.161934,0.0537219,0.161934,0.132966,2.98747e-07,0.0791304,0.0499875,0
212640,49.9989,49.9199,49.9203,0.161909,0.0537194,0.161909,0.132949,2.98548e-07,0.0790773,0.0499875,0
212700,49.9989,49.9199,49.9203,0.161884,0.0537169,0.161884,0.132931,2.98349e-07,0.0790243,0.0499875,0
212760,49.9989,49.92,49.9204,0.161859,0.0537144,0.161859,0.132913,2.9815e-07,0.0789713,0.0499875,0
212820,49.9989,49.92,49.9204,0.161835,0.0537119,0.161835,0.132895,2.97952e-07,0.0789184,0.0499875,0
212880,49.9989,49.9201,49.9205,0.16181,0.0537095,0.16181,0.132877,2.97754e-07,0.0788655,0.0499875,0
212940,49.9989,49.9201,49.9205,0.161785,0.053707,0.161785,0.132859,2.97556e-07,0.0788127,0.0499875,0
213000,49.9989,49.9202,49.9206,0.16176,0.0537045,0.16176,0.132841,2.97358e-07,0.07876,0.0499875,0
213060,49.9989,49.9202,49.9206,0.161736,0.053702,0.161736,0.132823,2.97161e-07,0.0787073,0.0499875,0
213120,49.9989,49.9203,49.9207,0.161711,0.0536996,0.161711,0.132806,2.96963e-07,0.0786546,0.0499875,0
213180,49.9989,49.9203,49.9207,0.161686,0.0536971,0.161686,0.132788,2.96766e-07,0.0786021,0.0499875,0
213240,49.9989,49.9204,49.9208,0.161662,0.0536947,0.161662,0.13277,2.96569e-07,0.0785495,0.0499875,0
213300,49.9989,49.9204,49.9209,0.161637,0.0536922,0.161637,0.132752,2.96373e-07,0.0784971,0.0499875,0
213360,49.9989,49.9205,49.9209,0.161612,0.0536897,0.161612,0.132734,2.96176e-07,0.0784447,0.0499875,0
213420,49.9989,49.9205,49.921,0.161588,0.0536873,0.161588,0.132717,2.9598e-07,0.0783923,0.0499875,0
213480,49.9989,49.9206,49.921,0.161563,0.0536848,0.161563,0.132699,2.95784e-07,0.0783401,0.0499875,0
213540,49.9989,49.9206,49.9211,0.161539,0.0536824,0.161539,0.132681,2.95588e-07,0.0782878,0.0499875,0
213600,49.9989,49.9207,49.9211,0.161514,0.05368,0.161514,0.132663,2.95393e-07,0.0782357,0.0499875,0
213660,49.9989,49.9208,49.9212,0.161489,0.0536775,0.161489,0.132646,2.95197e-07,0.0781835,0.0499875,0
213720,49.9989,49.9208,49.9212,0.161465,0.0536751,0.161465,0.132628,2.95002e-07,0.0781315,0.0499875,0
213780,49.9989,49.9209,49.9213,0.16144,0.0536726,0.16144,0.13261,2.94807e-07,0.0780795,0.0499875,0
213840,49.9989,49.9209,49.9213,0.161416,0.0536702,0.161416,0.132593,2.94613e-07,0.0780275,0.0499875,0
213900,49.9989,49.921,49.9214,0.161391,0.0536678,0.161391,0.132575,2.94418e-07,0.0779757,0.0499875,0
213960,49.9989,49.921,49.9214,0.161367,0.0536653,0.161367,0.132557,2.94224e-07,0.0779238,0.0499875,0
214020,49.9989,49.9211,49.9215,0.161343,0.0536629,0.161343,0.13254,2.9403e-07,0.0778721,0.0499875,0
214080,49.9989,49.9211,49.9215,0.161318,0.0536605,0.161318,0.132522,2.93836e-07,0.0778203,0.0499875,0
214140,49.9989,49.9212,49.9216,0.161294,0.0536581,0.161294,0.132504,2.93642e-07,0.0777687,0.0499875,0
214200,49.9989,49.9212,49.9216,0.161269,0.0536557,0.161269,0.132487,2.93449e-07,0.0777171,0.0499875,0
214260,49.9989,49.9213,49.9217,0.161245,0.0536532,0.161245,0.132469,2.93256e-07,0.0776655,0.0499875,0
214320,49.9989,49.9213,49.9217,0.161221,0.0536508,0.161221,0.132452,2.93063e-07,0.077614,0.0499875,0
214380,49.9989,49.9214,49.9218,0.161196,0.0536484,0.161196,0.132434,2.9287e-07,0.0775626,0.0499875,0
214440,49.9989,49.9214,49.9218,0.161172,0.053646,0.161172,0.132416,2.92677e-07,0.0775112,0.0499875,0
214500,49.9989,49.9215,49.9219,0.161148,0.0536436,0.161148,0.132399,2.92485e-07,0.0774599,0.0499875,0
214560,49.9989,49.9215,49.9219,0.161123,0.0536412,0.161123,0.132381,2.92293e-07,0.0774086,0.0499875,0
214620,49.9989,49.9216,49.922,0.161099,0.0536388,0.161099,0.132364,2.92101e-07,0.0773574,0.0499875,0
214680,49.9989,49.9216,49.922,0.161075,0.0536364,0.161075,0.132346,2.91909e-07,0.0773063,0.0499875,0
214740,49.9989,49.9217,49.9221,0.16105,0.053634,0.16105,0.132329,2.91717e-07,0.0772552,0.0499875,0
214800,49.9989,49.9217,49.9221,0.161026,0.0536316,0.161026,0.132311,2.91526e-07,0.0772041,0.0499875,0
214860,49.9989,49.9218,49.9222,0.161002,0.0536292,0.161002,0.132294,2.91335e-07,0.0771532,0.0499875,0
214920,49.9989,49.9218,49.9222,0.160978,0.0536268,0.160978,0.132276,2.91144e-07,0.0771022,0.0499875,0
214980,49.9989,49.9219,49.9223,0.160954,0.0536245,0.160954,0.132259,2.90953e-07,0.0770513,0.0499875,0
215040,49.9989,49.9219,49.9223,0.160929,0.0536221,0.160929,0.132241,2.90762e-07,0.0770005,0.0499875,0
215100,49.9989,49.922,49.9224,0.160905,0.0536197,0.160905,0.132224,2.90572e-07,0.0769498,0.0499875,0
215160,49.9989,49.922,49.9224,0.160881,0.0536173,0.160881,0.132207,2.90382e-07,0.0768991,0.0499875,0
215220,49.9989,49.9221,49.9225,0.160857,0.0536149,0.160857,0.132189,2.90192e-07,0.0768484,0.0499875,0
215280,49.9989,49.9221,49.9225,0.160833,0.0536126,0.160833,0.132172,2.90002e-07,0.0767978,0.0499875,0
215340,49.9989,49.9222,49.9226,0.160809,0.0536102,0.160809,0.132154,2.89813e-07,0.0767472,0.0499875,0
215400,49.9989,49.9222,49.9226,0.160785,0.0536078,0.160785,0.132137,2.89623e-07,0.0766968,0.0499875,0
215460,49.9989,49.9223,49.9227,0.160761,0.0536055,0.160761,0.13212,2.89434e-07,0.0766463,0.0499875,0
215520,49.9989,49.9223,49.9227,0.160737,0.0536031,0.160737,0.132102,2.89245e-07,0.0765959,0.0499875,0
215580,49.9989,49.9224,49.9228,0.160713,0.0536008,0.160713,0.132085,2.89057e-07,0.0765456,0.0499875,0
215640,49.9989,49.9224,49.9228,0.160689,0.0535984,0.160689,0.132068,2.88868e-07,0.0764953,0.0499875,0
215700,49.9989,49.9225,49.9229,0.160665,0.053596,0.160665,0.13205,2.8868e-07,0.0764451,0.0499875,0
215760,49.9989,49.9225,49.9229,0.160641,0.0535937,0.160641,0.132033,2.88492e-07,0.076395,0.0499875,0
215820,49.9989,49.9226,49.923,0.160617,0.0535913,0.160617,0.132016,2.88304e-07,0.0763449,0.0499875,0
215880,49.9989,49.9226,49.923,0.160593,0.053589,0.160593,0.131998,2.88116e-07,0.0762948,0.0499875,0
215940,49.9989,49.9227,49.9231,0.160569,0.0535867,0.160569,0.131981,2.87929e-07,0.0762448,0.0499875,0
216000,49.9989,49.9227,49.9231,0.160545,0.0535843,0.160545,0.131964,2.87742e-07,0.0761949,0.0499875,0
216060,49.9989,49.9228,49.9232,0.160521,0.053582,0.160521,0.131946,2.87554e-07,0.076145,0.0499875,0
216120,49.9989,49.9228,49.9232,0.160497,0.0535796,0.160497,0.131929,2.87368e-07,0.0760951,0.0499875,0
216180,49.9989,49.9229,49.9233,0.160473,0.0535773,0.160473,0.131912,2.87181e-07,0.0760453,0.0499875,0
216240,49.9989,49.9229,49.9233,0.16045,0.053575,0.16045,0.131895,2.86994e-07,0.0759956,0.0499875,0
216300,49.9989,49.923,49.9234,0.160426,0.0535726,0.160426,0.131878,2.86808e-07,0.0759459,0.0499875,0
216360,49.9989,49.923,49.9234,0.160402,0.0535703,0.160402,0.13186,2.86622e-07,0.0758963,0.0499875,0
216420,49.9989,49.9231,49.9235,0.160378,0.053568,0.160378,0.131843,2.86436e-07,0.0758467,0.0499875,0
216480,49.9989,49.9231,49.9235,0.160354,0.0535657,0.160354,0.131826,2.8625e-07,0.0757972,0.0499875,0
216540,49.9989,49.9232,49.9236,0.160331,0.0535634,0.160331,0.131809,2.86065e-07,0.0757477,0.0499875,0
216600,49.9989,49.9232,49.9236,0.160307,0.053561,0.160307,0.131792,2.8588e-07,0.0756983,0.0499875,0
216660,49.9989,49.9233,49.9237,0.160283,0.0535587,0.160283,0.131774,2.85695e-07,0.075649,0.0499875,0
216720,49.9989,49.9233,49.9237,0.160259,0.0535564,0.160259,0.131757,2.8551e-07,0.0755997,0.0499875,0
216780,49.9989,49.9234,49.9238,0.160236,0.0535541,0.160236,0.13174,2.85325e-07,0.0755504,0.0499875,0
216840,49.9989,49.9234,49.9238,0.160212,0.0535518,0.160212,0.131723,2.85141e-07,0.0755012,0.0499875,0
216900,49.9989,49.9235,49.9239,0.160188,0.0535495,0.160188,0.131706,2.84956e-07,0.0754521,0.0499875,0
216960,49.9989,49.9235,49.9239,0.160165,0.0535472,0.160165,0.131689,2.84772e-07,0.075403,0.0499875,0
217020,49.9989,49.9236,49.924,0.160141,0.0535449,0.160141,0.131672,2.84588e-07,0.0753539,0.0499875,0
217080,49.9989,49.9236,49.924,0.160117,0.0535426,0.160117,0.131655,2.84404e-07,0.075305,0.0499875,0
217140,49.9989,49.9237,49.9241,0.160094,0.0535403,0.160094,0.131638,2.84221e-07,0.075256,0.0499875,0
217200,49.9989,49.9237,49.9241,0.16007,0.053538,0.16007,0.131621,2.84038e-07,0.0752071,0.0499875,0
217260,49.9989,49.9238,49.9242,0.160047,0.0535357,0.160047,0.131604,2.83854e-07,0.0751583,0.0499875,0
217320,49.9989,49.9238,49.9242,0.160023,0.0535334,0.160023,0.131587,2.83672e-07,0.0751095,0.0499875,0
217380,49.9989,49.9239,49.9243,0.16,0.0535312,0.16,0.13157,2.83489e-07,0.0750608,0.0499875,0
217440,49.9989,49.9239,49.9243,0.159976,0.0535289,0.159976,0.131553,2.83306e-07,0.0750121,0.0499875,0
217500,49.9989,49.924,49.9244,0.159953,0.0535266,0.159953,0.131536,2.83124e-07,0.0749635,0.0499875,0
217560,49.9989,49.924,49.9244,0.159929,0.0535243,0.159929,0.131519,2.82942e-07,0.0749149,0.0499875,0
217620,49.9989,49.9241,49.9245,0.159906,0.053522,0.159906,0.131502,2.8276e-07,0.0748664,0.0499875,0
217680,49.9989,49.9241,49.9245,0.159882,0.0535198,0.159882,0.131485,2.82578e-07,0.0748179,0.0499875,0
217740,49.9989,49.9242,49.9245,0.159859,0.0535175,0.159859,0.131468,2.82396e-07,0.0747695,0.0499875,0
217800,49.9989,49.9242,49.9246,0.159835,0.0535152,0.159835,0.131451,2.82215e-07,0.0747212,0.0499875,0
217860,49.9989,49.9243,49.9246,0.159812,0.053513,0.159812,0.131434,2.82034e-07,0.0746729,0.0499875,0
217920,49.9989,49.9243,49.9247,0.159788,0.0535107,0.159788,0.131417,2.81853e-07,0.0746246,0.0499875,0
217980,49.9989,49.9244,49.9247,0.159765,0.0535084,0.159765,0.1314,2.81672e-07,0.0745764,0.0499875,0
218040,49.9989,49.9244,49.9248,0.159742,0.0535062,0.159742,0.131383,2.81491e-07,0.0745282,0.0499875,0
218100,49.9989,49.9245,49.9248,0.159718,0.0535039,0.159718,0.131366,2.81311e-07,0.0744801,0.0499875,0
218160,49.9989,49.9245,49.9249,0.159695,0.0535017,0.159695,0.131349,2.81131e-07,0.0744321,0.0499875,0
218220,49.9989,49.9246,49.9249,0.159672,0.0534994,0.159672,0.131333,2.80951e-07,0.0743841,0.0499875,0
218280,49.9989,49.9246,49.925,0.159648,0.0534972,0.159648,0.131316,2.80771e-07,0.0743361,0.0499875,0
218340,49.9989,49.9246,49.925,0.159625,0.0534949,0.159625,0.131299,2.80591e-07,0.0742882,0.0499875,0
218400,49.9989,49.9247,49.9251,0.159602,0.0534927,0.159602,0.131282,2.80412e-07,0.0742404,0.0499875,0
218460,49.9989,49.9247,49.9251,0.159579,0.0534904,0.159579,0.131265,2.80232e-07,0.0741926,0.0499875,0
218520,49.9989,49.9248,49.9252,0.159555,0.0534882,0.159555,0.131248,2.80053e-07,0.0741448,0.0499875,0
218580,49.9989,49.9248,49.9252,0.159532,0.053486,0.159532,0.131232,2.79874e-07,0.0740971,0.0499875,0
218640,49.9989,49.9249,49.9253,0.159509,0.0534837,0.159509,0.131215,2.79696e-07,0.0740495,0.0499875,0
218700,49.9989,49.9249,49.9253,0.159486,0.0534815,0.159486,0.131198,2.79517e-07,0.0740019,0.0499875,0
218760,49.9989,49.925,49.9254,0.159462,0.0534793,0.159462,0.131181,2.79339e-07,0.0739543,0.0499875,0
218820,49.9989,49.925,49.9254,0.159439,0.053477,0.159439,0.131164,2.79161e-07,0.0739068,0.0499875,0
218880,49.9989,49.9251,49.9254,0.159416,0.0534748,0.159416,0.131148,2.78983e-07,0.0738594,0.0499875,0
218940,49.9989,49.9251,49.9255,0.159393,0.0534726,0.159393,0.131131,2.78805e-07,0.073812,0.0499875,0
219000,49.9989,49.9252,49.9255,0.15937,0.0534704,0.15937,0.131114,2.78627e-07,0.0737646,0.0499875,0
219060,49.9989,49.9252,49.9256,0.159347,0.0534682,0.159347,0.131098,2.7845e-07,0.0737173,0.0499875,0
219120,49.9989,49.9253,49.9256,0.159324,0.0534659,0.159324,0.131081,2.78273e-07,0.0736701,0.0499875,0
219180,49.9989,49.9253,49.9257,0.159301,0.0534637,0.159301,0.131064,2.78096e-07,0.0736229,0.0499875,0
219240,49.9989,49.9254,49.9257,0.159278,0.0534615,0.159278,0.131048,2.77919e-07,0.0735758,0.0499875,0
219300,49.9989,49.9254,49.9258,0.159254,0.0534593,0.159254,0.131031,2.77742e-07,0.0735287,0.0499875,0
219360,49.9989,49.9255,49.9258,0.159231,0.0534571,0.159231,0.131014,2.77566e-07,0.0734816,0.0499875,0
219420,49.9989,49.9255,49.9259,0.159208,0.0534549,0.159208,0.130998,2.77389e-07,0.0734346,0.0499875,0
219480,49.9989,49.9255,49.9259,0.159185,0.0534527,0.159185,0.130981,2.77213e-07,0.0733877,0.0499875,0
219540,49.9989,49.9256,49.926,0.159162,0.0534505,0.159162,0.130964,2.77037e-07,0.0733408,0.0499875,0
219600,49.9989,49.9256,49.926,0.159139,0.0534483,0.159139,0.130948,2.76862e-07,0.0732939,0.0499875,0
219660,49.9989,49.9257,49.9261,0.159117,0.0534461,0.159117,0.130931,2.76686e-07,0.0732471,0.0499875,0
219720,49.9989,49.9257,49.9261,0.159094,0.0534439,0.159094,0.130914,2.76511e-07,0.0732004,0.0499875,0
219780,49.9989,49.9258,49.9261,0.159071,0.0534417,0.159071,0.130898,2.76335e-07,0.0731537,0.0499875,0
219840,49.9989,49.9258,49.9262,0.159048,0.0534395,0.159048,0.130881,2.7616e-07,0.073107,0.0499875,0
219900,49.9989,49.9259,49.9262,0.159025,0.0534374,0.159025,0.130865,2.75986e-07,0.0730604,0.0499875,0
219960,49.9989,49.9259,49.9263,0.159002,0.0534352,0.159002,0.130848,2.75811e-07,0.0730139,0.0499875,0
220020,49.9989,49.926,49.9263,0.158979,0.053433,0.158979,0.130832,2.75636e-07,0.0729674,0.0499875,0
220080,49.9989,49.926,49.9264,0.158956,0.0534308,0.158956,0.130815,2.75462e-07,0.0729209,0.0499875,0
220140,49.9989,49.9261,49.9264,0.158933,0.0534286,0.158933,0.130799,2.75288e-07,0.0728745,0.0499875,0
220200,49.9989,49.9261,49.9265,0.158911,0.0534265,0.158911,0.130782,2.75114e-07,0.0728282,0.0499875,0
220260,49.9989,49.9262,49.9265,0.158888,0.0534243,0.158888,0.130766,2.7494e-07,0.0727818,0.0499875,0
220320,49.9989,49.9262,49.9266,0.158865,0.0534221,0.158865,0.130749,2.74767e-07,0.0727356,0.0499875,0
220380,49.9989,49.9262,49.9266,0.158842,0.05342,0.158842,0.130733,2.74594e-07,0.0726894,0.0499875,0
220440,49.9989,49.9263,49.9267,0.158819,0.0534178,0.158819,0.130716,2.7442e-07,0.0726432,0.0499875,0
220500,49.9989,49.9263,49.9267,0.158797,0.0534156,0.158797,0.1307,2.74247e-07,0.0725971,0.0499875,0
220560,49.9989,49.9264,49.9267,0.158774,0.0534135,0.158774,0.130683,2.74074e-07,0.072551,0.0499875,0
220620,49.9989,49.9264,49.9268,0.158751,0.0534113,0.158751,0.130667,2.73902e-07,0.072505,0.0499875,0
220680,49.9989,49.9265,49.9268,0.158729,0.0534092,0.158729,0.13065,2.73729e-07,0.072459,0.0499875,0
220740,49.9989,49.9265,49.9269,0.158706,0.053407,0.158706,0.130634,2.73557e-07,0.0724131,0.0499875,0
220800,49.9989,49.9266,49.9269,0.158683,0.0534049,0.158683,0.130618,2.73385e-07,0.0723672,0.0499875,0
220860,49.9989,49.9266,49.927,0.158661,0.0534027,0.158661,0.130601,2.73213e-07,0.0723214,0.0499875,0
220920,49.9989,49.9267,49.927,0.158638,0.0534006,0.158638,0.130585,2.73041e-07,0.0722756,0.0499875,0
220980,49.9989,49.9267,49.9271,0.158615,0.0533984,0.158615,0.130568,2.7287e-07,0.0722299,0.0499875,0
221040,49.9989,49.9268,49.9271,0.158593,0.0533963,0.158593,0.130552,2.72698e-07,0.0721842,0.0499875,0
221100,49.9989,49.9268,49.9272,0.15857,0.0533941,0.15857,0.130536,2.72527e-07,0.0721386,0.0499875,0
221160,49.9989,49.9268,49.9272,0.158548,0.053392,0.158548,0.130519,2.72356e-07,0.072093,0.0499875,0
221220,49.9989,49.9269,49.9272,0.158525,0.0533899,0.158525,0.130503,2.72185e-07,0.0720475,0.0499875,0
221280,49.9989,49.9269,49.9273,0.158502,0.0533877,0.158502,0.130487,2.72014e-07,0.072002,0.0499875,0
221340,49.9989,49.927,49.9273,0.15848,0.0533856,0.15848,0.13047,2.71844e-07,0.0719565,0.0499875,0
221400,49.9989,49.927,49.9274,0.158457,0.0533835,0.158457,0.130454,2.71674e-07,0.0719111,0.0499875,0
221460,49.9989,49.9271,49.9274,0.158435,0.0533813,0.158435,0.130438,2.71503e-07,0.0718658,0.0499875,0
221520,49.9989,49.9271,49.9275,0.158412,0.0533792,0.158412,0.130421,2.71333e-07,0.0718205,0.0499875,0
221580,49.9989,49.9272,49.9275,0.15839,0.0533771,0.15839,0.130405,2.71164e-07,0.0717752,0.0499875,0
221640,49.9989,49.9272,49.9276,0.158367,0.053375,0.158367,0.130389,2.70994e-07,0.07173,0.0499875,0
221700,49.9989,49.9272,49.9276,0.158345,0.0533728,0.158345,0.130373,2.70825e-07,0.0716849,0.0499875,0
221760,49.9989,49.9273,49.9277,0.158323,0.0533707,0.158323,0.130356,2.70655e-07,0.0716397,0.0499875,0
221820,49.9989,49.9273,49.9277,0.1583,0.0533686,0.1583,0.13034,2.70486e-07,0.0715947,0.0499875,0
221880,49.9989,49.9274,49.9277,0.158278,0.0533665,0.158278,0.130324,2.70317e-07,0.0715496,0.0499875,0
221940,49.9989,49.9274,49.9278,0.158255,0.0533644,0.158255,0.130308,2.70148e-07,0.0715047,0.0499875,0
222000,49.9989,49.9275,49.9278,0.158233,0.0533623,0.158233,0.130291,2.6998e-07,0.0714597,0.0499875,0
222060,49.9989,49.9275,49.9279,0.158211,0.0533602,0.158211,0.130275,2.69811e-07,0.0714149,0.0499875,0
222120,49.9989,49.9276,49.9279,0.158188,0.0533581,0.158188,0.130259,2.69643e-07,0.07137,0.0499875,0
222180,49.9989,49.9276,49.928,0.158166,0.053356,0.158166,0.130243,2.69475e-07,0.0713252,0.0499875,0
222240,49.9989,49.9277,49.928,0.158144,0.0533539,0.158144,0.130227,2.69307e-07,0.0712805,0.0499875,0
222300,49.9989,49.9277,49.9281,0.158121,0.0533518,0.158121,0.130211,2.6914e-07,0.0712358,0.0499875,0
222360,49.9989,49.9277,49.9281,0.158099,0.0533497,0.158099,0.130194,2.68972e-07,0.0711912,0.0499875,0
222420,49.9989,49.9278,49.9281,0.158077,0.0533476,0.158077,0.130178,2.68805e-07,0.0711466,0.0499875,0
222480,49.9989,49.9278,49.9282,0.158054,0.0533455,0.158054,0.130162,2.68637e-07,0.071102,0.0499875,0
222540,49.9989,49.9279,49.9282,0.158032,0.0533434,0.158032,0.130146,2.6847e-07,0.0710575,0.0499875,0
222600,49.9989,49.9279,49.9283,0.15801,0.0533413,0.15801,0.13013,2.68304e-07,0.071013,0.0499875,0
222660,49.9989,49.928,49.9283,0.157988,0.0533393,0.157988,0.130114,2.68137e-07,0.0709686,0.0499875,0
222720,49.9989,49.928,49.9284,0.157966,0.0533372,0.157966,0.130098,2.6797e-07,0.0709242,0.0499875,0
222780,49.9989,49.9281,49.9284,0.157943,0.0533351,0.157943,0.130082,2.67804e-07,0.0708799,0.0499875,0
222840,49.9989,49.9281,49.9284,0.157921,0.053333,0.157921,0.130066,2.67638e-07,0.0708356,0.0499875,0
222900,49.9989,49.9281,49.9285,0.157899,0.0533309,0.157899,0.13005,2.67472e-07,0.0707914,0.0499875,0
222960,49.9989,49.9282,49.9285,0.157877,0.0533289,0.157877,0.130034,2.67306e-07,0.0707472,0.0499875,0
223020,49.9989,49.9282,49.9286,0.157855,0.0533268,0.157855,0.130018,2.6714e-07,0.0707031,0.0499875,0
223080,49.9989,49.9283,49.9286,0.157833,0.0533247,0.157833,0.130002,2.66975e-07,0.070659,0.0499875,0
223140,49.9989,49.9283,49.9287,0.15781,0.0533227,0.15781,0.129986,2.66809e-07,0.0706149,0.0499875,0
223200,49.9989,49.9284,49.9287,0.157788,0.0533206,0.157788,0.12997,2.66644e-07,0.0705709,0.0499875,0
223260,49.9989,49.9284,49.9288,0.157766,0.0533185,0.157766,0.129954,2.66479e-07,0.0705269,0.0499875,0
223320,49.9989,49.9285,49.9288,0.157744,0.0533165,0.157744,0.129938,2.66314e-07,0.070483,0.0499875,0
223380,49.9989,49.9285,49.9288,0.157722,0.0533144,0.157722,0.129922,2.6615e-07,0.0704391,0.0499875,0
223440,49.9989,49.9285,49.9289,0.1577,0.0533124,0.1577,0.129906,2.65985e-07,0.0703953,0.0499875,0
223500,49.9989,49.9286,49.9289,0.157678,0.0533103,0.157678,0.12989,2.65821e-07,0.0703515,0.0499875,0
223560,49.9989,49.9286,49.929,0.157656,0.0533083,0.157656,0.129874,2.65657e-07,0.0703078,0.0499875,0
223620,49.9989,49.9287,49.929,0.157634,0.0533062,0.157634,0.129858,2.65493e-07,0.0702641,0.0499875,0
223680,49.9989,49.9287,49.9291,0.157612,0.0533042,0.157612,0.129842,2.65329e-07,0.0702205,0.0499875,0
223740,49.9989,49.9288,49.9291,0.15759,0.0533021,0.15759,0.129826,2.65165e-07,0.0701769,0.0499875,0
223800,49.9989,49.9288,49.9291,0.157568,0.0533001,0.157568,0.12981,2.65002e-07,0.0701333,0.0499875,0
223860,49.9989,49.9288,49.9292,0.157546,0.053298,0.157546,0.129794,2.64839e-07,0.0700898,0.0499875,0
223920,49.9989,49.9289,49.9292,0.157524,0.053296,0.157524,0.129778,2.64675e-07,0.0700463,0.0499875,0
223980,49.9989,49.9289,49.9293,0.157502,0.0532939,0.157502,0.129762,2.64513e-07,0.0700029,0.0499875,0
224040,49.9989,49.929,49.9293,0.157481,0.0532919,0.157481,0.129747,2.6435e-07,0.0699595,0.0499875,0
224100,49.9989,49.929,49.9294,0.157459,0.0532899,0.157459,0.129731,2.64187e-07,0.0699162,0.0499875,0
224160,49.9989,49.9291,49.9294,0.157437,0.0532878,0.157437,0.129715,2.64025e-07,0.0698729,0.0499875,0
224220,49.9989,49.9291,49.9294,0.157415,0.0532858,0.157415,0.129699,2.63862e-07,0.0698296,0.0499875,0
224280,49.9989,49.9291,49.9295,0.157393,0.0532838,0.157393,0.129683,2.637e-07,0.0697864,0.0499875,0
224340,49.9989,49.9292,49.9295,0.157371,0.0532818,0.157371,0.129667,2.63538e-07,0.0697433,0.0499875,0
224400,49.9989,49.9292,49.9296,0.15735,0.0532797,0.15735,0.129652,2.63376e-07,0.0697002,0.0499875,0
224460,49.9989,49.9293,49.9296,0.157328,0.0532777,0.157328,0.129636,2.63215e-07,0.0696571,0.0499875,0
224520,49.9989,49.9293,49.9297,0.157306,0.0532757,0.157306,0.12962,2.63053e-07,0.0696141,0.0499875,0
224580,49.9989,49.9294,49.9297,0.157284,0.0532737,0.157284,0.129604,2.62892e-07,0.0695711,0.0499875,0
224640,49.9989,49.9294,49.9297,0.157262,0.0532717,0.157262,0.129588,2.62731e-07,0.0695281,0.0499875,0
224700,49.9989,49.9294,49.9298,0.157241,0.0532697,0.157241,0.129573,2.6257e-07,0.0694853,0.0499875,0
224760,49.9989,49.9295,49.9298,0.157219,0.0532677,0.157219,0.129557,2.62409e-07,0.0694424,0.0499875,0
224820,49.9989,49.9295,49.9299,0.157197,0.0532656,0.157197,0.129541,2.62248e-07,0.0693996,0.0499875,0
224880,49.9989,49.9296,49.9299,0.157176,0.0532636,0.157176,0.129525,2.62088e-07,0.0693568,0.0499875,0
224940,49.9989,49.9296,49.93,0.157154,0.0532616,0.157154,0.12951,2.61927e-07,0.0693141,0.0499875,0
225000,49.9989,49.9297,49.93,0.157132,0.0532596,0.157132,0.129494,2.61767e-07,0.0692714,0.0499875,0
225060,49.9989,49.9297,49.93,0.157111,0.0532576,0.157111,0.129478,2.61607e-07,0.0692288,0.0499875,0
225120,49.9989,49.9297,49.9301,0.157089,0.0532556,0.157089,0.129463,2.61447e-07,0.0691862,0.0499875,0
225180,49.9989,49.9298,49.9301,0.157067,0.0532536,0.157067,0.129447,2.61287e-07,0.0691437,0.0499875,0
225240,49.9989,49.9298,49.9302,0.157046,0.0532516,0.157046,0.129431,2.61128e-07,0.0691012,0.0499875,0
225300,49.9989,49.9299,49.9302,0.157024,0.0532496,0.157024,0.129416,2.60968e-07,0.0690587,0.0499875,0
225360,49.9989,49.9299,49.9303,0.157002,0.0532477,0.157002,0.1294,2.60809e-07,0.0690163,0.0499875,0
225420,49.9989,49.93,49.9303,0.156981,0.0532457,0.156981,0.129384,2.6065e-07,0.0689739,0.0499875,0
225480,49.9989,49.93,49.9303,0.156959,0.0532437,0.156959,0.129369,2.60491e-07,0.0689316,0.0499875,0
225540,49.9989,49.93,49.9304,0.156938,0.0532417,0.156938,0.129353,2.60333e-07,0.0688893,0.0499875,0
225600,49.9989,49.9301,49.9304,0.156916,0.0532397,0.156916,0.129337,2.60174e-07,0.0688471,0.0499875,0
225660,49.9989,49.9301,49.9305,0.156895,0.0532377,0.156895,0.129322,2.60015e-07,0.0688048,0.0499875,0
225720,49.9989,49.9302,49.9305,0.156873,0.0532358,0.156873,0.129306,2.59857e-07,0.0687627,0.0499875,0
225780,49.9989,49.9302,49.9305,0.156852,0.0532338,0.156852,0.129291,2.59699e-07,0.0687206,0.0499875,0
225840,49.9989,49.9303,49.9306,0.15683,0.0532318,0.15683,0.129275,2.59541e-07,0.0686785,0.0499875,0
225900,49.9989,49.9303,49.9306,0.156809,0.0532298,0.156809,0.129259,2.59383e-07,0.0686365,0.0499875,0
225960,49.9989,49.9303,49.9307,0.156787,0.0532279,0.156787,0.129244,2.59226e-07,0.0685945,0.0499875,0
226020,49.9989,49.9304,49.9307,0.156766,0.0532259,0.156766,0.129228,2.59068e-07,0.0685525,0.0499875,0
226080,49.9989,49.9304,49.9308,0.156744,0.0532239,0.156744,0.129213,2.58911e-07,0.0685106,0.0499875,0
226140,49.9989,49.9305,49.9308,0.156723,0.053222,0.156723,0.129197,2.58754e-07,0.0684688,0.0499875,0
226200,49.9989,49.9305,49.9308,0.156702,0.05322,0.156702,0.129182,2.58597e-07,0.0684269,0.0499875,0
226260,49.9989,49.9305,49.9309,0.15668,0.053218,0.15668,0.129166,2.5844e-07,0.0683852,0.0499875,0
226320,49.9989,49.9306,49.9309,0.156659,0.0532161,0.156659,0.129151,2.58283e-07,0.0683434,0.0499875,0
226380,49.9989,49.9306,49.931,0.156637,0.0532141,0.156637,0.129135,2.58127e-07,0.0683017,0.0499875,0
226440,49.9989,49.9307,49.931,0.156616,0.0532122,0.156616,0.12912,2.5797e-07,0.0682601,0.0499875,0
226500,49.9989,49.9307,49.931,0.156595,0.0532102,0.156595,0.129104,2.57814e-07,0.0682185,0.0499875,0
226560,49.9989,49.9308,49.9311,0.156573,0.0532083,0.156573,0.129089,2.57658e-07,0.0681769,0.0499875,0
226620,49.9989,49.9308,49.9311,0.156552,0.0532063,0.156552,0.129073,2.57502e-07,0.0681354,0.0499875,0
226680,49.9989,49.9308,49.9312,0.156531,0.0532044,0.156531,0.129058,2.57346e-07,0.0680939,0.0499875,0
226740,49.9989,49.9309,49.9312,0.15651,0.0532024,0.15651,0.129042,2.57191e-07,0.0680525,0.0499875,0
226800,49.9989,49.9309,49.9312,0.156488,0.0532005,0.156488,0.129027,2.57035e-07,0.0680111,0.0499875,0
226860,49.9989,49.931,49.9313,0.156467,0.0531985,0.156467,0.129012,2.5688e-07,0.0679697,0.0499875,0
226920,49.9989,49.931,49.9313,0.156446,0.0531966,0.156446,0.128996,2.56725e-07,0.0679284,0.0499875,0
226980,49.9989,49.931,49.9314,0.156425,0.0531947,0.156425,0.128981,2.5657e-07,0.0678871,0.0499875,0
227040,49.9989,49.9311,49.9314,0.156403,0.0531927,0.156403,0.128965,2.56415e-07,0.0678459,0.0499875,0
227100,49.9989,49.9311,49.9315,0.156382,0.0531908,0.156382,0.12895,2.56261e-07,0.0678047,0.0499875,0
227160,49.9989,49.9312,49.9315,0.156361,0.0531889,0.156361,0.128935,2.56106e-07,0.0677635,0.0499875,0
227220,49.9989,49.9312,49.9315,0.15634,0.0531869,0.15634,0.128919,2.55952e-07,0.0677224,0.0499875,0
227280,49.9989,49.9313,49.9316,0.156319,0.053185,0.156319,0.128904,2.55798e-07,0.0676814,0.0499875,0
227340,49.9989,49.9313,49.9316,0.156298,0.0531831,0.156298,0.128889,2.55644e-07,0.0676403,0.0499875,0
227400,49.9989,49.9313,49.9317,0.156276,0.0531812,0.156276,0.128873,2.5549e-07,0.0675993,0.0499875,0
227460,49.9989,49.9314,49.9317,0.156255,0.0531792,0.156255,0.128858,2.55336e-07,0.0675584,0.0499875,0
227520,49.9989,49.9314,49.9317,0.156234,0.0531773,0.156234,0.128843,2.55182e-07,0.0675175,0.0499875,0
227580,49.9989,49.9315,49.9318,0.156213,0.0531754,0.156213,0.128827,2.55029e-07,0.0674766,0.0499875,0
227640,49.9989,49.9315,49.9318,0.156192,0.0531735,0.156192,0.128812,2.54876e-07,0.0674358,0.0499875,0
227700,49.9989,49.9315,49.9319,0.156171,0.0531716,0.156171,0.128797,2.54722e-07,0.067395,0.0499875,0
227760,49.9989,49.9316,49.9319,0.15615,0.0531697,0.15615,0.128782,2.5457e-07,0.0673543,0.0499875,0
227820,49.9989,49.9316,49.9319,0.156129,0.0531677,0.156129,0.128766,2.54417e-07,0.0673136,0.0499875,0
227880,49.9989,49.9317,49.932,0.156108,0.0531658,0.156108,0.128751,2.54264e-07,0.0672729,0.0499875,0
227940,49.9989,49.9317,49.932,0.156087,0.0531639,0.156087,0.128736,2.54111e-07,0.0672323,0.0499875,0
228000,49.9989,49.9317,49.9321,0.156066,0.053162,0.156066,0.12872,2.53959e-07,0.0671917,0.0499875,0
228060,49.9989,49.9318,49.9321,0.156045,0.0531601,0.156045,0.128705,2.53807e-07,0.0671512,0.0499875,0
228120,49.9989,49.9318,49.9321,0.156024,0.0531582,0.156024,0.12869,2.53655e-07,0.0671107,0.0499875,0
228180,49.9989,49.9319,49.9322,0.156003,0.0531563,0.156003,0.128675,2.53503e-07,0.0670702,0.0499875,0
228240,49.9989,49.9319,49.9322,0.155982,0.0531544,0.155982,0.12866,2.53351e-07,0.0670298,0.0499875,0
228300,49.9989,49.9319,49.9323,0.155961,0.0531525,0.155961,0.128644,2.532e-07,0.0669895,0.0499875,0
228360,49.9989,49.932,49.9323,0.15594,0.0531506,0.15594,0.128629,2.53048e-07,0.0669491,0.0499875,0
228420,49.9989,49.932,49.9323,0.155919,0.0531488,0.155919,0.128614,2.52897e-07,0.0669088,0.0499875,0
228480,49.9989,49.9321,49.9324,0.155898,0.0531469,0.155898,0.128599,2.52746e-07,0.0668686,0.0499875,0
228540,49.9989,49.9321,49.9324,0.155877,0.053145,0.155877,0.128584,2.52595e-07,0.0668283,0.0499875,0
228600,49.9989,49.9321,49.9325,0.155856,0.0531431,0.155856,0.128569,2.52444e-07,0.0667882,0.0499875,0
228660,49.9989,49.9322,49.9325,0.155836,0.0531412,0.155836,0.128553,2.52293e-07,0.066748,0.0499875,0
228720,49.9989,49.9322,49.9325,0.155815,0.0531393,0.155815,0.128538,2.52142e-07,0.0667079,0.0499875,0
228780,49.9989,49.9323,49.9326,0.155794,0.0531374,0.155794,0.128523,2.51992e-07,0.0666679,0.0499875,0
228840,49.9989,49.9323,49.9326,0.155773,0.0531356,0.155773,0.128508,2.51842e-07,0.0666279,0.0499875,0
228900,49.9989,49.9323,49.9327,0.155752,0.0531337,0.155752,0.128493,2.51692e-07,0.0665879,0.0499875,0
228960,49.9989,49.9324,49.9327,0.155731,0.0531318,0.155731,0.128478,2.51542e-07,0.066548,0.0499875,0
229020,49.9989,49.9324,49.9327,0.155711,0.0531299,0.155711,0.128463,2.51392e-07,0.0665081,0.0499875,0
229080,49.9989,49.9325,49.9328,0.15569,0.0531281,0.15569,0.128448,2.51242e-07,0.0664682,0.0499875,0
229140,49.9989,49.9325,49.9328,0.155669,0.0531262,0.155669,0.128433,2.51093e-07,0.0664284,0.0499875,0
229200,49.9989,49.9325,49.9329,0.155648,0.0531243,0.155648,0.128418,2.50943e-07,0.0663886,0.0499875,0
229260,49.9989,49.9326,49.9329,0.155628,0.0531225,0.155628,0.128402,2.50794e-07,0.0663489,0.0499875,0
229320,49.9989,49.9326,49.9329,0.155607,0.0531206,0.155607,0.128387,2.50645e-07,0.0663092,0.0499875,0
229380,49.9989,49.9327,49.933,0.155586,0.0531187,0.155586,0.128372,2.50496e-07,0.0662695,0.0499875,0
229440,49.9989,49.9327,49.933,0.155566,0.0531169,0.155566,0.128357,2.50347e-07,0.0662299,0.0499875,0
229500,49.9989,49.9327,49.9331,0.155545,0.053115,0.155545,0.128342,2.50199e-07,0.0661903,0.0499875,0
229560,49.9989,49.9328,49.9331,0.155524,0.0531132,0.155524,0.128327,2.5005e-07,0.0661508,0.0499875,0
229620,49.9989,49.9328,49.9331,0.155504,0.0531113,0.155504,0.128312,2.49902e-07,0.0661113,0.0499875,0
229680,49.9989,49.9329,49.9332,0.155483,0.0531095,0.155483,0.128297,2.49753e-07,0.0660718,0.0499875,0
229740,49.9989,49.9329,49.9332,0.155462,0.0531076,0.155462,0.128282,2.49605e-07,0.0660324,0.0499875,0
229800,49.9989,49.9329,49.9333,0.155442,0.0531058,0.155442,0.128267,2.49457e-07,0.065993,0.0499875,0
229860,49.9989,49.933,49.9333,0.155421,0.0531039,0.155421,0.128252,2.4931e-07,0.0659536,0.0499875,0
229920,49.9989,49.933,49.9333,0.1554,0.0531021,0.1554,0.128238,2.49162e-07,0.0659143,0.0499875,0
229980,49.9989,49.9331,49.9334,0.15538,0.0531002,0.15538,0.128223,2.49015e-07,0.0658751,0.0499875,0
230040,49.9989,49.9331,49.9334,0.155359,0.0530984,0.155359,0.128208,2.48867e-07,0.0658358,0.0499875,0
230100,49.9989,49.9331,49.9334,0.155339,0.0530965,0.155339,0.128193,2.4872e-07,0.0657966,0.0499875,0
230160,49.9989,49.9332,49.9335,0.155318,0.0530947,0.155318,0.128178,2.48573e-07,0.0657575,0.0499875,0
230220,49.9989,49.9332,49.9335,0.155298,0.0530929,0.155298,0.128163,2.48426e-07,0.0657184,0.0499875,0
230280,49.9989,49.9333,49.9336,0.155277,0.053091,0.155277,0.128148,2.48279e-07,0.0656793,0.0499875,0
230340,49.9989,49.9333,49.9336,0.155257,0.0530892,0.155257,0.128133,2.48133e-07,0.0656402,0.0499875,0
230400,49.9989,49.9333,49.9336,0.155236,0.0530874,0.155236,0.128118,2.47986e-07,0.0656012,0.0499875,0
230460,49.9989,49.9334,49.9337,0.155216,0.0530855,0.155216,0.128103,2.4784e-07,0.0655623,0.0499875,0
230520,49.9989,49.9334,49.9337,0.155195,0.0530837,0.155195,0.128088,2.47694e-07,0.0655234,0.0499875,0
230580,49.9989,49.9334,49.9338,0.155175,0.0530819,0.155175,0.128074,2.47548e-07,0.0654845,0.0499875,0
230640,49.9989,49.9335,49.9338,0.155154,0.0530801,0.155154,0.128059,2.47402e-07,0.0654456,0.0499875,0
230700,49.9989,49.9335,49.9338,0.155134,0.0530782,0.155134,0.128044,2.47256e-07,0.0654068,0.0499875,0
230760,49.9989,49.9336,49.9339,0.155114,0.0530764,0.155114,0.128029,2.4711e-07,0.065368,0.0499875,0
230820,49.9989,49.9336,49.9339,0.155093,0.0530746,0.155093,0.128014,2.46965e-07,0.0653293,0.0499875,0
230880,49.9989,49.9336,49.9339,0.155073,0.0530728,0.155073,0.127999,2.46819e-07,0.0652906,0.0499875,0
230940,49.9989,49.9337,49.934,0.155052,0.053071,0.155052,0.127985,2.46674e-07,0.065252,0.0499875,0
231000,49.9989,49.9337,49.934,0.155032,0.0530692,0.155032,0.12797,2.46529e-07,0.0652133,0.0499875,0
231060,49.9989,49.9338,49.9341,0.155012,0.0530673,0.155012,0.127955,2.46384e-07,0.0651748,0.0499875,0
231120,49.9989,49.9338,49.9341,0.154991,0.0530655,0.154991,0.12794,2.4624e-07,0.0651362,0.0499875,0
231180,49.9989,49.9338,49.9341,0.154971,0.0530637,0.154971,0.127926,2.46095e-07,0.0650977,0.0499875,0
231240,49.9989,49.9339,49.9342,0.154951,0.0530619,0.154951,0.127911,2.4595e-07,0.0650592,0.0499875,0
231300,49.9989,49.9339,49.9342,0.15493,0.0530601,0.15493,0.127896,2.45806e-07,0.0650208,0.0499875,0
231360,49.9989,49.934,49.9343,0.15491,0.0530583,0.15491,0.127881,2.45662e-07,0.0649824,0.0499875,0
231420,49.9989,49.934,49.9343,0.15489,0.0530565,0.15489,0.127867,2.45518e-07,0.0649441,0.0499875,0
231480,49.9989,49.934,49.9343,0.154869,0.0530547,0.154869,0.127852,2.45374e-07,0.0649058,0.0499875,0
231540,49.9989,49.9341,49.9344,0.154849,0.0530529,0.154849,0.127837,2.4523e-07,0.0648675,0.0499875,0
231600,49.9989,49.9341,49.9344,0.154829,0.0530511,0.154829,0.127822,2.45086e-07,0.0648292,0.0499875,0
231660,49.9989,49.9341,49.9344,0.154809,0.0530493,0.154809,0.127808,2.44943e-07,0.064791,0.0499875,0
231720,49.9989,49.9342,49.9345,0.154789,0.0530475,0.154789,0.127793,2.44799e-07,0.0647529,0.0499875,0
231780,49.9989,49.9342,49.9345,0.154768,0.0530457,0.154768,0.127778,2.44656e-07,0.0647147,0.0499875,0
231840,49.9989,49.9343,49.9346,0.154748,0.053044,0.154748,0.127764,2.44513e-07,0.0646766,0.0499875,0
231900,49.9989,49.9343,49.9346,0.154728,0.0530422,0.154728,0.127749,2.4437e-07,0.0646386,0.0499875,0
231960,49.9989,49.9343,49.9346,0.154708,0.0530404,0.154708,0.127734,2.44227e-07,0.0646006,0.0499875,0
232020,49.9989,49.9344,49.9347,0.154688,0.0530386,0.154688,0.12772,2.44085e-07,0.0645626,0.0499875,0
232080,49.9989,49.9344,49.9347,0.154667,0.0530368,0.154667,0.127705,2.43942e-07,0.0645246,0.0499875,0
232140,49.9989,49.9344,49.9347,0.154647,0.053035,0.154647,0.12769,2.438e-07,0.0644867,0.0499875,0
232200,49.9989,49.9345,49.9348,0.154627,0.0530333,0.154627,0.127676,2.43657e-07,0.0644488,0.0499875,0
232260,49.9989,49.9345,49.9348,0.154607,0.0530315,0.154607,0.127661,2.43515e-07,0.064411,0.0499875,0
232320,49.9989,49.9346,49.9349,0.154587,0.0530297,0.154587,0.127647,2.43373e-07,0.0643732,0.0499875,0
232380,49.9989,49.9346,49.9349,0.154567,0.0530279,0.154567,0.127632,2.43231e-07,0.0643354,0.0499875,0
232440,49.9989,49.9346,49.9349,0.154547,0.0530262,0.154547,0.127617,2.4309e-07,0.0642977,0.0499875,0
232500,49.9989,49.9347,49.935,0.154527,0.0530244,0.154527,0.127603,2.42948e-07,0.06426,0.0499875,0
232560,49.9989,49.9347,49.935,0.154507,0.0530226,0.154507,0.127588,2.42807e-07,0.0642224,0.0499875,0
232620,49.9989,49.9347,49.935,0.154487,0.0530209,0.154487,0.127574,2.42665e-07,0.0641848,0.0499875,0
232680,49.9989,49.9348,49.9351,0.154467,0.0530191,0.154467,0.127559,2.42524e-07,0.0641472,0.0499875,0
232740,49.9989,49.9348,49.9351,0.154447,0.0530173,0.154447,0.127545,2.42383e-07,0.0641096,0.0499875,0
232800,49.9989,49.9349,49.9352,0.154427,0.0530156,0.154427,0.12753,2.42242e-07,0.0640721,0.0499875,0
232860,49.9989,49.9349,49.9352,0.154407,0.0530138,0.154407,0.127515,2.42102e-07,0.0640347,0.0499875,0
232920,49.9989,49.9349,49.9352,0.154387,0.0530121,0.154387,0.127501,2.41961e-07,0.0639972,0.0499875,0
232980,49.9989,49.935,49.9353,0.154367,0.0530103,0.154367,0.127486,2.4182e-07,0.0639598,0.0499875,0
233040,49.9989,49.935,49.9353,0.154347,0.0530085,0.154347,0.127472,2.4168e-07,0.0639225,0.0499875,0
233100,49.9989,49.935,49.9353,0.154327,0.0530068,0.154327,0.127457,2.4154e-07,0.0638852,0.0499875,0
233160,49.9989,49.9351,49.9354,0.154307,0.053005,0.154307,0.127443,2.414e-07,0.0638479,0.0499875,0
233220,49.9989,49.9351,49.9354,0.154287,0.0530033,0.154287,0.127428,2.4126e-07,0.0638106,0.0499875,0
233280,49.9989,49.9352,49.9355,0.154267,0.0530015,0.154267,0.127414,2.4112e-07,0.0637734,0.0499875,0
233340,49.9989,49.9352,49.9355,0.154247,0.0529998,0.154247,0.127399,2.4098e-07,0.0637362,0.0499875,0
233400,49.9989,49.9352,49.9355,0.154227,0.052998,0.154227,0.127385,2.40841e-07,0.0636991,0.0499875,0
233460,49.9989,49.9353,49.9356,0.154207,0.0529963,0.154207,0.127371,2.40701e-07,0.063662,0.0499875,0
233520,49.9989,49.9353,49.9356,0.154188,0.0529946,0.154188,0.127356,2.40562e-07,0.0636249,0.0499875,0
233580,49.9989,49.9353,49.9356,0.154168,0.0529928,0.154168,0.127342,2.40423e-07,0.0635878,0.0499875,0
233640,49.9989,49.9354,49.9357,0.154148,0.0529911,0.154148,0.127327,2.40284e-07,0.0635508,0.0499875,0
233700,49.9989,49.9354,49.9357,0.154128,0.0529894,0.154128,0.127313,2.40145e-07,0.0635139,0.0499875,0
233760,49.9989,49.9355,49.9357,0.154108,0.0529876,0.154108,0.127298,2.40006e-07,0.063477,0.0499875,0
233820,49.9989,49.9355,49.9358,0.154089,0.0529859,0.154089,0.127284,2.39868e-07,0.0634401,0.0499875,0
233880,49.9989,49.9355,49.9358,0.154069,0.0529842,0.154069,0.12727,2.39729e-07,0.0634032,0.0499875,0
233940,49.9989,49.9356,49.9359,0.154049,0.0529824,0.154049,0.127255,2.39591e-07,0.0633664,0.0499875,0
234000,49.9989,49.9356,49.9359,0.154029,0.0529807,0.154029,0.127241,2.39453e-07,0.0633296,0.0499875,0
234060,49.9989,49.9356,49.9359,0.154009,0.052979,0.154009,0.127227,2.39314e-07,0.0632928,0.0499875,0
234120,49.9989,49.9357,49.936,0.15399,0.0529772,0.15399,0.127212,2.39176e-07,0.0632561,0.0499875,0
234180,49.9989,49.9357,49.936,0.15397,0.0529755,0.15397,0.127198,2.39039e-07,0.0632194,0.0499875,0
234240,49.9989,49.9358,49.936,0.15395,0.0529738,0.15395,0.127184,2.38901e-07,0.0631828,0.0499875,0
234300,49.9989,49.9358,49.9361,0.153931,0.0529721,0.153931,0.127169,2.38763e-07,0.0631462,0.0499875,0
234360,49.9989,49.9358,49.9361,0.153911,0.0529704,0.153911,0.127155,2.38626e-07,0.0631096,0.0499875,0
234420,49.9989,49.9359,49.9361,0.153891,0.0529686,0.153891,0.127141,2.38489e-07,0.0630731,0.0499875,0
234480,49.9989,49.9359,49.9362,0.153872,0.0529669,0.153872,0.127126,2.38351e-07,0.0630365,0.0499875,0
234540,49.9989,49.9359,49.9362,0.153852,0.0529652,0.153852,0.127112,2.38214e-07,0.0630001,0.0499875,0
234600,49.9989,49.936,49.9363,0.153832,0.0529635,0.153832,0.127098,2.38078e-07,0.0629636,0.0499875,0
234660,49.9989,49.936,49.9363,0.153813,0.0529618,0.153813,0.127083,2.37941e-07,0.0629272,0.0499875,0
234720,49.9989,49.936,49.9363,0.153793,0.0529601,0.153793,0.127069,2.37804e-07,0.0628909,0.0499875,0
234780,49.9989,49.9361,49.9364,0.153773,0.0529584,0.153773,0.127055,2.37668e-07,0.0628545,0.0499875,0
234840,49.9989,49.9361,49.9364,0.153754,0.0529567,0.153754,0.127041,2.37531e-07,0.0628182,0.0499875,0
234900,49.9989,49.9362,49.9364,0.153734,0.052955,0.153734,0.127026,2.37395e-07,0.062782,0.0499875,0
234960,49.9989,49.9362,49.9365,0.153715,0.0529533,0.153715,0.127012,2.37259e-07,0.0627457,0.0499875,0
235020,49.9989,49.9362,49.9365,0.153695,0.0529516,0.153695,0.126998,2.37123e-07,0.0627096,0.0499875,0
235080,49.9989,49.9363,49.9365,0.153676,0.0529499,0.153676,0.126984,2.36987e-07,0.0626734,0.0499875,0
235140,49.9989,49.9363,49.9366,0.153656,0.0529482,0.153656,0.126969,2.36851e-07,0.0626373,0.0499875,0
235200,49.9989,49.9363,49.9366,0.153636,0.0529465,0.153636,0.126955,2.36716e-07,0.0626012,0.0499875,0
235260,49.9989,49.9364,49.9367,0.153617,0.0529448,0.153617,0.126941,2.3658e-07,0.0625651,0.0499875,0
235320,49.9989,49.9364,49.9367,0.153597,0.0529431,0.153597,0.126927,2.36445e-07,0.0625291,0.0499875,0
235380,49.9989,49.9364,49.9367,0.153578,0.0529414,0.153578,0.126913,2.36309e-07,0.0624931,0.0499875,0
235440,49.9989,49.9365,49.9368,0.153558,0.0529397,0.153558,0.126899,2.36174e-07,0.0624572,0.0499875,0
235500,49.9989,49.9365,49.9368,0.153539,0.052938,0.153539,0.126884,2.36039e-07,0.0624213,0.0499875,0
235560,49.9989,49.9365,49.9368,0.15352,0.0529363,0.15352,0.12687,2.35905e-07,0.0623854,0.0499875,0
235620,49.9989,49.9366,49.9369,0.1535,0.0529347,0.1535,0.126856,2.3577e-07,0.0623495,0.0499875,0
235680,49.9989,49.9366,49.9369,0.153481,0.052933,0.153481,0.126842,2.35635e-07,0.0623137,0.0499875,0
235740,49.9989,49.9367,49.9369,0.153461,0.0529313,0.153461,0.126828,2.35501e-07,0.0622779,0.0499875,0
235800,49.9989,49.9367,49.937,0.153442,0.0529296,0.153442,0.126814,2.35366e-07,0.0622422,0.0499875,0
235860,49.9989,49.9367,49.937,0.153422,0.0529279,0.153422,0.1268,2.35232e-07,0.0622065,0.0499875,0
235920,49.9989,49.9368,49.937,0.153403,0.0529263,0.153403,0.126785,2.35098e-07,0.0621708,0.0499875,0
235980,49.9989,49.9368,49.9371,0.153384,0.0529246,0.153384,0.126771,2.34964e-07,0.0621351,0.0499875,0
236040,49.9989,49.9368,49.9371,0.153364,0.0529229,0.153364,0.126757,2.3483e-07,0.0620995,0.0499875,0
236100,49.9989,49.9369,49.9372,0.153345,0.0529212,0.153345,0.126743,2.34697e-07,0.0620639,0.0499875,0
236160,49.9989,49.9369,49.9372,0.153326,0.0529196,0.153326,0.126729,2.34563e-07,0.0620284,0.0499875,0
236220,49.9989,49.9369,49.9372,0.153306,0.0529179,0.153306,0.126715,2.3443e-07,0.0619929,0.0499875,0
236280,49.9989,49.937,49.9373,0.153287,0.0529162,0.153287,0.126701,2.34296e-07,0.0619574,0.0499875,0
236340,49.9989,49.937,49.9373,0.153268,0.0529146,0.153268,0.126687,2.34163e-07,0.061922,0.0499875,0
236400,49.9989,49.937,49.9373,0.153248,0.0529129,0.153248,0.126673,2.3403e-07,0.0618866,0.0499875,0
236460,49.9989,49.9371,49.9374,0.153229,0.0529113,0.153229,0.126659,2.33897e-07,0.0618512,0.0499875,0
236520,49.9989,49.9371,49.9374,0.15321,0.0529096,0.15321,0.126645,2.33764e-07,0.0618158,0.0499875,0
236580,49.9989,49.9372,49.9374,0.15319,0.0529079,0.15319,0.126631,2.33632e-07,0.0617805,0.0499875,0
236640,49.9989,49.9372,49.9375,0.153171,0.0529063,0.153171,0.126617,2.33499e-07,0.0617453,0.0499875,0
236700,49.9989,49.9372,49.9375,0.153152,0.0529046,0.153152,0.126603,2.33367e-07,0.06171,0.0499875,0
236760,49.9989,49.9373,49.9375,0.153133,0.052903,0.153133,0.126589,2.33234e-07,0.0616748,0.0499875,0
236820,49.9989,49.9373,49.9376,0.153114,0.0529013,0.153114,0.126575,2.33102e-07,0.0616396,0.0499875,0
236880,49.9989,49.9373,49.9376,0.153094,0.0528997,0.153094,0.126561,2.3297e-07,0.0616045,0.0499875,0
236940,49.9989,49.9374,49.9376,0.153075,0.052898,0.153075,0.126547,2.32838e-07,0.0615694,0.0499875,0
237000,49.9989,49.9374,49.9377,0.153056,0.0528964,0.153056,0.126533,2.32706e-07,0.0615343,0.0499875,0
237060,49.9989,49.9374,49.9377,0.153037,0.0528947,0.153037,0.126519,2.32575e-07,0.0614993,0.0499875,0
237120,49.9989,49.9375,49.9377,0.153018,0.0528931,0.153018,0.126505,2.32443e-07,0.0614643,0.0499875,0
237180,49.9989,49.9375,49.9378,0.152998,0.0528914,0.152998,0.126491,2.32311e-07,0.0614293,0.0499875,0
237240,49.9989,49.9375,49.9378,0.152979,0.0528898,0.152979,0.126477,2.3218e-07,0.0613943,0.0499875,0
237300,49.9989,49.9376,49.9378,0.15296,0.0528882,0.15296,0.126463,2.32049e-07,0.0613594,0.0499875,0
237360,49.9989,49.9376,49.9379,0.152941,0.0528865,0.152941,0.126449,2.31918e-07,0.0613246,0.0499875,0
237420,49.9989,49.9376,49.9379,0.152922,0.0528849,0.152922,0.126435,2.31787e-07,0.0612897,0.0499875,0
237480,49.9989,49.9377,49.938,0.152903,0.0528832,0.152903,0.126421,2.31656e-07,0.0612549,0.0499875,0
237540,49.9989,49.9377,49.938,0.152884,0.0528816,0.152884,0.126407,2.31525e-07,0.0612201,0.0499875,0
237600,49.9989,49.9377,49.938,0.152865,0.05288,0.152865,0.126394,2.31395e-07,0.0611854,0.0499875,0
237660,49.9989,49.9378,49.9381,0.152846,0.0528783,0.152846,0.12638,2.31264e-07,0.0611507,0.0499875,0
237720,49.9989,49.9378,49.9381,0.152827,0.0528767,0.152827,0.126366,2.31134e-07,0.061116,0.0499875,0
237780,49.9989,49.9379,49.9381,0.152808,0.0528751,0.152808,0.126352,2.31004e-07,0.0610813,0.0499875,0
237840,49.9989,49.9379,49.9382,0.152789,0.0528735,0.152789,0.126338,2.30874e-07,0.0610467,0.0499875,0
237900,49.9989,49.9379,49.9382,0.15277,0.0528718,0.15277,0.126324,2.30744e-07,0.0610121,0.0499875,0
237960,49.9989,49.938,49.9382,0.152751,0.0528702,0.152751,0.12631,2.30614e-07,0.0609776,0.0499875,0
238020,49.9989,49.938,49.9383,0.152732,0.0528686,0.152732,0.126297,2.30484e-07,0.0609431,0.0499875,0
238080,49.9989,49.938,49.9383,0.152713,0.052867,0.152713,0.126283,2.30354e-07,0.0609086,0.0499875,0
238140,49.9989,49.9381,49.9383,0.152694,0.0528654,0.152694,0.126269,2.30225e-07,0.0608741,0.0499875,0
238200,49.9989,49.9381,49.9384,0.152675,0.0528637,0.152675,0.126255,2.30095e-07,0.0608397,0.0499875,0
238260,49.9989,49.9381,49.9384,0.152656,0.0528621,0.152656,0.126241,2.29966e-07,0.0608053,0.0499875,0
238320,49.9989,49.9382,49.9384,0.152637,0.0528605,0.152637,0.126228,2.29837e-07,0.060771,0.0499875,0
238380,49.9989,49.9382,49.9385,0.152618,0.0528589,0.152618,0.126214,2.29708e-07,0.0607366,0.0499875,0
238440,49.9989,49.9382,49.9385,0.152599,0.0528573,0.152599,0.1262,2.29579e-07,0.0607023,0.0499875,0
238500,49.9989,49.9383,49.9385,0.15258,0.0528557,0.15258,0.126186,2.2945e-07,0.0606681,0.0499875,0
238560,49.9989,49.9383,49.9386,0.152561,0.0528541,0.152561,0.126172,2.29322e-07,0.0606339,0.0499875,0
238620,49.9989,49.9383,49.9386,0.152542,0.0528525,0.152542,0.126159,2.29193e-07,0.0605997,0.0499875,0
238680,49.9989,49.9384,49.9386,0.152523,0.0528509,0.152523,0.126145,2.29065e-07,0.0605655,0.0499875,0
238740,49.9989,49.9384,49.9387,0.152504,0.0528492,0.152504,0.126131,2.28936e-07,0.0605314,0.0499875,0
238800,49.9989,49.9384,49.9387,0.152486,0.0528476,0.152486,0.126117,2.28808e-07,0.0604973,0.0499875,0
238860,49.9989,49.9385,49.9387,0.152467,0.052846,0.152467,0.126104,2.2868e-07,0.0604632,0.0499875,0
238920,49.9989,49.9385,49.9388,0.152448,0.0528444,0.152448,0.12609,2.28552e-07,0.0604292,0.0499875,0
238980,49.9989,49.9385,49.9388,0.152429,0.0528428,0.152429,0.126076,2.28424e-07,0.0603952,0.0499875,0
239040,49.9989,49.9386,49.9388,0.15241,0.0528412,0.15241,0.126063,2.28297e-07,0.0603612,0.0499875,0
239100,49.9989,49.9386,49.9389,0.152392,0.0528397,0.152392,0.126049,2.28169e-07,0.0603272,0.0499875,0
239160,49.9989,49.9386,49.9389,0.152373,0.0528381,0.152373,0.126035,2.28042e-07,0.0602933,0.0499875,0
239220,49.9989,49.9387,49.9389,0.152354,0.0528365,0.152354,0.126022,2.27914e-07,0.0602594,0.0499875,0
239280,49.9989,49.9387,49.939,0.152335,0.0528349,0.152335,0.126008,2.27787e-07,0.0602256,0.0499875,0
239340,49.9989,49.9387,49.939,0.152316,0.0528333,0.152316,0.125994,2.2766e-07,0.0601918,0.0499875,0
239400,49.9989,49.9388,49.939,0.152298,0.0528317,0.152298,0.125981,2.27533e-07,0.060158,0.0499875,0
239460,49.9989,49.9388,49.9391,0.152279,0.0528301,0.152279,0.125967,2.27406e-07,0.0601243,0.0499875,0
239520,49.9989,49.9388,49.9391,0.15226,0.0528285,0.15226,0.125953,2.27279e-07,0.0600905,0.0499875,0
239580,49.9989,49.9389,49.9391,0.152242,0.0528269,0.152242,0.12594,2.27153e-07,0.0600568,0.0499875,0
239640,49.9989,49.9389,49.9392,0.152223,0.0528254,0.152223,0.125926,2.27026e-07,0.0600232,0.0499875,0
239700,49.9989,49.9389,49.9392,0.152204,0.0528238,0.152204,0.125912,2.269e-07,0.0599896,0.0499875,0
239760,49.9989,49.939,49.9392,0.152185,0.0528222,0.152185,0.125899,2.26773e-07,0.059956,0.0499875,0
239820,49.9989,49.939,49.9393,0.152167,0.0528206,0.152167,0.125885,2.26647e-07,0.0599224,0.0499875,0
239880,49.9989,49.939,49.9393,0.152148,0.0528191,0.152148,0.125872,2.26521e-07,0.0598889,0.0499875,0
239940,49.9989,49.9391,49.9393,0.152129,0.0528175,0.152129,0.125858,2.26395e-07,0.0598554,0.0499875,0
240000,49.9989,49.9391,49.9394,0.152111,0.0528159,0.152111,0.125844,2.26269e-07,0.0598219,0.0499875,0
240060,49.9989,49.9391,49.9394,0.152092,0.0528143,0.152092,0.125831,2.26144e-07,0.0597885,0.0499875,0
240120,49.9989,49.9392,49.9394,0.152074,0.0528128,0.152074,0.125817,2.26018e-07,0.059755,0.0499875,0
240180,49.9989,49.9392,49.9395,0.152055,0.0528112,0.152055,0.125804,2.25893e-07,0.0597217,0.0499875,0
240240,49.9989,49.9392,49.9395,0.152036,0.0528096,0.152036,0.12579,2.25767e-07,0.0596883,0.0499875,0
240300,49.9989,49.9393,49.9395,0.152018,0.0528081,0.152018,0.125777,2.25642e-07,0.059655,0.0499875,0
240360,49.9989,49.9393,49.9396,0.151999,0.0528065,0.151999,0.125763,2.25517e-07,0.0596217,0.0499875,0
240420,49.9989,49.9393,49.9396,0.151981,0.0528049,0.151981,0.12575,2.25392e-07,0.0595885,0.0499875,0
240480,49.9989,49.9394,49.9396,0.151962,0.0528034,0.151962,0.125736,2.25267e-07,0.0595552,0.0499875,0
240540,49.9989,49.9394,49.9397,0.151944,0.0528018,0.151944,0.125723,2.25142e-07,0.059522,0.0499875,0
240600,49.9989,49.9394,49.9397,0.151925,0.0528003,0.151925,0.125709,2.25017e-07,0.0594889,0.0499875,0
240660,49.9989,49.9395,49.9397,0.151907,0.0527987,0.151907,0.125696,2.24893e-07,0.0594558,0.0499875,0
240720,49.9989,49.9395,49.9398,0.151888,0.0527971,0.151888,0.125682,2.24768e-07,0.0594227,0.0499875,0
240780,49.9989,49.9395,49.9398,0.15187,0.0527956,0.15187,0.125669,2.24644e-07,0.0593896,0.0499875,0
240840,49.9989,49.9396,49.9398,0.151851,0.052794,0.151851,0.125655,2.2452e-07,0.0593565,0.0499875,0
240900,49.9989,49.9396,49.9399,0.151833,0.0527925,0.151833,0.125642,2.24396e-07,0.0593235,0.0499875,0
240960,49.9989,49.9396,49.9399,0.151814,0.0527909,0.151814,0.125628,2.24272e-07,0.0592906,0.0499875,0
241020,49.9989,49.9397,49.9399,0.151796,0.0527894,0.151796,0.125615,2.24148e-07,0.0592576,0.0499875,0
241080,49.9989,49.9397,49.94,0.151777,0.0527878,0.151777,0.125601,2.24024e-07,0.0592247,0.0499875,0
241140,49.9989,49.9397,49.94,0.151759,0.0527863,0.151759,0.125588,2.239e-07,0.0591918,0.0499875,0
241200,49.9989,49.9398,49.94,0.15174,0.0527848,0.15174,0.125574,2.23777e-07,0.0591589,0.0499875,0
241260,49.9989,49.9398,49.9401,0.151722,0.0527832,0.151722,0.125561,2.23654e-07,0.0591261,0.0499875,0
241320,49.9989,49.9398,49.9401,0.151704,0.0527817,0.151704,0.125548,2.2353e-07,0.0590933,0.0499875,0
241380,49.9989,49.9399,49.9401,0.151685,0.0527801,0.151685,0.125534,2.23407e-07,0.0590606,0.0499875,0
241440,49.9989,49.9399,49.9402,0.151667,0.0527786,0.151667,0.125521,2.23284e-07,0.0590278,0.0499875,0
241500,49.9989,49.9399,49.9402,0.151648,0.0527771,0.151648,0.125507,2.23161e-07,0.0589951,0.0499875,0
241560,49.9989,49.94,49.9402,0.15163,0.0527755,0.15163,0.125494,2.23038e-07,0.0589624,0.0499875,0
241620,49.9989,49.94,49.9403,0.151612,0.052774,0.151612,0.125481,2.22915e-07,0.0589298,0.0499875,0
241680,49.9989,49.94,49.9403,0.151593,0.0527724,0.151593,0.125467,2.22793e-07,0.0588972,0.0499875,0
241740,49.9989,49.9401,49.9403,0.151575,0.0527709,0.151575,0.125454,2.2267e-07,0.0588646,0.0499875,0
241800,49.9989,49.9401,49.9404,0.151557,0.0527694,0.151557,0.12544,2.22548e-07,0.058832,0.0499875,0
241860,49.9989,49.9401,49.9404,0.151538,0.0527679,0.151538,0.125427,2.22425e-07,0.0587995,0.0499875,0
241920,49.9989,49.9402,49.9404,0.15152,0.0527663,0.15152,0.125414,2.22303e-07,0.058767,0.0499875,0
241980,49.9989,49.9402,49.9405,0.151502,0.0527648,0.151502,0.1254,2.22181e-07,0.0587345,0.0499875,0
242040,49.9989,49.9402,49.9405,0.151484,0.0527633,0.151484,0.125387,2.22059e-07,0.0587021,0.0499875,0
242100,49.9989,49.9403,49.9405,0.151465,0.0527618,0.151465,0.125374,2.21937e-07,0.0586697,0.0499875,0
242160,49.9989,49.9403,49.9406,0.151447,0.0527602,0.151447,0.125361,2.21816e-07,0.0586373,0.0499875,0
242220,49.9989,49.9403,49.9406,0.151429,0.0527587,0.151429,0.125347,2.21694e-07,0.058605,0.0499875,0
242280,49.9989,49.9404,49.9406,0.151411,0.0527572,0.151411,0.125334,2.21572e-07,0.0585727,0.0499875,0
242340,49.9989,49.9404,49.9406,0.151392,0.0527557,0.151392,0.125321,2.21451e-07,0.0585404,0.0499875,0
242400,49.9989,49.9404,49.9407,0.151374,0.0527542,0.151374,0.125307,2.2133e-07,0.0585081,0.0499875,0
242460,49.9989,49.9405,49.9407,0.151356,0.0527526,0.151356,0.125294,2.21209e-07,0.0584759,0.0499875,0
242520,49.9989,49.9405,49.9407,0.151338,0.0527511,0.151338,0.125281,2.21087e-07,0.0584437,0.0499875,0
242580,49.9989,49.9405,49.9408,0.15132,0.0527496,0.15132,0.125268,2.20967e-07,0.0584115,0.0499875,0
242640,49.9989,49.9406,49.9408,0.151301,0.0527481,0.151301,0.125254,2.20846e-07,0.0583794,0.0499875,0
242700,49.9989,49.9406,49.9408,0.151283,0.0527466,0.151283,0.125241,2.20725e-07,0.0583473,0.0499875,0
242760,49.9989,49.9406,49.9409,0.151265,0.0527451,0.151265,0.125228,2.20604e-07,0.0583152,0.0499875,0
242820,49.9989,49.9407,49.9409,0.151247,0.0527436,0.151247,0.125215,2.20484e-07,0.0582831,0.0499875,0
242880,49.9989,49.9407,49.9409,0.151229,0.0527421,0.151229,0.125201,2.20363e-07,0.0582511,0.0499875,0
242940,49.9989,49.9407,49.941,0.151211,0.0527406,0.151211,0.125188,2.20243e-07,0.0582191,0.0499875,0
243000,49.9989,49.9407,49.941,0.151193,0.0527391,0.151193,0.125175,2.20123e-07,0.0581871,0.0499875,0
243060,49.9989,49.9408,49.941,0.151174,0.0527376,0.151174,0.125162,2.20003e-07,0.0581552,0.0499875,0
243120,49.9989,49.9408,49.9411,0.151156,0.0527361,0.151156,0.125148,2.19883e-07,0.0581233,0.0499875,0
243180,49.9989,49.9408,49.9411,0.151138,0.0527346,0.151138,0.125135,2.19763e-07,0.0580914,0.0499875,0
243240,49.9989,49.9409,49.9411,0.15112,0.0527331,0.15112,0.125122,2.19643e-07,0.0580596,0.0499875,0
243300,49.9989,49.9409,49.9412,0.151102,0.0527316,0.151102,0.125109,2.19523e-07,0.0580277,0.0499875,0
243360,49.9989,49.9409,49.9412,0.151084,0.0527301,0.151084,0.125096,2.19404e-07,0.057996,0.0499875,0
243420,49.9989,49.941,49.9412,0.151066,0.0527286,0.151066,0.125083,2.19284e-07,0.0579642,0.0499875,0
243480,49.9989,49.941,49.9413,0.151048,0.0527271,0.151048,0.125069,2.19165e-07,0.0579325,0.0499875,0
243540,49.9989,49.941,49.9413,0.15103,0.0527256,0.15103,0.125056,2.19046e-07,0.0579007,0.0499875,0
243600,49.9989,49.9411,49.9413,0.151012,0.0527241,0.151012,0.125043,2.18927e-07,0.0578691,0.0499875,0
243660,49.9989,49.9411,49.9413,0.150994,0.0527226,0.150994,0.12503,2.18808e-07,0.0578374,0.0499875,0
243720,49.9989,49.9411,49.9414,0.150976,0.0527212,0.150976,0.125017,2.18689e-07,0.0578058,0.0499875,0
243780,49.9989,49.9412,49.9414,0.150958,0.0527197,0.150958,0.125004,2.1857e-07,0.0577742,0.0499875,0
243840,49.9989,49.9412,49.9414,0.15094,0.0527182,0.15094,0.124991,2.18451e-07,0.0577427,0.0499875,0
243900,49.9989,49.9412,49.9415,0.150922,0.0527167,0.150922,0.124978,2.18333e-07,0.0577111,0.0499875,0
243960,49.9989,49.9413,49.9415,0.150904,0.0527152,0.150904,0.124964,2.18214e-07,0.0576796,0.0499875,0
244020,49.9989,49.9413,49.9415,0.150886,0.0527137,0.150886,0.124951,2.18096e-07,0.0576481,0.0499875,0
244080,49.9989,49.9413,49.9416,0.150868,0.0527123,0.150868,0.124938,2.17978e-07,0.0576167,0.0499875,0
244140,49.9989,49.9413,49.9416,0.15085,0.0527108,0.15085,0.124925,2.17859e-07,0.0575853,0.0499875,0
244200,49.9989,49.9414,49.9416,0.150832,0.0527093,0.150832,0.124912,2.17741e-07,0.0575539,0.0499875,0
244260,49.9989,49.9414,49.9417,0.150815,0.0527078,0.150815,0.124899,2.17623e-07,0.0575225,0.0499875,0
244320,49.9989,49.9414,49.9417,0.150797,0.0527064,0.150797,0.124886,2.17506e-07,0.0574912,0.0499875,0
244380,49.9989,49.9415,49.9417,0.150779,0.0527049,0.150779,0.124873,2.17388e-07,0.0574599,0.0499875,0
244440,49.9989,49.9415,49.9418,0.150761,0.0527034,0.150761,0.12486,2.1727e-07,0.0574286,0.0499875,0
244500,49.9989,49.9415,49.9418,0.150743,0.0527019,0.150743,0.124847,2.17153e-07,0.0573974,0.0499875,0
244560,49.9989,49.9416,49.9418,0.150725,0.0527005,0.150725,0.124834,2.17035e-07,0.0573661,0.0499875,0
244620,49.9989,49.9416,49.9418,0.150707,0.052699,0.150707,0.124821,2.16918e-07,0.057335,0.0499875,0
244680,49.9989,49.9416,49.9419,0.15069,0.0526976,0.15069,0.124808,2.16801e-07,0.0573038,0.0499875,0
244740,49.9989,49.9417,49.9419,0.150672,0.0526961,0.150672,0.124795,2.16684e-07,0.0572727,0.0499875,0
244800,49.9989,49.9417,49.9419,0.150654,0.0526946,0.150654,0.124782,2.16567e-07,0.0572415,0.0499875,0
244860,49.9989,49.9417,49.942,0.150636,0.0526932,0.150636,0.124769,2.1645e-07,0.0572105,0.0499875,0
244920,49.9989,49.9418,49.942,0.150618,0.0526917,0.150618,0.124756,2.16333e-07,0.0571794,0.0499875,0
244980,49.9989,49.9418,49.942,0.150601,0.0526902,0.150601,0.124743,2.16216e-07,0.0571484,0.0499875,0
245040,49.9989,49.9418,49.9421,0.150583,0.0526888,0.150583,0.12473,2.161e-07,0.0571174,0.0499875,0
245100,49.9989,49.9418,49.9421,0.150565,0.0526873,0.150565,0.124717,2.15983e-07,0.0570864,0.0499875,0
245160,49.9989,49.9419,49.9421,0.150547,0.0526859,0.150547,0.124704,2.15867e-07,0.0570555,0.0499875,0
245220,49.9989,49.9419,49.9422,0.15053,0.0526844,0.15053,0.124691,2.15751e-07,0.0570246,0.0499875,0
245280,49.9989,49.9419,49.9422,0.150512,0.052683,0.150512,0.124678,2.15634e-07,0.0569937,0.0499875,0
245340,49.9989,49.942,49.9422,0.150494,0.0526815,0.150494,0.124665,2.15518e-07,0.0569628,0.0499875,0
245400,49.9989,49.942,49.9422,0.150476,0.0526801,0.150476,0.124652,2.15402e-07,0.056932,0.0499875,0
245460,49.9989,49.942,49.9423,0.150459,0.0526786,0.150459,0.124639,2.15287e-07,0.0569012,0.0499875,0
245520,49.9989,49.9421,49.9423,0.150441,0.0526772,0.150441,0.124626,2.15171e-07,0.0568704,0.0499875,0
245580,49.9989,49.9421,49.9423,0.150423,0.0526757,0.150423,0.124614,2.15055e-07,0.0568397,0.0499875,0
245640,49.9989,49.9421,49.9424,0.150406,0.0526743,0.150406,0.124601,2.1494e-07,0.056809,0.0499875,0
245700,49.9989,49.9422,49.9424,0.150388,0.0526728,0.150388,0.124588,2.14824e-07,0.0567783,0.0499875,0
245760,49.9989,49.9422,49.9424,0.15037,0.0526714,0.15037,0.124575,2.14709e-07,0.0567476,0.0499875,0
245820,49.9989,49.9422,49.9425,0.150353,0.05267,0.150353,0.124562,2.14594e-07,0.056717,0.0499875,0
245880,49.9989,49.9422,49.9425,0.150335,0.0526685,0.150335,0.124549,2.14479e-07,0.0566864,0.0499875,0
245940,49.9989,49.9423,49.9425,0.150317,0.0526671,0.150317,0.124536,2.14364e-07,0.0566558,0.0499875,0
246000,49.9989,49.9423,49.9425,0.1503,0.0526656,0.1503,0.124523,2.14249e-07,0.0566253,0.0499875,0
246060,49.9989,49.9423,49.9426,0.150282,0.0526642,0.150282,0.124511,2.14134e-07,0.0565947,0.0499875,0
246120,49.9989,49.9424,49.9426,0.150265,0.0526628,0.150265,0.124498,2.14019e-07,0.0565642,0.0499875,0
246180,49.9989,49.9424,49.9426,0.150247,0.0526613,0.150247,0.124485,2.13904e-07,0.0565338,0.0499875,0
246240,49.9989,49.9424,49.9427,0.150229,0.0526599,0.150229,0.124472,2.1379e-07,0.0565033,0.0499875,0
246300,49.9989,49.9425,49.9427,0.150212,0.0526585,0.150212,0.124459,2.13676e-07,0.0564729,0.0499875,0
246360,49.9989,49.9425,49.9427,0.150194,0.0526571,0.150194,0.124446,2.13561e-07,0.0564425,0.0499875,0
246420,49.9989,49.9425,49.9428,0.150177,0.0526556,0.150177,0.124434,2.13447e-07,0.0564121,0.0499875,0
246480,49.9989,49.9426,49.9428,0.150159,0.0526542,0.150159,0.124421,2.13333e-07,0.0563818,0.0499875,0
246540,49.9989,49.9426,49.9428,0.150142,0.0526528,0.150142,0.124408,2.13219e-07,0.0563515,0.0499875,0
246600,49.9989,49.9426,49.9429,0.150124,0.0526514,0.150124,0.124395,2.13105e-07,0.0563212,0.0499875,0
246660,49.9989,49.9426,49.9429,0.150107,0.0526499,0.150107,0.124382,2.12991e-07,0.056291,0.0499875,0
246720,49.9989,49.9427,49.9429,0.150089,0.0526485,0.150089,0.12437,2.12877e-07,0.0562607,0.0499875,0
246780,49.9989,49.9427,49.9429,0.150072,0.0526471,0.150072,0.124357,2.12764e-07,0.0562305,0.0499875,0
246840,49.9989,49.9427,49.943,0.150054,0.0526457,0.150054,0.124344,2.1265e-07,0.0562004,0.0499875,0
246900,49.9989,49.9428,49.943,0.150037,0.0526443,0.150037,0.124331,2.12537e-07,0.0561702,0.0499875,0
246960,49.9989,49.9428,49.943,0.150019,0.0526428,0.150019,0.124319,2.12424e-07,0.0561401,0.0499875,0
247020,49.9989,49.9428,49.9431,0.150002,0.0526414,0.150002,0.124306,2.1231e-07,0.05611,0.0499875,0
247027,49.9989,49.9428,49.9431,0.15,0.0526413,0.15,0.124304,2.12298e-07,0.0561067,0.0499875,0
