t,Tair,Tc,Ts,Cc,Cs,Cmax,Cbar,rate,dTmax,Cenv,capped
0,28,28,28,2.55,2.55,2.55,2.55,9.21452e-06,0,0.01963,1
60,28.528,28,27.5392,2.55,2.52372,2.55,2.54943,9.81263e-06,0.98882,0.02002,1
120,29.192,28,27.4626,2.55,2.51092,2.55,2.54882,1.0554e-05,1.72941,0.02053,1
180,29.684,27.9995,27.4594,2.55,2.50047,2.55,2.54817,1.09269e-05,2.22457,0.021,1
240,30.037,27.9967,27.4944,2.55,2.49207,2.55,2.54752,1.08524e-05,2.54256,0.02151,1
300,30.834,27.9891,27.5623,2.55,2.48239,2.55,2.54683,1.22581e-05,3.27165,0.02191,1
360,31.293,27.9759,27.6455,2.55,2.47311,2.55,2.54608,1.26957e-05,3.65411,0.02233,1
420,31.82,27.958,27.7445,2.55,2.46426,2.55,2.5453,1.32821e-05,4.11971,0.02278,1
480,32.121,27.9372,27.8521,2.55,2.45668,2.55,2.5445,1.32112e-05,4.37284,0.02325,1
540,32.73,27.9156,27.98,2.55,2.44874,2.55,2.54369,1.3933e-05,4.94482,0.02377,1
600,33.202,27.8953,28.1194,2.55,2.44092,2.55,2.54284,1.43064e-05,5.38806,0.02428,1
660,33.879,27.8781,28.2631,2.55,2.4319,2.55,2.54195,1.55289e-05,6.0438,0.02465,1
720,34.268,27.8654,28.4058,2.55,2.42333,2.55,2.54101,1.58745e-05,6.41863,0.02506,1
780,34.806,27.8585,28.5573,2.55,2.41477,2.55,2.54003,1.65684e-05,6.94941,0.02552,1
840,35.142,27.8584,28.7202,2.55,2.40738,2.55,2.53904,1.64632e-05,7.28361,0.02612,1
900,35.524,27.8657,28.8847,2.55,2.4004,2.55,2.53805,1.67093e-05,7.65833,0.0266,1
960,36.091,27.8808,29.042,2.55,2.39203,2.55,2.53701,1.78429e-05,8.2102,0.02687,1
1020,36.354,27.9041,29.1992,2.55,2.38453,2.55,2.53594,1.78185e-05,8.44993,0.02732,1
1080,37.067,27.9357,29.3804,2.55,2.37627,2.55,2.53484,1.8837e-05,9.13134,0.02793,1
1140,37.419,27.9756,29.5516,2.55,2.36806,2.55,2.5337,1.92811e-05,9.44342,0.02826,1
1200,37.882,28.0237,29.7363,2.55,2.36042,2.55,2.53253,1.95524e-05,9.8583,0.02891,1
1260,38.134,28.0798,29.9072,2.55,2.35323,2.55,2.53135,1.97711e-05,10.0542,0.02921,1
1320,38.767,28.1439,30.0825,2.55,2.34475,2.55,2.53013,2.09365e-05,10.6231,0.02961,1
1380,39.125,28.2157,30.2741,2.55,2.33719,2.55,2.52888,2.09037e-05,10.9093,0.03029,1
1440,39.458,28.2951,30.4478,2.55,2.3296,2.55,2.5276,2.14902e-05,11.1629,0.03051,1
1500,39.595,28.3818,30.618,2.55,2.3232,2.55,2.52632,2.11512e-05,11.2132,0.03098,1
1560,40.061,28.4756,30.7928,2.55,2.31618,2.55,2.52503,2.18818e-05,11.5854,0.03137,1
1620,40.238,28.576,30.9647,2.55,2.30984,2.55,2.52372,2.17445e-05,11.662,0.03179,1
1680,40.621,28.6828,31.1383,2.55,2.30329,2.55,2.52241,2.22344e-05,11.9382,0.03219,1
1740,41.166,28.7955,31.3195,2.55,2.29572,2.55,2.52104,2.31546e-05,12.3705,0.03262,1
1800,41.513,28.9137,31.502,2.55,2.28839,2.55,2.51964,2.34847e-05,12.5993,0.03307,1
1860,41.918,29.0368,31.6829,2.55,2.28088,2.55,2.51822,2.41034e-05,12.8812,0.03345,1
1920,41.952,29.1644,31.8651,2.55,2.27517,2.55,2.51679,2.33928e-05,12.7876,0.03403,1
1980,42.263,29.2963,32.0477,2.55,2.26947,2.55,2.51538,2.36749e-05,12.9667,0.03447,1
2040,42.589,29.4322,32.2227,2.55,2.26308,2.55,2.51394,2.4202e-05,13.1568,0.03476,1
2100,42.745,29.5721,32.3929,2.55,2.25721,2.55,2.51249,2.41382e-05,13.1729,0.03513,1
2160,42.985,29.7155,32.5668,2.55,2.25167,2.55,2.51104,2.42188e-05,13.2695,0.03558,1
2220,43.393,29.8624,32.7504,2.55,2.24566,2.55,2.50957,2.47153e-05,13.5306,0.03609,1
2280,43.534,30.0122,32.9267,2.55,2.24018,2.55,2.50809,2.46234e-05,13.5218,0.03646,1
2340,43.97,30.1648,33.088,2.55,2.23335,2.55,2.50658,2.57594e-05,13.8052,0.03653,1
2400,44.102,30.3199,33.251,2.55,2.22726,2.55,2.50504,2.55971e-05,13.7821,0.03694,1
2460,44.503,30.4773,33.4201,2.55,2.22083,2.55,2.50349,2.62651e-05,14.0257,0.03731,1
2520,44.663,30.6367,33.586,2.55,2.21485,2.55,2.50191,2.62652e-05,14.0263,0.03766,1
2580,44.701,30.7978,33.7517,2.55,2.21011,2.55,2.50035,2.57847e-05,13.9032,0.03812,1
2640,45.138,30.9603,33.9175,2.55,2.20423,2.55,2.49877,2.66756e-05,14.1777,0.0384,1
2700,45.323,31.1239,34.0725,2.55,2.19817,2.55,2.49717,2.69583e-05,14.1991,0.03858,1
2760,45.324,31.2886,34.2292,2.55,2.19351,2.55,2.49557,2.63945e-05,14.0354,0.03903,1
2820,45.462,31.4541,34.3872,2.55,2.1892,2.55,2.49398,2.63239e-05,14.0079,0.0394,1
2880,45.818,31.6202,34.5381,2.55,2.18368,2.55,2.49238,2.71504e-05,14.1978,0.03954,1
2940,45.739,31.7868,34.6967,2.55,2.1798,2.55,2.49078,2.62076e-05,13.9522,0.04013,1
3000,45.93,31.9536,34.8372,2.55,2.17537,2.55,2.48919,2.67426e-05,13.9764,0.04011,1
3060,45.999,32.1205,34.9933,2.55,2.17173,2.55,2.4876,2.61678e-05,13.8785,0.04076,1
3120,46.512,32.2873,35.1378,2.55,2.16605,2.55,2.48599,2.76738e-05,14.2247,0.0407,1
3180,46.602,32.4539,35.2925,2.55,2.16126,2.55,2.48434,2.72471e-05,14.1481,0.04128,1
3240,46.761,32.6201,35.4444,2.55,2.1569,2.55,2.4827,2.7345e-05,14.1409,0.04157,1
3300,46.933,32.7858,35.5926,2.55,2.1525,2.55,2.48106,2.74713e-05,14.1472,0.04187,1
3360,46.912,32.9511,35.7297,2.55,2.14869,2.55,2.47942,2.71749e-05,13.9609,0.04205,1
3420,47.089,33.1159,35.8656,2.55,2.14471,2.55,2.47778,2.73834e-05,13.9731,0.04229,1
3480,47.008,33.2802,35.9933,2.55,2.14143,2.55,2.47615,2.69169e-05,13.7278,0.04247,1
3540,47.111,33.4439,36.1235,2.55,2.13827,2.55,2.47454,2.68509e-05,13.6671,0.04277,1
3600,47.485,33.6068,36.2453,2.55,2.13352,2.55,2.4729,2.79361e-05,13.8782,0.04272,1
3660,47.498,33.7686,36.3731,2.55,2.12962,2.55,2.47123,2.75014e-05,13.7294,0.04312,1
3720,47.646,33.9292,36.5,2.55,2.1259,2.55,2.46958,2.76566e-05,13.7168,0.04333,1
3780,47.84,34.0883,36.6321,2.55,2.12208,2.55,2.46791,2.77869e-05,13.7517,0.04369,1
3840,47.873,34.2458,36.7505,2.55,2.11843,2.55,2.46625,2.77922e-05,13.6272,0.04373,1
3900,47.926,34.4018,36.8638,2.55,2.115,2.55,2.46458,2.77299e-05,13.5242,0.04389,1
3960,48.016,34.5562,36.9827,2.55,2.11182,2.55,2.46292,2.76189e-05,13.4598,0.0442,1
4020,47.977,34.7091,37.0892,2.55,2.10891,2.55,2.46127,2.74403e-05,13.2679,0.04422,1
4080,47.926,34.8603,37.1902,2.55,2.10641,2.55,2.45963,2.71154e-05,13.0657,0.04435,1
4140,48.199,35.0098,37.3039,2.55,2.10331,2.55,2.45799,2.75067e-05,13.1892,0.04468,1
4200,48.166,35.1574,37.4119,2.55,2.10058,2.55,2.45635,2.72141e-05,13.0086,0.04483,1
4260,48.331,35.3029,37.5144,2.55,2.09748,2.55,2.45471,2.75533e-05,13.0281,0.04491,1
4320,48.615,35.4462,37.623,2.55,2.09373,2.55,2.45304,2.80775e-05,13.1688,0.04514,1
4380,48.38,35.5875,37.7225,2.55,2.09139,2.55,2.45138,2.7206e-05,12.7925,0.0453,1
4440,48.357,35.7266,37.817,2.55,2.08943,2.55,2.44976,2.69647e-05,12.6304,0.04543,1
4500,48.526,35.8638,37.915,2.55,2.0869,2.55,2.44813,2.72152e-05,12.6622,0.04561,1
4560,48.59,35.999,38.0173,2.55,2.08449,2.55,2.4465,2.70718e-05,12.591,0.04589,1
4620,48.825,36.132,38.1109,2.55,2.08128,2.55,2.44486,2.77238e-05,12.693,0.04585,1
4680,48.827,36.263,38.2142,2.55,2.0788,2.55,2.44321,2.72516e-05,12.564,0.04629,1
4740,48.988,36.392,38.3144,2.55,2.07612,2.55,2.44157,2.75387e-05,12.596,0.04641,1
4800,48.979,36.519,38.3983,2.55,2.0734,2.55,2.43991,2.75429e-05,12.46,0.04633,1
4860,48.9,36.6442,38.4762,2.55,2.07121,2.55,2.43827,2.72161e-05,12.2558,0.04639,1
4920,49.144,36.7678,38.5639,2.55,2.06847,2.55,2.43662,2.76466e-05,12.3762,0.0466,1
4980,48.87,36.8895,38.6502,2.55,2.0671,2.55,2.435,2.65766e-05,11.9805,0.04687,1
5040,48.84,37.0093,38.7275,2.55,2.06586,2.55,2.43341,2.64273e-05,11.8307,0.04689,1
5100,48.913,37.1269,38.8077,2.55,2.06427,2.55,2.43182,2.64121e-05,11.7861,0.04707,1
5160,49.261,37.2424,38.887,2.55,2.06135,2.55,2.43021,2.73491e-05,12.0186,0.04705,1
5220,49.169,37.3559,38.9633,2.55,2.05912,2.55,2.42858,2.69044e-05,11.8131,0.0472,1
5280,49.056,37.4672,39.0275,2.55,2.05747,2.55,2.42698,2.66105e-05,11.5888,0.04713,1
5340,49.257,37.5764,39.1054,2.55,2.05543,2.55,2.42537,2.68267e-05,11.6806,0.04744,1
5400,49.116,37.6834,39.1669,2.55,2.05369,2.55,2.42377,2.65404e-05,11.4326,0.04728,1
5460,49.415,37.7883,39.2433,2.55,2.05134,2.55,2.42217,2.70238e-05,11.6267,0.0476,1
5520,49.321,37.8909,39.3185,2.55,2.04956,2.55,2.42056,2.65663e-05,11.4301,0.04777,1
5580,49.317,37.9913,39.3729,2.55,2.04759,2.55,2.41896,2.67558e-05,11.3257,0.04751,1
5640,49.304,38.0895,39.4379,2.55,2.04599,2.55,2.41736,2.63921e-05,11.2145,0.04782,1
5700,49.492,38.1857,39.4953,2.55,2.04358,2.55,2.41576,2.70229e-05,11.3063,0.04765,1
5760,49.384,38.2798,39.5619,2.55,2.04202,2.55,2.41416,2.63457e-05,11.1042,0.04802,1
5820,49.272,38.3719,39.6106,2.55,2.04067,2.55,2.41258,2.62108e-05,10.9001,0.04779,1
5880,49.31,38.4618,39.6775,2.54999,2.03957,2.54999,2.41102,2.58343e-05,10.8482,0.04827,1
5940,49.749,38.5496,39.7335,2.54999,2.03656,2.54999,2.40943,2.72813e-05,11.1994,0.04795,1
6000,49.743,38.6353,39.8027,2.54999,2.03426,2.54999,2.40781,2.68048e-05,11.1077,0.04841,1
6060,49.66,38.7191,39.8623,2.54999,2.03262,2.54999,2.40621,2.65469e-05,10.9409,0.0484,1
6120,49.463,38.801,39.9089,2.54999,2.03154,2.54999,2.40463,2.60077e-05,10.662,0.04836,1
6180,49.83,38.8814,39.967,2.54999,2.0293,2.54999,2.40304,2.68257e-05,10.9486,0.04851,1
6240,49.753,38.9603,40.0219,2.54999,2.02741,2.54999,2.40144,2.65128e-05,10.7927,0.04858,1
6300,49.739,39.0376,40.0757,2.54998,2.02591,2.54998,2.39986,2.63172e-05,10.7014,0.04871,1
6360,49.622,39.1134,40.1101,2.54998,2.02443,2.54998,2.39828,2.62204e-05,10.5086,0.04842,1
6420,49.55,39.1876,40.1524,2.54998,2.02336,2.54998,2.39672,2.57887e-05,10.3624,0.04864,1
6480,49.477,39.2603,40.1849,2.54997,2.02224,2.54997,2.39518,2.5722e-05,10.2167,0.04845,1
6540,49.891,39.3312,40.2377,2.54997,2.01999,2.54997,2.39361,2.65252e-05,10.5598,0.04875,1
6600,49.683,39.4001,40.2745,2.54997,2.01834,2.54997,2.39203,2.60771e-05,10.2829,0.04858,1
6660,49.569,39.4668,40.3157,2.54996,2.0175,2.54996,2.39048,2.55181e-05,10.1022,0.04882,1
6720,49.633,39.5316,40.3579,2.54995,2.01635,2.54995,2.38895,2.56135e-05,10.1014,0.04886,1
6780,49.781,39.5945,40.3984,2.54995,2.0146,2.54995,2.3874,2.59767e-05,10.1865,0.04885,1
6840,49.592,39.6556,40.4346,2.54994,2.01358,2.54994,2.38586,2.53705e-05,9.93638,0.04892,1
6900,49.941,39.7152,40.482,2.54993,2.01167,2.54993,2.38432,2.61184e-05,10.2258,0.04908,1
6960,49.902,39.7732,40.5253,2.54992,2.00996,2.54992,2.38276,2.59296e-05,10.1288,0.04913,1
7020,49.892,39.8298,40.5579,2.54991,2.00836,2.54991,2.3812,2.59579e-05,10.0622,0.04902,1
7080,49.759,39.8851,40.59,2.5499,2.0073,2.5499,2.37966,2.54859e-05,9.8739,0.04911,1
7140,49.865,39.9394,40.6311,2.54989,2.00609,2.54989,2.37812,2.55605e-05,9.92565,0.0493,1
7200,49.852,39.9924,40.6524,2.54988,2.00446,2.54988,2.37658,2.57979e-05,9.85958,0.04894,1
7260,49.893,40.0442,40.6757,2.54986,2.00272,2.54986,2.37503,2.58609e-05,9.84883,0.04897,1
7320,49.619,40.0946,40.6962,2.54985,2.00187,2.54985,2.37351,2.51111e-05,9.52444,0.04898,1
7380,49.792,40.1434,40.7338,2.54983,2.00072,2.54983,2.37199,2.52794e-05,9.64861,0.04929,1
7440,49.612,40.1904,40.7603,2.54981,1.99982,2.54981,2.37049,2.48647e-05,9.42158,0.0492,1
7500,49.845,40.2356,40.7969,2.54979,1.99834,2.54979,2.36898,2.52779e-05,9.60938,0.04941,1
7560,49.77,40.2792,40.827,2.54976,1.99698,2.54976,2.36747,2.50878e-05,9.49075,0.04938,1
7620,49.683,40.3215,40.8454,2.54974,1.99578,2.54974,2.36597,2.49613e-05,9.36145,0.04924,1
7680,49.669,40.3628,40.877,2.54971,1.99485,2.54971,2.36448,2.46477e-05,9.30623,0.04954,1
7740,49.916,40.403,40.9091,2.54968,1.99305,2.54968,2.36299,2.5312e-05,9.51301,0.0495,1
7800,49.714,40.4421,40.9231,2.54965,1.99162,2.54965,2.36148,2.49525e-05,9.27189,0.04928,1
7860,50.095,40.4802,40.9482,2.54962,1.98923,2.54962,2.35995,2.58721e-05,9.61477,0.04935,1
7920,49.929,40.5174,40.9692,2.54958,1.98744,2.54958,2.35841,2.54267e-05,9.41159,0.04934,1
7980,49.817,40.5535,40.9839,2.54954,1.98614,2.54954,2.3569,2.51577e-05,9.26347,0.04929,1
8040,49.943,40.5885,41.0024,2.5495,1.98439,2.5495,2.35538,2.54597e-05,9.35448,0.0493,1
8100,49.664,40.6224,41.0327,2.54946,1.98386,2.54946,2.35388,2.43613e-05,9.04163,0.04971,1
8160,50.135,40.655,41.0578,2.54941,1.9816,2.54941,2.35238,2.57693e-05,9.48003,0.04948,1
8220,49.902,40.6864,41.0739,2.54936,1.97996,2.54936,2.35085,2.51505e-05,9.21559,0.04947,1
8280,50.056,40.717,41.1006,2.54931,1.9783,2.54931,2.34934,2.53716e-05,9.33901,0.04966,1
8340,49.71,40.7469,41.115,2.54925,1.97754,2.54925,2.34784,2.45105e-05,8.96313,0.04959,1
8400,49.915,40.7761,41.1409,2.54919,1.9763,2.54919,2.34636,2.48477e-05,9.13893,0.0498,1
8460,49.92,40.8046,41.1618,2.54912,1.97479,2.54912,2.34487,2.49014e-05,9.1154,0.04973,1
8520,50.147,40.8325,41.1781,2.54905,1.97254,2.54905,2.34335,2.55832e-05,9.31454,0.0496,1
8580,49.967,40.8597,41.1889,2.54898,1.97092,2.54898,2.34183,2.51302e-05,9.10726,0.04956,1
8640,49.921,40.8865,41.213,2.54891,1.96989,2.54891,2.34033,2.47212e-05,9.03454,0.04988,1
8700,49.821,40.9125,41.2275,2.54882,1.96892,2.54882,2.33886,2.45444e-05,8.90849,0.04976,1
8760,49.856,40.9378,41.2462,2.54874,1.96781,2.54874,2.33739,2.4507e-05,8.91821,0.04989,1
8820,49.953,40.9624,41.2488,2.54865,1.96594,2.54865,2.3359,2.50776e-05,8.99061,0.04949,1
8880,49.915,40.9864,41.2679,2.54855,1.96458,2.54855,2.33441,2.46482e-05,8.92865,0.04986,1
8940,49.708,41.0096,41.2789,2.54846,1.96384,2.54846,2.33294,2.41698e-05,8.69839,0.04977,1
9000,50.163,41.032,41.2986,2.54835,1.96166,2.54835,2.33146,2.52943e-05,9.131,0.04981,1
9060,50.198,41.0536,41.3267,2.54824,1.95965,2.54824,2.32994,2.51725e-05,9.14444,0.05004,1
9120,49.82,41.0744,41.3437,2.54813,1.95906,2.54813,2.32846,2.41347e-05,8.7456,0.05009,1
9180,50.027,41.0948,41.3476,2.54801,1.95744,2.54801,2.32699,2.49265e-05,8.93221,0.04976,1
9240,49.804,41.1151,41.3588,2.54788,1.95652,2.54788,2.32552,2.4148e-05,8.68895,0.04998,1
9300,50.086,41.1351,41.3839,2.54775,1.95501,2.54775,2.32405,2.47056e-05,8.95086,0.05016,1
9360,49.891,41.1547,41.3895,2.54762,1.95372,2.54762,2.32258,2.44012e-05,8.73625,0.0499,1
9420,50.08,41.1738,41.4016,2.54747,1.95203,2.54747,2.32111,2.48015e-05,8.90619,0.04998,1
9480,50.113,41.1925,41.4147,2.54732,1.95026,2.54732,2.31961,2.48753e-05,8.92051,0.04997,1
9540,50.134,41.2107,41.4234,2.54717,1.94849,2.54717,2.31812,2.49681e-05,8.9233,0.0499,1
9600,49.804,41.2284,41.4388,2.54701,1.94805,2.54701,2.31666,2.38438e-05,8.57562,0.05021,1
9660,50.208,41.2455,41.4572,2.54684,1.94627,2.54684,2.31519,2.49197e-05,8.96246,0.05014,1
9720,49.865,41.2622,41.4516,2.54667,1.94503,2.54667,2.31372,2.42953e-05,8.6028,0.04981,1
9780,49.769,41.2785,41.4659,2.54649,1.9446,2.54649,2.31228,2.36651e-05,8.49051,0.05025,1
9840,50.027,41.2944,41.4831,2.5463,1.94317,2.5463,2.31084,2.43565e-05,8.73258,0.05019,1
9900,49.935,41.3097,41.4813,2.54611,1.94162,2.54611,2.30938,2.43507e-05,8.62526,0.04989,1
9960,50.165,41.3245,41.4979,2.54591,1.93982,2.54591,2.3079,2.46875e-05,8.84047,0.05017,1
10020,50.154,41.3389,41.4975,2.5457,1.93782,2.5457,2.30642,2.49459e-05,8.81511,0.0498,1
10080,49.909,41.3528,41.5117,2.54548,1.93708,2.54548,2.30495,2.39295e-05,8.55625,0.05025,1
10140,50.226,41.3661,41.5243,2.54526,1.93528,2.54526,2.30349,2.4859e-05,8.85988,0.05008,1
10200,49.895,41.379,41.5272,2.54503,1.93432,2.54503,2.30202,2.39963e-05,8.51603,0.05008,1
10260,50.008,41.3914,41.5213,2.5448,1.93285,2.5448,2.30056,2.4496e-05,8.61656,0.0498,1
10320,49.878,41.4036,41.5339,2.54455,1.932,2.54455,2.29912,2.38164e-05,8.47438,0.0502,1
10380,50.218,41.4153,41.5335,2.5443,1.92981,2.5443,2.29765,2.50237e-05,8.8027,0.04976,1
10440,49.832,41.4263,41.5303,2.54404,1.92881,2.54404,2.29618,2.39337e-05,8.40574,0.04987,1
10500,49.772,41.4366,41.5272,2.54377,1.92808,2.54377,2.29475,2.38039e-05,8.33542,0.04982,1
10560,49.968,41.4462,41.5438,2.54349,1.92685,2.54349,2.29331,2.40186e-05,8.52181,0.05014,1
10620,50.246,41.4549,41.5502,2.54321,1.92455,2.54321,2.29185,2.49415e-05,8.79106,0.04985,1
10680,50.196,41.4629,41.5681,2.54292,1.92292,2.54292,2.29036,2.45005e-05,8.73308,0.05021,1
10740,50.124,41.4705,41.5758,2.54262,1.9216,2.54262,2.2889,2.44051e-05,8.65346,0.05008,1
10800,50.195,41.4781,41.5693,2.54231,1.91975,2.54231,2.28742,2.4819e-05,8.71686,0.04977,1
10860,50.197,41.486,41.5655,2.542,1.91794,2.542,2.28593,2.4818e-05,8.71104,0.04975,1
10920,50.009,41.4939,41.563,2.54167,1.91683,2.54167,2.28446,2.42971e-05,8.51514,0.04978,1
10980,49.908,41.5014,41.5718,2.54134,1.91622,2.54134,2.28301,2.37999e-05,8.40662,0.05005,1
11040,50.136,41.5082,41.5877,2.541,1.9149,2.541,2.28157,2.4271e-05,8.62779,0.05015,1
11100,50.081,41.5144,41.5861,2.54065,1.91338,2.54065,2.28011,2.43387e-05,8.56663,0.04987,1
11160,49.937,41.5202,41.5945,2.54029,1.91263,2.54029,2.27867,2.37106e-05,8.41677,0.05017,1
11220,49.797,41.5261,41.5837,2.53992,1.91185,2.53992,2.27725,2.36554e-05,8.27089,0.04978,1
11280,50.123,41.532,41.5975,2.53954,1.91035,2.53954,2.27582,2.41505e-05,8.59104,0.05015,1
11340,49.881,41.5376,41.6083,2.53916,1.90959,2.53916,2.27439,2.34733e-05,8.34337,0.05021,1
11400,50.218,41.5429,41.6179,2.53876,1.90788,2.53876,2.27295,2.43526e-05,8.67506,0.05014,1
11460,49.87,41.5482,41.6173,2.53836,1.90707,2.53836,2.27152,2.34921e-05,8.32182,0.0501,1
11520,49.811,41.5536,41.6192,2.53795,1.90655,2.53795,2.27011,2.32666e-05,8.25739,0.05017,1
11580,50.166,41.5592,41.6122,2.53753,1.9045,2.53753,2.26868,2.44555e-05,8.60675,0.04977,1
11640,49.827,41.5649,41.6046,2.5371,1.90351,2.5371,2.26724,2.3523e-05,8.26214,0.04985,1
11700,49.84,41.5702,41.5995,2.53666,1.90262,2.53666,2.26583,2.35663e-05,8.26984,0.04981,1
11760,50.05,41.5748,41.6088,2.53621,1.90118,2.53621,2.26441,2.3914e-05,8.47518,0.05,1
11820,50.187,41.5786,41.6237,2.53575,1.89954,2.53575,2.26296,2.41364e-05,8.60836,0.05012,1
11880,49.848,41.5818,41.6248,2.53529,1.8989,2.53529,2.26154,2.33118e-05,8.26625,0.05007,1
11940,49.905,41.5847,41.6307,2.53481,1.89817,2.53481,2.26014,2.33435e-05,8.32031,0.05018,1
12000,50.139,41.5879,41.6261,2.53433,1.89633,2.53433,2.25872,2.4184e-05,8.55113,0.04983,1
12060,50.236,41.5913,41.6368,2.53383,1.89459,2.53383,2.25727,2.41695e-05,8.64473,0.05012,1
12120,50,41.5948,41.6304,2.53333,1.89348,2.53333,2.25583,2.37793e-05,8.40523,0.04985,1
12180,49.822,41.5982,41.6229,2.53282,1.89289,2.53282,2.25442,2.32851e-05,8.22377,0.04989,1
12240,49.757,41.6016,41.6273,2.5323,1.89251,2.5323,2.25303,2.29346e-05,8.15537,0.0501,1
12300,49.865,41.6047,41.6391,2.53176,1.89176,2.53176,2.25165,2.30682e-05,8.2603,0.05024,1
12360,49.816,41.6073,41.6385,2.53122,1.89086,2.53122,2.25026,2.30698e-05,8.20871,0.05006,1
12420,50.089,41.6097,41.6308,2.53067,1.88899,2.53067,2.24885,2.39453e-05,8.47933,0.04978,1
12480,49.811,41.6122,41.633,2.53011,1.88822,2.53011,2.24744,2.30149e-05,8.19884,0.05006,1
12540,50.003,41.6146,41.6271,2.52955,1.88682,2.52955,2.24604,2.36975e-05,8.38841,0.04977,1
12600,50.097,41.6167,41.642,2.52897,1.88546,2.52897,2.24463,2.3572e-05,8.4803,0.05019,1
12660,50.041,41.6185,41.649,2.52838,1.88433,2.52838,2.24321,2.34887e-05,8.42251,0.0501,1
12720,49.85,41.6201,41.6374,2.52779,1.88345,2.52779,2.24181,2.32098e-05,8.22993,0.04984,1
12780,50.152,41.6219,41.6338,2.52718,1.8817,2.52718,2.2404,2.39652e-05,8.53012,0.0498,1
12840,50.108,41.6239,41.6341,2.52657,1.88015,2.52657,2.23896,2.38081e-05,8.48412,0.04984,1
12900,50.119,41.6256,41.6514,2.52594,1.87911,2.52594,2.23755,2.35005e-05,8.49339,0.05024,1
12960,49.816,41.6269,41.6469,2.52531,1.87861,2.52531,2.23615,2.29476e-05,8.18905,0.04998,1
13020,49.812,41.6282,41.6487,2.52467,1.8781,2.52467,2.23478,2.27942e-05,8.18379,0.05014,1
13080,50.214,41.6298,41.6568,2.52402,1.8763,2.52402,2.23338,2.38155e-05,8.58424,0.05007,1
13140,49.949,41.6314,41.6559,2.52336,1.87523,2.52336,2.23197,2.31745e-05,8.31755,0.05004,1
13200,49.9,41.6333,41.6446,2.52269,1.87425,2.52269,2.23058,2.32122e-05,8.26674,0.04982,1
13260,49.994,41.6352,41.6563,2.52201,1.87327,2.52201,2.22919,2.31082e-05,8.35876,0.05022,1
13320,50.081,41.6371,41.6543,2.52133,1.87179,2.52133,2.22779,2.35557e-05,8.44389,0.0499,1
13380,50.228,41.6387,41.6598,2.52063,1.8701,2.52063,2.22637,2.37859e-05,8.5893,0.05004,1
13440,49.893,41.6403,41.6613,2.51993,1.86948,2.51993,2.22497,2.2906e-05,8.25274,0.0501,1
13500,50.212,41.6418,41.6665,2.51921,1.868,2.51921,2.22357,2.36884e-05,8.57017,0.05007,1
13560,49.762,41.6435,41.6687,2.51849,1.86772,2.51849,2.22219,2.24596e-05,8.1185,0.05022,1
13620,50.028,41.6453,41.658,2.51776,1.8664,2.51776,2.22081,2.34036e-05,8.3827,0.04982,1
13680,50.067,41.6472,41.6594,2.51702,1.86498,2.51702,2.21941,2.33392e-05,8.41976,0.05,1
13740,49.803,41.6491,41.6546,2.51627,1.86437,2.51627,2.21803,2.27214e-05,8.15388,0.04995,1
13800,49.82,41.6506,41.6525,2.51552,1.86368,2.51552,2.21666,2.27144e-05,8.16938,0.04999,1
13860,49.96,41.6517,41.6469,2.51475,1.86234,2.51475,2.21529,2.31778e-05,8.31313,0.04981,1
13920,50.233,41.6524,41.6482,2.51398,1.86034,2.51398,2.21388,2.3813e-05,8.58476,0.04982,1
13980,50.048,41.6527,41.6491,2.51319,1.85911,2.51319,2.21246,2.32934e-05,8.39885,0.04989,1
14040,50.217,41.6526,41.6528,2.5124,1.8576,2.5124,2.21106,2.36764e-05,8.56624,0.0499,1
14100,50.152,41.6523,41.6567,2.5116,1.85632,2.5116,2.20964,2.34551e-05,8.50042,0.04996,1
14160,49.984,41.6521,41.6601,2.51079,1.85562,2.51079,2.20825,2.29544e-05,8.33207,0.05006,1
14220,50.142,41.652,41.6659,2.50997,1.85445,2.50997,2.20686,2.33103e-05,8.48999,0.05007,1
14280,49.759,41.6523,41.658,2.50915,1.85406,2.50915,2.20549,2.24567e-05,8.10674,0.04996,1
14340,49.805,41.6529,41.6524,2.50832,1.85348,2.50832,2.20414,2.25584e-05,8.15257,0.04995,1
14400,50.165,41.6536,41.6531,2.50747,1.85172,2.50747,2.20276,2.34773e-05,8.51193,0.04986,1
14460,49.9989,41.6542,41.6569,2.50662,1.85085,2.50662,2.20138,2.2963e-05,8.3447,0.0499875,1
14520,49.9989,41.6545,41.658,2.50576,1.84977,2.50576,2.2,2.29474e-05,8.34443,0.0499875,1
14580,49.9989,41.6546,41.6587,2.5049,1.8487,2.5049,2.19862,2.29319e-05,8.34429,0.0499875,1
14640,49.9989,41.6548,41.6593,2.50402,1.84763,2.50402,2.19725,2.29163e-05,8.34412,0.0499875,1
14700,49.9989,41.6551,41.6597,2.50314,1.84657,2.50314,2.19587,2.29008e-05,8.34386,0.0499875,1
14760,49.9989,41.6554,41.6601,2.50225,1.8455,2.50225,2.1945,2.28852e-05,8.34354,0.0499875,1
14820,49.9989,41.6558,41.6605,2.50135,1.84444,2.50135,2.19313,2.28697e-05,8.34317,0.0499875,1
14880,49.9989,41.6562,41.6608,2.50044,1.84338,2.50044,2.19176,2.28541e-05,8.34277,0.0499875,1
14940,49.9989,41.6566,41.6611,2.49953,1.84233,2.49953,2.19039,2.28385e-05,8.34236,0.0499875,1
15000,49.9989,41.657,41.6614,2.49861,1.84127,2.49861,2.18902,2.2823e-05,8.34195,0.0499875,1
15060,49.9989,41.6574,41.6616,2.49768,1.84022,2.49768,2.18765,2.28074e-05,8.34154,0.0499875,1
15120,49.9989,41.6578,41.6619,2.49674,1.83917,2.49674,2.18628,2.27919e-05,8.34114,0.0499875,1
15180,49.9989,41.6582,41.6621,2.49579,1.83812,2.49579,2.18491,2.27763e-05,8.34075,0.0499875,1
15240,49.9989,41.6586,41.6623,2.49484,1.83707,2.49484,2.18355,2.27607e-05,8.34037,0.0499875,1
15300,49.9989,41.6589,41.6625,2.49388,1.83603,2.49388,2.18218,2.27452e-05,8.34001,0.0499875,1
15360,49.9989,41.6593,41.6627,2.49291,1.83499,2.49291,2.18082,2.27296e-05,8.33966,0.0499875,1
15420,49.9989,41.6596,41.6629,2.49194,1.83395,2.49194,2.17945,2.27141e-05,8.33933,0.0499875,1
15480,49.9989,41.6599,41.6631,2.49095,1.83291,2.49095,2.17809,2.26985e-05,8.33901,0.0499875,1
15540,49.9989,41.6602,41.6632,2.48996,1.83188,2.48996,2.17673,2.2683e-05,8.3387,0.0499875,1
15600,49.9989,41.6605,41.6634,2.48897,1.83085,2.48897,2.17537,2.26674e-05,8.3384,0.0499875,1
15660,49.9989,41.6608,41.6635,2.48796,1.82982,2.48796,2.17401,2.26518e-05,8.33812,0.0499875,1
15720,49.9989,41.6611,41.6637,2.48695,1.82879,2.48695,2.17265,2.26363e-05,8.33785,0.0499875,1
15780,49.9989,41.6613,41.6638,2.48593,1.82777,2.48593,2.17129,2.26207e-05,8.33759,0.0499875,1
15840,49.9989,41.6616,41.664,2.48491,1.82675,2.48491,2.16994,2.26052e-05,8.33735,0.0499875,1
15900,49.9989,41.6618,41.6641,2.48387,1.82573,2.48387,2.16858,2.25896e-05,8.33711,0.0499875,1
15960,49.9989,41.6621,41.6642,2.48283,1.82471,2.48283,2.16723,2.25741e-05,8.33688,0.0499875,1
16020,49.9989,41.6623,41.6643,2.48178,1.8237,2.48178,2.16587,2.25585e-05,8.33667,0.0499875,1
16080,49.9989,41.6625,41.6644,2.48073,1.82268,2.48073,2.16452,2.25429e-05,8.33646,0.0499875,1
16140,49.9989,41.6627,41.6645,2.47967,1.82168,2.47967,2.16317,2.25274e-05,8.33626,0.0499875,1
16200,49.9989,41.6629,41.6646,2.4786,1.82067,2.4786,2.16181,2.25118e-05,8.33608,0.0499875,1
16260,49.9989,41.663,41.6647,2.47753,1.81966,2.47753,2.16046,2.24999e-05,8.3359,0.0499875,1
16320,49.9989,41.6632,41.6648,2.47645,1.81863,2.47645,2.15911,2.2488e-05,8.33572,0.0499875,1
16380,49.9989,41.6634,41.6649,2.47536,1.81761,2.47536,2.15777,2.2476e-05,8.33556,0.0499875,1
16440,49.9989,41.6635,41.665,2.47427,1.81658,2.47427,2.15642,2.24641e-05,8.3354,0.0499875,1
16500,49.9989,41.6637,41.6651,2.47317,1.81556,2.47317,2.15507,2.24522e-05,8.33525,0.0499875,1
16560,49.9989,41.6638,41.6652,2.47206,1.81453,2.47206,2.15372,2.24403e-05,8.33511,0.0499875,1
16620,49.9989,41.664,41.6653,2.47095,1.8135,2.47095,2.15238,2.24283e-05,8.33497,0.0499875,1
16680,49.9989,41.6641,41.6653,2.46983,1.81247,2.46983,2.15103,2.24164e-05,8.33484,0.0499875,1
16740,49.9989,41.6642,41.6654,2.46871,1.81144,2.46871,2.14969,2.24045e-05,8.33472,0.0499875,1
16800,49.9989,41.6643,41.6655,2.46758,1.81041,2.46758,2.14834,2.23926e-05,8.3346,0.0499875,1
16860,49.9989,41.6645,41.6655,2.46644,1.80939,2.46644,2.147,2.23806e-05,8.33448,0.0499875,1
16920,49.9989,41.6646,41.6656,2.4653,1.80836,2.4653,2.14566,2.23687e-05,8.33437,0.0499875,1
16980,49.9989,41.6647,41.6656,2.46416,1.80733,2.46416,2.14432,2.23568e-05,8.33427,0.0499875,1
17040,49.9989,41.6648,41.6657,2.463,1.8063,2.463,2.14298,2.23448e-05,8.33417,0.0499875,1
17100,49.9989,41.6649,41.6657,2.46185,1.80528,2.46185,2.14163,2.23329e-05,8.33408,0.0499875,1
17160,49.9989,41.6649,41.6658,2.46068,1.80425,2.46068,2.1403,2.2321e-05,8.33399,0.0499875,1
17220,49.9989,41.665,41.6658,2.45951,1.80323,2.45951,2.13896,2.23091e-05,8.3339,0.0499875,1
17280,49.9989,41.6651,41.6659,2.45834,1.8022,2.45834,2.13762,2.22971e-05,8.33382,0.0499875,1
17340,49.9989,41.6652,41.6659,2.45716,1.80118,2.45716,2.13628,2.22852e-05,8.33374,0.0499875,1
17400,49.9989,41.6653,41.666,2.45597,1.80016,2.45597,2.13494,2.22733e-05,8.33366,0.0499875,1
17460,49.9989,41.6653,41.666,2.45478,1.79913,2.45478,2.13361,2.22613e-05,8.33359,0.0499875,1
17520,49.9989,41.6654,41.666,2.45359,1.79811,2.45359,2.13227,2.22494e-05,8.33352,0.0499875,1
17580,49.9989,41.6655,41.6661,2.45239,1.7971,2.45239,2.13094,2.22375e-05,8.33346,0.0499875,1
17640,49.9989,41.6655,41.6661,2.45118,1.79608,2.45118,2.1296,2.22256e-05,8.33339,0.0499875,1
17700,49.9989,41.6656,41.6661,2.44997,1.79506,2.44997,2.12827,2.22136e-05,8.33334,0.0499875,1
17760,49.9989,41.6657,41.6662,2.44875,1.79405,2.44875,2.12694,2.22017e-05,8.33328,0.0499875,1
17820,49.9989,41.6657,41.6662,2.44753,1.79303,2.44753,2.12561,2.21898e-05,8.33322,0.0499875,1
17880,49.9989,41.6658,41.6662,2.4463,1.79202,2.4463,2.12428,2.21779e-05,8.33317,0.0499875,1
17940,49.9989,41.6658,41.6663,2.44507,1.79101,2.44507,2.12295,2.21659e-05,8.33312,0.0499875,1
18000,49.9989,41.6659,41.6663,2.44384,1.79,2.44384,2.12162,2.2154e-05,8.33308,0.0499875,1
18060,49.9989,41.6659,41.6663,2.4426,1.78899,2.4426,2.12029,2.214e-05,8.33303,0.0499875,1
18120,49.9989,41.6659,41.6663,2.44135,1.788,2.44135,2.11896,2.2126e-05,8.33299,0.0499875,1
18180,49.9989,41.666,41.6664,2.4401,1.787,2.4401,2.11763,2.2112e-05,8.33295,0.0499875,1
18240,49.9989,41.666,41.6664,2.43884,1.78602,2.43884,2.11631,2.2098e-05,8.33291,0.0499875,1
18300,49.9989,41.6661,41.6664,2.43758,1.78503,2.43758,2.11498,2.2084e-05,8.33287,0.0499875,1
18360,49.9989,41.6661,41.6664,2.43632,1.78405,2.43632,2.11366,2.207e-05,8.33283,0.0499875,1
18420,49.9989,41.6661,41.6664,2.43505,1.78307,2.43505,2.11233,2.2056e-05,8.3328,0.0499875,1
18480,49.9989,41.6662,41.6665,2.43377,1.7821,2.43377,2.11101,2.2042e-05,8.33277,0.0499875,1
18540,49.9989,41.6662,41.6665,2.43249,1.78112,2.43249,2.10969,2.2028e-05,8.33274,0.0499875,1
18600,49.9989,41.6662,41.6665,2.43121,1.78015,2.43121,2.10837,2.2014e-05,8.33271,0.0499875,1
18660,49.9989,41.6663,41.6665,2.42992,1.77919,2.42992,2.10704,2.2e-05,8.33268,0.0499875,1
18720,49.9989,41.6663,41.6665,2.42863,1.77822,2.42863,2.10573,2.1986e-05,8.33265,0.0499875,1
18780,49.9989,41.6663,41.6665,2.42733,1.77726,2.42733,2.10441,2.1972e-05,8.33263,0.0499875,1
18840,49.9989,41.6663,41.6666,2.42603,1.7763,2.42603,2.10309,2.1958e-05,8.3326,0.0499875,1
18900,49.9989,41.6664,41.6666,2.42472,1.77535,2.42472,2.10177,2.1944e-05,8.33258,0.0499875,1
18960,49.9989,41.6664,41.6666,2.42341,1.77439,2.42341,2.10046,2.193e-05,8.33256,0.0499875,1
19020,49.9989,41.6664,41.6666,2.4221,1.77344,2.4221,2.09914,2.1916e-05,8.33254,0.0499875,1
19080,49.9989,41.6664,41.6666,2.42078,1.77249,2.42078,2.09783,2.1902e-05,8.33252,0.0499875,1
19140,49.9989,41.6664,41.6666,2.41945,1.77155,2.41945,2.09651,2.1888e-05,8.3325,0.0499875,1
19200,49.9989,41.6665,41.6666,2.41813,1.7706,2.41813,2.0952,2.1874e-05,8.33248,0.0499875,1
19260,49.9989,41.6665,41.6666,2.41679,1.76966,2.41679,2.09389,2.186e-05,8.33246,0.0499875,1
19320,49.9989,41.6665,41.6666,2.41546,1.76872,2.41546,2.09258,2.1846e-05,8.33244,0.0499875,1
19380,49.9989,41.6665,41.6666,2.41412,1.76779,2.41412,2.09127,2.1832e-05,8.33243,0.0499875,1
19440,49.9989,41.6665,41.6667,2.41278,1.76685,2.41278,2.08996,2.1818e-05,8.33241,0.0499875,1
19500,49.9989,41.6665,41.6667,2.41143,1.76592,2.41143,2.08865,2.1804e-05,8.3324,0.0499875,1
19560,49.9989,41.6666,41.6667,2.41008,1.76499,2.41008,2.08734,2.179e-05,8.33238,0.0499875,1
19620,49.9989,41.6666,41.6667,2.40872,1.76406,2.40872,2.08603,2.1776e-05,8.33237,0.0499875,1
19680,49.9989,41.6666,41.6667,2.40736,1.76314,2.40736,2.08473,2.1762e-05,8.33236,0.0499875,1
19740,49.9989,41.6666,41.6667,2.406,1.76221,2.406,2.08342,2.17479e-05,8.33235,0.0499875,1
19800,49.9989,41.6666,41.6667,2.40463,1.76129,2.40463,2.08212,2.17339e-05,8.33233,0.0499875,1
19860,49.9989,41.6666,41.6667,2.40326,1.76036,2.40326,2.08081,2.1722e-05,8.33232,0.0499875,1
19920,49.9989,41.6666,41.6667,2.40189,1.75944,2.40189,2.07951,2.17101e-05,8.33231,0.0499875,1
19980,49.9989,41.6666,41.6667,2.40051,1.75851,2.40051,2.07821,2.16982e-05,8.3323,0.0499875,1
20040,49.9989,41.6666,41.6667,2.39913,1.75758,2.39913,2.07691,2.16862e-05,8.33229,0.0499875,1
20100,49.9989,41.6666,41.6667,2.39775,1.75665,2.39775,2.07561,2.16743e-05,8.33229,0.0499875,1
20160,49.9989,41.6667,41.6667,2.39636,1.75572,2.39636,2.07431,2.16624e-05,8.33228,0.0499875,1
20220,49.9989,41.6667,41.6667,2.39497,1.75479,2.39497,2.07301,2.16505e-05,8.33227,0.0499875,1
20280,49.9989,41.6667,41.6667,2.39357,1.75386,2.39357,2.07171,2.16385e-05,8.33226,0.0499875,1
20340,49.9989,41.6667,41.6667,2.39218,1.75293,2.39218,2.07041,2.16266e-05,8.33225,0.0499875,1
20400,49.9989,41.6667,41.6667,2.39078,1.75201,2.39078,2.06911,2.16147e-05,8.33225,0.0499875,1
20460,49.9989,41.6667,41.6668,2.38938,1.75108,2.38938,2.06782,2.16027e-05,8.33224,0.0499875,1
20520,49.9989,41.6667,41.6668,2.38797,1.75015,2.38797,2.06652,2.15908e-05,8.33223,0.0499875,1
20580,49.9989,41.6667,41.6668,2.38656,1.74923,2.38656,2.06522,2.15789e-05,8.33223,0.0499875,1
20640,49.9989,41.6667,41.6668,2.38515,1.7483,2.38515,2.06393,2.1567e-05,8.33222,0.0499875,1
20700,49.9989,41.6667,41.6668,2.38374,1.74738,2.38374,2.06264,2.1555e-05,8.33222,0.0499875,1
20760,49.9989,41.6667,41.6668,2.38232,1.74646,2.38232,2.06134,2.15431e-05,8.33221,0.0499875,1
20820,49.9989,41.6667,41.6668,2.3809,1.74554,2.3809,2.06005,2.15312e-05,8.33221,0.0499875,1
20880,49.9989,41.6667,41.6668,2.37947,1.74462,2.37947,2.05876,2.15193e-05,8.3322,0.0499875,1
20940,49.9989,41.6667,41.6668,2.37805,1.7437,2.37805,2.05747,2.15073e-05,8.3322,0.0499875,1
21000,49.9989,41.6667,41.6668,2.37662,1.74278,2.37662,2.05618,2.14954e-05,8.33219,0.0499875,1
21060,49.9989,41.6667,41.6668,2.37519,1.74186,2.37519,2.05489,2.14835e-05,8.33219,0.0499875,1
21120,49.9989,41.6668,41.6668,2.37375,1.74095,2.37375,2.0536,2.14715e-05,8.33218,0.0499875,1
21180,49.9989,41.6668,41.6668,2.37232,1.74003,2.37232,2.05231,2.14596e-05,8.33218,0.0499875,1
21240,49.9989,41.6668,41.6668,2.37088,1.73912,2.37088,2.05103,2.14477e-05,8.33218,0.0499875,1
21300,49.9989,41.6668,41.6668,2.36944,1.7382,2.36944,2.04974,2.14358e-05,8.33217,0.0499875,1
21360,49.9989,41.6668,41.6668,2.36799,1.73729,2.36799,2.04845,2.14238e-05,8.33217,0.0499875,1
21420,49.9989,41.6668,41.6668,2.36655,1.73638,2.36655,2.04717,2.14119e-05,8.33217,0.0499875,1
21480,49.9989,41.6668,41.6668,2.3651,1.73547,2.3651,2.04588,2.14e-05,8.33216,0.0499875,1
21540,49.9989,41.6668,41.6668,2.36364,1.73456,2.36364,2.0446,2.13881e-05,8.33216,0.0499875,1
21600,49.9989,41.6668,41.6668,2.36219,1.73365,2.36219,2.04332,2.13761e-05,8.33216,0.0499875,1
21660,49.9989,41.6668,41.6668,2.36073,1.73274,2.36073,2.04204,2.13668e-05,8.33216,0.0499875,1
21720,49.9989,41.6668,41.6668,2.35928,1.73182,2.35928,2.04075,2.13575e-05,8.33215,0.0499875,1
21780,49.9989,41.6668,41.6668,2.35782,1.7309,2.35782,2.03947,2.13481e-05,8.33215,0.0499875,1
21840,49.9989,41.6668,41.6668,2.35635,1.72998,2.35635,2.03819,2.13388e-05,8.33215,0.0499875,1
21900,49.9989,41.6668,41.6668,2.35489,1.72905,2.35489,2.03691,2.13294e-05,8.33215,0.0499875,1
21960,49.9989,41.6668,41.6668,2.35342,1.72812,2.35342,2.03563,2.13201e-05,8.33215,0.0499875,1
22020,49.9989,41.6668,41.6668,2.35196,1.7272,2.35196,2.03435,2.13108e-05,8.33214,0.0499875,1
22080,49.9989,41.6668,41.6668,2.35049,1.72627,2.35049,2.03307,2.13014e-05,8.33214,0.0499875,1
22140,49.9989,41.6668,41.6668,2.34902,1.72534,2.34902,2.0318,2.12921e-05,8.33214,0.0499875,1
22200,49.9989,41.6668,41.6668,2.34754,1.72441,2.34754,2.03052,2.12828e-05,8.33214,0.0499875,1
22260,49.9989,41.6668,41.6668,2.34607,1.72348,2.34607,2.02924,2.12734e-05,8.33214,0.0499875,1
22320,49.9989,41.6668,41.6668,2.34459,1.72255,2.34459,2.02797,2.12641e-05,8.33214,0.0499875,1
22380,49.9989,41.6668,41.6668,2.34311,1.72162,2.34311,2.02669,2.12548e-05,8.33213,0.0499875,1
22440,49.9989,41.6668,41.6668,2.34163,1.72069,2.34163,2.02542,2.12454e-05,8.33213,0.0499875,1
22500,49.9989,41.6668,41.6668,2.34015,1.71976,2.34015,2.02414,2.12361e-05,8.33213,0.0499875,1
22560,49.9989,41.6668,41.6668,2.33867,1.71883,2.33867,2.02287,2.12268e-05,8.33213,0.0499875,1
22620,49.9989,41.6668,41.6668,2.33718,1.7179,2.33718,2.02159,2.12174e-05,8.33213,0.0499875,1
22680,49.9989,41.6668,41.6668,2.3357,1.71697,2.3357,2.02032,2.12081e-05,8.33213,0.0499875,1
22740,49.9989,41.6668,41.6668,2.33421,1.71603,2.33421,2.01905,2.11988e-05,8.33213,0.0499875,1
22800,49.9989,41.6668,41.6668,2.33272,1.7151,2.33272,2.01778,2.11894e-05,8.33213,0.0499875,1
22860,49.9989,41.6668,41.6668,2.33123,1.71417,2.33123,2.01651,2.11801e-05,8.33213,0.0499875,1
22920,49.9989,41.6668,41.6668,2.32974,1.71324,2.32974,2.01524,2.11708e-05,8.33212,0.0499875,1
22980,49.9989,41.6668,41.6668,2.32825,1.71231,2.32825,2.01397,2.11614e-05,8.33212,0.0499875,1
23040,49.9989,41.6668,41.6668,2.32675,1.71138,2.32675,2.0127,2.11521e-05,8.33212,0.0499875,1
23100,49.9989,41.6668,41.6668,2.32526,1.71045,2.32526,2.01143,2.11428e-05,8.33212,0.0499875,1
23160,49.9989,41.6668,41.6668,2.32376,1.70952,2.32376,2.01016,2.11334e-05,8.33212,0.0499875,1
23220,49.9989,41.6668,41.6668,2.32226,1.70859,2.32226,2.00889,2.11241e-05,8.33212,0.0499875,1
23280,49.9989,41.6668,41.6668,2.32076,1.70766,2.32076,2.00763,2.11148e-05,8.33212,0.0499875,1
23340,49.9989,41.6668,41.6668,2.31926,1.70673,2.31926,2.00636,2.11054e-05,8.33212,0.0499875,1
23400,49.9989,41.6668,41.6668,2.31776,1.7058,2.31776,2.00509,2.10961e-05,8.33212,0.0499875,1
23460,49.9989,41.6668,41.6668,2.31626,1.70487,2.31626,2.00383,2.10862e-05,8.33212,0.0499875,1
23520,49.9989,41.6668,41.6668,2.31475,1.70395,2.31475,2.00256,2.10764e-05,8.33212,0.0499875,1
23580,49.9989,41.6668,41.6668,2.31325,1.70302,2.31325,2.0013,2.10665e-05,8.33212,0.0499875,1
23640,49.9989,41.6668,41.6668,2.31174,1.7021,2.31174,2.00003,2.10567e-05,8.33212,0.0499875,1
23700,49.9989,41.6668,41.6668,2.31023,1.70117,2.31023,1.99877,2.10468e-05,8.33212,0.0499875,1
23760,49.9989,41.6668,41.6668,2.30873,1.70025,2.30873,1.99751,2.1037e-05,8.33212,0.0499875,1
23820,49.9989,41.6668,41.6668,2.30722,1.69933,2.30722,1.99625,2.10271e-05,8.33212,0.0499875,1
23880,49.9989,41.6668,41.6668,2.30571,1.69841,2.30571,1.99499,2.10173e-05,8.33212,0.0499875,1
23940,49.9989,41.6668,41.6668,2.30419,1.69749,2.30419,1.99372,2.10074e-05,8.33211,0.0499875,1
24000,49.9989,41.6668,41.6668,2.30268,1.69657,2.30268,1.99246,2.09976e-05,8.33211,0.0499875,1
24060,49.9989,41.6668,41.6668,2.30117,1.69565,2.30117,1.9912,2.09877e-05,8.33211,0.0499875,1
24120,49.9989,41.6668,41.6668,2.29965,1.69473,2.29965,1.98995,2.09778e-05,8.33211,0.0499875,1
24180,49.9989,41.6668,41.6668,2.29814,1.69381,2.29814,1.98869,2.0968e-05,8.33211,0.0499875,1
24240,49.9989,41.6668,41.6668,2.29662,1.6929,2.29662,1.98743,2.09581e-05,8.33211,0.0499875,1
24300,49.9989,41.6668,41.6668,2.2951,1.69198,2.2951,1.98617,2.09483e-05,8.33211,0.0499875,1
24360,49.9989,41.6668,41.6668,2.29358,1.69107,2.29358,1.98492,2.09384e-05,8.33211,0.0499875,1
24420,49.9989,41.6668,41.6668,2.29206,1.69015,2.29206,1.98366,2.09286e-05,8.33211,0.0499875,1
24480,49.9989,41.6668,41.6668,2.29054,1.68924,2.29054,1.9824,2.09187e-05,8.33211,0.0499875,1
24540,49.9989,41.6668,41.6668,2.28902,1.68832,2.28902,1.98115,2.09089e-05,8.33211,0.0499875,1
24600,49.9989,41.6668,41.6668,2.2875,1.68741,2.2875,1.9799,2.0899e-05,8.33211,0.0499875,1
24660,49.9989,41.6668,41.6668,2.28598,1.6865,2.28598,1.97864,2.08892e-05,8.33211,0.0499875,1
24720,49.9989,41.6668,41.6668,2.28445,1.68559,2.28445,1.97739,2.08793e-05,8.33211,0.0499875,1
24780,49.9989,41.6668,41.6668,2.28293,1.68468,2.28293,1.97614,2.08695e-05,8.33211,0.0499875,1
24840,49.9989,41.6668,41.6668,2.2814,1.68377,2.2814,1.97488,2.08596e-05,8.33211,0.0499875,1
24900,49.9989,41.6668,41.6668,2.27988,1.68286,2.27988,1.97363,2.08498e-05,8.33211,0.0499875,1
24960,49.9989,41.6668,41.6668,2.27835,1.68195,2.27835,1.97238,2.08399e-05,8.33211,0.0499875,1
25020,49.9989,41.6668,41.6668,2.27682,1.68104,2.27682,1.97113,2.08301e-05,8.33211,0.0499875,1
25080,49.9989,41.6668,41.6668,2.27529,1.68014,2.27529,1.96988,2.08202e-05,8.33211,0.0499875,1
25140,49.9989,41.6668,41.6668,2.27377,1.67923,2.27377,1.96863,2.08103e-05,8.33211,0.0499875,1
25200,49.9989,41.6668,41.6668,2.27224,1.67832,2.27224,1.96739,2.08005e-05,8.33211,0.0499875,1
25260,49.9989,41.6668,41.6668,2.27071,1.67741,2.27071,1.96614,2.07922e-05,8.33211,0.0499875,1
25320,49.9989,41.6668,41.6668,2.26918,1.6765,2.26918,1.96489,2.07839e-05,8.33211,0.0499875,1
25380,49.9989,41.6668,41.6668,2.26765,1.67559,2.26765,1.96364,2.07756e-05,8.33211,0.0499875,1
25440,49.9989,41.6668,41.6668,2.26612,1.67467,2.26612,1.9624,2.07673e-05,8.33211,0.0499875,1
25500,49.9989,41.6668,41.6668,2.26459,1.67376,2.26459,1.96115,2.0759e-05,8.33211,0.0499875,1
25560,49.9989,41.6668,41.6668,2.26305,1.67284,2.26305,1.95991,2.07507e-05,8.33211,0.0499875,1
25620,49.9989,41.6668,41.6668,2.26152,1.67192,2.26152,1.95866,2.07424e-05,8.33211,0.0499875,1
25680,49.9989,41.6668,41.6668,2.25999,1.671,2.25999,1.95742,2.07341e-05,8.33211,0.0499875,1
25740,49.9989,41.6668,41.6668,2.25846,1.67009,2.25846,1.95617,2.07258e-05,8.33211,0.0499875,1
25800,49.9989,41.6668,41.6668,2.25693,1.66917,2.25693,1.95493,2.07175e-05,8.33211,0.0499875,1
25860,49.9989,41.6668,41.6668,2.25539,1.66825,2.25539,1.95369,2.07092e-05,8.33211,0.0499875,1
25920,49.9989,41.6668,41.6668,2.25386,1.66733,2.25386,1.95245,2.07009e-05,8.33211,0.0499875,1
25980,49.9989,41.6668,41.6668,2.25233,1.66641,2.25233,1.9512,2.06926e-05,8.33211,0.0499875,1
26040,49.9989,41.6668,41.6668,2.25079,1.66549,2.25079,1.94996,2.06843e-05,8.33211,0.0499875,1
26100,49.9989,41.6668,41.6668,2.24926,1.66457,2.24926,1.94872,2.0676e-05,8.33211,0.0499875,1
26160,49.9989,41.6668,41.6668,2.24773,1.66365,2.24773,1.94748,2.06677e-05,8.33211,0.0499875,1
26220,49.9989,41.6668,41.6668,2.24619,1.66273,2.24619,1.94624,2.06594e-05,8.33211,0.0499875,1
26280,49.9989,41.6668,41.6668,2.24466,1.66181,2.24466,1.945,2.06511e-05,8.33211,0.0499875,1
26340,49.9989,41.6668,41.6668,2.24313,1.66089,2.24313,1.94376,2.06428e-05,8.33211,0.0499875,1
26400,49.9989,41.6668,41.6668,2.24159,1.65997,2.24159,1.94252,2.06345e-05,8.33211,0.0499875,1
26460,49.9989,41.6668,41.6668,2.24006,1.65905,2.24006,1.94129,2.06262e-05,8.33211,0.0499875,1
26520,49.9989,41.6668,41.6668,2.23853,1.65813,2.23853,1.94005,2.06179e-05,8.33211,0.0499875,1
26580,49.9989,41.6668,41.6668,2.23699,1.65721,2.23699,1.93881,2.06097e-05,8.33211,0.0499875,1
26640,49.9989,41.6668,41.6668,2.23546,1.65629,2.23546,1.93758,2.06014e-05,8.33211,0.0499875,1
26700,49.9989,41.6668,41.6668,2.23392,1.65537,2.23392,1.93634,2.05931e-05,8.33211,0.0499875,1
26760,49.9989,41.6668,41.6668,2.23239,1.65445,2.23239,1.93511,2.05848e-05,8.33211,0.0499875,1
26820,49.9989,41.6668,41.6668,2.23086,1.65353,2.23086,1.93387,2.05765e-05,8.33211,0.0499875,1
26880,49.9989,41.6668,41.6668,2.22932,1.65261,2.22932,1.93264,2.05682e-05,8.33211,0.0499875,1
26940,49.9989,41.6668,41.6668,2.22779,1.65169,2.22779,1.9314,2.05599e-05,8.33211,0.0499875,1
27000,49.9989,41.6668,41.6668,2.22625,1.65077,2.22625,1.93017,2.05516e-05,8.33211,0.0499875,1
27060,49.9989,41.6668,41.6668,2.22472,1.64984,2.22472,1.92894,2.05464e-05,8.33211,0.0499875,1
27120,49.9989,41.6668,41.6668,2.22319,1.6489,2.22319,1.9277,2.05412e-05,8.33211,0.0499875,1
27180,49.9989,41.6668,41.6668,2.22166,1.64797,2.22166,1.92647,2.0536e-05,8.33211,0.0499875,1
27240,49.9989,41.6668,41.6668,2.22012,1.64702,2.22012,1.92524,2.05308e-05,8.33211,0.0499875,1
27300,49.9989,41.6668,41.6668,2.21859,1.64608,2.21859,1.92401,2.05256e-05,8.33211,0.0499875,1
27360,49.9989,41.6668,41.6668,2.21706,1.64513,2.21706,1.92278,2.05205e-05,8.33211,0.0499875,1
27420,49.9989,41.6668,41.6668,2.21553,1.64418,2.21553,1.92154,2.05153e-05,8.33211,0.0499875,1
27480,49.9989,41.6668,41.6668,2.214,1.64322,2.214,1.92031,2.05101e-05,8.33211,0.0499875,1
27540,49.9989,41.6668,41.6668,2.21247,1.64227,2.21247,1.91908,2.05049e-05,8.33211,0.0499875,1
27600,49.9989,41.6668,41.6668,2.21094,1.64131,2.21094,1.91785,2.04997e-05,8.33211,0.0499875,1
27660,49.9989,41.6668,41.6668,2.20942,1.64035,2.20942,1.91662,2.04945e-05,8.33211,0.0499875,1
27720,49.9989,41.6668,41.6668,2.20789,1.63939,2.20789,1.91539,2.04893e-05,8.33211,0.0499875,1
27780,49.9989,41.6668,41.6668,2.20636,1.63843,2.20636,1.91416,2.04842e-05,8.33211,0.0499875,1
27840,49.9989,41.6668,41.6668,2.20484,1.63747,2.20484,1.91294,2.0479e-05,8.33211,0.0499875,1
27900,49.9989,41.6668,41.6668,2.20331,1.63651,2.20331,1.91171,2.04738e-05,8.33211,0.0499875,1
27960,49.9989,41.6668,41.6668,2.20179,1.63554,2.20179,1.91048,2.04686e-05,8.33211,0.0499875,1
28020,49.9989,41.6668,41.6668,2.20026,1.63457,2.20026,1.90925,2.04634e-05,8.33211,0.0499875,1
28080,49.9989,41.6668,41.6668,2.19874,1.63361,2.19874,1.90802,2.04582e-05,8.33211,0.0499875,1
28140,49.9989,41.6668,41.6668,2.19722,1.63264,2.19722,1.9068,2.0453e-05,8.33211,0.0499875,1
28200,49.9989,41.6668,41.6668,2.19569,1.63167,2.19569,1.90557,2.04479e-05,8.33211,0.0499875,1
28260,49.9989,41.6668,41.6668,2.19417,1.6307,2.19417,1.90434,2.04427e-05,8.33211,0.0499875,1
28320,49.9989,41.6668,41.6668,2.19265,1.62973,2.19265,1.90312,2.04375e-05,8.33211,0.0499875,1
28380,49.9989,41.6668,41.6668,2.19113,1.62875,2.19113,1.90189,2.04323e-05,8.33211,0.0499875,1
28440,49.9989,41.6668,41.6668,2.18961,1.62778,2.18961,1.90066,2.04271e-05,8.33211,0.0499875,1
28500,49.9989,41.6668,41.6668,2.1881,1.6268,2.1881,1.89944,2.04219e-05,8.33211,0.0499875,1
28560,49.9989,41.6668,41.6668,2.18658,1.62583,2.18658,1.89821,2.04167e-05,8.33211,0.0499875,1
28620,49.9989,41.6668,41.6668,2.18506,1.62485,2.18506,1.89699,2.04116e-05,8.33211,0.0499875,1
28680,49.9989,41.6668,41.6668,2.18355,1.62388,2.18355,1.89576,2.04064e-05,8.33211,0.0499875,1
28740,49.9989,41.6668,41.6668,2.18203,1.6229,2.18203,1.89454,2.04012e-05,8.33211,0.0499875,1
28800,49.9989,41.6668,41.6668,2.18052,1.62192,2.18052,1.89332,2.0396e-05,8.33211,0.0499875,1
28860,49.9989,41.6668,41.6668,2.179,1.62094,2.179,1.89209,2.03898e-05,8.33211,0.0499875,1
28920,49.9989,41.6668,41.6668,2.17749,1.61997,2.17749,1.89087,2.03835e-05,8.33211,0.0499875,1
28980,49.9989,41.6668,41.6668,2.17598,1.61899,2.17598,1.88965,2.03773e-05,8.33211,0.0499875,1
29040,49.9989,41.6668,41.6668,2.17447,1.61802,2.17447,1.88842,2.03711e-05,8.33211,0.0499875,1
29100,49.9989,41.6668,41.6668,2.17295,1.61705,2.17295,1.8872,2.03649e-05,8.33211,0.0499875,1
29160,49.9989,41.6668,41.6668,2.17144,1.61607,2.17144,1.88598,2.03587e-05,8.33211,0.0499875,1
29220,49.9989,41.6668,41.6668,2.16993,1.6151,2.16993,1.88476,2.03524e-05,8.33211,0.0499875,1
29280,49.9989,41.6668,41.6668,2.16842,1.61413,2.16842,1.88354,2.03462e-05,8.33211,0.0499875,1
29340,49.9989,41.6668,41.6668,2.16692,1.61316,2.16692,1.88232,2.034e-05,8.33211,0.0499875,1
29400,49.9989,41.6668,41.6668,2.16541,1.61219,2.16541,1.8811,2.03338e-05,8.33211,0.0499875,1
29460,49.9989,41.6668,41.6668,2.1639,1.61121,2.1639,1.87988,2.03275e-05,8.33211,0.0499875,1
29520,49.9989,41.6668,41.6668,2.1624,1.61024,2.1624,1.87866,2.03213e-05,8.33211,0.0499875,1
29580,49.9989,41.6668,41.6668,2.16089,1.60927,2.16089,1.87744,2.03151e-05,8.33211,0.0499875,1
29640,49.9989,41.6668,41.6668,2.15938,1.6083,2.15938,1.87622,2.03089e-05,8.33211,0.0499875,1
29700,49.9989,41.6668,41.6668,2.15788,1.60733,2.15788,1.875,2.03026e-05,8.33211,0.0499875,1
29760,49.9989,41.6668,41.6668,2.15638,1.60635,2.15638,1.87378,2.02964e-05,8.33211,0.0499875,1
29820,49.9989,41.6668,41.6668,2.15487,1.60538,2.15487,1.87257,2.02902e-05,8.33211,0.0499875,1
29880,49.9989,41.6668,41.6668,2.15337,1.60441,2.15337,1.87135,2.0284e-05,8.33211,0.0499875,1
29940,49.9989,41.6668,41.6668,2.15187,1.60344,2.15187,1.87013,2.02778e-05,8.33211,0.0499875,1
30000,49.9989,41.6668,41.6668,2.15037,1.60247,2.15037,1.86892,2.02715e-05,8.33211,0.0499875,1
30060,49.9989,41.6668,41.6668,2.14887,1.6015,2.14887,1.8677,2.02653e-05,8.33211,0.0499875,1
30120,49.9989,41.6668,41.6668,2.14737,1.60053,2.14737,1.86648,2.02591e-05,8.33211,0.0499875,1
30180,49.9989,41.6668,41.6668,2.14587,1.59955,2.14587,1.86527,2.02529e-05,8.33211,0.0499875,1
30240,49.9989,41.6668,41.6668,2.14437,1.59858,2.14437,1.86405,2.02466e-05,8.33211,0.0499875,1
30300,49.9989,41.6668,41.6668,2.14288,1.59761,2.14288,1.86284,2.02404e-05,8.33211,0.0499875,1
30360,49.9989,41.6668,41.6668,2.14138,1.59664,2.14138,1.86162,2.02342e-05,8.33211,0.0499875,1
30420,49.9989,41.6668,41.6668,2.13989,1.59567,2.13989,1.86041,2.0228e-05,8.33211,0.0499875,1
30480,49.9989,41.6668,41.6668,2.13839,1.5947,2.13839,1.8592,2.02217e-05,8.33211,0.0499875,1
30540,49.9989,41.6668,41.6668,2.1369,1.59373,2.1369,1.85798,2.02155e-05,8.33211,0.0499875,1
30600,49.9989,41.6668,41.6668,2.1354,1.59275,2.1354,1.85677,2.02093e-05,8.33211,0.0499875,1
30660,49.9989,41.6668,41.6668,2.13391,1.59178,2.13391,1.85556,2.02052e-05,8.33211,0.0499875,1
30720,49.9989,41.6668,41.6668,2.13242,1.5908,2.13242,1.85435,2.0201e-05,8.33211,0.0499875,1
30780,49.9989,41.6668,41.6668,2.13093,1.58981,2.13093,1.85313,2.01969e-05,8.33211,0.0499875,1
30840,49.9989,41.6668,41.6668,2.12944,1.58882,2.12944,1.85192,2.01927e-05,8.33211,0.0499875,1
30900,49.9989,41.6668,41.6668,2.12795,1.58783,2.12795,1.85071,2.01886e-05,8.33211,0.0499875,1
30960,49.9989,41.6668,41.6668,2.12647,1.58684,2.12647,1.8495,2.01844e-05,8.33211,0.0499875,1
31020,49.9989,41.6668,41.6668,2.12498,1.58585,2.12498,1.84829,2.01803e-05,8.33211,0.0499875,1
31080,49.9989,41.6668,41.6668,2.1235,1.58486,2.1235,1.84708,2.01761e-05,8.33211,0.0499875,1
31140,49.9989,41.6668,41.6668,2.12201,1.58386,2.12201,1.84587,2.0172e-05,8.33211,0.0499875,1
31200,49.9989,41.6668,41.6668,2.12053,1.58287,2.12053,1.84466,2.01678e-05,8.33211,0.0499875,1
31260,49.9989,41.6668,41.6668,2.11905,1.58187,2.11905,1.84345,2.01637e-05,8.33211,0.0499875,1
31320,49.9989,41.6668,41.6668,2.11757,1.58087,2.11757,1.84224,2.01595e-05,8.33211,0.0499875,1
31380,49.9989,41.6668,41.6668,2.11609,1.57987,2.11609,1.84103,2.01554e-05,8.33211,0.0499875,1
31440,49.9989,41.6668,41.6668,2.11461,1.57887,2.11461,1.83982,2.01512e-05,8.33211,0.0499875,1
31500,49.9989,41.6668,41.6668,2.11314,1.57787,2.11314,1.83861,2.01471e-05,8.33211,0.0499875,1
31560,49.9989,41.6668,41.6668,2.11166,1.57686,2.11166,1.8374,2.01429e-05,8.33211,0.0499875,1
31620,49.9989,41.6668,41.6668,2.11018,1.57586,2.11018,1.83619,2.01388e-05,8.33211,0.0499875,1
31680,49.9989,41.6668,41.6668,2.10871,1.57486,2.10871,1.83499,2.01346e-05,8.33211,0.0499875,1
31740,49.9989,41.6668,41.6668,2.10724,1.57385,2.10724,1.83378,2.01305e-05,8.33211,0.0499875,1
31800,49.9989,41.6668,41.6668,2.10577,1.57285,2.10577,1.83257,2.01263e-05,8.33211,0.0499875,1
31860,49.9989,41.6668,41.6668,2.1043,1.57184,2.1043,1.83136,2.01222e-05,8.33211,0.0499875,1
31920,49.9989,41.6668,41.6668,2.10283,1.57083,2.10283,1.83016,2.0118e-05,8.33211,0.0499875,1
31980,49.9989,41.6668,41.6668,2.10136,1.56982,2.10136,1.82895,2.01139e-05,8.33211,0.0499875,1
32040,49.9989,41.6668,41.6668,2.09989,1.56881,2.09989,1.82774,2.01097e-05,8.33211,0.0499875,1
32100,49.9989,41.6668,41.6668,2.09843,1.5678,2.09843,1.82654,2.01056e-05,8.33211,0.0499875,1
32160,49.9989,41.6668,41.6668,2.09696,1.56679,2.09696,1.82533,2.01014e-05,8.33211,0.0499875,1
32220,49.9989,41.6668,41.6668,2.0955,1.56578,2.0955,1.82412,2.00973e-05,8.33211,0.0499875,1
32280,49.9989,41.6668,41.6668,2.09403,1.56477,2.09403,1.82292,2.00931e-05,8.33211,0.0499875,1
32340,49.9989,41.6668,41.6668,2.09257,1.56376,2.09257,1.82171,2.0089e-05,8.33211,0.0499875,1
32400,49.9989,41.6668,41.6668,2.09111,1.56275,2.09111,1.82051,2.00848e-05,8.33211,0.0499875,1
32460,49.9989,41.6668,41.6668,2.08965,1.56173,2.08965,1.8193,2.00797e-05,8.33211,0.0499875,1
32520,49.9989,41.6668,41.6668,2.08819,1.56073,2.08819,1.8181,2.00745e-05,8.33211,0.0499875,1
32580,49.9989,41.6668,41.6668,2.08674,1.55972,2.08674,1.81689,2.00693e-05,8.33211,0.0499875,1
32640,49.9989,41.6668,41.6668,2.08528,1.55871,2.08528,1.81569,2.00641e-05,8.33211,0.0499875,1
32700,49.9989,41.6668,41.6668,2.08382,1.5577,2.08382,1.81448,2.00589e-05,8.33211,0.0499875,1
32760,49.9989,41.6668,41.6668,2.08237,1.5567,2.08237,1.81328,2.00537e-05,8.33211,0.0499875,1
32820,49.9989,41.6668,41.6668,2.08091,1.55569,2.08091,1.81208,2.00485e-05,8.33211,0.0499875,1
32880,49.9989,41.6668,41.6668,2.07946,1.55469,2.07946,1.81088,2.00434e-05,8.33211,0.0499875,1
32940,49.9989,41.6668,41.6668,2.07801,1.55368,2.07801,1.80967,2.00382e-05,8.33211,0.0499875,1
33000,49.9989,41.6668,41.6668,2.07656,1.55267,2.07656,1.80847,2.0033e-05,8.33211,0.0499875,1
33060,49.9989,41.6668,41.6668,2.07511,1.55167,2.07511,1.80727,2.00278e-05,8.33211,0.0499875,1
33120,49.9989,41.6668,41.6668,2.07366,1.55066,2.07366,1.80607,2.00226e-05,8.33211,0.0499875,1
33180,49.9989,41.6668,41.6668,2.07221,1.54966,2.07221,1.80487,2.00174e-05,8.33211,0.0499875,1
33240,49.9989,41.6668,41.6668,2.07076,1.54866,2.07076,1.80367,2.00122e-05,8.33211,0.0499875,1
33300,49.9989,41.6668,41.6668,2.06932,1.54765,2.06932,1.80247,2.00071e-05,8.33211,0.0499875,1
33360,49.9989,41.6668,41.6668,2.06787,1.54665,2.06787,1.80126,2.00019e-05,8.33211,0.0499875,1
33420,49.9989,41.6668,41.6668,2.06643,1.54564,2.06643,1.80006,1.99967e-05,8.33211,0.0499875,1
33480,49.9989,41.6668,41.6668,2.06498,1.54464,2.06498,1.79887,1.99915e-05,8.33211,0.0499875,1
33540,49.9989,41.6668,41.6668,2.06354,1.54363,2.06354,1.79767,1.99863e-05,8.33211,0.0499875,1
33600,49.9989,41.6668,41.6668,2.0621,1.54263,2.0621,1.79647,1.99811e-05,8.33211,0.0499875,1
33660,49.9989,41.6668,41.6668,2.06066,1.54162,2.06066,1.79527,1.99759e-05,8.33211,0.0499875,1
33720,49.9989,41.6668,41.6668,2.05922,1.54062,2.05922,1.79407,1.99708e-05,8.33211,0.0499875,1
33780,49.9989,41.6668,41.6668,2.05778,1.53962,2.05778,1.79287,1.99656e-05,8.33211,0.0499875,1
33840,49.9989,41.6668,41.6668,2.05634,1.53861,2.05634,1.79167,1.99604e-05,8.33211,0.0499875,1
33900,49.9989,41.6668,41.6668,2.0549,1.53761,2.0549,1.79048,1.99552e-05,8.33211,0.0499875,1
33960,49.9989,41.6668,41.6668,2.05346,1.5366,2.05346,1.78928,1.995e-05,8.33211,0.0499875,1
34020,49.9989,41.6668,41.6668,2.05203,1.5356,2.05203,1.78808,1.99448e-05,8.33211,0.0499875,1
34080,49.9989,41.6668,41.6668,2.05059,1.5346,2.05059,1.78689,1.99396e-05,8.33211,0.0499875,1
34140,49.9989,41.6668,41.6668,2.04916,1.53359,2.04916,1.78569,1.99345e-05,8.33211,0.0499875,1
34200,49.9989,41.6668,41.6668,2.04773,1.53259,2.04773,1.78449,1.99293e-05,8.33211,0.0499875,1
34260,49.9989,41.6668,41.6668,2.0463,1.53158,2.0463,1.7833,1.99251e-05,8.33211,0.0499875,1
34320,49.9989,41.6668,41.6668,2.04486,1.53057,2.04486,1.7821,1.9921e-05,8.33211,0.0499875,1
34380,49.9989,41.6668,41.6668,2.04343,1.52956,2.04343,1.78091,1.99168e-05,8.33211,0.0499875,1
34440,49.9989,41.6668,41.6668,2.04201,1.52855,2.04201,1.77971,1.99127e-05,8.33211,0.0499875,1
34500,49.9989,41.6668,41.6668,2.04058,1.52754,2.04058,1.77852,1.99085e-05,8.33211,0.0499875,1
34560,49.9989,41.6668,41.6668,2.03915,1.52652,2.03915,1.77732,1.99044e-05,8.33211,0.0499875,1
34620,49.9989,41.6668,41.6668,2.03772,1.52551,2.03772,1.77613,1.99002e-05,8.33211,0.0499875,1
34680,49.9989,41.6668,41.6668,2.0363,1.5245,2.0363,1.77494,1.98961e-05,8.33211,0.0499875,1
34740,49.9989,41.6668,41.6668,2.03488,1.52348,2.03488,1.77374,1.98919e-05,8.33211,0.0499875,1
34800,49.9989,41.6668,41.6668,2.03345,1.52246,2.03345,1.77255,1.98878e-05,8.33211,0.0499875,1
34860,49.9989,41.6668,41.6668,2.03203,1.52145,2.03203,1.77136,1.98836e-05,8.33211,0.0499875,1
34920,49.9989,41.6668,41.6668,2.03061,1.52043,2.03061,1.77016,1.98795e-05,8.33211,0.0499875,1
34980,49.9989,41.6668,41.6668,2.02919,1.51941,2.02919,1.76897,1.98753e-05,8.33211,0.0499875,1
35040,49.9989,41.6668,41.6668,2.02777,1.5184,2.02777,1.76778,1.98712e-05,8.33211,0.0499875,1
35100,49.9989,41.6668,41.6668,2.02635,1.51738,2.02635,1.76659,1.9867e-05,8.33211,0.0499875,1
35160,49.9989,41.6668,41.6668,2.02494,1.51636,2.02494,1.76539,1.98629e-05,8.33211,0.0499875,1
35220,49.9989,41.6668,41.6668,2.02352,1.51534,2.02352,1.7642,1.98587e-05,8.33211,0.0499875,1
35280,49.9989,41.6668,41.6668,2.02211,1.51432,2.02211,1.76301,1.98546e-05,8.33211,0.0499875,1
35340,49.9989,41.6668,41.6668,2.02069,1.5133,2.02069,1.76182,1.98504e-05,8.33211,0.0499875,1
35400,49.9989,41.6668,41.6668,2.01928,1.51228,2.01928,1.76063,1.98463e-05,8.33211,0.0499875,1
35460,49.9989,41.6668,41.6668,2.01787,1.51126,2.01787,1.75944,1.98421e-05,8.33211,0.0499875,1
35520,49.9989,41.6668,41.6668,2.01646,1.51024,2.01646,1.75825,1.9838e-05,8.33211,0.0499875,1
35580,49.9989,41.6668,41.6668,2.01505,1.50921,2.01505,1.75706,1.98338e-05,8.33211,0.0499875,1
35640,49.9989,41.6668,41.6668,2.01364,1.50819,2.01364,1.75587,1.98297e-05,8.33211,0.0499875,1
35700,49.9989,41.6668,41.6668,2.01223,1.50717,2.01223,1.75468,1.98255e-05,8.33211,0.0499875,1
35760,49.9989,41.6668,41.6668,2.01082,1.50615,2.01082,1.75349,1.98214e-05,8.33211,0.0499875,1
35820,49.9989,41.6668,41.6668,2.00942,1.50512,2.00942,1.7523,1.98173e-05,8.33211,0.0499875,1
35880,49.9989,41.6668,41.6668,2.00801,1.5041,2.00801,1.75111,1.98131e-05,8.33211,0.0499875,1
35940,49.9989,41.6668,41.6668,2.00661,1.50308,2.00661,1.74992,1.9809e-05,8.33211,0.0499875,1
36000,49.9989,41.6668,41.6668,2.00521,1.50205,2.00521,1.74873,1.98048e-05,8.33211,0.0499875,1
36060,49.9989,41.6668,41.6668,2.0038,1.50103,2.0038,1.74754,1.98012e-05,8.33211,0.0499875,1
36120,49.9989,41.6668,41.6668,2.0024,1.5,2.0024,1.74636,1.97975e-05,8.33211,0.0499875,1
36180,49.9989,41.6668,41.6668,2.001,1.49897,2.001,1.74517,1.97939e-05,8.33211,0.0499875,1
36240,49.9989,41.6668,41.6668,1.9996,1.49795,1.9996,1.74398,1.97903e-05,8.33211,0.0499875,1
36300,49.9989,41.6668,41.6668,1.99821,1.49692,1.99821,1.74279,1.97867e-05,8.33211,0.0499875,1
36360,49.9989,41.6668,41.6668,1.99681,1.49589,1.99681,1.74161,1.9783e-05,8.33211,0.0499875,1
36420,49.9989,41.6668,41.6668,1.99541,1.49486,1.99541,1.74042,1.97794e-05,8.33211,0.0499875,1
36480,49.9989,41.6668,41.6668,1.99402,1.49383,1.99402,1.73923,1.97758e-05,8.33211,0.0499875,1
36540,49.9989,41.6668,41.6668,1.99262,1.49279,1.99262,1.73805,1.97721e-05,8.33211,0.0499875,1
36600,49.9989,41.6668,41.6668,1.99123,1.49176,1.99123,1.73686,1.97685e-05,8.33211,0.0499875,1
36660,49.9989,41.6668,41.6668,1.98984,1.49073,1.98984,1.73568,1.97649e-05,8.33211,0.0499875,1
36720,49.9989,41.6668,41.6668,1.98845,1.4897,1.98845,1.73449,1.97612e-05,8.33211,0.0499875,1
36780,49.9989,41.6668,41.6668,1.98706,1.48866,1.98706,1.7333,1.97576e-05,8.33211,0.0499875,1
36840,49.9989,41.6668,41.6668,1.98567,1.48763,1.98567,1.73212,1.9754e-05,8.33211,0.0499875,1
36900,49.9989,41.6668,41.6668,1.98428,1.48659,1.98428,1.73093,1.97504e-05,8.33211,0.0499875,1
36960,49.9989,41.6668,41.6668,1.98289,1.48556,1.98289,1.72975,1.97467e-05,8.33211,0.0499875,1
37020,49.9989,41.6668,41.6668,1.98151,1.48452,1.98151,1.72856,1.97431e-05,8.33211,0.0499875,1
37080,49.9989,41.6668,41.6668,1.98012,1.48349,1.98012,1.72738,1.97395e-05,8.33211,0.0499875,1
37140,49.9989,41.6668,41.6668,1.97874,1.48245,1.97874,1.72619,1.97358e-05,8.33211,0.0499875,1
37200,49.9989,41.6668,41.6668,1.97735,1.48141,1.97735,1.72501,1.97322e-05,8.33211,0.0499875,1
37260,49.9989,41.6668,41.6668,1.97597,1.48038,1.97597,1.72383,1.97286e-05,8.33211,0.0499875,1
37320,49.9989,41.6668,41.6668,1.97459,1.47934,1.97459,1.72264,1.97249e-05,8.33211,0.0499875,1
37380,49.9989,41.6668,41.6668,1.97321,1.4783,1.97321,1.72146,1.97213e-05,8.33211,0.0499875,1
37440,49.9989,41.6668,41.6668,1.97183,1.47727,1.97183,1.72028,1.97177e-05,8.33211,0.0499875,1
37500,49.9989,41.6668,41.6668,1.97045,1.47623,1.97045,1.71909,1.97141e-05,8.33211,0.0499875,1
37560,49.9989,41.6668,41.6668,1.96907,1.47519,1.96907,1.71791,1.97104e-05,8.33211,0.0499875,1
37620,49.9989,41.6668,41.6668,1.96769,1.47415,1.96769,1.71673,1.97068e-05,8.33211,0.0499875,1
37680,49.9989,41.6668,41.6668,1.96632,1.47311,1.96632,1.71555,1.97032e-05,8.33211,0.0499875,1
37740,49.9989,41.6668,41.6668,1.96494,1.47207,1.96494,1.71436,1.96995e-05,8.33211,0.0499875,1
37800,49.9989,41.6668,41.6668,1.96357,1.47103,1.96357,1.71318,1.96959e-05,8.33211,0.0499875,1
37860,49.9989,41.6668,41.6668,1.9622,1.46999,1.9622,1.712,1.96928e-05,8.33211,0.0499875,1
37920,49.9989,41.6668,41.6668,1.96082,1.46895,1.96082,1.71082,1.96897e-05,8.33211,0.0499875,1
37980,49.9989,41.6668,41.6668,1.95945,1.46791,1.95945,1.70964,1.96866e-05,8.33211,0.0499875,1
38040,49.9989,41.6668,41.6668,1.95808,1.46686,1.95808,1.70846,1.96835e-05,8.33211,0.0499875,1
38100,49.9989,41.6668,41.6668,1.95671,1.46582,1.95671,1.70728,1.96803e-05,8.33211,0.0499875,1
38160,49.9989,41.6668,41.6668,1.95535,1.46477,1.95535,1.7061,1.96772e-05,8.33211,0.0499875,1
38220,49.9989,41.6668,41.6668,1.95398,1.46372,1.95398,1.70491,1.96741e-05,8.33211,0.0499875,1
38280,49.9989,41.6668,41.6668,1.95261,1.46268,1.95261,1.70373,1.9671e-05,8.33211,0.0499875,1
38340,49.9989,41.6668,41.6668,1.95125,1.46163,1.95125,1.70255,1.96679e-05,8.33211,0.0499875,1
38400,49.9989,41.6668,41.6668,1.94988,1.46058,1.94988,1.70137,1.96648e-05,8.33211,0.0499875,1
38460,49.9989,41.6668,41.6668,1.94852,1.45953,1.94852,1.70019,1.96617e-05,8.33211,0.0499875,1
38520,49.9989,41.6668,41.6668,1.94716,1.45848,1.94716,1.69901,1.96586e-05,8.33211,0.0499875,1
38580,49.9989,41.6668,41.6668,1.9458,1.45744,1.9458,1.69784,1.96555e-05,8.33211,0.0499875,1
38640,49.9989,41.6668,41.6668,1.94443,1.45639,1.94443,1.69666,1.96523e-05,8.33211,0.0499875,1
38700,49.9989,41.6668,41.6668,1.94308,1.45533,1.94308,1.69548,1.96492e-05,8.33211,0.0499875,1
38760,49.9989,41.6668,41.6668,1.94172,1.45428,1.94172,1.6943,1.96461e-05,8.33211,0.0499875,1
38820,49.9989,41.6668,41.6668,1.94036,1.45323,1.94036,1.69312,1.9643e-05,8.33211,0.0499875,1
38880,49.9989,41.6668,41.6668,1.939,1.45218,1.939,1.69194,1.96399e-05,8.33211,0.0499875,1
38940,49.9989,41.6668,41.6668,1.93765,1.45113,1.93765,1.69076,1.96368e-05,8.33211,0.0499875,1
39000,49.9989,41.6668,41.6668,1.93629,1.45008,1.93629,1.68958,1.96337e-05,8.33211,0.0499875,1
39060,49.9989,41.6668,41.6668,1.93494,1.44902,1.93494,1.68841,1.96306e-05,8.33211,0.0499875,1
39120,49.9989,41.6668,41.6668,1.93358,1.44797,1.93358,1.68723,1.96274e-05,8.33211,0.0499875,1
39180,49.9989,41.6668,41.6668,1.93223,1.44692,1.93223,1.68605,1.96243e-05,8.33211,0.0499875,1
39240,49.9989,41.6668,41.6668,1.93088,1.44586,1.93088,1.68487,1.96212e-05,8.33211,0.0499875,1
39300,49.9989,41.6668,41.6668,1.92953,1.44481,1.92953,1.6837,1.96181e-05,8.33211,0.0499875,1
39360,49.9989,41.6668,41.6668,1.92818,1.44375,1.92818,1.68252,1.9615e-05,8.33211,0.0499875,1
39420,49.9989,41.6668,41.6668,1.92683,1.4427,1.92683,1.68134,1.96119e-05,8.33211,0.0499875,1
39480,49.9989,41.6668,41.6668,1.92548,1.44164,1.92548,1.68017,1.96088e-05,8.33211,0.0499875,1
39540,49.9989,41.6668,41.6668,1.92414,1.44059,1.92414,1.67899,1.96057e-05,8.33211,0.0499875,1
39600,49.9989,41.6668,41.6668,1.92279,1.43953,1.92279,1.67781,1.96026e-05,8.33211,0.0499875,1
39660,49.9989,41.6668,41.6668,1.92145,1.43848,1.92145,1.67664,1.95989e-05,8.33211,0.0499875,1
39720,49.9989,41.6668,41.6668,1.9201,1.43743,1.9201,1.67546,1.95953e-05,8.33211,0.0499875,1
39780,49.9989,41.6668,41.6668,1.91876,1.43637,1.91876,1.67429,1.95917e-05,8.33211,0.0499875,1
39840,49.9989,41.6668,41.6668,1.91742,1.43532,1.91742,1.67311,1.9588e-05,8.33211,0.0499875,1
39900,49.9989,41.6668,41.6668,1.91607,1.43427,1.91607,1.67194,1.95844e-05,8.33211,0.0499875,1
39960,49.9989,41.6668,41.6668,1.91473,1.43321,1.91473,1.67076,1.95808e-05,8.33211,0.0499875,1
40020,49.9989,41.6668,41.6668,1.91339,1.43216,1.91339,1.66959,1.95771e-05,8.33211,0.0499875,1
40080,49.9989,41.6668,41.6668,1.91205,1.43111,1.91205,1.66841,1.95735e-05,8.33211,0.0499875,1
40140,49.9989,41.6668,41.6668,1.91071,1.43006,1.91071,1.66724,1.95699e-05,8.33211,0.0499875,1
40200,49.9989,41.6668,41.6668,1.90938,1.42901,1.90938,1.66606,1.95663e-05,8.33211,0.0499875,1
40260,49.9989,41.6668,41.6668,1.90804,1.42795,1.90804,1.66489,1.95626e-05,8.33211,0.0499875,1
40320,49.9989,41.6668,41.6668,1.9067,1.4269,1.9067,1.66372,1.9559e-05,8.33211,0.0499875,1
40380,49.9989,41.6668,41.6668,1.90537,1.42585,1.90537,1.66254,1.95554e-05,8.33211,0.0499875,1
40440,49.9989,41.6668,41.6668,1.90403,1.4248,1.90403,1.66137,1.95517e-05,8.33211,0.0499875,1
40500,49.9989,41.6668,41.6668,1.9027,1.42375,1.9027,1.6602,1.95481e-05,8.33211,0.0499875,1
40560,49.9989,41.6668,41.6668,1.90137,1.42269,1.90137,1.65902,1.95445e-05,8.33211,0.0499875,1
40620,49.9989,41.6668,41.6668,1.90003,1.42164,1.90003,1.65785,1.95408e-05,8.33211,0.0499875,1
40680,49.9989,41.6668,41.6668,1.8987,1.42059,1.8987,1.65668,1.95372e-05,8.33211,0.0499875,1
40740,49.9989,41.6668,41.6668,1.89737,1.41954,1.89737,1.65551,1.95336e-05,8.33211,0.0499875,1
40800,49.9989,41.6668,41.6668,1.89604,1.41849,1.89604,1.65433,1.953e-05,8.33211,0.0499875,1
40860,49.9989,41.6668,41.6668,1.89471,1.41744,1.89471,1.65316,1.95263e-05,8.33211,0.0499875,1
40920,49.9989,41.6668,41.6668,1.89338,1.41638,1.89338,1.65199,1.95227e-05,8.33211,0.0499875,1
40980,49.9989,41.6668,41.6668,1.89205,1.41533,1.89205,1.65082,1.95191e-05,8.33211,0.0499875,1
41040,49.9989,41.6668,41.6668,1.89073,1.41428,1.89073,1.64965,1.95154e-05,8.33211,0.0499875,1
41100,49.9989,41.6668,41.6668,1.8894,1.41323,1.8894,1.64848,1.95118e-05,8.33211,0.0499875,1
41160,49.9989,41.6668,41.6668,1.88807,1.41218,1.88807,1.64731,1.95082e-05,8.33211,0.0499875,1
41220,49.9989,41.6668,41.6668,1.88675,1.41113,1.88675,1.64614,1.95045e-05,8.33211,0.0499875,1
41280,49.9989,41.6668,41.6668,1.88542,1.41007,1.88542,1.64497,1.95009e-05,8.33211,0.0499875,1
41340,49.9989,41.6668,41.6668,1.8841,1.40902,1.8841,1.6438,1.94973e-05,8.33211,0.0499875,1
41400,49.9989,41.6668,41.6668,1.88278,1.40797,1.88278,1.64263,1.94937e-05,8.33211,0.0499875,1
41460,49.9989,41.6668,41.6668,1.88145,1.40692,1.88145,1.64146,1.94911e-05,8.33211,0.0499875,1
41520,49.9989,41.6668,41.6668,1.88013,1.40586,1.88013,1.64029,1.94885e-05,8.33211,0.0499875,1
41580,49.9989,41.6668,41.6668,1.87881,1.4048,1.87881,1.63912,1.94859e-05,8.33211,0.0499875,1
41640,49.9989,41.6668,41.6668,1.87749,1.40374,1.87749,1.63795,1.94833e-05,8.33211,0.0499875,1
41700,49.9989,41.6668,41.6668,1.87617,1.40268,1.87617,1.63678,1.94807e-05,8.33211,0.0499875,1
41760,49.9989,41.6668,41.6668,1.87486,1.40162,1.87486,1.63561,1.94781e-05,8.33211,0.0499875,1
41820,49.9989,41.6668,41.6668,1.87354,1.40056,1.87354,1.63444,1.94755e-05,8.33211,0.0499875,1
41880,49.9989,41.6668,41.6668,1.87222,1.3995,1.87222,1.63328,1.94729e-05,8.33211,0.0499875,1
41940,49.9989,41.6668,41.6668,1.87091,1.39843,1.87091,1.63211,1.94703e-05,8.33211,0.0499875,1
42000,49.9989,41.6668,41.6668,1.86959,1.39737,1.86959,1.63094,1.94677e-05,8.33211,0.0499875,1
42060,49.9989,41.6668,41.6668,1.86828,1.39631,1.86828,1.62977,1.94651e-05,8.33211,0.0499875,1
42120,49.9989,41.6668,41.6668,1.86696,1.39524,1.86696,1.6286,1.94625e-05,8.33211,0.0499875,1
42180,49.9989,41.6668,41.6668,1.86565,1.39418,1.86565,1.62744,1.94599e-05,8.33211,0.0499875,1
42240,49.9989,41.6668,41.6668,1.86434,1.39311,1.86434,1.62627,1.94574e-05,8.33211,0.0499875,1
42300,49.9989,41.6668,41.6668,1.86303,1.39204,1.86303,1.6251,1.94548e-05,8.33211,0.0499875,1
42360,49.9989,41.6668,41.6668,1.86172,1.39098,1.86172,1.62393,1.94522e-05,8.33211,0.0499875,1
42420,49.9989,41.6668,41.6668,1.86041,1.38991,1.86041,1.62277,1.94496e-05,8.33211,0.0499875,1
42480,49.9989,41.6668,41.6668,1.8591,1.38884,1.8591,1.6216,1.9447e-05,8.33211,0.0499875,1
42540,49.9989,41.6668,41.6668,1.8578,1.38777,1.8578,1.62043,1.94444e-05,8.33211,0.0499875,1
42600,49.9989,41.6668,41.6668,1.85649,1.38671,1.85649,1.61927,1.94418e-05,8.33211,0.0499875,1
42660,49.9989,41.6668,41.6668,1.85518,1.38564,1.85518,1.6181,1.94392e-05,8.33211,0.0499875,1
42720,49.9989,41.6668,41.6668,1.85388,1.38457,1.85388,1.61693,1.94366e-05,8.33211,0.0499875,1
42780,49.9989,41.6668,41.6668,1.85257,1.3835,1.85257,1.61577,1.9434e-05,8.33211,0.0499875,1
42840,49.9989,41.6668,41.6668,1.85127,1.38243,1.85127,1.6146,1.94314e-05,8.33211,0.0499875,1
42900,49.9989,41.6668,41.6668,1.84997,1.38136,1.84997,1.61344,1.94288e-05,8.33211,0.0499875,1
42960,49.9989,41.6668,41.6668,1.84866,1.38029,1.84866,1.61227,1.94262e-05,8.33211,0.0499875,1
43020,49.9989,41.6668,41.6668,1.84736,1.37922,1.84736,1.6111,1.94236e-05,8.33211,0.0499875,1
43080,49.9989,41.6668,41.6668,1.84606,1.37815,1.84606,1.60994,1.94211e-05,8.33211,0.0499875,1
43140,49.9989,41.6668,41.6668,1.84476,1.37707,1.84476,1.60877,1.94185e-05,8.33211,0.0499875,1
43200,49.9989,41.6668,41.6668,1.84346,1.376,1.84346,1.60761,1.94159e-05,8.33211,0.0499875,1
43260,49.9989,41.6668,41.6668,1.84216,1.37493,1.84216,1.60644,1.94138e-05,8.33211,0.0499875,1
43320,49.9989,41.6668,41.6668,1.84087,1.37385,1.84087,1.60528,1.94117e-05,8.33211,0.0499875,1
43380,49.9989,41.6668,41.6668,1.83957,1.37278,1.83957,1.60411,1.94096e-05,8.33211,0.0499875,1
43440,49.9989,41.6668,41.6668,1.83827,1.3717,1.83827,1.60295,1.94076e-05,8.33211,0.0499875,1
43500,49.9989,41.6668,41.6668,1.83698,1.37062,1.83698,1.60179,1.94055e-05,8.33211,0.0499875,1
43560,49.9989,41.6668,41.6668,1.83568,1.36955,1.83568,1.60062,1.94034e-05,8.33211,0.0499875,1
43620,49.9989,41.6668,41.6668,1.83439,1.36847,1.83439,1.59946,1.94013e-05,8.33211,0.0499875,1
43680,49.9989,41.6668,41.6668,1.8331,1.36739,1.8331,1.59829,1.93993e-05,8.33211,0.0499875,1
43740,49.9989,41.6668,41.6668,1.8318,1.36631,1.8318,1.59713,1.93972e-05,8.33211,0.0499875,1
43800,49.9989,41.6668,41.6668,1.83051,1.36523,1.83051,1.59597,1.93951e-05,8.33211,0.0499875,1
43860,49.9989,41.6668,41.6668,1.82922,1.36415,1.82922,1.5948,1.9393e-05,8.33211,0.0499875,1
43920,49.9989,41.6668,41.6668,1.82793,1.36306,1.82793,1.59364,1.9391e-05,8.33211,0.0499875,1
43980,49.9989,41.6668,41.6668,1.82664,1.36198,1.82664,1.59247,1.93889e-05,8.33211,0.0499875,1
44040,49.9989,41.6668,41.6668,1.82536,1.3609,1.82536,1.59131,1.93868e-05,8.33211,0.0499875,1
44100,49.9989,41.6668,41.6668,1.82407,1.35982,1.82407,1.59015,1.93848e-05,8.33211,0.0499875,1
44160,49.9989,41.6668,41.6668,1.82278,1.35873,1.82278,1.58899,1.93827e-05,8.33211,0.0499875,1
44220,49.9989,41.6668,41.6668,1.8215,1.35765,1.8215,1.58782,1.93806e-05,8.33211,0.0499875,1
44280,49.9989,41.6668,41.6668,1.82021,1.35657,1.82021,1.58666,1.93785e-05,8.33211,0.0499875,1
44340,49.9989,41.6668,41.6668,1.81893,1.35548,1.81893,1.5855,1.93765e-05,8.33211,0.0499875,1
44400,49.9989,41.6668,41.6668,1.81764,1.3544,1.81764,1.58433,1.93744e-05,8.33211,0.0499875,1
44460,49.9989,41.6668,41.6668,1.81636,1.35331,1.81636,1.58317,1.93723e-05,8.33211,0.0499875,1
44520,49.9989,41.6668,41.6668,1.81508,1.35223,1.81508,1.58201,1.93702e-05,8.33211,0.0499875,1
44580,49.9989,41.6668,41.6668,1.8138,1.35114,1.8138,1.58085,1.93682e-05,8.33211,0.0499875,1
44640,49.9989,41.6668,41.6668,1.81252,1.35005,1.81252,1.57969,1.93661e-05,8.33211,0.0499875,1
44700,49.9989,41.6668,41.6668,1.81124,1.34897,1.81124,1.57852,1.9364e-05,8.33211,0.0499875,1
44760,49.9989,41.6668,41.6668,1.80996,1.34788,1.80996,1.57736,1.93619e-05,8.33211,0.0499875,1
44820,49.9989,41.6668,41.6668,1.80868,1.34679,1.80868,1.5762,1.93599e-05,8.33211,0.0499875,1
44880,49.9989,41.6668,41.6668,1.8074,1.3457,1.8074,1.57504,1.93578e-05,8.33211,0.0499875,1
44940,49.9989,41.6668,41.6668,1.80612,1.34462,1.80612,1.57388,1.93557e-05,8.33211,0.0499875,1
45000,49.9989,41.6668,41.6668,1.80485,1.34353,1.80485,1.57272,1.93536e-05,8.33211,0.0499875,1
45060,49.9989,41.6668,41.6668,1.80357,1.34244,1.80357,1.57155,1.93516e-05,8.33211,0.0499875,1
45120,49.9989,41.6668,41.6668,1.8023,1.34135,1.8023,1.57039,1.93495e-05,8.33211,0.0499875,1
45180,49.9989,41.6668,41.6668,1.80102,1.34026,1.80102,1.56923,1.93474e-05,8.33211,0.0499875,1
45240,49.9989,41.6668,41.6668,1.79975,1.33917,1.79975,1.56807,1.93453e-05,8.33211,0.0499875,1
45300,49.9989,41.6668,41.6668,1.79847,1.33808,1.79847,1.56691,1.93433e-05,8.33211,0.0499875,1
45360,49.9989,41.6668,41.6668,1.7972,1.33699,1.7972,1.56575,1.93412e-05,8.33211,0.0499875,1
45420,49.9989,41.6668,41.6668,1.79593,1.3359,1.79593,1.56459,1.93391e-05,8.33211,0.0499875,1
45480,49.9989,41.6668,41.6668,1.79466,1.33481,1.79466,1.56343,1.9337e-05,8.33211,0.0499875,1
45540,49.9989,41.6668,41.6668,1.79339,1.33372,1.79339,1.56227,1.9335e-05,8.33211,0.0499875,1
45600,49.9989,41.6668,41.6668,1.79212,1.33263,1.79212,1.56111,1.93329e-05,8.33211,0.0499875,1
45660,49.9989,41.6668,41.6668,1.79085,1.33154,1.79085,1.55995,1.93308e-05,8.33211,0.0499875,1
45720,49.9989,41.6668,41.6668,1.78958,1.33045,1.78958,1.55879,1.93287e-05,8.33211,0.0499875,1
45780,49.9989,41.6668,41.6668,1.78832,1.32936,1.78832,1.55763,1.93267e-05,8.33211,0.0499875,1
45840,49.9989,41.6668,41.6668,1.78705,1.32826,1.78705,1.55647,1.93246e-05,8.33211,0.0499875,1
45900,49.9989,41.6668,41.6668,1.78578,1.32717,1.78578,1.55531,1.93225e-05,8.33211,0.0499875,1
45960,49.9989,41.6668,41.6668,1.78452,1.32608,1.78452,1.55415,1.93204e-05,8.33211,0.0499875,1
46020,49.9989,41.6668,41.6668,1.78325,1.32499,1.78325,1.55299,1.93184e-05,8.33211,0.0499875,1
46080,49.9989,41.6668,41.6668,1.78199,1.32389,1.78199,1.55183,1.93163e-05,8.33211,0.0499875,1
46140,49.9989,41.6668,41.6668,1.78073,1.3228,1.78073,1.55068,1.93142e-05,8.33211,0.0499875,1
46200,49.9989,41.6668,41.6668,1.77946,1.32171,1.77946,1.54952,1.93121e-05,8.33211,0.0499875,1
46260,49.9989,41.6668,41.6668,1.7782,1.32061,1.7782,1.54836,1.93101e-05,8.33211,0.0499875,1
46320,49.9989,41.6668,41.6668,1.77694,1.31952,1.77694,1.5472,1.9308e-05,8.33211,0.0499875,1
46380,49.9989,41.6668,41.6668,1.77568,1.31843,1.77568,1.54604,1.93059e-05,8.33211,0.0499875,1
46440,49.9989,41.6668,41.6668,1.77442,1.31733,1.77442,1.54488,1.93039e-05,8.33211,0.0499875,1
46500,49.9989,41.6668,41.6668,1.77316,1.31624,1.77316,1.54372,1.93018e-05,8.33211,0.0499875,1
46560,49.9989,41.6668,41.6668,1.7719,1.31514,1.7719,1.54257,1.92997e-05,8.33211,0.0499875,1
46620,49.9989,41.6668,41.6668,1.77064,1.31405,1.77064,1.54141,1.92976e-05,8.33211,0.0499875,1
46680,49.9989,41.6668,41.6668,1.76939,1.31295,1.76939,1.54025,1.92956e-05,8.33211,0.0499875,1
46740,49.9989,41.6668,41.6668,1.76813,1.31186,1.76813,1.53909,1.92935e-05,8.33211,0.0499875,1
46800,49.9989,41.6668,41.6668,1.76687,1.31076,1.76687,1.53794,1.92914e-05,8.33211,0.0499875,1
46860,49.9989,41.6668,41.6668,1.76562,1.30967,1.76562,1.53678,1.92893e-05,8.33211,0.0499875,1
46920,49.9989,41.6668,41.6668,1.76436,1.30857,1.76436,1.53562,1.92873e-05,8.33211,0.0499875,1
46980,49.9989,41.6668,41.6668,1.76311,1.30748,1.76311,1.53446,1.92852e-05,8.33211,0.0499875,1
47040,49.9989,41.6668,41.6668,1.76185,1.30638,1.76185,1.53331,1.92831e-05,8.33211,0.0499875,1
47100,49.9989,41.6668,41.6668,1.7606,1.30528,1.7606,1.53215,1.9281e-05,8.33211,0.0499875,1
47160,49.9989,41.6668,41.6668,1.75935,1.30419,1.75935,1.53099,1.9279e-05,8.33211,0.0499875,1
47220,49.9989,41.6668,41.6668,1.7581,1.30309,1.7581,1.52984,1.92769e-05,8.33211,0.0499875,1
47280,49.9989,41.6668,41.6668,1.75685,1.30199,1.75685,1.52868,1.92748e-05,8.33211,0.0499875,1
47340,49.9989,41.6668,41.6668,1.7556,1.3009,1.7556,1.52752,1.92727e-05,8.33211,0.0499875,1
47400,49.9989,41.6668,41.6668,1.75435,1.2998,1.75435,1.52637,1.92707e-05,8.33211,0.0499875,1
47460,49.9989,41.6668,41.6668,1.7531,1.2987,1.7531,1.52521,1.92686e-05,8.33211,0.0499875,1
47520,49.9989,41.6668,41.6668,1.75185,1.29761,1.75185,1.52405,1.92665e-05,8.33211,0.0499875,1
47580,49.9989,41.6668,41.6668,1.7506,1.29651,1.7506,1.5229,1.92644e-05,8.33211,0.0499875,1
47640,49.9989,41.6668,41.6668,1.74935,1.29541,1.74935,1.52174,1.92624e-05,8.33211,0.0499875,1
47700,49.9989,41.6668,41.6668,1.7481,1.29431,1.7481,1.52059,1.92603e-05,8.33211,0.0499875,1
47760,49.9989,41.6668,41.6668,1.74686,1.29322,1.74686,1.51943,1.92582e-05,8.33211,0.0499875,1
47820,49.9989,41.6668,41.6668,1.74561,1.29212,1.74561,1.51828,1.92561e-05,8.33211,0.0499875,1
47880,49.9989,41.6668,41.6668,1.74436,1.29102,1.74436,1.51712,1.92541e-05,8.33211,0.0499875,1
47940,49.9989,41.6668,41.6668,1.74312,1.28992,1.74312,1.51597,1.9252e-05,8.33211,0.0499875,1
48000,49.9989,41.6668,41.6668,1.74188,1.28883,1.74188,1.51481,1.92499e-05,8.33211,0.0499875,1
48060,49.9989,41.6668,41.6668,1.74063,1.28773,1.74063,1.51366,1.92478e-05,8.33211,0.0499875,1
48120,49.9989,41.6668,41.6668,1.73939,1.28663,1.73939,1.5125,1.92458e-05,8.33211,0.0499875,1
48180,49.9989,41.6668,41.6668,1.73815,1.28553,1.73815,1.51135,1.92437e-05,8.33211,0.0499875,1
48240,49.9989,41.6668,41.6668,1.7369,1.28443,1.7369,1.51019,1.92416e-05,8.33211,0.0499875,1
48300,49.9989,41.6668,41.6668,1.73566,1.28333,1.73566,1.50904,1.92395e-05,8.33211,0.0499875,1
48360,49.9989,41.6668,41.6668,1.73442,1.28223,1.73442,1.50788,1.92375e-05,8.33211,0.0499875,1
48420,49.9989,41.6668,41.6668,1.73318,1.28113,1.73318,1.50673,1.92354e-05,8.33211,0.0499875,1
48480,49.9989,41.6668,41.6668,1.73194,1.28004,1.73194,1.50557,1.92333e-05,8.33211,0.0499875,1
48540,49.9989,41.6668,41.6668,1.7307,1.27894,1.7307,1.50442,1.92313e-05,8.33211,0.0499875,1
48600,49.9989,41.6668,41.6668,1.72946,1.27784,1.72946,1.50327,1.92292e-05,8.33211,0.0499875,1
48660,49.9989,41.6668,41.6668,1.72822,1.27674,1.72822,1.50211,1.92276e-05,8.33211,0.0499875,1
48720,49.9989,41.6668,41.6668,1.72699,1.27563,1.72699,1.50096,1.92261e-05,8.33211,0.0499875,1
48780,49.9989,41.6668,41.6668,1.72575,1.27453,1.72575,1.49981,1.92245e-05,8.33211,0.0499875,1
48840,49.9989,41.6668,41.6668,1.72451,1.27343,1.72451,1.49865,1.9223e-05,8.33211,0.0499875,1
48900,49.9989,41.6668,41.6668,1.72328,1.27232,1.72328,1.4975,1.92214e-05,8.33211,0.0499875,1
48960,49.9989,41.6668,41.6668,1.72204,1.27122,1.72204,1.49635,1.92198e-05,8.33211,0.0499875,1
49020,49.9989,41.6668,41.6668,1.72081,1.27011,1.72081,1.49519,1.92183e-05,8.33211,0.0499875,1
49080,49.9989,41.6668,41.6668,1.71957,1.26901,1.71957,1.49404,1.92167e-05,8.33211,0.0499875,1
49140,49.9989,41.6668,41.6668,1.71834,1.2679,1.71834,1.49289,1.92152e-05,8.33211,0.0499875,1
49200,49.9989,41.6668,41.6668,1.71711,1.2668,1.71711,1.49173,1.92136e-05,8.33211,0.0499875,1
49260,49.9989,41.6668,41.6668,1.71587,1.26569,1.71587,1.49058,1.92121e-05,8.33211,0.0499875,1
49320,49.9989,41.6668,41.6668,1.71464,1.26458,1.71464,1.48943,1.92105e-05,8.33211,0.0499875,1
49380,49.9989,41.6668,41.6668,1.71341,1.26347,1.71341,1.48828,1.9209e-05,8.33211,0.0499875,1
49440,49.9989,41.6668,41.6668,1.71218,1.26237,1.71218,1.48712,1.92074e-05,8.33211,0.0499875,1
49500,49.9989,41.6668,41.6668,1.71095,1.26126,1.71095,1.48597,1.92058e-05,8.33211,0.0499875,1
49560,49.9989,41.6668,41.6668,1.70972,1.26015,1.70972,1.48482,1.92043e-05,8.33211,0.0499875,1
49620,49.9989,41.6668,41.6668,1.70849,1.25904,1.70849,1.48367,1.92027e-05,8.33211,0.0499875,1
49680,49.9989,41.6668,41.6668,1.70726,1.25793,1.70726,1.48251,1.92012e-05,8.33211,0.0499875,1
49740,49.9989,41.6668,41.6668,1.70603,1.25682,1.70603,1.48136,1.91996e-05,8.33211,0.0499875,1
49800,49.9989,41.6668,41.6668,1.70481,1.25571,1.70481,1.48021,1.91981e-05,8.33211,0.0499875,1
49860,49.9989,41.6668,41.6668,1.70358,1.2546,1.70358,1.47906,1.91965e-05,8.33211,0.0499875,1
49920,49.9989,41.6668,41.6668,1.70235,1.25349,1.70235,1.47791,1.91949e-05,8.33211,0.0499875,1
49980,49.9989,41.6668,41.6668,1.70113,1.25238,1.70113,1.47676,1.91934e-05,8.33211,0.0499875,1
50040,49.9989,41.6668,41.6668,1.6999,1.25127,1.6999,1.4756,1.91918e-05,8.33211,0.0499875,1
50100,49.9989,41.6668,41.6668,1.69868,1.25016,1.69868,1.47445,1.91903e-05,8.33211,0.0499875,1
50160,49.9989,41.6668,41.6668,1.69745,1.24905,1.69745,1.4733,1.91887e-05,8.33211,0.0499875,1
50220,49.9989,41.6668,41.6668,1.69623,1.24794,1.69623,1.47215,1.91872e-05,8.33211,0.0499875,1
50280,49.9989,41.6668,41.6668,1.69501,1.24683,1.69501,1.471,1.91856e-05,8.33211,0.0499875,1
50340,49.9989,41.6668,41.6668,1.69378,1.24572,1.69378,1.46985,1.91841e-05,8.33211,0.0499875,1
50400,49.9989,41.6668,41.6668,1.69256,1.2446,1.69256,1.4687,1.91825e-05,8.33211,0.0499875,1
50460,49.9989,41.6668,41.6668,1.69134,1.24349,1.69134,1.46755,1.91804e-05,8.33211,0.0499875,1
50520,49.9989,41.6668,41.6668,1.69012,1.24238,1.69012,1.46639,1.91784e-05,8.33211,0.0499875,1
50580,49.9989,41.6668,41.6668,1.6889,1.24127,1.6889,1.46524,1.91763e-05,8.33211,0.0499875,1
50640,49.9989,41.6668,41.6668,1.68768,1.24016,1.68768,1.46409,1.91742e-05,8.33211,0.0499875,1
50700,49.9989,41.6668,41.6668,1.68646,1.23906,1.68646,1.46294,1.91721e-05,8.33211,0.0499875,1
50760,49.9989,41.6668,41.6668,1.68524,1.23795,1.68524,1.46179,1.91701e-05,8.33211,0.0499875,1
50820,49.9989,41.6668,41.6668,1.68402,1.23684,1.68402,1.46064,1.9168e-05,8.33211,0.0499875,1
50880,49.9989,41.6668,41.6668,1.6828,1.23573,1.6828,1.45949,1.91659e-05,8.33211,0.0499875,1
50940,49.9989,41.6668,41.6668,1.68158,1.23462,1.68158,1.45834,1.91638e-05,8.33211,0.0499875,1
51000,49.9989,41.6668,41.6668,1.68036,1.23351,1.68036,1.45719,1.91618e-05,8.33211,0.0499875,1
51060,49.9989,41.6668,41.6668,1.67915,1.23241,1.67915,1.45604,1.91597e-05,8.33211,0.0499875,1
51120,49.9989,41.6668,41.6668,1.67793,1.2313,1.67793,1.45489,1.91576e-05,8.33211,0.0499875,1
51180,49.9989,41.6668,41.6668,1.67671,1.23019,1.67671,1.45374,1.91555e-05,8.33211,0.0499875,1
51240,49.9989,41.6668,41.6668,1.6755,1.22908,1.6755,1.4526,1.91535e-05,8.33211,0.0499875,1
51300,49.9989,41.6668,41.6668,1.67428,1.22798,1.67428,1.45145,1.91514e-05,8.33211,0.0499875,1
51360,49.9989,41.6668,41.6668,1.67307,1.22687,1.67307,1.4503,1.91493e-05,8.33211,0.0499875,1
51420,49.9989,41.6668,41.6668,1.67185,1.22576,1.67185,1.44915,1.91472e-05,8.33211,0.0499875,1
51480,49.9989,41.6668,41.6668,1.67064,1.22465,1.67064,1.448,1.91452e-05,8.33211,0.0499875,1
51540,49.9989,41.6668,41.6668,1.66942,1.22355,1.66942,1.44685,1.91431e-05,8.33211,0.0499875,1
51600,49.9989,41.6668,41.6668,1.66821,1.22244,1.66821,1.4457,1.9141e-05,8.33211,0.0499875,1
51660,49.9989,41.6668,41.6668,1.667,1.22133,1.667,1.44455,1.91389e-05,8.33211,0.0499875,1
51720,49.9989,41.6668,41.6668,1.66578,1.22023,1.66578,1.44341,1.91369e-05,8.33211,0.0499875,1
51780,49.9989,41.6668,41.6668,1.66457,1.21912,1.66457,1.44226,1.91348e-05,8.33211,0.0499875,1
51840,49.9989,41.6668,41.6668,1.66336,1.21801,1.66336,1.44111,1.91327e-05,8.33211,0.0499875,1
51900,49.9989,41.6668,41.6668,1.66215,1.2169,1.66215,1.43996,1.91306e-05,8.33211,0.0499875,1
51960,49.9989,41.6668,41.6668,1.66094,1.2158,1.66094,1.43881,1.91286e-05,8.33211,0.0499875,1
52020,49.9989,41.6668,41.6668,1.65973,1.21469,1.65973,1.43767,1.91265e-05,8.33211,0.0499875,1
52080,49.9989,41.6668,41.6668,1.65852,1.21358,1.65852,1.43652,1.91244e-05,8.33211,0.0499875,1
52140,49.9989,41.6668,41.6668,1.65731,1.21248,1.65731,1.43537,1.91223e-05,8.33211,0.0499875,1
52200,49.9989,41.6668,41.6668,1.6561,1.21137,1.6561,1.43422,1.91203e-05,8.33211,0.0499875,1
52260,49.9989,41.6668,41.6668,1.65489,1.21026,1.65489,1.43308,1.91187e-05,8.33211,0.0499875,1
52320,49.9989,41.6668,41.6668,1.65368,1.20915,1.65368,1.43193,1.91172e-05,8.33211,0.0499875,1
52380,49.9989,41.6668,41.6668,1.65247,1.20804,1.65247,1.43078,1.91156e-05,8.33211,0.0499875,1
52440,49.9989,41.6668,41.6668,1.65126,1.20693,1.65126,1.42964,1.9114e-05,8.33211,0.0499875,1
52500,49.9989,41.6668,41.6668,1.65005,1.20582,1.65005,1.42849,1.91125e-05,8.33211,0.0499875,1
52560,49.9989,41.6668,41.6668,1.64885,1.20471,1.64885,1.42734,1.91109e-05,8.33211,0.0499875,1
52620,49.9989,41.6668,41.6668,1.64764,1.2036,1.64764,1.4262,1.91094e-05,8.33211,0.0499875,1
52680,49.9989,41.6668,41.6668,1.64643,1.20249,1.64643,1.42505,1.91078e-05,8.33211,0.0499875,1
52740,49.9989,41.6668,41.6668,1.64523,1.20137,1.64523,1.4239,1.91063e-05,8.33211,0.0499875,1
52800,49.9989,41.6668,41.6668,1.64402,1.20026,1.64402,1.42276,1.91047e-05,8.33211,0.0499875,1
52860,49.9989,41.6668,41.6668,1.64282,1.19915,1.64282,1.42161,1.91032e-05,8.33211,0.0499875,1
52920,49.9989,41.6668,41.6668,1.64161,1.19804,1.64161,1.42046,1.91016e-05,8.33211,0.0499875,1
52980,49.9989,41.6668,41.6668,1.64041,1.19692,1.64041,1.41932,1.91e-05,8.33211,0.0499875,1
53040,49.9989,41.6668,41.6668,1.63921,1.19581,1.63921,1.41817,1.90985e-05,8.33211,0.0499875,1
53100,49.9989,41.6668,41.6668,1.638,1.19469,1.638,1.41703,1.90969e-05,8.33211,0.0499875,1
53160,49.9989,41.6668,41.6668,1.6368,1.19358,1.6368,1.41588,1.90954e-05,8.33211,0.0499875,1
53220,49.9989,41.6668,41.6668,1.6356,1.19247,1.6356,1.41473,1.90938e-05,8.33211,0.0499875,1
53280,49.9989,41.6668,41.6668,1.63439,1.19135,1.63439,1.41359,1.90923e-05,8.33211,0.0499875,1
53340,49.9989,41.6668,41.6668,1.63319,1.19024,1.63319,1.41244,1.90907e-05,8.33211,0.0499875,1
53400,49.9989,41.6668,41.6668,1.63199,1.18912,1.63199,1.4113,1.90892e-05,8.33211,0.0499875,1
53460,49.9989,41.6668,41.6668,1.63079,1.18801,1.63079,1.41015,1.90876e-05,8.33211,0.0499875,1
53520,49.9989,41.6668,41.6668,1.62959,1.18689,1.62959,1.40901,1.9086e-05,8.33211,0.0499875,1
53580,49.9989,41.6668,41.6668,1.62839,1.18578,1.62839,1.40786,1.90845e-05,8.33211,0.0499875,1
53640,49.9989,41.6668,41.6668,1.62719,1.18466,1.62719,1.40672,1.90829e-05,8.33211,0.0499875,1
53700,49.9989,41.6668,41.6668,1.62599,1.18354,1.62599,1.40557,1.90814e-05,8.33211,0.0499875,1
53760,49.9989,41.6668,41.6668,1.62479,1.18243,1.62479,1.40443,1.90798e-05,8.33211,0.0499875,1
53820,49.9989,41.6668,41.6668,1.62359,1.18131,1.62359,1.40328,1.90783e-05,8.33211,0.0499875,1
53880,49.9989,41.6668,41.6668,1.6224,1.1802,1.6224,1.40214,1.90767e-05,8.33211,0.0499875,1
53940,49.9989,41.6668,41.6668,1.6212,1.17908,1.6212,1.40099,1.90752e-05,8.33211,0.0499875,1
54000,49.9989,41.6668,41.6668,1.62,1.17796,1.62,1.39985,1.90736e-05,8.33211,0.0499875,1
54060,49.9989,41.6668,41.6668,1.61881,1.17685,1.61881,1.39871,1.9072e-05,8.33211,0.0499875,1
54120,49.9989,41.6668,41.6668,1.61761,1.17573,1.61761,1.39756,1.90705e-05,8.33211,0.0499875,1
54180,49.9989,41.6668,41.6668,1.61641,1.17461,1.61641,1.39642,1.90689e-05,8.33211,0.0499875,1
54240,49.9989,41.6668,41.6668,1.61522,1.1735,1.61522,1.39527,1.90674e-05,8.33211,0.0499875,1
54300,49.9989,41.6668,41.6668,1.61402,1.17238,1.61402,1.39413,1.90658e-05,8.33211,0.0499875,1
54360,49.9989,41.6668,41.6668,1.61283,1.17126,1.61283,1.39298,1.90643e-05,8.33211,0.0499875,1
54420,49.9989,41.6668,41.6668,1.61163,1.17014,1.61163,1.39184,1.90627e-05,8.33211,0.0499875,1
54480,49.9989,41.6668,41.6668,1.61044,1.16903,1.61044,1.3907,1.90612e-05,8.33211,0.0499875,1
54540,49.9989,41.6668,41.6668,1.60924,1.16791,1.60924,1.38955,1.90596e-05,8.33211,0.0499875,1
54600,49.9989,41.6668,41.6668,1.60805,1.16679,1.60805,1.38841,1.9058e-05,8.33211,0.0499875,1
54660,49.9989,41.6668,41.6668,1.60686,1.16567,1.60686,1.38727,1.90565e-05,8.33211,0.0499875,1
54720,49.9989,41.6668,41.6668,1.60566,1.16455,1.60566,1.38612,1.90549e-05,8.33211,0.0499875,1
54780,49.9989,41.6668,41.6668,1.60447,1.16344,1.60447,1.38498,1.90534e-05,8.33211,0.0499875,1
54840,49.9989,41.6668,41.6668,1.60328,1.16232,1.60328,1.38384,1.90518e-05,8.33211,0.0499875,1
54900,49.9989,41.6668,41.6668,1.60209,1.1612,1.60209,1.38269,1.90503e-05,8.33211,0.0499875,1
54960,49.9989,41.6668,41.6668,1.6009,1.16008,1.6009,1.38155,1.90487e-05,8.33211,0.0499875,1
55020,49.9989,41.6668,41.6668,1.59971,1.15896,1.59971,1.38041,1.90472e-05,8.33211,0.0499875,1
55080,49.9989,41.6668,41.6668,1.59852,1.15784,1.59852,1.37927,1.90456e-05,8.33211,0.0499875,1
55140,49.9989,41.6668,41.6668,1.59733,1.15672,1.59733,1.37812,1.9044e-05,8.33211,0.0499875,1
55200,49.9989,41.6668,41.6668,1.59614,1.15561,1.59614,1.37698,1.90425e-05,8.33211,0.0499875,1
55260,49.9989,41.6668,41.6668,1.59495,1.15449,1.59495,1.37584,1.90409e-05,8.33211,0.0499875,1
55320,49.9989,41.6668,41.6668,1.59376,1.15337,1.59376,1.3747,1.90394e-05,8.33211,0.0499875,1
55380,49.9989,41.6668,41.6668,1.59257,1.15225,1.59257,1.37355,1.90378e-05,8.33211,0.0499875,1
55440,49.9989,41.6668,41.6668,1.59138,1.15113,1.59138,1.37241,1.90363e-05,8.33211,0.0499875,1
55500,49.9989,41.6668,41.6668,1.59019,1.15001,1.59019,1.37127,1.90347e-05,8.33211,0.0499875,1
55560,49.9989,41.6668,41.6668,1.589,1.14889,1.589,1.37013,1.90332e-05,8.33211,0.0499875,1
55620,49.9989,41.6668,41.6668,1.58782,1.14777,1.58782,1.36898,1.90316e-05,8.33211,0.0499875,1
55680,49.9989,41.6668,41.6668,1.58663,1.14665,1.58663,1.36784,1.903e-05,8.33211,0.0499875,1
55740,49.9989,41.6668,41.6668,1.58544,1.14553,1.58544,1.3667,1.90285e-05,8.33211,0.0499875,1
55800,49.9989,41.6668,41.6668,1.58426,1.14441,1.58426,1.36556,1.90269e-05,8.33211,0.0499875,1
55860,49.9989,41.6668,41.6668,1.58307,1.14329,1.58307,1.36442,1.90259e-05,8.33211,0.0499875,1
55920,49.9989,41.6668,41.6668,1.58188,1.14217,1.58188,1.36328,1.90249e-05,8.33211,0.0499875,1
55980,49.9989,41.6668,41.6668,1.5807,1.14104,1.5807,1.36213,1.90238e-05,8.33211,0.0499875,1
56040,49.9989,41.6668,41.6668,1.57951,1.13992,1.57951,1.36099,1.90228e-05,8.33211,0.0499875,1
56100,49.9989,41.6668,41.6668,1.57833,1.1388,1.57833,1.35985,1.90217e-05,8.33211,0.0499875,1
56160,49.9989,41.6668,41.6668,1.57715,1.13767,1.57715,1.35871,1.90207e-05,8.33211,0.0499875,1
56220,49.9989,41.6668,41.6668,1.57596,1.13655,1.57596,1.35757,1.90197e-05,8.33211,0.0499875,1
56280,49.9989,41.6668,41.6668,1.57478,1.13542,1.57478,1.35643,1.90186e-05,8.33211,0.0499875,1
56340,49.9989,41.6668,41.6668,1.5736,1.13429,1.5736,1.35529,1.90176e-05,8.33211,0.0499875,1
56400,49.9989,41.6668,41.6668,1.57241,1.13317,1.57241,1.35415,1.90166e-05,8.33211,0.0499875,1
56460,49.9989,41.6668,41.6668,1.57123,1.13204,1.57123,1.35301,1.90155e-05,8.33211,0.0499875,1
56520,49.9989,41.6668,41.6668,1.57005,1.13091,1.57005,1.35186,1.90145e-05,8.33211,0.0499875,1
56580,49.9989,41.6668,41.6668,1.56887,1.12978,1.56887,1.35072,1.90134e-05,8.33211,0.0499875,1
56640,49.9989,41.6668,41.6668,1.56769,1.12866,1.56769,1.34958,1.90124e-05,8.33211,0.0499875,1
56700,49.9989,41.6668,41.6668,1.56651,1.12753,1.56651,1.34844,1.90114e-05,8.33211,0.0499875,1
56760,49.9989,41.6668,41.6668,1.56533,1.1264,1.56533,1.3473,1.90103e-05,8.33211,0.0499875,1
56820,49.9989,41.6668,41.6668,1.56415,1.12527,1.56415,1.34616,1.90093e-05,8.33211,0.0499875,1
56880,49.9989,41.6668,41.6668,1.56297,1.12414,1.56297,1.34502,1.90083e-05,8.33211,0.0499875,1
56940,49.9989,41.6668,41.6668,1.56179,1.12301,1.56179,1.34388,1.90072e-05,8.33211,0.0499875,1
57000,49.9989,41.6668,41.6668,1.56061,1.12188,1.56061,1.34274,1.90062e-05,8.33211,0.0499875,1
57060,49.9989,41.6668,41.6668,1.55943,1.12075,1.55943,1.3416,1.90051e-05,8.33211,0.0499875,1
57120,49.9989,41.6668,41.6668,1.55825,1.11962,1.55825,1.34046,1.90041e-05,8.33211,0.0499875,1
57180,49.9989,41.6668,41.6668,1.55708,1.11849,1.55708,1.33932,1.90031e-05,8.33211,0.0499875,1
57240,49.9989,41.6668,41.6668,1.5559,1.11736,1.5559,1.33818,1.9002e-05,8.33211,0.0499875,1
57300,49.9989,41.6668,41.6668,1.55472,1.11623,1.55472,1.33704,1.9001e-05,8.33211,0.0499875,1
57360,49.9989,41.6668,41.6668,1.55355,1.1151,1.55355,1.3359,1.9e-05,8.33211,0.0499875,1
57420,49.9989,41.6668,41.6668,1.55237,1.11396,1.55237,1.33476,1.89989e-05,8.33211,0.0499875,1
57480,49.9989,41.6668,41.6668,1.55119,1.11283,1.55119,1.33362,1.89979e-05,8.33211,0.0499875,1
57540,49.9989,41.6668,41.6668,1.55002,1.1117,1.55002,1.33248,1.89968e-05,8.33211,0.0499875,1
57600,49.9989,41.6668,41.6668,1.54884,1.11057,1.54884,1.33134,1.89958e-05,8.33211,0.0499875,1
57660,49.9989,41.6668,41.6668,1.54767,1.10944,1.54767,1.3302,1.89948e-05,8.33211,0.0499875,1
57720,49.9989,41.6668,41.6668,1.54649,1.1083,1.54649,1.32906,1.89937e-05,8.33211,0.0499875,1
57780,49.9989,41.6668,41.6668,1.54532,1.10717,1.54532,1.32792,1.89927e-05,8.33211,0.0499875,1
57840,49.9989,41.6668,41.6668,1.54415,1.10604,1.54415,1.32678,1.89917e-05,8.33211,0.0499875,1
57900,49.9989,41.6668,41.6668,1.54297,1.1049,1.54297,1.32564,1.89906e-05,8.33211,0.0499875,1
57960,49.9989,41.6668,41.6668,1.5418,1.10377,1.5418,1.3245,1.89896e-05,8.33211,0.0499875,1
58020,49.9989,41.6668,41.6668,1.54063,1.10264,1.54063,1.32336,1.89886e-05,8.33211,0.0499875,1
58080,49.9989,41.6668,41.6668,1.53946,1.1015,1.53946,1.32222,1.89875e-05,8.33211,0.0499875,1
58140,49.9989,41.6668,41.6668,1.53828,1.10037,1.53828,1.32108,1.89865e-05,8.33211,0.0499875,1
58200,49.9989,41.6668,41.6668,1.53711,1.09923,1.53711,1.31994,1.89854e-05,8.33211,0.0499875,1
58260,49.9989,41.6668,41.6668,1.53594,1.0981,1.53594,1.31881,1.89844e-05,8.33211,0.0499875,1
58320,49.9989,41.6668,41.6668,1.53477,1.09697,1.53477,1.31767,1.89834e-05,8.33211,0.0499875,1
58380,49.9989,41.6668,41.6668,1.5336,1.09583,1.5336,1.31653,1.89823e-05,8.33211,0.0499875,1
58440,49.9989,41.6668,41.6668,1.53243,1.0947,1.53243,1.31539,1.89813e-05,8.33211,0.0499875,1
58500,49.9989,41.6668,41.6668,1.53126,1.09356,1.53126,1.31425,1.89803e-05,8.33211,0.0499875,1
58560,49.9989,41.6668,41.6668,1.53009,1.09243,1.53009,1.31311,1.89792e-05,8.33211,0.0499875,1
58620,49.9989,41.6668,41.6668,1.52892,1.09129,1.52892,1.31197,1.89782e-05,8.33211,0.0499875,1
58680,49.9989,41.6668,41.6668,1.52775,1.09015,1.52775,1.31083,1.89771e-05,8.33211,0.0499875,1
58740,49.9989,41.6668,41.6668,1.52659,1.08902,1.52659,1.30969,1.89761e-05,8.33211,0.0499875,1
58800,49.9989,41.6668,41.6668,1.52542,1.08788,1.52542,1.30856,1.89751e-05,8.33211,0.0499875,1
58860,49.9989,41.6668,41.6668,1.52425,1.08675,1.52425,1.30742,1.8974e-05,8.33211,0.0499875,1
58920,49.9989,41.6668,41.6668,1.52308,1.08561,1.52308,1.30628,1.8973e-05,8.33211,0.0499875,1
58980,49.9989,41.6668,41.6668,1.52192,1.08447,1.52192,1.30514,1.8972e-05,8.33211,0.0499875,1
59040,49.9989,41.6668,41.6668,1.52075,1.08334,1.52075,1.304,1.89709e-05,8.33211,0.0499875,1
59100,49.9989,41.6668,41.6668,1.51958,1.0822,1.51958,1.30286,1.89699e-05,8.33211,0.0499875,1
59160,49.9989,41.6668,41.6668,1.51842,1.08106,1.51842,1.30173,1.89688e-05,8.33211,0.0499875,1
59220,49.9989,41.6668,41.6668,1.51725,1.07993,1.51725,1.30059,1.89678e-05,8.33211,0.0499875,1
59280,49.9989,41.6668,41.6668,1.51609,1.07879,1.51609,1.29945,1.89668e-05,8.33211,0.0499875,1
59340,49.9989,41.6668,41.6668,1.51492,1.07765,1.51492,1.29831,1.89657e-05,8.33211,0.0499875,1
59400,49.9989,41.6668,41.6668,1.51376,1.07651,1.51376,1.29717,1.89647e-05,8.33211,0.0499875,1
59460,49.9989,41.6668,41.6668,1.51259,1.07537,1.51259,1.29604,1.89642e-05,8.33211,0.0499875,1
59520,49.9989,41.6668,41.6668,1.51143,1.07423,1.51143,1.2949,1.89637e-05,8.33211,0.0499875,1
59580,49.9989,41.6668,41.6668,1.51026,1.07309,1.51026,1.29376,1.89631e-05,8.33211,0.0499875,1
59640,49.9989,41.6668,41.6668,1.5091,1.07195,1.5091,1.29262,1.89626e-05,8.33211,0.0499875,1
59700,49.9989,41.6668,41.6668,1.50794,1.07081,1.50794,1.29149,1.89621e-05,8.33211,0.0499875,1
59760,49.9989,41.6668,41.6668,1.50677,1.06967,1.50677,1.29035,1.89616e-05,8.33211,0.0499875,1
59820,49.9989,41.6668,41.6668,1.50561,1.06852,1.50561,1.28921,1.89611e-05,8.33211,0.0499875,1
59880,49.9989,41.6668,41.6668,1.50445,1.06738,1.50445,1.28807,1.89605e-05,8.33211,0.0499875,1
59940,49.9989,41.6668,41.6668,1.50329,1.06623,1.50329,1.28693,1.896e-05,8.33211,0.0499875,1
60000,49.9989,41.6668,41.6668,1.50213,1.06509,1.50213,1.2858,1.89595e-05,8.33211,0.0499875,1
60060,49.9989,41.6668,41.6668,1.50097,1.06394,1.50097,1.28466,1.8959e-05,8.33211,0.0499875,1
60120,49.9989,41.6668,41.6668,1.49981,1.0628,1.49981,1.28352,1.89585e-05,8.33211,0.0499875,1
60180,49.9989,41.6668,41.6668,1.49865,1.06165,1.49865,1.28238,1.8958e-05,8.33211,0.0499875,1
60240,49.9989,41.6668,41.6668,1.49749,1.0605,1.49749,1.28125,1.89574e-05,8.33211,0.0499875,1
60300,49.9989,41.6668,41.6668,1.49633,1.05936,1.49633,1.28011,1.89569e-05,8.33211,0.0499875,1
60360,49.9989,41.6668,41.6668,1.49517,1.05821,1.49517,1.27897,1.89564e-05,8.33211,0.0499875,1
60420,49.9989,41.6668,41.6668,1.49401,1.05706,1.49401,1.27783,1.89559e-05,8.33211,0.0499875,1
60480,49.9989,41.6668,41.6668,1.49285,1.05591,1.49285,1.2767,1.89554e-05,8.33211,0.0499875,1
60540,49.9989,41.6668,41.6668,1.4917,1.05476,1.4917,1.27556,1.89548e-05,8.33211,0.0499875,1
60600,49.9989,41.6668,41.6668,1.49054,1.05361,1.49054,1.27442,1.89543e-05,8.33211,0.0499875,1
60660,49.9989,41.6668,41.6668,1.48938,1.05247,1.48938,1.27329,1.89538e-05,8.33211,0.0499875,1
60720,49.9989,41.6668,41.6668,1.48823,1.05132,1.48823,1.27215,1.89533e-05,8.33211,0.0499875,1
60780,49.9989,41.6668,41.6668,1.48707,1.05017,1.48707,1.27101,1.89528e-05,8.33211,0.0499875,1
60840,49.9989,41.6668,41.6668,1.48591,1.04902,1.48591,1.26987,1.89523e-05,8.33211,0.0499875,1
60900,49.9989,41.6668,41.6668,1.48476,1.04787,1.48476,1.26874,1.89517e-05,8.33211,0.0499875,1
60960,49.9989,41.6668,41.6668,1.4836,1.04671,1.4836,1.2676,1.89512e-05,8.33211,0.0499875,1
61020,49.9989,41.6668,41.6668,1.48245,1.04556,1.48245,1.26646,1.89507e-05,8.33211,0.0499875,1
61080,49.9989,41.6668,41.6668,1.48129,1.04441,1.48129,1.26533,1.89502e-05,8.33211,0.0499875,1
61140,49.9989,41.6668,41.6668,1.48014,1.04326,1.48014,1.26419,1.89497e-05,8.33211,0.0499875,1
61200,49.9989,41.6668,41.6668,1.47899,1.04211,1.47899,1.26305,1.89491e-05,8.33211,0.0499875,1
61260,49.9989,41.6668,41.6668,1.47783,1.04096,1.47783,1.26191,1.89481e-05,8.33211,0.0499875,1
61320,49.9989,41.6668,41.6668,1.47668,1.03981,1.47668,1.26078,1.89471e-05,8.33211,0.0499875,1
61380,49.9989,41.6668,41.6668,1.47553,1.03866,1.47553,1.25964,1.8946e-05,8.33211,0.0499875,1
61440,49.9989,41.6668,41.6668,1.47437,1.03751,1.47437,1.2585,1.8945e-05,8.33211,0.0499875,1
61500,49.9989,41.6668,41.6668,1.47322,1.03636,1.47322,1.25737,1.8944e-05,8.33211,0.0499875,1
61560,49.9989,41.6668,41.6668,1.47207,1.03521,1.47207,1.25623,1.89429e-05,8.33211,0.0499875,1
61620,49.9989,41.6668,41.6668,1.47092,1.03406,1.47092,1.25509,1.89419e-05,8.33211,0.0499875,1
61680,49.9989,41.6668,41.6668,1.46977,1.03291,1.46977,1.25396,1.89408e-05,8.33211,0.0499875,1
61740,49.9989,41.6668,41.6668,1.46862,1.03177,1.46862,1.25282,1.89398e-05,8.33211,0.0499875,1
61800,49.9989,41.6668,41.6668,1.46746,1.03062,1.46746,1.25169,1.89388e-05,8.33211,0.0499875,1
61860,49.9989,41.6668,41.6668,1.46631,1.02947,1.46631,1.25055,1.89377e-05,8.33211,0.0499875,1
61920,49.9989,41.6668,41.6668,1.46516,1.02832,1.46516,1.24941,1.89367e-05,8.33211,0.0499875,1
61980,49.9989,41.6668,41.6668,1.46401,1.02717,1.46401,1.24828,1.89357e-05,8.33211,0.0499875,1
62040,49.9989,41.6668,41.6668,1.46286,1.02603,1.46286,1.24714,1.89346e-05,8.33211,0.0499875,1
62100,49.9989,41.6668,41.6668,1.46171,1.02488,1.46171,1.246,1.89336e-05,8.33211,0.0499875,1
62160,49.9989,41.6668,41.6668,1.46057,1.02373,1.46057,1.24487,1.89325e-05,8.33211,0.0499875,1
62220,49.9989,41.6668,41.6668,1.45942,1.02258,1.45942,1.24373,1.89315e-05,8.33211,0.0499875,1
62280,49.9989,41.6668,41.6668,1.45827,1.02143,1.45827,1.2426,1.89305e-05,8.33211,0.0499875,1
62340,49.9989,41.6668,41.6668,1.45712,1.02028,1.45712,1.24146,1.89294e-05,8.33211,0.0499875,1
62400,49.9989,41.6668,41.6668,1.45597,1.01914,1.45597,1.24033,1.89284e-05,8.33211,0.0499875,1
62460,49.9989,41.6668,41.6668,1.45482,1.01799,1.45482,1.23919,1.89274e-05,8.33211,0.0499875,1
62520,49.9989,41.6668,41.6668,1.45367,1.01684,1.45367,1.23805,1.89263e-05,8.33211,0.0499875,1
62580,49.9989,41.6668,41.6668,1.45253,1.01569,1.45253,1.23692,1.89253e-05,8.33211,0.0499875,1
62640,49.9989,41.6668,41.6668,1.45138,1.01454,1.45138,1.23578,1.89242e-05,8.33211,0.0499875,1
62700,49.9989,41.6668,41.6668,1.45023,1.01339,1.45023,1.23465,1.89232e-05,8.33211,0.0499875,1
62760,49.9989,41.6668,41.6668,1.44909,1.01225,1.44909,1.23351,1.89222e-05,8.33211,0.0499875,1
62820,49.9989,41.6668,41.6668,1.44794,1.0111,1.44794,1.23238,1.89211e-05,8.33211,0.0499875,1
62880,49.9989,41.6668,41.6668,1.44679,1.00995,1.44679,1.23124,1.89201e-05,8.33211,0.0499875,1
62940,49.9989,41.6668,41.6668,1.44565,1.0088,1.44565,1.23011,1.89191e-05,8.33211,0.0499875,1
63000,49.9989,41.6668,41.6668,1.4445,1.00765,1.4445,1.22897,1.8918e-05,8.33211,0.0499875,1
63060,49.9989,41.6668,41.6668,1.44336,1.0065,1.44336,1.22784,1.8917e-05,8.33211,0.0499875,1
63120,49.9989,41.6668,41.6668,1.44221,1.00536,1.44221,1.2267,1.89159e-05,8.33211,0.0499875,1
63180,49.9989,41.6668,41.6668,1.44107,1.00421,1.44107,1.22557,1.89149e-05,8.33211,0.0499875,1
63240,49.9989,41.6668,41.6668,1.43992,1.00306,1.43992,1.22443,1.89139e-05,8.33211,0.0499875,1
63300,49.9989,41.6668,41.6668,1.43878,1.00191,1.43878,1.2233,1.89128e-05,8.33211,0.0499875,1
63360,49.9989,41.6668,41.6668,1.43763,1.00076,1.43763,1.22216,1.89118e-05,8.33211,0.0499875,1
63420,49.9989,41.6668,41.6668,1.43649,0.999611,1.43649,1.22103,1.89108e-05,8.33211,0.0499875,1
63480,49.9989,41.6668,41.6668,1.43535,0.998462,1.43535,1.21989,1.89097e-05,8.33211,0.0499875,1
63540,49.9989,41.6668,41.6668,1.4342,0.997313,1.4342,1.21876,1.89087e-05,8.33211,0.0499875,1
63600,49.9989,41.6668,41.6668,1.43306,0.996164,1.43306,1.21762,1.89077e-05,8.33211,0.0499875,1
63660,49.9989,41.6668,41.6668,1.43192,0.995015,1.43192,1.21649,1.89066e-05,8.33211,0.0499875,1
63720,49.9989,41.6668,41.6668,1.43077,0.993866,1.43077,1.21535,1.89056e-05,8.33211,0.0499875,1
63780,49.9989,41.6668,41.6668,1.42963,0.992716,1.42963,1.21422,1.89045e-05,8.33211,0.0499875,1
63840,49.9989,41.6668,41.6668,1.42849,0.991567,1.42849,1.21309,1.89035e-05,8.33211,0.0499875,1
63900,49.9989,41.6668,41.6668,1.42735,0.990418,1.42735,1.21195,1.89025e-05,8.33211,0.0499875,1
63960,49.9989,41.6668,41.6668,1.4262,0.989268,1.4262,1.21082,1.89014e-05,8.33211,0.0499875,1
64020,49.9989,41.6668,41.6668,1.42506,0.988119,1.42506,1.20968,1.89004e-05,8.33211,0.0499875,1
64080,49.9989,41.6668,41.6668,1.42392,0.986969,1.42392,1.20855,1.88994e-05,8.33211,0.0499875,1
64140,49.9989,41.6668,41.6668,1.42278,0.985819,1.42278,1.20742,1.88983e-05,8.33211,0.0499875,1
64200,49.9989,41.6668,41.6668,1.42164,0.98467,1.42164,1.20628,1.88973e-05,8.33211,0.0499875,1
64260,49.9989,41.6668,41.6668,1.4205,0.98352,1.4205,1.20515,1.88962e-05,8.33211,0.0499875,1
64320,49.9989,41.6668,41.6668,1.41936,0.98237,1.41936,1.20401,1.88952e-05,8.33211,0.0499875,1
64380,49.9989,41.6668,41.6668,1.41822,0.98122,1.41822,1.20288,1.88942e-05,8.33211,0.0499875,1
64440,49.9989,41.6668,41.6668,1.41708,0.98007,1.41708,1.20175,1.88931e-05,8.33211,0.0499875,1
64500,49.9989,41.6668,41.6668,1.41594,0.97892,1.41594,1.20061,1.88921e-05,8.33211,0.0499875,1
64560,49.9989,41.6668,41.6668,1.4148,0.97777,1.4148,1.19948,1.88911e-05,8.33211,0.0499875,1
64620,49.9989,41.6668,41.6668,1.41366,0.97662,1.41366,1.19835,1.889e-05,8.33211,0.0499875,1
64680,49.9989,41.6668,41.6668,1.41252,0.975469,1.41252,1.19721,1.8889e-05,8.33211,0.0499875,1
64740,49.9989,41.6668,41.6668,1.41138,0.974319,1.41138,1.19608,1.88879e-05,8.33211,0.0499875,1
64800,49.9989,41.6668,41.6668,1.41024,0.973168,1.41024,1.19495,1.88869e-05,8.33211,0.0499875,1
64860,49.9989,41.6668,41.6668,1.4091,0.972017,1.4091,1.19381,1.88864e-05,8.33211,0.0499875,1
64920,49.9989,41.6668,41.6668,1.40796,0.970864,1.40796,1.19268,1.88859e-05,8.33211,0.0499875,1
64980,49.9989,41.6668,41.6668,1.40683,0.96971,1.40683,1.19155,1.88854e-05,8.33211,0.0499875,1
65040,49.9989,41.6668,41.6668,1.40569,0.968555,1.40569,1.19041,1.88848e-05,8.33211,0.0499875,1
65100,49.9989,41.6668,41.6668,1.40455,0.9674,1.40455,1.18928,1.88843e-05,8.33211,0.0499875,1
65160,49.9989,41.6668,41.6668,1.40341,0.966244,1.40341,1.18815,1.88838e-05,8.33211,0.0499875,1
65220,49.9989,41.6668,41.6668,1.40228,0.965088,1.40228,1.18702,1.88833e-05,8.33211,0.0499875,1
65280,49.9989,41.6668,41.6668,1.40114,0.963932,1.40114,1.18588,1.88828e-05,8.33211,0.0499875,1
65340,49.9989,41.6668,41.6668,1.4,0.962775,1.4,1.18475,1.88822e-05,8.33211,0.0499875,1
65400,49.9989,41.6668,41.6668,1.39887,0.961617,1.39887,1.18362,1.88817e-05,8.33211,0.0499875,1
65460,49.9989,41.6668,41.6668,1.39773,0.96046,1.39773,1.18248,1.88812e-05,8.33211,0.0499875,1
65520,49.9989,41.6668,41.6668,1.39659,0.959301,1.39659,1.18135,1.88807e-05,8.33211,0.0499875,1
65580,49.9989,41.6668,41.6668,1.39546,0.958143,1.39546,1.18022,1.88802e-05,8.33211,0.0499875,1
65640,49.9989,41.6668,41.6668,1.39432,0.956984,1.39432,1.17908,1.88796e-05,8.33211,0.0499875,1
65700,49.9989,41.6668,41.6668,1.39319,0.955825,1.39319,1.17795,1.88791e-05,8.33211,0.0499875,1
65760,49.9989,41.6668,41.6668,1.39205,0.954666,1.39205,1.17682,1.88786e-05,8.33211,0.0499875,1
65820,49.9989,41.6668,41.6668,1.39092,0.953506,1.39092,1.17569,1.88781e-05,8.33211,0.0499875,1
65880,49.9989,41.6668,41.6668,1.38979,0.952346,1.38979,1.17455,1.88776e-05,8.33211,0.0499875,1
65940,49.9989,41.6668,41.6668,1.38865,0.951185,1.38865,1.17342,1.88771e-05,8.33211,0.0499875,1
66000,49.9989,41.6668,41.6668,1.38752,0.950025,1.38752,1.17229,1.88765e-05,8.33211,0.0499875,1
66060,49.9989,41.6668,41.6668,1.38639,0.948864,1.38639,1.17116,1.8876e-05,8.33211,0.0499875,1
66120,49.9989,41.6668,41.6668,1.38525,0.947702,1.38525,1.17002,1.88755e-05,8.33211,0.0499875,1
66180,49.9989,41.6668,41.6668,1.38412,0.946541,1.38412,1.16889,1.8875e-05,8.33211,0.0499875,1
66240,49.9989,41.6668,41.6668,1.38299,0.945379,1.38299,1.16776,1.88745e-05,8.33211,0.0499875,1
66300,49.9989,41.6668,41.6668,1.38186,0.944217,1.38186,1.16663,1.88739e-05,8.33211,0.0499875,1
66360,49.9989,41.6668,41.6668,1.38072,0.943055,1.38072,1.16549,1.88734e-05,8.33211,0.0499875,1
66420,49.9989,41.6668,41.6668,1.37959,0.941892,1.37959,1.16436,1.88729e-05,8.33211,0.0499875,1
66480,49.9989,41.6668,41.6668,1.37846,0.940729,1.37846,1.16323,1.88724e-05,8.33211,0.0499875,1
66540,49.9989,41.6668,41.6668,1.37733,0.939566,1.37733,1.1621,1.88719e-05,8.33211,0.0499875,1
66600,49.9989,41.6668,41.6668,1.3762,0.938403,1.3762,1.16096,1.88714e-05,8.33211,0.0499875,1
66660,49.9989,41.6668,41.6668,1.37507,0.937239,1.37507,1.15983,1.88708e-05,8.33211,0.0499875,1
66720,49.9989,41.6668,41.6668,1.37394,0.936076,1.37394,1.1587,1.88703e-05,8.33211,0.0499875,1
66780,49.9989,41.6668,41.6668,1.37281,0.934911,1.37281,1.15757,1.88698e-05,8.33211,0.0499875,1
66840,49.9989,41.6668,41.6668,1.37168,0.933747,1.37168,1.15644,1.88693e-05,8.33211,0.0499875,1
66900,49.9989,41.6668,41.6668,1.37055,0.932583,1.37055,1.1553,1.88688e-05,8.33211,0.0499875,1
66960,49.9989,41.6668,41.6668,1.36942,0.931418,1.36942,1.15417,1.88682e-05,8.33211,0.0499875,1
67020,49.9989,41.6668,41.6668,1.36829,0.930253,1.36829,1.15304,1.88677e-05,8.33211,0.0499875,1
67080,49.9989,41.6668,41.6668,1.36716,0.929088,1.36716,1.15191,1.88672e-05,8.33211,0.0499875,1
67140,49.9989,41.6668,41.6668,1.36603,0.927922,1.36603,1.15078,1.88667e-05,8.33211,0.0499875,1
67200,49.9989,41.6668,41.6668,1.3649,0.926757,1.3649,1.14964,1.88662e-05,8.33211,0.0499875,1
67260,49.9989,41.6668,41.6668,1.36377,0.925591,1.36377,1.14851,1.88656e-05,8.33211,0.0499875,1
67320,49.9989,41.6668,41.6668,1.36264,0.924424,1.36264,1.14738,1.88651e-05,8.33211,0.0499875,1
67380,49.9989,41.6668,41.6668,1.36152,0.923258,1.36152,1.14625,1.88646e-05,8.33211,0.0499875,1
67440,49.9989,41.6668,41.6668,1.36039,0.922092,1.36039,1.14512,1.88641e-05,8.33211,0.0499875,1
67500,49.9989,41.6668,41.6668,1.35926,0.920925,1.35926,1.14398,1.88636e-05,8.33211,0.0499875,1
67560,49.9989,41.6668,41.6668,1.35813,0.919758,1.35813,1.14285,1.88631e-05,8.33211,0.0499875,1
67620,49.9989,41.6668,41.6668,1.35701,0.91859,1.35701,1.14172,1.88625e-05,8.33211,0.0499875,1
67680,49.9989,41.6668,41.6668,1.35588,0.917423,1.35588,1.14059,1.8862e-05,8.33211,0.0499875,1
67740,49.9989,41.6668,41.6668,1.35475,0.916255,1.35475,1.13946,1.88615e-05,8.33211,0.0499875,1
67800,49.9989,41.6668,41.6668,1.35363,0.915088,1.35363,1.13832,1.8861e-05,8.33211,0.0499875,1
67860,49.9989,41.6668,41.6668,1.3525,0.913919,1.3525,1.13719,1.88605e-05,8.33211,0.0499875,1
67920,49.9989,41.6668,41.6668,1.35138,0.912751,1.35138,1.13606,1.88599e-05,8.33211,0.0499875,1
67980,49.9989,41.6668,41.6668,1.35025,0.911583,1.35025,1.13493,1.88594e-05,8.33211,0.0499875,1
68040,49.9989,41.6668,41.6668,1.34912,0.910414,1.34912,1.1338,1.88589e-05,8.33211,0.0499875,1
68100,49.9989,41.6668,41.6668,1.348,0.909245,1.348,1.13267,1.88584e-05,8.33211,0.0499875,1
68160,49.9989,41.6668,41.6668,1.34687,0.908076,1.34687,1.13154,1.88579e-05,8.33211,0.0499875,1
68220,49.9989,41.6668,41.6668,1.34575,0.906907,1.34575,1.1304,1.88573e-05,8.33211,0.0499875,1
68280,49.9989,41.6668,41.6668,1.34463,0.905737,1.34463,1.12927,1.88568e-05,8.33211,0.0499875,1
68340,49.9989,41.6668,41.6668,1.3435,0.904567,1.3435,1.12814,1.88563e-05,8.33211,0.0499875,1
68400,49.9989,41.6668,41.6668,1.34238,0.903397,1.34238,1.12701,1.88558e-05,8.33211,0.0499875,1
68460,49.9989,41.6668,41.6668,1.34125,0.902227,1.34125,1.12588,1.88553e-05,8.33211,0.0499875,1
68520,49.9989,41.6668,41.6668,1.34013,0.901057,1.34013,1.12475,1.88548e-05,8.33211,0.0499875,1
68580,49.9989,41.6668,41.6668,1.33901,0.899886,1.33901,1.12362,1.88542e-05,8.33211,0.0499875,1
68640,49.9989,41.6668,41.6668,1.33788,0.898715,1.33788,1.12248,1.88537e-05,8.33211,0.0499875,1
68700,49.9989,41.6668,41.6668,1.33676,0.897544,1.33676,1.12135,1.88532e-05,8.33211,0.0499875,1
68760,49.9989,41.6668,41.6668,1.33564,0.896373,1.33564,1.12022,1.88527e-05,8.33211,0.0499875,1
68820,49.9989,41.6668,41.6668,1.33452,0.895202,1.33452,1.11909,1.88522e-05,8.33211,0.0499875,1
68880,49.9989,41.6668,41.6668,1.3334,0.89403,1.3334,1.11796,1.88516e-05,8.33211,0.0499875,1
68940,49.9989,41.6668,41.6668,1.33227,0.892859,1.33227,1.11683,1.88511e-05,8.33211,0.0499875,1
69000,49.9989,41.6668,41.6668,1.33115,0.891687,1.33115,1.1157,1.88506e-05,8.33211,0.0499875,1
69060,49.9989,41.6668,41.6668,1.33003,0.890514,1.33003,1.11457,1.88501e-05,8.33211,0.0499875,1
69120,49.9989,41.6668,41.6668,1.32891,0.889342,1.32891,1.11344,1.88496e-05,8.33211,0.0499875,1
69180,49.9989,41.6668,41.6668,1.32779,0.88817,1.32779,1.11231,1.88491e-05,8.33211,0.0499875,1
69240,49.9989,41.6668,41.6668,1.32667,0.886997,1.32667,1.11117,1.88485e-05,8.33211,0.0499875,1
69300,49.9989,41.6668,41.6668,1.32555,0.885824,1.32555,1.11004,1.8848e-05,8.33211,0.0499875,1
69360,49.9989,41.6668,41.6668,1.32443,0.884651,1.32443,1.10891,1.88475e-05,8.33211,0.0499875,1
69420,49.9989,41.6668,41.6668,1.32331,0.883477,1.32331,1.10778,1.8847e-05,8.33211,0.0499875,1
69480,49.9989,41.6668,41.6668,1.32219,0.882304,1.32219,1.10665,1.88465e-05,8.33211,0.0499875,1
69540,49.9989,41.6668,41.6668,1.32107,0.88113,1.32107,1.10552,1.88459e-05,8.33211,0.0499875,1
69600,49.9989,41.6668,41.6668,1.31995,0.879956,1.31995,1.10439,1.88454e-05,8.33211,0.0499875,1
69660,49.9989,41.6668,41.6668,1.31883,0.878782,1.31883,1.10326,1.88449e-05,8.33211,0.0499875,1
69720,49.9989,41.6668,41.6668,1.31771,0.877608,1.31771,1.10213,1.88444e-05,8.33211,0.0499875,1
69780,49.9989,41.6668,41.6668,1.31659,0.876433,1.31659,1.101,1.88439e-05,8.33211,0.0499875,1
69840,49.9989,41.6668,41.6668,1.31547,0.875258,1.31547,1.09987,1.88433e-05,8.33211,0.0499875,1
69900,49.9989,41.6668,41.6668,1.31435,0.874083,1.31435,1.09874,1.88428e-05,8.33211,0.0499875,1
69960,49.9989,41.6668,41.6668,1.31324,0.872908,1.31324,1.09761,1.88423e-05,8.33211,0.0499875,1
70020,49.9989,41.6668,41.6668,1.31212,0.871733,1.31212,1.09647,1.88418e-05,8.33211,0.0499875,1
70080,49.9989,41.6668,41.6668,1.311,0.870557,1.311,1.09534,1.88413e-05,8.33211,0.0499875,1
70140,49.9989,41.6668,41.6668,1.30988,0.869382,1.30988,1.09421,1.88408e-05,8.33211,0.0499875,1
70200,49.9989,41.6668,41.6668,1.30877,0.868206,1.30877,1.09308,1.88402e-05,8.33211,0.0499875,1
70260,49.9989,41.6668,41.6668,1.30765,0.86703,1.30765,1.09195,1.88397e-05,8.33211,0.0499875,1
70320,49.9989,41.6668,41.6668,1.30653,0.865853,1.30653,1.09082,1.88392e-05,8.33211,0.0499875,1
70380,49.9989,41.6668,41.6668,1.30542,0.864677,1.30542,1.08969,1.88387e-05,8.33211,0.0499875,1
70440,49.9989,41.6668,41.6668,1.3043,0.8635,1.3043,1.08856,1.88382e-05,8.33211,0.0499875,1
70500,49.9989,41.6668,41.6668,1.30318,0.862323,1.30318,1.08743,1.88376e-05,8.33211,0.0499875,1
70560,49.9989,41.6668,41.6668,1.30207,0.861146,1.30207,1.0863,1.88371e-05,8.33211,0.0499875,1
70620,49.9989,41.6668,41.6668,1.30095,0.859969,1.30095,1.08517,1.88366e-05,8.33211,0.0499875,1
70680,49.9989,41.6668,41.6668,1.29984,0.858792,1.29984,1.08404,1.88361e-05,8.33211,0.0499875,1
70740,49.9989,41.6668,41.6668,1.29872,0.857614,1.29872,1.08291,1.88356e-05,8.33211,0.0499875,1
70800,49.9989,41.6668,41.6668,1.29761,0.856436,1.29761,1.08178,1.88351e-05,8.33211,0.0499875,1
70860,49.9989,41.6668,41.6668,1.29649,0.855258,1.29649,1.08065,1.88345e-05,8.33211,0.0499875,1
70920,49.9989,41.6668,41.6668,1.29538,0.85408,1.29538,1.07952,1.8834e-05,8.33211,0.0499875,1
70980,49.9989,41.6668,41.6668,1.29426,0.852901,1.29426,1.07839,1.88335e-05,8.33211,0.0499875,1
71040,49.9989,41.6668,41.6668,1.29315,0.851723,1.29315,1.07726,1.8833e-05,8.33211,0.0499875,1
71100,49.9989,41.6668,41.6668,1.29203,0.850544,1.29203,1.07613,1.88325e-05,8.33211,0.0499875,1
71160,49.9989,41.6668,41.6668,1.29092,0.849365,1.29092,1.075,1.88319e-05,8.33211,0.0499875,1
71220,49.9989,41.6668,41.6668,1.28981,0.848186,1.28981,1.07387,1.88314e-05,8.33211,0.0499875,1
71280,49.9989,41.6668,41.6668,1.28869,0.847006,1.28869,1.07274,1.88309e-05,8.33211,0.0499875,1
71340,49.9989,41.6668,41.6668,1.28758,0.845827,1.28758,1.07161,1.88304e-05,8.33211,0.0499875,1
71400,49.9989,41.6668,41.6668,1.28647,0.844647,1.28647,1.07048,1.88299e-05,8.33211,0.0499875,1
71460,49.9989,41.6668,41.6668,1.28535,0.843467,1.28535,1.06935,1.88293e-05,8.33211,0.0499875,1
71520,49.9989,41.6668,41.6668,1.28424,0.842287,1.28424,1.06822,1.88288e-05,8.33211,0.0499875,1
71580,49.9989,41.6668,41.6668,1.28313,0.841106,1.28313,1.06709,1.88283e-05,8.33211,0.0499875,1
71640,49.9989,41.6668,41.6668,1.28202,0.839925,1.28202,1.06596,1.88278e-05,8.33211,0.0499875,1
71700,49.9989,41.6668,41.6668,1.2809,0.838745,1.2809,1.06483,1.88273e-05,8.33211,0.0499875,1
71760,49.9989,41.6668,41.6668,1.27979,0.837564,1.27979,1.0637,1.88268e-05,8.33211,0.0499875,1
71820,49.9989,41.6668,41.6668,1.27868,0.836382,1.27868,1.06257,1.88262e-05,8.33211,0.0499875,1
71880,49.9989,41.6668,41.6668,1.27757,0.835201,1.27757,1.06144,1.88257e-05,8.33211,0.0499875,1
71940,49.9989,41.6668,41.6668,1.27646,0.834019,1.27646,1.06031,1.88252e-05,8.33211,0.0499875,1
72000,49.9989,41.6668,41.6668,1.27535,0.832838,1.27535,1.05919,1.88247e-05,8.33211,0.0499875,1
72060,49.9989,41.6668,41.6668,1.27424,0.831656,1.27424,1.05806,1.88242e-05,8.33211,0.0499875,1
72120,49.9989,41.6668,41.6668,1.27313,0.830473,1.27313,1.05693,1.88236e-05,8.33211,0.0499875,1
72180,49.9989,41.6668,41.6668,1.27201,0.829291,1.27201,1.0558,1.88231e-05,8.33211,0.0499875,1
72240,49.9989,41.6668,41.6668,1.2709,0.828108,1.2709,1.05467,1.88226e-05,8.33211,0.0499875,1
72300,49.9989,41.6668,41.6668,1.26979,0.826925,1.26979,1.05354,1.88221e-05,8.33211,0.0499875,1
72360,49.9989,41.6668,41.6668,1.26868,0.825742,1.26868,1.05241,1.88216e-05,8.33211,0.0499875,1
72420,49.9989,41.6668,41.6668,1.26757,0.824559,1.26757,1.05128,1.8821e-05,8.33211,0.0499875,1
72480,49.9989,41.6668,41.6668,1.26647,0.823376,1.26647,1.05015,1.88205e-05,8.33211,0.0499875,1
72540,49.9989,41.6668,41.6668,1.26536,0.822192,1.26536,1.04902,1.882e-05,8.33211,0.0499875,1
72600,49.9989,41.6668,41.6668,1.26425,0.821008,1.26425,1.04789,1.88195e-05,8.33211,0.0499875,1
72660,49.9989,41.6668,41.6668,1.26314,0.819824,1.26314,1.04676,1.8819e-05,8.33211,0.0499875,1
72720,49.9989,41.6668,41.6668,1.26203,0.81864,1.26203,1.04563,1.88185e-05,8.33211,0.0499875,1
72780,49.9989,41.6668,41.6668,1.26092,0.817455,1.26092,1.0445,1.88179e-05,8.33211,0.0499875,1
72840,49.9989,41.6668,41.6668,1.25981,0.816271,1.25981,1.04338,1.88174e-05,8.33211,0.0499875,1
72900,49.9989,41.6668,41.6668,1.2587,0.815086,1.2587,1.04225,1.88169e-05,8.33211,0.0499875,1
72960,49.9989,41.6668,41.6668,1.2576,0.813901,1.2576,1.04112,1.88164e-05,8.33211,0.0499875,1
73020,49.9989,41.6668,41.6668,1.25649,0.812715,1.25649,1.03999,1.88159e-05,8.33211,0.0499875,1
73080,49.9989,41.6668,41.6668,1.25538,0.81153,1.25538,1.03886,1.88153e-05,8.33211,0.0499875,1
73140,49.9989,41.6668,41.6668,1.25427,0.810344,1.25427,1.03773,1.88148e-05,8.33211,0.0499875,1
73200,49.9989,41.6668,41.6668,1.25317,0.809158,1.25317,1.0366,1.88143e-05,8.33211,0.0499875,1
73260,49.9989,41.6668,41.6668,1.25206,0.807972,1.25206,1.03547,1.88138e-05,8.33211,0.0499875,1
73320,49.9989,41.6668,41.6668,1.25095,0.806786,1.25095,1.03434,1.88133e-05,8.33211,0.0499875,1
73380,49.9989,41.6668,41.6668,1.24985,0.805599,1.24985,1.03322,1.88128e-05,8.33211,0.0499875,1
73440,49.9989,41.6668,41.6668,1.24874,0.804412,1.24874,1.03209,1.88122e-05,8.33211,0.0499875,1
73500,49.9989,41.6668,41.6668,1.24763,0.803225,1.24763,1.03096,1.88117e-05,8.33211,0.0499875,1
73560,49.9989,41.6668,41.6668,1.24653,0.802038,1.24653,1.02983,1.88112e-05,8.33211,0.0499875,1
73620,49.9989,41.6668,41.6668,1.24542,0.800851,1.24542,1.0287,1.88107e-05,8.33211,0.0499875,1
73680,49.9989,41.6668,41.6668,1.24432,0.799663,1.24432,1.02757,1.88102e-05,8.33211,0.0499875,1
73740,49.9989,41.6668,41.6668,1.24321,0.798475,1.24321,1.02644,1.88096e-05,8.33211,0.0499875,1
73800,49.9989,41.6668,41.6668,1.2421,0.797287,1.2421,1.02531,1.88091e-05,8.33211,0.0499875,1
73860,49.9989,41.6668,41.6668,1.241,0.796099,1.241,1.02419,1.88086e-05,8.33211,0.0499875,1
73920,49.9989,41.6668,41.6668,1.23989,0.794911,1.23989,1.02306,1.88081e-05,8.33211,0.0499875,1
73980,49.9989,41.6668,41.6668,1.23879,0.793722,1.23879,1.02193,1.88076e-05,8.33211,0.0499875,1
74040,49.9989,41.6668,41.6668,1.23768,0.792533,1.23768,1.0208,1.8807e-05,8.33211,0.0499875,1
74100,49.9989,41.6668,41.6668,1.23658,0.791344,1.23658,1.01967,1.88065e-05,8.33211,0.0499875,1
74160,49.9989,41.6668,41.6668,1.23548,0.790154,1.23548,1.01854,1.8806e-05,8.33211,0.0499875,1
74220,49.9989,41.6668,41.6668,1.23437,0.788965,1.23437,1.01742,1.88055e-05,8.33211,0.0499875,1
74280,49.9989,41.6668,41.6668,1.23327,0.787775,1.23327,1.01629,1.8805e-05,8.33211,0.0499875,1
74340,49.9989,41.6668,41.6668,1.23216,0.786585,1.23216,1.01516,1.88045e-05,8.33211,0.0499875,1
74400,49.9989,41.6668,41.6668,1.23106,0.785395,1.23106,1.01403,1.88039e-05,8.33211,0.0499875,1
74460,49.9989,41.6668,41.6668,1.22996,0.784204,1.22996,1.0129,1.88034e-05,8.33211,0.0499875,1
74520,49.9989,41.6668,41.6668,1.22885,0.783013,1.22885,1.01177,1.88029e-05,8.33211,0.0499875,1
74580,49.9989,41.6668,41.6668,1.22775,0.781823,1.22775,1.01065,1.88024e-05,8.33211,0.0499875,1
74640,49.9989,41.6668,41.6668,1.22665,0.780631,1.22665,1.00952,1.88019e-05,8.33211,0.0499875,1
74700,49.9989,41.6668,41.6668,1.22555,0.77944,1.22555,1.00839,1.88013e-05,8.33211,0.0499875,1
74760,49.9989,41.6668,41.6668,1.22444,0.778248,1.22444,1.00726,1.88008e-05,8.33211,0.0499875,1
74820,49.9989,41.6668,41.6668,1.22334,0.777057,1.22334,1.00613,1.88003e-05,8.33211,0.0499875,1
74880,49.9989,41.6668,41.6668,1.22224,0.775864,1.22224,1.00501,1.87998e-05,8.33211,0.0499875,1
74940,49.9989,41.6668,41.6668,1.22114,0.774672,1.22114,1.00388,1.87993e-05,8.33211,0.0499875,1
75000,49.9989,41.6668,41.6668,1.22004,0.77348,1.22004,1.00275,1.87987e-05,8.33211,0.0499875,1
75060,49.9989,41.6668,41.6668,1.21893,0.772287,1.21893,1.00162,1.87982e-05,8.33211,0.0499875,1
75120,49.9989,41.6668,41.6668,1.21783,0.771094,1.21783,1.00049,1.87977e-05,8.33211,0.0499875,1
75180,49.9989,41.6668,41.6668,1.21673,0.769901,1.21673,0.999366,1.87972e-05,8.33211,0.0499875,1
75240,49.9989,41.6668,41.6668,1.21563,0.768707,1.21563,0.998239,1.87967e-05,8.33211,0.0499875,1
75300,49.9989,41.6668,41.6668,1.21453,0.767513,1.21453,0.997111,1.87962e-05,8.33211,0.0499875,1
75360,49.9989,41.6668,41.6668,1.21343,0.766319,1.21343,0.995983,1.87956e-05,8.33211,0.0499875,1
75420,49.9989,41.6668,41.6668,1.21233,0.765125,1.21233,0.994855,1.87951e-05,8.33211,0.0499875,1
75480,49.9989,41.6668,41.6668,1.21123,0.763931,1.21123,0.993728,1.87946e-05,8.33211,0.0499875,1
75540,49.9989,41.6668,41.6668,1.21013,0.762736,1.21013,0.9926,1.87941e-05,8.33211,0.0499875,1
75600,49.9989,41.6668,41.6668,1.20903,0.761541,1.20903,0.991472,1.87936e-05,8.33211,0.0499875,1
75660,49.9989,41.6668,41.6668,1.20793,0.760346,1.20793,0.990345,1.8793e-05,8.33211,0.0499875,1
75720,49.9989,41.6668,41.6668,1.20683,0.759151,1.20683,0.989217,1.87925e-05,8.33211,0.0499875,1
75780,49.9989,41.6668,41.6668,1.20573,0.757955,1.20573,0.98809,1.8792e-05,8.33211,0.0499875,1
75840,49.9989,41.6668,41.6668,1.20463,0.756759,1.20463,0.986962,1.87915e-05,8.33211,0.0499875,1
75900,49.9989,41.6668,41.6668,1.20353,0.755563,1.20353,0.985835,1.8791e-05,8.33211,0.0499875,1
75960,49.9989,41.6668,41.6668,1.20243,0.754367,1.20243,0.984707,1.87905e-05,8.33211,0.0499875,1
76020,49.9989,41.6668,41.6668,1.20133,0.75317,1.20133,0.98358,1.87899e-05,8.33211,0.0499875,1
76080,49.9989,41.6668,41.6668,1.20024,0.751973,1.20024,0.982452,1.87894e-05,8.33211,0.0499875,1
76140,49.9989,41.6668,41.6668,1.19914,0.750776,1.19914,0.981325,1.87889e-05,8.33211,0.0499875,1
76200,49.9989,41.6668,41.6668,1.19804,0.749579,1.19804,0.980198,1.87884e-05,8.33211,0.0499875,1
76260,49.9989,41.6668,41.6668,1.19694,0.748381,1.19694,0.97907,1.87879e-05,8.33211,0.0499875,1
76320,49.9989,41.6668,41.6668,1.19584,0.747183,1.19584,0.977943,1.87873e-05,8.33211,0.0499875,1
76380,49.9989,41.6668,41.6668,1.19474,0.745985,1.19474,0.976816,1.87868e-05,8.33211,0.0499875,1
76440,49.9989,41.6668,41.6668,1.19365,0.744787,1.19365,0.975689,1.87863e-05,8.33211,0.0499875,1
76500,49.9989,41.6668,41.6668,1.19255,0.743588,1.19255,0.974562,1.87858e-05,8.33211,0.0499875,1
76560,49.9989,41.6668,41.6668,1.19145,0.74239,1.19145,0.973434,1.87853e-05,8.33211,0.0499875,1
76620,49.9989,41.6668,41.6668,1.19036,0.74119,1.19036,0.972307,1.87847e-05,8.33211,0.0499875,1
76680,49.9989,41.6668,41.6668,1.18926,0.739991,1.18926,0.97118,1.87842e-05,8.33211,0.0499875,1
76740,49.9989,41.6668,41.6668,1.18816,0.738791,1.18816,0.970053,1.87837e-05,8.33211,0.0499875,1
76800,49.9989,41.6668,41.6668,1.18707,0.737591,1.18707,0.968926,1.87832e-05,8.33211,0.0499875,1
76860,49.9989,41.6668,41.6668,1.18597,0.736391,1.18597,0.967799,1.87827e-05,8.33211,0.0499875,1
76920,49.9989,41.6668,41.6668,1.18487,0.735191,1.18487,0.966672,1.87822e-05,8.33211,0.0499875,1
76980,49.9989,41.6668,41.6668,1.18378,0.73399,1.18378,0.965545,1.87816e-05,8.33211,0.0499875,1
77040,49.9989,41.6668,41.6668,1.18268,0.732789,1.18268,0.964419,1.87811e-05,8.33211,0.0499875,1
77100,49.9989,41.6668,41.6668,1.18159,0.731588,1.18159,0.963292,1.87806e-05,8.33211,0.0499875,1
77160,49.9989,41.6668,41.6668,1.18049,0.730386,1.18049,0.962165,1.87801e-05,8.33211,0.0499875,1
77220,49.9989,41.6668,41.6668,1.1794,0.729185,1.1794,0.961038,1.87796e-05,8.33211,0.0499875,1
77280,49.9989,41.6668,41.6668,1.1783,0.727983,1.1783,0.959911,1.8779e-05,8.33211,0.0499875,1
77340,49.9989,41.6668,41.6668,1.17721,0.72678,1.17721,0.958785,1.87785e-05,8.33211,0.0499875,1
77400,49.9989,41.6668,41.6668,1.17611,0.725578,1.17611,0.957658,1.8778e-05,8.33211,0.0499875,1
77460,49.9989,41.6668,41.6668,1.17502,0.724375,1.17502,0.956531,1.87775e-05,8.33211,0.0499875,1
77520,49.9989,41.6668,41.6668,1.17392,0.723172,1.17392,0.955405,1.8777e-05,8.33211,0.0499875,1
77580,49.9989,41.6668,41.6668,1.17283,0.721968,1.17283,0.954278,1.87764e-05,8.33211,0.0499875,1
77640,49.9989,41.6668,41.6668,1.17173,0.720765,1.17173,0.953151,1.87759e-05,8.33211,0.0499875,1
77700,49.9989,41.6668,41.6668,1.17064,0.719561,1.17064,0.952025,1.87754e-05,8.33211,0.0499875,1
77760,49.9989,41.6668,41.6668,1.16955,0.718356,1.16955,0.950898,1.87749e-05,8.33211,0.0499875,1
77820,49.9989,41.6668,41.6668,1.16845,0.717152,1.16845,0.949772,1.87744e-05,8.33211,0.0499875,1
77880,49.9989,41.6668,41.6668,1.16736,0.715947,1.16736,0.948645,1.87739e-05,8.33211,0.0499875,1
77940,49.9989,41.6668,41.6668,1.16627,0.714742,1.16627,0.947519,1.87733e-05,8.33211,0.0499875,1
78000,49.9989,41.6668,41.6668,1.16517,0.713537,1.16517,0.946393,1.87728e-05,8.33211,0.0499875,1
78060,49.9989,41.6668,41.6668,1.16408,0.712331,1.16408,0.945266,1.87723e-05,8.33211,0.0499875,1
78120,49.9989,41.6668,41.6668,1.16299,0.711125,1.16299,0.94414,1.87718e-05,8.33211,0.0499875,1
78180,49.9989,41.6668,41.6668,1.1619,0.709919,1.1619,0.943014,1.87713e-05,8.33211,0.0499875,1
78240,49.9989,41.6668,41.6668,1.1608,0.708712,1.1608,0.941887,1.87707e-05,8.33211,0.0499875,1
78300,49.9989,41.6668,41.6668,1.15971,0.707505,1.15971,0.940761,1.87702e-05,8.33211,0.0499875,1
78360,49.9989,41.6668,41.6668,1.15862,0.706298,1.15862,0.939635,1.87697e-05,8.33211,0.0499875,1
78420,49.9989,41.6668,41.6668,1.15753,0.705091,1.15753,0.938509,1.87692e-05,8.33211,0.0499875,1
78480,49.9989,41.6668,41.6668,1.15644,0.703883,1.15644,0.937383,1.87687e-05,8.33211,0.0499875,1
78540,49.9989,41.6668,41.6668,1.15534,0.702675,1.15534,0.936257,1.87682e-05,8.33211,0.0499875,1
78600,49.9989,41.6668,41.6668,1.15425,0.701467,1.15425,0.93513,1.87676e-05,8.33211,0.0499875,1
78660,49.9989,41.6668,41.6668,1.15316,0.700258,1.15316,0.934004,1.87671e-05,8.33211,0.0499875,1
78720,49.9989,41.6668,41.6668,1.15207,0.699049,1.15207,0.932878,1.87666e-05,8.33211,0.0499875,1
78780,49.9989,41.6668,41.6668,1.15098,0.69784,1.15098,0.931752,1.87661e-05,8.33211,0.0499875,1
78840,49.9989,41.6668,41.6668,1.14989,0.69663,1.14989,0.930626,1.87656e-05,8.33211,0.0499875,1
78900,49.9989,41.6668,41.6668,1.1488,0.695421,1.1488,0.929501,1.8765e-05,8.33211,0.0499875,1
78960,49.9989,41.6668,41.6668,1.14771,0.69421,1.14771,0.928375,1.87645e-05,8.33211,0.0499875,1
79020,49.9989,41.6668,41.6668,1.14662,0.693,1.14662,0.927249,1.8764e-05,8.33211,0.0499875,1
79080,49.9989,41.6668,41.6668,1.14553,0.691789,1.14553,0.926123,1.87635e-05,8.33211,0.0499875,1
79140,49.9989,41.6668,41.6668,1.14444,0.690578,1.14444,0.924997,1.8763e-05,8.33211,0.0499875,1
79200,49.9989,41.6668,41.6668,1.14335,0.689366,1.14335,0.923871,1.87624e-05,8.33211,0.0499875,1
79260,49.9989,41.6668,41.6668,1.14226,0.688153,1.14226,0.922746,1.87624e-05,8.33211,0.0499875,1
79320,49.9989,41.6668,41.6668,1.14117,0.686939,1.14117,0.92162,1.87624e-05,8.33211,0.0499875,1
79380,49.9989,41.6668,41.6668,1.14008,0.685723,1.14008,0.920494,1.87624e-05,8.33211,0.0499875,1
79440,49.9989,41.6668,41.6668,1.13899,0.684506,1.13899,0.919368,1.87624e-05,8.33211,0.0499875,1
79500,49.9989,41.6668,41.6668,1.1379,0.683288,1.1379,0.918243,1.87624e-05,8.33211,0.0499875,1
79560,49.9989,41.6668,41.6668,1.13682,0.68207,1.13682,0.917117,1.87624e-05,8.33211,0.0499875,1
79620,49.9989,41.6668,41.6668,1.13573,0.680851,1.13573,0.915991,1.87624e-05,8.33211,0.0499875,1
79680,49.9989,41.6668,41.6668,1.13464,0.679631,1.13464,0.914865,1.87624e-05,8.33211,0.0499875,1
79740,49.9989,41.6668,41.6668,1.13355,0.67841,1.13355,0.91374,1.87624e-05,8.33211,0.0499875,1
79800,49.9989,41.6668,41.6668,1.13247,0.677189,1.13247,0.912614,1.87624e-05,8.33211,0.0499875,1
79860,49.9989,41.6668,41.6668,1.13138,0.675967,1.13138,0.911488,1.87624e-05,8.33211,0.0499875,1
79920,49.9989,41.6668,41.6668,1.13029,0.674744,1.13029,0.910362,1.87624e-05,8.33211,0.0499875,1
79980,49.9989,41.6668,41.6668,1.12921,0.673521,1.12921,0.909237,1.87624e-05,8.33211,0.0499875,1
80040,49.9989,41.6668,41.6668,1.12812,0.672297,1.12812,0.908111,1.87624e-05,8.33211,0.0499875,1
80100,49.9989,41.6668,41.6668,1.12703,0.671073,1.12703,0.906985,1.87624e-05,8.33211,0.0499875,1
80160,49.9989,41.6668,41.6668,1.12595,0.669847,1.12595,0.90586,1.87624e-05,8.33211,0.0499875,1
80220,49.9989,41.6668,41.6668,1.12486,0.668622,1.12486,0.904734,1.87624e-05,8.33211,0.0499875,1
80280,49.9989,41.6668,41.6668,1.12378,0.667395,1.12378,0.903608,1.87624e-05,8.33211,0.0499875,1
80340,49.9989,41.6668,41.6668,1.12269,0.666169,1.12269,0.902482,1.87624e-05,8.33211,0.0499875,1
80400,49.9989,41.6668,41.6668,1.12161,0.664941,1.12161,0.901357,1.87624e-05,8.33211,0.0499875,1
80460,49.9989,41.6668,41.6668,1.12052,0.663713,1.12052,0.900231,1.87624e-05,8.33211,0.0499875,1
80520,49.9989,41.6668,41.6668,1.11944,0.662484,1.11944,0.899105,1.87624e-05,8.33211,0.0499875,1
80580,49.9989,41.6668,41.6668,1.11835,0.661255,1.11835,0.897979,1.87624e-05,8.33211,0.0499875,1
80640,49.9989,41.6668,41.6668,1.11727,0.660025,1.11727,0.896854,1.87624e-05,8.33211,0.0499875,1
80700,49.9989,41.6668,41.6668,1.11619,0.658795,1.11619,0.895728,1.87624e-05,8.33211,0.0499875,1
80760,49.9989,41.6668,41.6668,1.1151,0.657564,1.1151,0.894602,1.87624e-05,8.33211,0.0499875,1
80820,49.9989,41.6668,41.6668,1.11402,0.656333,1.11402,0.893476,1.87624e-05,8.33211,0.0499875,1
80880,49.9989,41.6668,41.6668,1.11294,0.655101,1.11294,0.892351,1.87624e-05,8.33211,0.0499875,1
80940,49.9989,41.6668,41.6668,1.11185,0.653868,1.11185,0.891225,1.87624e-05,8.33211,0.0499875,1
81000,49.9989,41.6668,41.6668,1.11077,0.652635,1.11077,0.890099,1.87624e-05,8.33211,0.0499875,1
81060,49.9989,41.6668,41.6668,1.10969,0.651403,1.10969,0.888973,1.87619e-05,8.33211,0.0499875,1
81120,49.9989,41.6668,41.6668,1.10861,0.650171,1.10861,0.887848,1.87614e-05,8.33211,0.0499875,1
81180,49.9989,41.6668,41.6668,1.10752,0.64894,1.10752,0.886722,1.87609e-05,8.33211,0.0499875,1
81240,49.9989,41.6668,41.6668,1.10644,0.647709,1.10644,0.885596,1.87604e-05,8.33211,0.0499875,1
81300,49.9989,41.6668,41.6668,1.10536,0.646477,1.10536,0.884471,1.87599e-05,8.33211,0.0499875,1
81360,49.9989,41.6668,41.6668,1.10428,0.645246,1.10428,0.883345,1.87593e-05,8.33211,0.0499875,1
81420,49.9989,41.6668,41.6668,1.1032,0.644015,1.1032,0.88222,1.87588e-05,8.33211,0.0499875,1
81480,49.9989,41.6668,41.6668,1.10212,0.642783,1.10212,0.881094,1.87583e-05,8.33211,0.0499875,1
81540,49.9989,41.6668,41.6668,1.10104,0.641551,1.10104,0.879969,1.87578e-05,8.33211,0.0499875,1
81600,49.9989,41.6668,41.6668,1.09996,0.640319,1.09996,0.878843,1.87573e-05,8.33211,0.0499875,1
81660,49.9989,41.6668,41.6668,1.09887,0.639087,1.09887,0.877718,1.87567e-05,8.33211,0.0499875,1
81720,49.9989,41.6668,41.6668,1.09779,0.637854,1.09779,0.876592,1.87562e-05,8.33211,0.0499875,1
81780,49.9989,41.6668,41.6668,1.09671,0.636622,1.09671,0.875467,1.87557e-05,8.33211,0.0499875,1
81840,49.9989,41.6668,41.6668,1.09563,0.635389,1.09563,0.874342,1.87552e-05,8.33211,0.0499875,1
81900,49.9989,41.6668,41.6668,1.09455,0.634155,1.09455,0.873216,1.87547e-05,8.33211,0.0499875,1
81960,49.9989,41.6668,41.6668,1.09347,0.632922,1.09347,0.872091,1.87542e-05,8.33211,0.0499875,1
82020,49.9989,41.6668,41.6668,1.09239,0.631688,1.09239,0.870966,1.87536e-05,8.33211,0.0499875,1
82080,49.9989,41.6668,41.6668,1.09132,0.630454,1.09132,0.869841,1.87531e-05,8.33211,0.0499875,1
82140,49.9989,41.6668,41.6668,1.09024,0.629219,1.09024,0.868715,1.87526e-05,8.33211,0.0499875,1
82200,49.9989,41.6668,41.6668,1.08916,0.627985,1.08916,0.86759,1.87521e-05,8.33211,0.0499875,1
82260,49.9989,41.6668,41.6668,1.08808,0.626749,1.08808,0.866465,1.87516e-05,8.33211,0.0499875,1
82320,49.9989,41.6668,41.6668,1.087,0.625514,1.087,0.86534,1.8751e-05,8.33211,0.0499875,1
82380,49.9989,41.6668,41.6668,1.08592,0.624278,1.08592,0.864215,1.87505e-05,8.33211,0.0499875,1
82440,49.9989,41.6668,41.6668,1.08484,0.623042,1.08484,0.86309,1.875e-05,8.33211,0.0499875,1
82500,49.9989,41.6668,41.6668,1.08377,0.621805,1.08377,0.861965,1.87495e-05,8.33211,0.0499875,1
82560,49.9989,41.6668,41.6668,1.08269,0.620568,1.08269,0.86084,1.8749e-05,8.33211,0.0499875,1
82620,49.9989,41.6668,41.6668,1.08161,0.619331,1.08161,0.859715,1.87484e-05,8.33211,0.0499875,1
82680,49.9989,41.6668,41.6668,1.08053,0.618093,1.08053,0.85859,1.87479e-05,8.33211,0.0499875,1
82740,49.9989,41.6668,41.6668,1.07946,0.616855,1.07946,0.857465,1.87474e-05,8.33211,0.0499875,1
82800,49.9989,41.6668,41.6668,1.07838,0.615617,1.07838,0.856341,1.87469e-05,8.33211,0.0499875,1
82860,49.9989,41.6668,41.6668,1.0773,0.614377,1.0773,0.855216,1.87469e-05,8.33211,0.0499875,1
82920,49.9989,41.6668,41.6668,1.07622,0.613134,1.07622,0.854091,1.87469e-05,8.33211,0.0499875,1
82980,49.9989,41.6668,41.6668,1.07515,0.611891,1.07515,0.852966,1.87469e-05,8.33211,0.0499875,1
83040,49.9989,41.6668,41.6668,1.07407,0.610647,1.07407,0.851841,1.87469e-05,8.33211,0.0499875,1
83100,49.9989,41.6668,41.6668,1.073,0.609402,1.073,0.850717,1.87469e-05,8.33211,0.0499875,1
83160,49.9989,41.6668,41.6668,1.07192,0.608156,1.07192,0.849592,1.87469e-05,8.33211,0.0499875,1
83220,49.9989,41.6668,41.6668,1.07084,0.606909,1.07084,0.848467,1.87469e-05,8.33211,0.0499875,1
83280,49.9989,41.6668,41.6668,1.06977,0.605661,1.06977,0.847342,1.87469e-05,8.33211,0.0499875,1
83340,49.9989,41.6668,41.6668,1.06869,0.604412,1.06869,0.846217,1.87469e-05,8.33211,0.0499875,1
83400,49.9989,41.6668,41.6668,1.06762,0.603163,1.06762,0.845093,1.87469e-05,8.33211,0.0499875,1
83460,49.9989,41.6668,41.6668,1.06655,0.601912,1.06655,0.843968,1.87469e-05,8.33211,0.0499875,1
83520,49.9989,41.6668,41.6668,1.06547,0.600661,1.06547,0.842843,1.87469e-05,8.33211,0.0499875,1
83580,49.9989,41.6668,41.6668,1.0644,0.59941,1.0644,0.841718,1.87469e-05,8.33211,0.0499875,1
83640,49.9989,41.6668,41.6668,1.06332,0.598157,1.06332,0.840593,1.87469e-05,8.33211,0.0499875,1
83700,49.9989,41.6668,41.6668,1.06225,0.596904,1.06225,0.839468,1.87469e-05,8.33211,0.0499875,1
83760,49.9989,41.6668,41.6668,1.06118,0.59565,1.06118,0.838344,1.87469e-05,8.33211,0.0499875,1
83820,49.9989,41.6668,41.6668,1.0601,0.594395,1.0601,0.837219,1.87469e-05,8.33211,0.0499875,1
83880,49.9989,41.6668,41.6668,1.05903,0.59314,1.05903,0.836094,1.87469e-05,8.33211,0.0499875,1
83940,49.9989,41.6668,41.6668,1.05796,0.591884,1.05796,0.834969,1.87469e-05,8.33211,0.0499875,1
84000,49.9989,41.6668,41.6668,1.05689,0.590627,1.05689,0.833844,1.87469e-05,8.33211,0.0499875,1
84060,49.9989,41.6668,41.6668,1.05581,0.589369,1.05581,0.83272,1.87469e-05,8.33211,0.0499875,1
84120,49.9989,41.6668,41.6668,1.05474,0.588111,1.05474,0.831595,1.87469e-05,8.33211,0.0499875,1
84180,49.9989,41.6668,41.6668,1.05367,0.586852,1.05367,0.83047,1.87469e-05,8.33211,0.0499875,1
84240,49.9989,41.6668,41.6668,1.0526,0.585592,1.0526,0.829345,1.87469e-05,8.33211,0.0499875,1
84300,49.9989,41.6668,41.6668,1.05153,0.584332,1.05153,0.82822,1.87469e-05,8.33211,0.0499875,1
84360,49.9989,41.6668,41.6668,1.05046,0.58307,1.05046,0.827095,1.87469e-05,8.33211,0.0499875,1
84420,49.9989,41.6668,41.6668,1.04939,0.581809,1.04939,0.825971,1.87469e-05,8.33211,0.0499875,1
84480,49.9989,41.6668,41.6668,1.04832,0.580546,1.04832,0.824846,1.87469e-05,8.33211,0.0499875,1
84540,49.9989,41.6668,41.6668,1.04725,0.579283,1.04725,0.823721,1.87469e-05,8.33211,0.0499875,1
84600,49.9989,41.6668,41.6668,1.04618,0.578019,1.04618,0.822596,1.87469e-05,8.33211,0.0499875,1
84660,49.9989,41.6668,41.6668,1.04511,0.576755,1.04511,0.821471,1.87464e-05,8.33211,0.0499875,1
84720,49.9989,41.6668,41.6668,1.04404,0.575493,1.04404,0.820347,1.87459e-05,8.33211,0.0499875,1
84780,49.9989,41.6668,41.6668,1.04297,0.57423,1.04297,0.819222,1.87453e-05,8.33211,0.0499875,1
84840,49.9989,41.6668,41.6668,1.0419,0.572967,1.0419,0.818097,1.87448e-05,8.33211,0.0499875,1
84900,49.9989,41.6668,41.6668,1.04083,0.571705,1.04083,0.816973,1.87443e-05,8.33211,0.0499875,1
84960,49.9989,41.6668,41.6668,1.03976,0.570441,1.03976,0.815848,1.87438e-05,8.33211,0.0499875,1
85020,49.9989,41.6668,41.6668,1.03869,0.569178,1.03869,0.814723,1.87433e-05,8.33211,0.0499875,1
85080,49.9989,41.6668,41.6668,1.03762,0.567914,1.03762,0.813599,1.87427e-05,8.33211,0.0499875,1
85140,49.9989,41.6668,41.6668,1.03656,0.56665,1.03656,0.812474,1.87422e-05,8.33211,0.0499875,1
85200,49.9989,41.6668,41.6668,1.03549,0.565386,1.03549,0.81135,1.87417e-05,8.33211,0.0499875,1
85260,49.9989,41.6668,41.6668,1.03442,0.564121,1.03442,0.810225,1.87412e-05,8.33211,0.0499875,1
85320,49.9989,41.6668,41.6668,1.03335,0.562856,1.03335,0.809101,1.87407e-05,8.33211,0.0499875,1
85380,49.9989,41.6668,41.6668,1.03229,0.56159,1.03229,0.807976,1.87401e-05,8.33211,0.0499875,1
85440,49.9989,41.6668,41.6668,1.03122,0.560324,1.03122,0.806852,1.87396e-05,8.33211,0.0499875,1
85500,49.9989,41.6668,41.6668,1.03015,0.559058,1.03015,0.805728,1.87391e-05,8.33211,0.0499875,1
85560,49.9989,41.6668,41.6668,1.02908,0.557791,1.02908,0.804603,1.87386e-05,8.33211,0.0499875,1
85620,49.9989,41.6668,41.6668,1.02802,0.556523,1.02802,0.803479,1.87381e-05,8.33211,0.0499875,1
85680,49.9989,41.6668,41.6668,1.02695,0.555255,1.02695,0.802355,1.87376e-05,8.33211,0.0499875,1
85740,49.9989,41.6668,41.6668,1.02589,0.553987,1.02589,0.80123,1.8737e-05,8.33211,0.0499875,1
85800,49.9989,41.6668,41.6668,1.02482,0.552718,1.02482,0.800106,1.87365e-05,8.33211,0.0499875,1
85860,49.9989,41.6668,41.6668,1.02375,0.551448,1.02375,0.798982,1.8736e-05,8.33211,0.0499875,1
85920,49.9989,41.6668,41.6668,1.02269,0.550178,1.02269,0.797858,1.87355e-05,8.33211,0.0499875,1
85980,49.9989,41.6668,41.6668,1.02162,0.548908,1.02162,0.796734,1.8735e-05,8.33211,0.0499875,1
86040,49.9989,41.6668,41.6668,1.02056,0.547636,1.02056,0.79561,1.87344e-05,8.33211,0.0499875,1
86100,49.9989,41.6668,41.6668,1.01949,0.546365,1.01949,0.794486,1.87339e-05,8.33211,0.0499875,1
86160,49.9989,41.6668,41.6668,1.01843,0.545092,1.01843,0.793362,1.87334e-05,8.33211,0.0499875,1
86220,49.9989,41.6668,41.6668,1.01736,0.543819,1.01736,0.792238,1.87329e-05,8.33211,0.0499875,1
86280,49.9989,41.6668,41.6668,1.0163,0.542546,1.0163,0.791114,1.87324e-05,8.33211,0.0499875,1
86340,49.9989,41.6668,41.6668,1.01523,0.541272,1.01523,0.78999,1.87319e-05,8.33211,0.0499875,1
86400,49.9989,41.6668,41.6668,1.01417,0.539997,1.01417,0.788866,1.87313e-05,8.33211,0.0499875,1
86460,49.9989,41.6668,41.6668,1.01311,0.53872,1.01311,0.787742,1.87313e-05,8.33211,0.0499875,1
86520,49.9989,41.6668,41.6668,1.01204,0.537441,1.01204,0.786618,1.87313e-05,8.33211,0.0499875,1
86580,49.9989,41.6668,41.6668,1.01098,0.536161,1.01098,0.785494,1.87313e-05,8.33211,0.0499875,1
86640,49.9989,41.6668,41.6668,1.00992,0.534879,1.00992,0.78437,1.87313e-05,8.33211,0.0499875,1
86700,49.9989,41.6668,41.6668,1.00885,0.533597,1.00885,0.783246,1.87313e-05,8.33211,0.0499875,1
86760,49.9989,41.6668,41.6668,1.00779,0.532313,1.00779,0.782123,1.87313e-05,8.33211,0.0499875,1
86820,49.9989,41.6668,41.6668,1.00673,0.531028,1.00673,0.780999,1.87313e-05,8.33211,0.0499875,1
86880,49.9989,41.6668,41.6668,1.00567,0.529741,1.00567,0.779875,1.87313e-05,8.33211,0.0499875,1
86940,49.9989,41.6668,41.6668,1.0046,0.528454,1.0046,0.778751,1.87313e-05,8.33211,0.0499875,1
87000,49.9989,41.6668,41.6668,1.00354,0.527166,1.00354,0.777627,1.87313e-05,8.33211,0.0499875,1
87060,49.9989,41.6668,41.6668,1.00248,0.525877,1.00248,0.776503,1.87313e-05,8.33211,0.0499875,1
87120,49.9989,41.6668,41.6668,1.00142,0.524586,1.00142,0.775379,1.87313e-05,8.33211,0.0499875,1
87180,49.9989,41.6668,41.6668,1.00036,0.523295,1.00036,0.774255,1.87313e-05,8.33211,0.0499875,1
87240,49.9989,41.6668,41.6668,0.999298,0.522002,0.999298,0.773132,1.87313e-05,8.33211,0.0499875,1
87300,49.9989,41.6668,41.6668,0.998238,0.520709,0.998238,0.772008,1.87313e-05,8.33211,0.0499875,1
87360,49.9989,41.6668,41.6668,0.997177,0.519414,0.997177,0.770884,1.87313e-05,8.33211,0.0499875,1
87420,49.9989,41.6668,41.6668,0.996118,0.518119,0.996118,0.76976,1.87313e-05,8.33211,0.0499875,1
87480,49.9989,41.6668,41.6668,0.995058,0.516823,0.995058,0.768636,1.87313e-05,8.33211,0.0499875,1
87540,49.9989,41.6668,41.6668,0.993999,0.515525,0.993999,0.767512,1.87313e-05,8.33211,0.0499875,1
87600,49.9989,41.6668,41.6668,0.99294,0.514227,0.99294,0.766388,1.87313e-05,8.33211,0.0499875,1
87660,49.9989,41.6668,41.6668,0.991881,0.512927,0.991881,0.765264,1.87313e-05,8.33211,0.0499875,1
87720,49.9989,41.6668,41.6668,0.990823,0.511626,0.990823,0.76414,1.87313e-05,8.33211,0.0499875,1
87780,49.9989,41.6668,41.6668,0.989764,0.510325,0.989764,0.763017,1.87313e-05,8.33211,0.0499875,1
87840,49.9989,41.6668,41.6668,0.988706,0.509022,0.988706,0.761893,1.87313e-05,8.33211,0.0499875,1
87900,49.9989,41.6668,41.6668,0.987649,0.507719,0.987649,0.760769,1.87313e-05,8.33211,0.0499875,1
87960,49.9989,41.6668,41.6668,0.986591,0.506414,0.986591,0.759645,1.87313e-05,8.33211,0.0499875,1
88020,49.9989,41.6668,41.6668,0.985534,0.505108,0.985534,0.758521,1.87313e-05,8.33211,0.0499875,1
88080,49.9989,41.6668,41.6668,0.984477,0.503802,0.984477,0.757397,1.87313e-05,8.33211,0.0499875,1
88140,49.9989,41.6668,41.6668,0.98342,0.502494,0.98342,0.756273,1.87313e-05,8.33211,0.0499875,1
88200,49.9989,41.6668,41.6668,0.982364,0.501185,0.982364,0.755149,1.87313e-05,8.33211,0.0499875,1
88260,49.9989,41.6668,41.6668,0.981308,0.499877,0.981308,0.754026,1.87308e-05,8.33211,0.0499875,1
88320,49.9989,41.6668,41.6668,0.980252,0.498569,0.980252,0.752902,1.87303e-05,8.33211,0.0499875,1
88380,49.9989,41.6668,41.6668,0.979196,0.497261,0.979196,0.751778,1.87298e-05,8.33211,0.0499875,1
88440,49.9989,41.6668,41.6668,0.97814,0.495952,0.97814,0.750654,1.87293e-05,8.33211,0.0499875,1
88500,49.9989,41.6668,41.6668,0.977085,0.494643,0.977085,0.74953,1.87287e-05,8.33211,0.0499875,1
88560,49.9989,41.6668,41.6668,0.97603,0.493334,0.97603,0.748407,1.87282e-05,8.33211,0.0499875,1
88620,49.9989,41.6668,41.6668,0.974975,0.492024,0.974975,0.747283,1.87277e-05,8.33211,0.0499875,1
88680,49.9989,41.6668,41.6668,0.97392,0.490713,0.97392,0.746159,1.87272e-05,8.33211,0.0499875,1
88740,49.9989,41.6668,41.6668,0.972866,0.489401,0.972866,0.745036,1.87267e-05,8.33211,0.0499875,1
88800,49.9989,41.6668,41.6668,0.971811,0.488089,0.971811,0.743912,1.87261e-05,8.33211,0.0499875,1
88860,49.9989,41.6668,41.6668,0.970757,0.486776,0.970757,0.742789,1.87256e-05,8.33211,0.0499875,1
88920,49.9989,41.6668,41.6668,0.969703,0.485462,0.969703,0.741665,1.87251e-05,8.33211,0.0499875,1
88980,49.9989,41.6668,41.6668,0.96865,0.484148,0.96865,0.740542,1.87246e-05,8.33211,0.0499875,1
89040,49.9989,41.6668,41.6668,0.967596,0.482832,0.967596,0.739418,1.87241e-05,8.33211,0.0499875,1
89100,49.9989,41.6668,41.6668,0.966543,0.481516,0.966543,0.738295,1.87236e-05,8.33211,0.0499875,1
89160,49.9989,41.6668,41.6668,0.96549,0.480199,0.96549,0.737171,1.8723e-05,8.33211,0.0499875,1
89220,49.9989,41.6668,41.6668,0.964437,0.478881,0.964437,0.736048,1.87225e-05,8.33211,0.0499875,1
89280,49.9989,41.6668,41.6668,0.963384,0.477563,0.963384,0.734925,1.8722e-05,8.33211,0.0499875,1
89340,49.9989,41.6668,41.6668,0.962332,0.476243,0.962332,0.733801,1.87215e-05,8.33211,0.0499875,1
89400,49.9989,41.6668,41.6668,0.96128,0.474922,0.96128,0.732678,1.8721e-05,8.33211,0.0499875,1
89460,49.9989,41.6668,41.6668,0.960228,0.473601,0.960228,0.731555,1.87204e-05,8.33211,0.0499875,1
89520,49.9989,41.6668,41.6668,0.959176,0.472278,0.959176,0.730432,1.87199e-05,8.33211,0.0499875,1
89580,49.9989,41.6668,41.6668,0.958125,0.470955,0.958125,0.729308,1.87194e-05,8.33211,0.0499875,1
89640,49.9989,41.6668,41.6668,0.957073,0.469631,0.957073,0.728185,1.87189e-05,8.33211,0.0499875,1
89700,49.9989,41.6668,41.6668,0.956022,0.468305,0.956022,0.727062,1.87184e-05,8.33211,0.0499875,1
89760,49.9989,41.6668,41.6668,0.954971,0.466979,0.954971,0.725939,1.87178e-05,8.33211,0.0499875,1
89820,49.9989,41.6668,41.6668,0.953921,0.465652,0.953921,0.724816,1.87173e-05,8.33211,0.0499875,1
89880,49.9989,41.6668,41.6668,0.95287,0.464323,0.95287,0.723693,1.87168e-05,8.33211,0.0499875,1
89940,49.9989,41.6668,41.6668,0.95182,0.462994,0.95182,0.72257,1.87163e-05,8.33211,0.0499875,1
90000,49.9989,41.6668,41.6668,0.95077,0.461664,0.95077,0.721447,1.87158e-05,8.33211,0.0499875,1
90060,49.9989,41.6668,41.6668,0.94972,0.46033,0.94972,0.720324,1.87158e-05,8.33211,0.0499875,1
90120,49.9989,41.6668,41.6668,0.948671,0.458995,0.948671,0.719201,1.87158e-05,8.33211,0.0499875,1
90180,49.9989,41.6668,41.6668,0.947621,0.457657,0.947621,0.718078,1.87158e-05,8.33211,0.0499875,1
90240,49.9989,41.6668,41.6668,0.946572,0.456318,0.946572,0.716955,1.87158e-05,8.33211,0.0499875,1
90300,49.9989,41.6668,41.6668,0.945524,0.454977,0.945524,0.715832,1.87158e-05,8.33211,0.0499875,1
90360,49.9989,41.6668,41.6668,0.944475,0.453634,0.944475,0.714709,1.87158e-05,8.33211,0.0499875,1
90420,49.9989,41.6668,41.6668,0.943427,0.45229,0.943427,0.713586,1.87158e-05,8.33211,0.0499875,1
90480,49.9989,41.6668,41.6668,0.94238,0.450944,0.94238,0.712463,1.87158e-05,8.33211,0.0499875,1
90540,49.9989,41.6668,41.6668,0.941332,0.449596,0.941332,0.711341,1.87158e-05,8.33211,0.0499875,1
90600,49.9989,41.6668,41.6668,0.940285,0.448247,0.940285,0.710218,1.87158e-05,8.33211,0.0499875,1
90660,49.9989,41.6668,41.6668,0.939238,0.446896,0.939238,0.709095,1.87158e-05,8.33211,0.0499875,1
90720,49.9989,41.6668,41.6668,0.938191,0.445544,0.938191,0.707972,1.87158e-05,8.33211,0.0499875,1
90780,49.9989,41.6668,41.6668,0.937145,0.44419,0.937145,0.706849,1.87158e-05,8.33211,0.0499875,1
90840,49.9989,41.6668,41.6668,0.936099,0.442834,0.936099,0.705726,1.87158e-05,8.33211,0.0499875,1
90900,49.9989,41.6668,41.6668,0.935053,0.441477,0.935053,0.704603,1.87158e-05,8.33211,0.0499875,1
90960,49.9989,41.6668,41.6668,0.934008,0.440118,0.934008,0.70348,1.87158e-05,8.33211,0.0499875,1
91020,49.9989,41.6668,41.6668,0.932962,0.438758,0.932962,0.702357,1.87158e-05,8.33211,0.0499875,1
91080,49.9989,41.6668,41.6668,0.931917,0.437396,0.931917,0.701234,1.87158e-05,8.33211,0.0499875,1
91140,49.9989,41.6668,41.6668,0.930873,0.436033,0.930873,0.700111,1.87158e-05,8.33211,0.0499875,1
91200,49.9989,41.6668,41.6668,0.929828,0.434668,0.929828,0.698988,1.87158e-05,8.33211,0.0499875,1
91260,49.9989,41.6668,41.6668,0.928784,0.433301,0.928784,0.697865,1.87158e-05,8.33211,0.0499875,1
91320,49.9989,41.6668,41.6668,0.927741,0.431933,0.927741,0.696742,1.87158e-05,8.33211,0.0499875,1
91380,49.9989,41.6668,41.6668,0.926697,0.430562,0.926697,0.695619,1.87158e-05,8.33211,0.0499875,1
91440,49.9989,41.6668,41.6668,0.925654,0.429191,0.925654,0.694496,1.87158e-05,8.33211,0.0499875,1
91500,49.9989,41.6668,41.6668,0.924611,0.427817,0.924611,0.693373,1.87158e-05,8.33211,0.0499875,1
91560,49.9989,41.6668,41.6668,0.923569,0.426442,0.923569,0.69225,1.87158e-05,8.33211,0.0499875,1
91620,49.9989,41.6668,41.6668,0.922526,0.425066,0.922526,0.691127,1.87158e-05,8.33211,0.0499875,1
91680,49.9989,41.6668,41.6668,0.921484,0.423687,0.921484,0.690005,1.87158e-05,8.33211,0.0499875,1
91740,49.9989,41.6668,41.6668,0.920443,0.422307,0.920443,0.688882,1.87158e-05,8.33211,0.0499875,1
91800,49.9989,41.6668,41.6668,0.919401,0.420925,0.919401,0.687759,1.87158e-05,8.33211,0.0499875,1
91860,49.9989,41.6668,41.6668,0.91836,0.419542,0.91836,0.686636,1.87158e-05,8.33211,0.0499875,1
91920,49.9989,41.6668,41.6668,0.917319,0.418156,0.917319,0.685513,1.87158e-05,8.33211,0.0499875,1
91980,49.9989,41.6668,41.6668,0.916279,0.416769,0.916279,0.68439,1.87158e-05,8.33211,0.0499875,1
92040,49.9989,41.6668,41.6668,0.915239,0.41538,0.915239,0.683267,1.87158e-05,8.33211,0.0499875,1
92100,49.9989,41.6668,41.6668,0.914199,0.413989,0.914199,0.682144,1.87158e-05,8.33211,0.0499875,1
92160,49.9989,41.6668,41.6668,0.913159,0.412597,0.913159,0.681021,1.87158e-05,8.33211,0.0499875,1
92220,49.9989,41.6668,41.6668,0.91212,0.411202,0.91212,0.679898,1.87158e-05,8.33211,0.0499875,1
92280,49.9989,41.6668,41.6668,0.911081,0.409806,0.911081,0.678775,1.87158e-05,8.33211,0.0499875,1
92340,49.9989,41.6668,41.6668,0.910042,0.408408,0.910042,0.677652,1.87158e-05,8.33211,0.0499875,1
92400,49.9989,41.6668,41.6668,0.909004,0.407008,0.909004,0.676529,1.87158e-05,8.33211,0.0499875,1
92460,49.9989,41.6668,41.6668,0.907966,0.405606,0.907966,0.675406,1.87158e-05,8.33211,0.0499875,1
92520,49.9989,41.6668,41.6668,0.906928,0.404202,0.906928,0.674283,1.87158e-05,8.33211,0.0499875,1
92580,49.9989,41.6668,41.6668,0.905891,0.402796,0.905891,0.67316,1.87158e-05,8.33211,0.0499875,1
92640,49.9989,41.6668,41.6668,0.904853,0.401388,0.904853,0.672037,1.87158e-05,8.33211,0.0499875,1
92700,49.9989,41.6668,41.6668,0.903817,0.399978,0.903817,0.670914,1.87158e-05,8.33211,0.0499875,1
92760,49.9989,41.6668,41.6668,0.90278,0.398566,0.90278,0.669791,1.87158e-05,8.33211,0.0499875,1
92820,49.9989,41.6668,41.6668,0.901744,0.397152,0.901744,0.668669,1.87158e-05,8.33211,0.0499875,1
92880,49.9989,41.6668,41.6668,0.900708,0.395736,0.900708,0.667546,1.87158e-05,8.33211,0.0499875,1
92940,49.9989,41.6668,41.6668,0.899672,0.394318,0.899672,0.666423,1.87158e-05,8.33211,0.0499875,1
93000,49.9989,41.6668,41.6668,0.898637,0.392898,0.898637,0.6653,1.87158e-05,8.33211,0.0499875,1
93060,49.9989,41.6668,41.6668,0.897602,0.391476,0.897602,0.664177,1.87158e-05,8.33211,0.0499875,1
93120,49.9989,41.6668,41.6668,0.896568,0.390051,0.896568,0.663054,1.87158e-05,8.33211,0.0499875,1
93180,49.9989,41.6668,41.6668,0.895533,0.388625,0.895533,0.661931,1.87158e-05,8.33211,0.0499875,1
93240,49.9989,41.6668,41.6668,0.894499,0.387196,0.894499,0.660808,1.87158e-05,8.33211,0.0499875,1
93300,49.9989,41.6668,41.6668,0.893466,0.385765,0.893466,0.659685,1.87158e-05,8.33211,0.0499875,1
93360,49.9989,41.6668,41.6668,0.892432,0.384331,0.892432,0.658562,1.87158e-05,8.33211,0.0499875,1
93420,49.9989,41.6668,41.6668,0.891399,0.382895,0.891399,0.657439,1.87158e-05,8.33211,0.0499875,1
93480,49.9989,41.6668,41.6668,0.890366,0.381458,0.890366,0.656316,1.87158e-05,8.33211,0.0499875,1
93540,49.9989,41.6668,41.6668,0.889334,0.380017,0.889334,0.655193,1.87158e-05,8.33211,0.0499875,1
93600,49.9989,41.6668,41.6668,0.888302,0.378575,0.888302,0.65407,1.87158e-05,8.33211,0.0499875,1
93660,49.9989,41.6668,41.6668,0.88727,0.377129,0.88727,0.652947,1.87158e-05,8.33211,0.0499875,1
93720,49.9989,41.6668,41.6668,0.886239,0.375682,0.886239,0.651824,1.87158e-05,8.33211,0.0499875,1
93780,49.9989,41.6668,41.6668,0.885208,0.374232,0.885208,0.650701,1.87158e-05,8.33211,0.0499875,1
93840,49.9989,41.6668,41.6668,0.884177,0.37278,0.884177,0.649578,1.87158e-05,8.33211,0.0499875,1
93900,49.9989,41.6668,41.6668,0.883146,0.371325,0.883146,0.648456,1.87158e-05,8.33211,0.0499875,1
93960,49.9989,41.6668,41.6668,0.882116,0.369867,0.882116,0.647333,1.87158e-05,8.33211,0.0499875,1
94020,49.9989,41.6668,41.6668,0.881087,0.368407,0.881087,0.64621,1.87158e-05,8.33211,0.0499875,1
94080,49.9989,41.6668,41.6668,0.880057,0.366944,0.880057,0.645087,1.87158e-05,8.33211,0.0499875,1
94140,49.9989,41.6668,41.6668,0.879028,0.365479,0.879028,0.643964,1.87158e-05,8.33211,0.0499875,1
94200,49.9989,41.6668,41.6668,0.877999,0.364011,0.877999,0.642841,1.87158e-05,8.33211,0.0499875,1
94260,49.9989,41.6668,41.6668,0.876971,0.36254,0.876971,0.641718,1.87158e-05,8.33211,0.0499875,1
94320,49.9989,41.6668,41.6668,0.875943,0.361067,0.875943,0.640595,1.87158e-05,8.33211,0.0499875,1
94380,49.9989,41.6668,41.6668,0.874915,0.35959,0.874915,0.639472,1.87158e-05,8.33211,0.0499875,1
94440,49.9989,41.6668,41.6668,0.873887,0.358111,0.873887,0.638349,1.87158e-05,8.33211,0.0499875,1
94500,49.9989,41.6668,41.6668,0.87286,0.356629,0.87286,0.637226,1.87158e-05,8.33211,0.0499875,1
94560,49.9989,41.6668,41.6668,0.871833,0.355144,0.871833,0.636103,1.87158e-05,8.33211,0.0499875,1
94620,49.9989,41.6668,41.6668,0.870807,0.353656,0.870807,0.63498,1.87158e-05,8.33211,0.0499875,1
94680,49.9989,41.6668,41.6668,0.869781,0.352165,0.869781,0.633857,1.87158e-05,8.33211,0.0499875,1
94740,49.9989,41.6668,41.6668,0.868755,0.350671,0.868755,0.632734,1.87158e-05,8.33211,0.0499875,1
94800,49.9989,41.6668,41.6668,0.86773,0.349174,0.86773,0.631611,1.87158e-05,8.33211,0.0499875,1
94860,49.9989,41.6668,41.6668,0.866705,0.347674,0.866705,0.630488,1.87158e-05,8.33211,0.0499875,1
94920,49.9989,41.6668,41.6668,0.86568,0.346171,0.86568,0.629365,1.87158e-05,8.33211,0.0499875,1
94980,49.9989,41.6668,41.6668,0.864656,0.344665,0.864656,0.628242,1.87158e-05,8.33211,0.0499875,1
95040,49.9989,41.6668,41.6668,0.863632,0.343155,0.863632,0.62712,1.87158e-05,8.33211,0.0499875,1
95100,49.9989,41.6668,41.6668,0.862608,0.341642,0.862608,0.625997,1.87158e-05,8.33211,0.0499875,1
95160,49.9989,41.6668,41.6668,0.861585,0.340125,0.861585,0.624874,1.87158e-05,8.33211,0.0499875,1
95220,49.9989,41.6668,41.6668,0.860562,0.338605,0.860562,0.623751,1.87158e-05,8.33211,0.0499875,1
95280,49.9989,41.6668,41.6668,0.859539,0.337082,0.859539,0.622628,1.87158e-05,8.33211,0.0499875,1
95340,49.9989,41.6668,41.6668,0.858517,0.335555,0.858517,0.621505,1.87158e-05,8.33211,0.0499875,1
95400,49.9989,41.6668,41.6668,0.857495,0.334025,0.857495,0.620382,1.87158e-05,8.33211,0.0499875,1
95460,49.9989,41.6668,41.6668,0.856473,0.332493,0.856473,0.619259,1.87153e-05,8.33211,0.0499875,1
95520,49.9989,41.6668,41.6668,0.855452,0.330958,0.855452,0.618136,1.87147e-05,8.33211,0.0499875,1
95580,49.9989,41.6668,41.6668,0.854431,0.329421,0.854431,0.617013,1.87142e-05,8.33211,0.0499875,1
95640,49.9989,41.6668,41.6668,0.85341,0.327881,0.85341,0.61589,1.87137e-05,8.33211,0.0499875,1
95700,49.9989,41.6668,41.6668,0.85239,0.326338,0.85239,0.614768,1.87132e-05,8.33211,0.0499875,1
95760,49.9989,41.6668,41.6668,0.85137,0.324792,0.85137,0.613645,1.87127e-05,8.33211,0.0499875,1
95820,49.9989,41.6668,41.6668,0.85035,0.323242,0.85035,0.612522,1.87121e-05,8.33211,0.0499875,1
95880,49.9989,41.6668,41.6668,0.84933,0.321689,0.84933,0.611399,1.87116e-05,8.33211,0.0499875,1
95940,49.9989,41.6668,41.6668,0.848311,0.320132,0.848311,0.610277,1.87111e-05,8.33211,0.0499875,1
96000,49.9989,41.6668,41.6668,0.847292,0.318571,0.847292,0.609154,1.87106e-05,8.33211,0.0499875,1
96060,49.9989,41.6668,41.6668,0.846274,0.317007,0.846274,0.608031,1.87101e-05,8.33211,0.0499875,1
96120,49.9989,41.6668,41.6668,0.845255,0.315438,0.845255,0.606909,1.87096e-05,8.33211,0.0499875,1
96180,49.9989,41.6668,41.6668,0.844237,0.313866,0.844237,0.605786,1.8709e-05,8.33211,0.0499875,1
96240,49.9989,41.6668,41.6668,0.84322,0.31229,0.84322,0.604664,1.87085e-05,8.33211,0.0499875,1
96300,49.9989,41.6668,41.6668,0.842202,0.310709,0.842202,0.603541,1.8708e-05,8.33211,0.0499875,1
96360,49.9989,41.6668,41.6668,0.841185,0.309124,0.841185,0.602419,1.87075e-05,8.33211,0.0499875,1
96420,49.9989,41.6668,41.6668,0.840169,0.307535,0.840169,0.601296,1.8707e-05,8.33211,0.0499875,1
96480,49.9989,41.6668,41.6668,0.839152,0.305942,0.839152,0.600174,1.87064e-05,8.33211,0.0499875,1
96540,49.9989,41.6668,41.6668,0.838136,0.304344,0.838136,0.599051,1.87059e-05,8.33211,0.0499875,1
96600,49.9989,41.6668,41.6668,0.837121,0.302741,0.837121,0.597929,1.87054e-05,8.33211,0.0499875,1
96660,49.9989,41.6668,41.6668,0.836105,0.301133,0.836105,0.596807,1.87049e-05,8.33211,0.0499875,1
96720,49.9989,41.6668,41.6668,0.83509,0.299521,0.83509,0.595685,1.87044e-05,8.33211,0.0499875,1
96780,49.9989,41.6668,41.6668,0.834075,0.297904,0.834075,0.594562,1.87038e-05,8.33211,0.0499875,1
96840,49.9989,41.6668,41.6668,0.833061,0.296281,0.833061,0.59344,1.87033e-05,8.33211,0.0499875,1
96900,49.9989,41.6668,41.6668,0.832047,0.294654,0.832047,0.592318,1.87028e-05,8.33211,0.0499875,1
96960,49.9989,41.6668,41.6668,0.831033,0.293021,0.831033,0.591196,1.87023e-05,8.33211,0.0499875,1
97020,49.9989,41.6668,41.6668,0.830019,0.291383,0.830019,0.590074,1.87018e-05,8.33211,0.0499875,1
97080,49.9989,41.6668,41.6668,0.829006,0.28974,0.829006,0.588952,1.87013e-05,8.33211,0.0499875,1
97140,49.9989,41.6668,41.6668,0.827993,0.28809,0.827993,0.587829,1.87007e-05,8.33211,0.0499875,1
97200,49.9989,41.6668,41.6668,0.826981,0.286435,0.826981,0.586707,1.87002e-05,8.33211,0.0499875,1
97260,49.9989,41.6668,41.6668,0.825969,0.284772,0.825969,0.585585,1.87002e-05,8.33211,0.0499875,1
97320,49.9989,41.6668,41.6668,0.824957,0.283102,0.824957,0.584463,1.87002e-05,8.33211,0.0499875,1
97380,49.9989,41.6668,41.6668,0.823946,0.281424,0.823946,0.583341,1.87002e-05,8.33211,0.0499875,1
97440,49.9989,41.6668,41.6668,0.822935,0.279739,0.822935,0.582219,1.87002e-05,8.33211,0.0499875,1
97500,49.9989,41.6668,41.6668,0.821924,0.278046,0.821924,0.581097,1.87002e-05,8.33211,0.0499875,1
97560,49.9989,41.6668,41.6668,0.820914,0.276346,0.820914,0.579975,1.87002e-05,8.33211,0.0499875,1
97620,49.9989,41.6668,41.6668,0.819904,0.274639,0.819904,0.578853,1.87002e-05,8.33211,0.0499875,1
97680,49.9989,41.6668,41.6668,0.818895,0.272924,0.818895,0.577731,1.87002e-05,8.33211,0.0499875,1
97740,49.9989,41.6668,41.6668,0.817886,0.271202,0.817886,0.576609,1.87002e-05,8.33211,0.0499875,1
97800,49.9989,41.6668,41.6668,0.816878,0.269471,0.816878,0.575487,1.87002e-05,8.33211,0.0499875,1
97860,49.9989,41.6668,41.6668,0.815869,0.267733,0.815869,0.574365,1.87002e-05,8.33211,0.0499875,1
97920,49.9989,41.6668,41.6668,0.814862,0.265986,0.814862,0.573243,1.87002e-05,8.33211,0.0499875,1
97980,49.9989,41.6668,41.6668,0.813854,0.264231,0.813854,0.572121,1.87002e-05,8.33211,0.0499875,1
98040,49.9989,41.6668,41.6668,0.812847,0.262468,0.812847,0.570999,1.87002e-05,8.33211,0.0499875,1
98100,49.9989,41.6668,41.6668,0.811841,0.260695,0.811841,0.569877,1.87002e-05,8.33211,0.0499875,1
98160,49.9989,41.6668,41.6668,0.810835,0.258914,0.810835,0.568755,1.87002e-05,8.33211,0.0499875,1
98220,49.9989,41.6668,41.6668,0.809829,0.257123,0.809829,0.567633,1.87002e-05,8.33211,0.0499875,1
98280,49.9989,41.6668,41.6668,0.808824,0.255323,0.808824,0.566511,1.87002e-05,8.33211,0.0499875,1
98340,49.9989,41.6668,41.6668,0.807819,0.253514,0.807819,0.565389,1.87002e-05,8.33211,0.0499875,1
98400,49.9989,41.6668,41.6668,0.806814,0.251694,0.806814,0.564267,1.87002e-05,8.33211,0.0499875,1
98460,49.9989,41.6668,41.6668,0.80581,0.249864,0.80581,0.563145,1.87002e-05,8.33211,0.0499875,1
98520,49.9989,41.6668,41.6668,0.804807,0.248023,0.804807,0.562023,1.87002e-05,8.33211,0.0499875,1
98580,49.9989,41.6668,41.6668,0.803803,0.246172,0.803803,0.560901,1.87002e-05,8.33211,0.0499875,1
98640,49.9989,41.6668,41.6668,0.802801,0.244309,0.802801,0.559779,1.87002e-05,8.33211,0.0499875,1
98700,49.9989,41.6668,41.6668,0.801798,0.242435,0.801798,0.558657,1.87002e-05,8.33211,0.0499875,1
98760,49.9989,41.6668,41.6668,0.800796,0.240549,0.800796,0.557535,1.87002e-05,8.33211,0.0499875,1
98820,49.9989,41.6668,41.6668,0.799795,0.238651,0.799795,0.556413,1.87002e-05,8.33211,0.0499875,1
98880,49.9989,41.6668,41.6668,0.798794,0.23674,0.798794,0.555291,1.87002e-05,8.33211,0.0499875,1
98940,49.9989,41.6668,41.6668,0.797793,0.234817,0.797793,0.554169,1.87002e-05,8.33211,0.0499875,1
99000,49.9989,41.6668,41.6668,0.796793,0.23288,0.796793,0.553047,1.87002e-05,8.33211,0.0499875,1
99060,49.9989,41.6668,41.6668,0.795793,0.230929,0.795793,0.551925,1.87002e-05,8.33211,0.0499875,1
99120,49.9989,41.6668,41.6668,0.794793,0.228963,0.794793,0.550803,1.87002e-05,8.33211,0.0499875,1
99180,49.9989,41.6668,41.6668,0.793795,0.226983,0.793795,0.549681,1.87002e-05,8.33211,0.0499875,1
99240,49.9989,41.6668,41.6668,0.792796,0.224988,0.792796,0.548559,1.87002e-05,8.33211,0.0499875,1
99300,49.9989,41.6668,41.6668,0.791798,0.222976,0.791798,0.547437,1.87002e-05,8.33211,0.0499875,1
99360,49.9989,41.6668,41.6668,0.7908,0.220948,0.7908,0.546315,1.87002e-05,8.33211,0.0499875,1
99420,49.9989,41.6668,41.6668,0.789803,0.218903,0.789803,0.545193,1.87002e-05,8.33211,0.0499875,1
99480,49.9989,41.6668,41.6668,0.788806,0.21684,0.788806,0.544071,1.87002e-05,8.33211,0.0499875,1
99540,49.9989,41.6668,41.6668,0.78781,0.214758,0.78781,0.542949,1.87002e-05,8.33211,0.0499875,1
99600,49.9989,41.6668,41.6668,0.786814,0.212657,0.786814,0.541827,1.87002e-05,8.33211,0.0499875,1
99660,49.9989,41.6668,41.6668,0.785819,0.210536,0.785819,0.540705,1.87002e-05,8.33211,0.0499875,1
99720,49.9989,41.6668,41.6668,0.784824,0.208394,0.784824,0.539583,1.87002e-05,8.33211,0.0499875,1
99780,49.9989,41.6668,41.6668,0.783829,0.20623,0.783829,0.538461,1.87002e-05,8.33211,0.0499875,1
99840,49.9989,41.6668,41.6668,0.782835,0.204042,0.782835,0.537339,1.87002e-05,8.33211,0.0499875,1
99900,49.9989,41.6668,41.6668,0.781842,0.201831,0.781842,0.536217,1.87002e-05,8.33211,0.0499875,1
99960,49.9989,41.6668,41.6668,0.780849,0.199595,0.780849,0.535095,1.87002e-05,8.33211,0.0499875,1
100020,49.9989,41.6668,41.6668,0.779856,0.197332,0.779856,0.533973,1.87002e-05,8.33211,0.0499875,1
100080,49.9989,41.6668,41.6668,0.778864,0.195041,0.778864,0.532851,1.87002e-05,8.33211,0.0499875,1
100140,49.9989,41.6668,41.6668,0.777872,0.192722,0.777872,0.531729,1.87002e-05,8.33211,0.0499875,1
100200,49.9989,41.6668,41.6672,0.776881,0.190375,0.776881,0.530607,1.86872e-05,8.33211,0.0499875,0
100260,49.9989,41.6668,41.6941,0.77589,0.188513,0.77589,0.529493,1.84393e-05,8.3321,0.0499875,0
100320,49.9989,41.6674,41.731,0.7749,0.186962,0.7749,0.528393,1.82329e-05,8.33154,0.0499875,0
100380,49.9989,41.6707,41.7713,0.77391,0.185584,0.77391,0.527305,1.80495e-05,8.32822,0.0499875,0
100440,49.9989,41.6786,41.8132,0.77292,0.184329,0.77292,0.526227,1.78824e-05,8.32034,0.0499875,0
100500,49.9989,41.6916,41.856,0.77193,0.183168,0.77193,0.525159,1.77278e-05,8.30738,0.0499875,0
100560,49.9989,41.7093,41.8992,0.77094,0.182084,0.77094,0.5241,1.75835e-05,8.28959,0.0499875,0
100620,49.9989,41.7314,41.9426,0.76995,0.181064,0.76995,0.523049,1.74477e-05,8.26749,0.0499875,0
100680,49.9989,41.7572,41.9861,0.76896,0.180099,0.76896,0.522006,1.73193e-05,8.2417,0.0499875,0
100740,49.9989,41.7861,42.0296,0.767969,0.179181,0.767969,0.52097,1.71972e-05,8.21279,0.0499875,0
100800,49.9989,41.8177,42.073,0.766977,0.178306,0.766977,0.519942,1.70807e-05,8.18127,0.0499875,0
100860,49.9989,41.8513,42.1162,0.765984,0.177468,0.765984,0.51892,1.69691e-05,8.14761,0.0499875,0
100920,49.9989,41.8867,42.1592,0.764991,0.176664,0.764991,0.517905,1.6862e-05,8.11219,0.0499875,0
100980,49.9989,41.9236,42.2018,0.763996,0.175889,0.763996,0.516897,1.6759e-05,8.07537,0.0499875,0
101040,49.9989,41.9615,42.2441,0.763001,0.175143,0.763001,0.515894,1.66596e-05,8.03743,0.0499875,0
101100,49.9989,42.0003,42.286,0.762004,0.174421,0.762004,0.514898,1.65635e-05,7.99861,0.0499875,0
101160,49.9989,42.0398,42.3275,0.761007,0.173722,0.761007,0.513907,1.64705e-05,7.95914,0.0499875,0
101220,49.9989,42.0797,42.3686,0.760008,0.173044,0.760008,0.512921,1.63802e-05,7.9192,0.0499875,0
101280,49.9989,42.12,42.4091,0.759008,0.172385,0.759008,0.511941,1.62925e-05,7.87894,0.0499875,0
101340,49.9989,42.1604,42.4492,0.758008,0.171745,0.758008,0.510966,1.62073e-05,7.8385,0.0499875,0
101400,49.9989,42.2009,42.4888,0.757006,0.17112,0.757006,0.509996,1.61242e-05,7.79799,0.0499875,0
101460,49.9989,42.2414,42.5278,0.756003,0.170512,0.756003,0.509031,1.60432e-05,7.75752,0.0499875,0
101520,49.9989,42.2818,42.5663,0.754999,0.169918,0.754999,0.508071,1.59641e-05,7.71717,0.0499875,0
101580,49.9989,42.3219,42.6043,0.753994,0.169337,0.753994,0.507115,1.58867e-05,7.677,0.0499875,0
101640,49.9989,42.3619,42.6417,0.752987,0.168769,0.752987,0.506164,1.58111e-05,7.63708,0.0499875,0
101700,49.9989,42.4015,42.6787,0.75198,0.168212,0.75198,0.505218,1.5737e-05,7.59745,0.0499875,0
101760,49.9989,42.4408,42.715,0.750972,0.167667,0.750972,0.504276,1.56645e-05,7.55817,0.0499875,0
101820,49.9989,42.4797,42.7509,0.749963,0.167132,0.749963,0.503338,1.55933e-05,7.51925,0.0499875,0
101880,49.9989,42.5182,42.7863,0.748952,0.166607,0.748952,0.502405,1.55234e-05,7.48074,0.0499875,0
101940,49.9989,42.5563,42.8211,0.747941,0.166091,0.747941,0.501475,1.54547e-05,7.44265,0.0499875,0
102000,49.9989,42.5939,42.8554,0.746929,0.165584,0.746929,0.50055,1.53873e-05,7.405,0.0499875,0
102060,49.9989,42.6311,42.8893,0.745916,0.165086,0.745916,0.499629,1.53209e-05,7.36781,0.0499875,0
102120,49.9989,42.6679,42.9226,0.744902,0.164595,0.744902,0.498712,1.52556e-05,7.33108,0.0499875,0
102180,49.9989,42.7041,42.9555,0.743887,0.164112,0.743887,0.497798,1.51913e-05,7.29482,0.0499875,0
102240,49.9989,42.7399,42.9879,0.742871,0.163637,0.742871,0.496889,1.5128e-05,7.25903,0.0499875,0
102300,49.9989,42.7752,43.0199,0.741854,0.163168,0.741854,0.495983,1.50656e-05,7.22371,0.0499875,0
102360,49.9989,42.8101,43.0514,0.740837,0.162706,0.740837,0.495081,1.50041e-05,7.18888,0.0499875,0
102420,49.9989,42.8444,43.0824,0.739819,0.16225,0.739819,0.494182,1.49434e-05,7.15451,0.0499875,0
102480,49.9989,42.8783,43.1131,0.7388,0.1618,0.7388,0.493287,1.48835e-05,7.12061,0.0499875,0
102540,49.9989,42.9118,43.1433,0.73778,0.161355,0.73778,0.492396,1.48243e-05,7.08718,0.0499875,0
102600,49.9989,42.9447,43.1731,0.736759,0.160917,0.736759,0.491509,1.47659e-05,7.0542,0.0499875,0
102660,49.9989,42.9773,43.2025,0.735738,0.160483,0.735738,0.490624,1.47083e-05,7.02168,0.0499875,0
102720,49.9989,43.0093,43.2316,0.734716,0.160055,0.734716,0.489744,1.46513e-05,6.9896,0.0499875,0
102780,49.9989,43.041,43.2602,0.733694,0.159632,0.733694,0.488866,1.45949e-05,6.95796,0.0499875,0
102840,49.9989,43.0722,43.2885,0.732671,0.159213,0.732671,0.487992,1.45392e-05,6.92675,0.0499875,0
102900,49.9989,43.103,43.3165,0.731647,0.158799,0.731647,0.487121,1.44841e-05,6.89595,0.0499875,0
102960,49.9989,43.1334,43.3441,0.730622,0.15839,0.730622,0.486254,1.44296e-05,6.86557,0.0499875,0
103020,49.9989,43.1634,43.3713,0.729597,0.157985,0.729597,0.48539,1.43757e-05,6.83558,0.0499875,0
103080,49.9989,43.1929,43.3983,0.728572,0.157584,0.728572,0.484529,1.43223e-05,6.80599,0.0499875,0
103140,49.9989,43.2222,43.4249,0.727546,0.157187,0.727546,0.483671,1.42695e-05,6.77678,0.0499875,0
103200,49.9989,43.251,43.4512,0.726519,0.156794,0.726519,0.482817,1.42171e-05,6.74795,0.0499875,0
103260,49.9989,43.2795,43.4772,0.725492,0.156404,0.725492,0.481965,1.41653e-05,6.71948,0.0499875,0
103320,49.9989,43.3076,43.5029,0.724465,0.156019,0.724465,0.481117,1.4114e-05,6.69137,0.0499875,0
103380,49.9989,43.3353,43.5283,0.723437,0.155637,0.723437,0.480271,1.40631e-05,6.6636,0.0499875,0
103440,49.9989,43.3628,43.5535,0.722408,0.155258,0.722408,0.479429,1.40127e-05,6.63618,0.0499875,0
103500,49.9989,43.3899,43.5784,0.72138,0.154883,0.72138,0.47859,1.39628e-05,6.60908,0.0499875,0
103560,49.9989,43.4166,43.603,0.72035,0.154511,0.72035,0.477754,1.39133e-05,6.5823,0.0499875,0
103620,49.9989,43.4431,43.6273,0.719321,0.154142,0.719321,0.47692,1.38642e-05,6.55583,0.0499875,0
103680,49.9989,43.4693,43.6514,0.718291,0.153777,0.718291,0.47609,1.38155e-05,6.52967,0.0499875,0
103740,49.9989,43.4951,43.6753,0.717261,0.153414,0.717261,0.475262,1.37673e-05,6.50381,0.0499875,0
103800,49.9989,43.5207,43.6989,0.71623,0.153055,0.71623,0.474438,1.37194e-05,6.47823,0.0499875,0
103860,49.9989,43.546,43.7223,0.7152,0.152698,0.7152,0.473616,1.36719e-05,6.45294,0.0499875,0
103920,49.9989,43.571,43.7455,0.714169,0.152344,0.714169,0.472797,1.36248e-05,6.42792,0.0499875,0
103980,49.9989,43.5958,43.7685,0.713137,0.151993,0.713137,0.471981,1.35781e-05,6.40317,0.0499875,0
104040,49.9989,43.6203,43.7912,0.712106,0.151645,0.712106,0.471168,1.35317e-05,6.37867,0.0499875,0
104100,49.9989,43.6445,43.8137,0.711074,0.151299,0.711074,0.470357,1.34857e-05,6.35443,0.0499875,0
104160,49.9989,43.6685,43.8361,0.710042,0.150956,0.710042,0.46955,1.34401e-05,6.33044,0.0499875,0
104220,49.9989,43.6922,43.8582,0.70901,0.150615,0.70901,0.468744,1.33947e-05,6.30668,0.0499875,0
104280,49.9989,43.7158,43.8801,0.707978,0.150277,0.707978,0.467942,1.33497e-05,6.28317,0.0499875,0
104340,49.9989,43.7391,43.9019,0.706946,0.149942,0.706946,0.467143,1.3305e-05,6.25987,0.0499875,0
104400,49.9989,43.7621,43.9234,0.705913,0.149608,0.705913,0.466346,1.32607e-05,6.23681,0.0499875,0
104460,49.9989,43.785,43.9447,0.704881,0.149278,0.704881,0.465551,1.32171e-05,6.21396,0.0499875,0
104520,49.9989,43.8076,43.9658,0.703848,0.14895,0.703848,0.464759,1.31738e-05,6.19132,0.0499875,0
104580,49.9989,43.83,43.9867,0.702815,0.148625,0.702815,0.46397,1.31309e-05,6.16889,0.0499875,0
104640,49.9989,43.8522,44.0073,0.701782,0.148302,0.701782,0.463184,1.30882e-05,6.14669,0.0499875,0
104700,49.9989,43.8742,44.0278,0.70075,0.147981,0.70075,0.4624,1.30459e-05,6.1247,0.0499875,0
104760,49.9989,43.896,44.0481,0.699717,0.147662,0.699717,0.461618,1.30038e-05,6.10292,0.0499875,0
104820,49.9989,43.9176,44.0683,0.698684,0.147346,0.698684,0.460839,1.2962e-05,6.08136,0.0499875,0
104880,49.9989,43.9389,44.0882,0.697651,0.147031,0.697651,0.460063,1.29205e-05,6.06,0.0499875,0
104940,49.9989,43.9601,44.108,0.696618,0.146719,0.696618,0.459289,1.28792e-05,6.03884,0.0499875,0
105000,49.9989,43.9811,44.1277,0.695585,0.146408,0.695585,0.458517,1.28382e-05,6.01788,0.0499875,0
105060,49.9989,44.0018,44.1472,0.694553,0.146099,0.694553,0.457748,1.27975e-05,5.9971,0.0499875,0
105120,49.9989,44.0224,44.1665,0.69352,0.145793,0.69352,0.456982,1.2757e-05,5.97651,0.0499875,0
105180,49.9989,44.0428,44.1857,0.692488,0.145488,0.692488,0.456217,1.27168e-05,5.95609,0.0499875,0
105240,49.9989,44.0631,44.2048,0.691455,0.145185,0.691455,0.455456,1.26768e-05,5.93585,0.0499875,0
105300,49.9989,44.0832,44.2237,0.690423,0.144884,0.690423,0.454696,1.2637e-05,5.91578,0.0499875,0
105360,49.9989,44.1031,44.2425,0.689391,0.144584,0.689391,0.453939,1.25975e-05,5.89587,0.0499875,0
105420,49.9989,44.1228,44.2612,0.688359,0.144287,0.688359,0.453184,1.25582e-05,5.87612,0.0499875,0
105480,49.9989,44.1424,44.2797,0.687328,0.143991,0.687328,0.452432,1.25192e-05,5.85653,0.0499875,0
105540,49.9989,44.1618,44.2981,0.686297,0.143697,0.686297,0.451682,1.24803e-05,5.83709,0.0499875,0
105600,49.9989,44.1811,44.3163,0.685266,0.143404,0.685266,0.450935,1.24417e-05,5.81781,0.0499875,0
105660,49.9989,44.2003,44.3345,0.684235,0.143113,0.684235,0.450189,1.24033e-05,5.79866,0.0499875,0
105720,49.9989,44.2193,44.3525,0.683205,0.142824,0.683205,0.449446,1.23652e-05,5.77966,0.0499875,0
105780,49.9989,44.2381,44.3704,0.682175,0.142537,0.682175,0.448705,1.23272e-05,5.7608,0.0499875,0
105840,49.9989,44.2569,44.3882,0.681145,0.142251,0.681145,0.447967,1.22894e-05,5.74207,0.0499875,0
105900,49.9989,44.2755,44.4059,0.680116,0.141966,0.680116,0.447231,1.22519e-05,5.72348,0.0499875,0
105960,49.9989,44.2939,44.4235,0.679087,0.141683,0.679087,0.446497,1.22146e-05,5.70502,0.0499875,0
106020,49.9989,44.3123,44.4409,0.678059,0.141402,0.678059,0.445765,1.21774e-05,5.68668,0.0499875,0
106080,49.9989,44.3305,44.4583,0.677031,0.141122,0.677031,0.445035,1.21405e-05,5.66847,0.0499875,0
106140,49.9989,44.3486,44.4755,0.676003,0.140844,0.676003,0.444308,1.21037e-05,5.65038,0.0499875,0
106200,49.9989,44.3665,44.4927,0.674976,0.140567,0.674976,0.443583,1.20672e-05,5.63241,0.0499875,0
106260,49.9989,44.3844,44.5098,0.67395,0.140291,0.67395,0.44286,1.20304e-05,5.61456,0.0499875,0
106320,49.9989,44.4021,44.5268,0.672924,0.140016,0.672924,0.442139,1.19938e-05,5.59682,0.0499875,0
106380,49.9989,44.4197,44.5438,0.671899,0.139743,0.671899,0.441421,1.19574e-05,5.57919,0.0499875,0
106440,49.9989,44.4373,44.5608,0.670874,0.139471,0.670874,0.440704,1.19211e-05,5.56166,0.0499875,0
106500,49.9989,44.4547,44.5776,0.66985,0.1392,0.66985,0.43999,1.18851e-05,5.54421,0.0499875,0
106560,49.9989,44.4721,44.5944,0.668827,0.13893,0.668827,0.439278,1.18491e-05,5.52685,0.0499875,0
106620,49.9989,44.4894,44.611,0.667805,0.138662,0.667805,0.438568,1.18134e-05,5.50958,0.0499875,0
106680,49.9989,44.5065,44.6276,0.666783,0.138395,0.666783,0.43786,1.17779e-05,5.49239,0.0499875,0
106740,49.9989,44.5236,44.6442,0.665762,0.13813,0.665762,0.437155,1.17425e-05,5.47528,0.0499875,0
106800,49.9989,44.5407,44.6606,0.664742,0.137866,0.664742,0.436451,1.17073e-05,5.45826,0.0499875,0
106860,49.9989,44.5576,44.6769,0.663722,0.137603,0.663722,0.43575,1.16723e-05,5.44132,0.0499875,0
106920,49.9989,44.5745,44.6932,0.662704,0.137341,0.662704,0.435051,1.16374e-05,5.42446,0.0499875,0
106980,49.9989,44.5913,44.7094,0.661686,0.137081,0.661686,0.434354,1.16028e-05,5.40768,0.0499875,0
107040,49.9989,44.6079,44.7255,0.660669,0.136822,0.660669,0.433658,1.15682e-05,5.39099,0.0499875,0
107100,49.9989,44.6246,44.7416,0.659653,0.136564,0.659653,0.432965,1.15339e-05,5.37438,0.0499875,0
107160,49.9989,44.6411,44.7575,0.658637,0.136307,0.658637,0.432274,1.14997e-05,5.35784,0.0499875,0
107220,49.9989,44.6575,44.7734,0.657623,0.136052,0.657623,0.431585,1.14657e-05,5.34139,0.0499875,0
107280,49.9989,44.6739,44.7892,0.656609,0.135797,0.656609,0.430898,1.14318e-05,5.32502,0.0499875,0
107340,49.9989,44.6902,44.8049,0.655597,0.135544,0.655597,0.430214,1.13981e-05,5.30872,0.0499875,0
107400,49.9989,44.7064,44.8206,0.654585,0.135293,0.654585,0.429531,1.13645e-05,5.29251,0.0499875,0
107460,49.9989,44.7226,44.8362,0.653575,0.135042,0.653575,0.42885,1.13311e-05,5.27638,0.0499875,0
107520,49.9989,44.7386,44.8517,0.652565,0.134792,0.652565,0.428171,1.12979e-05,5.26032,0.0499875,0
107580,49.9989,44.7546,44.8671,0.651557,0.134544,0.651557,0.427494,1.12648e-05,5.24434,0.0499875,0
107640,49.9989,44.7705,44.8825,0.650549,0.134297,0.650549,0.426819,1.12319e-05,5.22844,0.0499875,0
107700,49.9989,44.7863,44.8977,0.649543,0.134051,0.649543,0.426146,1.11991e-05,5.21262,0.0499875,0
107760,49.9989,44.8021,44.9129,0.648537,0.133806,0.648537,0.425475,1.11664e-05,5.19687,0.0499875,0
107820,49.9989,44.8177,44.9281,0.647533,0.133562,0.647533,0.424806,1.11339e-05,5.18119,0.0499875,0
107880,49.9989,44.8333,44.9432,0.64653,0.133319,0.64653,0.424139,1.11016e-05,5.1656,0.0499875,0
107940,49.9989,44.8489,44.9582,0.645527,0.133077,0.645527,0.423474,1.10694e-05,5.15007,0.0499875,0
108000,49.9989,44.8643,44.9731,0.644526,0.132836,0.644526,0.422811,1.10373e-05,5.13462,0.0499875,0
108060,49.9989,44.8797,44.988,0.643527,0.132597,0.643527,0.42215,1.10054e-05,5.11924,0.0499875,0
108120,49.9989,44.895,45.0028,0.642528,0.132358,0.642528,0.42149,1.09736e-05,5.10394,0.0499875,0
108180,49.9989,44.9102,45.0175,0.64153,0.132121,0.64153,0.420833,1.0942e-05,5.08871,0.0499875,0
108240,49.9989,44.9254,45.0321,0.640534,0.131884,0.640534,0.420177,1.09104e-05,5.07354,0.0499875,0
108300,49.9989,44.9405,45.0467,0.639539,0.131649,0.639539,0.419523,1.08791e-05,5.05845,0.0499875,0
108360,49.9989,44.9555,45.0613,0.638545,0.131414,0.638545,0.418872,1.08478e-05,5.04343,0.0499875,0
108420,49.9989,44.9705,45.0757,0.637552,0.13118,0.637552,0.418222,1.08167e-05,5.02848,0.0499875,0
108480,49.9989,44.9853,45.0901,0.636561,0.130948,0.636561,0.417574,1.07857e-05,5.01359,0.0499875,0
108540,49.9989,45.0002,45.1045,0.635571,0.130716,0.635571,0.416927,1.07549e-05,4.99878,0.0499875,0
108600,49.9989,45.0149,45.1187,0.634582,0.130486,0.634582,0.416283,1.07242e-05,4.98403,0.0499875,0
108660,49.9989,45.0296,45.133,0.633595,0.130256,0.633595,0.415641,1.06936e-05,4.96935,0.0499875,0
108720,49.9989,45.0442,45.1471,0.632609,0.130027,0.632609,0.415,1.06631e-05,4.95473,0.0499875,0
108780,49.9989,45.0588,45.1612,0.631624,0.1298,0.631624,0.414361,1.06328e-05,4.94018,0.0499875,0
108840,49.9989,45.0732,45.1752,0.63064,0.129573,0.63064,0.413724,1.06026e-05,4.9257,0.0499875,0
108900,49.9989,45.0877,45.1892,0.629658,0.129347,0.629658,0.413089,1.05725e-05,4.91128,0.0499875,0
108960,49.9989,45.102,45.2031,0.628677,0.129122,0.628677,0.412455,1.05425e-05,4.89692,0.0499875,0
109020,49.9989,45.1163,45.2169,0.627698,0.128898,0.627698,0.411824,1.05126e-05,4.88263,0.0499875,0
109080,49.9989,45.1305,45.2307,0.62672,0.128675,0.62672,0.411194,1.04829e-05,4.8684,0.0499875,0
109140,49.9989,45.1447,45.2445,0.625744,0.128453,0.625744,0.410566,1.04533e-05,4.85423,0.0499875,0
109200,49.9989,45.1588,45.2581,0.624769,0.128231,0.624769,0.409939,1.04238e-05,4.84013,0.0499875,0
109260,49.9989,45.1729,45.2717,0.623795,0.128011,0.623795,0.409315,1.03945e-05,4.82608,0.0499875,0
109320,49.9989,45.1868,45.2853,0.622823,0.127791,0.622823,0.408692,1.03652e-05,4.8121,0.0499875,0
109380,49.9989,45.2008,45.2988,0.621852,0.127573,0.621852,0.408071,1.03361e-05,4.79817,0.0499875,0
109440,49.9989,45.2146,45.3122,0.620883,0.127355,0.620883,0.407452,1.0307e-05,4.78431,0.0499875,0
109500,49.9989,45.2284,45.3256,0.619915,0.127138,0.619915,0.406834,1.02781e-05,4.7705,0.0499875,0
109560,49.9989,45.2422,45.339,0.618949,0.126922,0.618949,0.406218,1.02493e-05,4.75676,0.0499875,0
109620,49.9989,45.2559,45.3522,0.617984,0.126706,0.617984,0.405604,1.02207e-05,4.74307,0.0499875,0
109680,49.9989,45.2695,45.3655,0.617021,0.126492,0.617021,0.404992,1.01921e-05,4.72944,0.0499875,0
109740,49.9989,45.2831,45.3786,0.616059,0.126278,0.616059,0.404381,1.01636e-05,4.71586,0.0499875,0
109800,49.9989,45.2966,45.3918,0.615099,0.126065,0.615099,0.403772,1.01353e-05,4.70234,0.0499875,0
109860,49.9989,45.3101,45.4048,0.61414,0.125853,0.61414,0.403165,1.0107e-05,4.68888,0.0499875,0
109920,49.9989,45.3235,45.4178,0.613183,0.125642,0.613183,0.402559,1.00789e-05,4.67548,0.0499875,0
109980,49.9989,45.3368,45.4308,0.612227,0.125432,0.612227,0.401955,1.00509e-05,4.66213,0.0499875,0
110040,49.9989,45.3501,45.4437,0.611274,0.125222,0.611274,0.401353,1.0023e-05,4.64883,0.0499875,0
110100,49.9989,45.3633,45.4566,0.610321,0.125014,0.610321,0.400753,9.99514e-06,4.63559,0.0499875,0
110160,49.9989,45.3765,45.4694,0.60937,0.124806,0.60937,0.400154,9.96743e-06,4.6224,0.0499875,0
110220,49.9989,45.3897,45.4821,0.608421,0.124598,0.608421,0.399557,9.93982e-06,4.60927,0.0499875,0
110280,49.9989,45.4027,45.4948,0.607474,0.124392,0.607474,0.398961,9.91232e-06,4.59618,0.0499875,0
110340,49.9989,45.4158,45.5075,0.606528,0.124186,0.606528,0.398367,9.88493e-06,4.58316,0.0499875,0
110400,49.9989,45.4288,45.5201,0.605584,0.123981,0.605584,0.397775,9.85763e-06,4.57018,0.0499875,0
110460,49.9989,45.4417,45.5327,0.604641,0.123777,0.604641,0.397184,9.83043e-06,4.55725,0.0499875,0
110520,49.9989,45.4546,45.5452,0.6037,0.123574,0.6037,0.396595,9.80334e-06,4.54438,0.0499875,0
110580,49.9989,45.4674,45.5576,0.602761,0.123371,0.602761,0.396008,9.77635e-06,4.53156,0.0499875,0
110640,49.9989,45.4801,45.5701,0.601823,0.123169,0.601823,0.395422,9.74945e-06,4.51879,0.0499875,0
110700,49.9989,45.4929,45.5824,0.600887,0.122968,0.600887,0.394838,9.72266e-06,4.50606,0.0499875,0
110760,49.9989,45.5055,45.5947,0.599953,0.122768,0.599953,0.394255,9.69596e-06,4.49339,0.0499875,0
110820,49.9989,45.5182,45.607,0.599021,0.122568,0.599021,0.393674,9.66936e-06,4.48077,0.0499875,0
110880,49.9989,45.5307,45.6192,0.59809,0.122369,0.59809,0.393095,9.64286e-06,4.4682,0.0499875,0
110940,49.9989,45.5433,45.6314,0.597161,0.122171,0.597161,0.392517,9.61645e-06,4.45567,0.0499875,0
111000,49.9989,45.5557,45.6436,0.596233,0.121974,0.596233,0.391941,9.59014e-06,4.44319,0.0499875,0
111060,49.9989,45.5682,45.6556,0.595307,0.121777,0.595307,0.391366,9.56392e-06,4.43077,0.0499875,0
111120,49.9989,45.5806,45.6677,0.594383,0.121581,0.594383,0.390793,9.5378e-06,4.41838,0.0499875,0
111180,49.9989,45.5929,45.6797,0.593461,0.121385,0.593461,0.390222,9.51177e-06,4.40605,0.0499875,0
111240,49.9989,45.6052,45.6916,0.592541,0.121191,0.592541,0.389652,9.48583e-06,4.39376,0.0499875,0
111300,49.9989,45.6174,45.7036,0.591622,0.120997,0.591622,0.389083,9.45999e-06,4.38152,0.0499875,0
111360,49.9989,45.6296,45.7154,0.590705,0.120803,0.590705,0.388517,9.43424e-06,4.36933,0.0499875,0
111420,49.9989,45.6418,45.7272,0.589789,0.120611,0.589789,0.387951,9.40858e-06,4.35718,0.0499875,0
111480,49.9989,45.6539,45.739,0.588876,0.120419,0.588876,0.387388,9.38301e-06,4.34508,0.0499875,0
111540,49.9989,45.6659,45.7508,0.587964,0.120228,0.587964,0.386825,9.35753e-06,4.33302,0.0499875,0
111600,49.9989,45.6779,45.7625,0.587054,0.120037,0.587054,0.386265,9.33215e-06,4.32101,0.0499875,0
111660,49.9989,45.6899,45.7741,0.586146,0.119847,0.586146,0.385706,9.30685e-06,4.30904,0.0499875,0
111720,49.9989,45.7018,45.7857,0.585239,0.119658,0.585239,0.385148,9.28164e-06,4.29712,0.0499875,0
111780,49.9989,45.7137,45.7973,0.584335,0.119469,0.584335,0.384592,9.25651e-06,4.28524,0.0499875,0
111840,49.9989,45.7255,45.8088,0.583432,0.119281,0.583432,0.384037,9.23148e-06,4.27341,0.0499875,0
111900,49.9989,45.7373,45.8203,0.582531,0.119094,0.582531,0.383484,9.20653e-06,4.26162,0.0499875,0
111960,49.9989,45.7491,45.8317,0.581631,0.118907,0.581631,0.382932,9.18167e-06,4.24987,0.0499875,0
112020,49.9989,45.7608,45.8431,0.580734,0.118722,0.580734,0.382382,9.1569e-06,4.23817,0.0499875,0
112080,49.9989,45.7724,45.8545,0.579838,0.118536,0.579838,0.381833,9.13221e-06,4.2265,0.0499875,0
112140,49.9989,45.7841,45.8658,0.578944,0.118352,0.578944,0.381286,9.10761e-06,4.21488,0.0499875,0
112200,49.9989,45.7956,45.8771,0.578052,0.118167,0.578052,0.380741,9.08309e-06,4.20331,0.0499875,0
112260,49.9989,45.8072,45.8883,0.577162,0.117984,0.577162,0.380196,9.05865e-06,4.19177,0.0499875,0
112320,49.9989,45.8187,45.8995,0.576273,0.117801,0.576273,0.379654,9.0343e-06,4.18028,0.0499875,0
112380,49.9989,45.8301,45.9107,0.575387,0.117619,0.575387,0.379112,9.01004e-06,4.16882,0.0499875,0
112440,49.9989,45.8415,45.9218,0.574502,0.117438,0.574502,0.378572,8.98585e-06,4.15741,0.0499875,0
112500,49.9989,45.8529,45.9329,0.573619,0.117257,0.573619,0.378034,8.96175e-06,4.14604,0.0499875,0
112560,49.9989,45.8642,45.9439,0.572738,0.117076,0.572738,0.377497,8.93773e-06,4.13471,0.0499875,0
112620,49.9989,45.8755,45.9549,0.571858,0.116897,0.571858,0.376961,8.91379e-06,4.12342,0.0499875,0
112680,49.9989,45.8868,45.9659,0.570981,0.116718,0.570981,0.376427,8.88994e-06,4.11217,0.0499875,0
112740,49.9989,45.898,45.9768,0.570105,0.116539,0.570105,0.375895,8.86616e-06,4.10096,0.0499875,0
112800,49.9989,45.9091,45.9877,0.569231,0.116361,0.569231,0.375363,8.84246e-06,4.08979,0.0499875,0
112860,49.9989,45.9203,45.9986,0.568359,0.116184,0.568359,0.374833,8.81885e-06,4.07866,0.0499875,0
112920,49.9989,45.9314,46.0094,0.567489,0.116007,0.567489,0.374305,8.79531e-06,4.06757,0.0499875,0
112980,49.9989,45.9424,46.0201,0.566621,0.115831,0.566621,0.373778,8.77185e-06,4.05652,0.0499875,0
113040,49.9989,45.9534,46.0309,0.565754,0.115656,0.565754,0.373252,8.74847e-06,4.04551,0.0499875,0
113100,49.9989,45.9644,46.0416,0.56489,0.115481,0.56489,0.372728,8.72517e-06,4.03453,0.0499875,0
113160,49.9989,45.9753,46.0523,0.564027,0.115307,0.564027,0.372205,8.70195e-06,4.02359,0.0499875,0
113220,49.9989,45.9862,46.0629,0.563166,0.115133,0.563166,0.371684,8.6788e-06,4.01269,0.0499875,0
113280,49.9989,45.9971,46.0735,0.562307,0.11496,0.562307,0.371164,8.65573e-06,4.00183,0.0499875,0
113340,49.9989,46.0079,46.084,0.56145,0.114787,0.56145,0.370645,8.63274e-06,3.99101,0.0499875,0
113400,49.9989,46.0187,46.0946,0.560594,0.114615,0.560594,0.370128,8.60982e-06,3.98023,0.0499875,0
113460,49.9989,46.0295,46.105,0.559741,0.114444,0.559741,0.369612,8.58698e-06,3.96948,0.0499875,0
113520,49.9989,46.0402,46.1155,0.558889,0.114273,0.558889,0.369098,8.56422e-06,3.95876,0.0499875,0
113580,49.9989,46.0508,46.1259,0.558039,0.114102,0.558039,0.368584,8.54153e-06,3.94809,0.0499875,0
113640,49.9989,46.0615,46.1363,0.557191,0.113933,0.557191,0.368073,8.51892e-06,3.93745,0.0499875,0
113700,49.9989,46.0721,46.1466,0.556345,0.113763,0.556345,0.367562,8.49637e-06,3.92685,0.0499875,0
113760,49.9989,46.0826,46.1569,0.555501,0.113595,0.555501,0.367053,8.47391e-06,3.91629,0.0499875,0
113820,49.9989,46.0932,46.1672,0.554659,0.113427,0.554659,0.366545,8.45152e-06,3.90576,0.0499875,0
113880,49.9989,46.1037,46.1774,0.553818,0.113259,0.553818,0.366039,8.4292e-06,3.89526,0.0499875,0
113940,49.9989,46.1141,46.1876,0.55298,0.113092,0.55298,0.365534,8.40695e-06,3.8848,0.0499875,0
114000,49.9989,46.1246,46.1978,0.552143,0.112926,0.552143,0.36503,8.38478e-06,3.87438,0.0499875,0
114060,49.9989,46.1349,46.208,0.551308,0.11276,0.551308,0.364528,8.36267e-06,3.86399,0.0499875,0
114120,49.9989,46.1453,46.2181,0.550475,0.112595,0.550475,0.364026,8.34064e-06,3.85364,0.0499875,0
114180,49.9989,46.1556,46.2281,0.549644,0.11243,0.549644,0.363527,8.31869e-06,3.84333,0.0499875,0
114240,49.9989,46.1659,46.2382,0.548814,0.112265,0.548814,0.363028,8.2968e-06,3.83304,0.0499875,0
114300,49.9989,46.1761,46.2482,0.547987,0.112102,0.547987,0.362531,8.27498e-06,3.8228,0.0499875,0
114360,49.9989,46.1864,46.2581,0.547161,0.111938,0.547161,0.362035,8.25324e-06,3.81258,0.0499875,0
114420,49.9989,46.1965,46.2681,0.546337,0.111776,0.546337,0.361541,8.23156e-06,3.8024,0.0499875,0
114480,49.9989,46.2067,46.278,0.545516,0.111614,0.545516,0.361047,8.20996e-06,3.79226,0.0499875,0
114540,49.9989,46.2168,46.2878,0.544695,0.111452,0.544695,0.360555,8.18842e-06,3.78215,0.0499875,0
114600,49.9989,46.2269,46.2977,0.543877,0.111291,0.543877,0.360065,8.16696e-06,3.77207,0.0499875,0
114660,49.9989,46.2369,46.3075,0.543061,0.11113,0.543061,0.359575,8.14556e-06,3.76202,0.0499875,0
114720,49.9989,46.2469,46.3173,0.542246,0.11097,0.542246,0.359087,8.12423e-06,3.75201,0.0499875,0
114780,49.9989,46.2569,46.327,0.541434,0.11081,0.541434,0.358601,8.10297e-06,3.74204,0.0499875,0
114840,49.9989,46.2668,46.3367,0.540623,0.110651,0.540623,0.358115,8.08178e-06,3.73209,0.0499875,0
114900,49.9989,46.2768,46.3464,0.539814,0.110493,0.539814,0.357631,8.06066e-06,3.72218,0.0499875,0
114960,49.9989,46.2866,46.356,0.539007,0.110335,0.539007,0.357148,8.0396e-06,3.7123,0.0499875,0
115020,49.9989,46.2965,46.3657,0.538202,0.110177,0.538202,0.356666,8.01862e-06,3.70246,0.0499875,0
115080,49.9989,46.3063,46.3752,0.537399,0.11002,0.537399,0.356185,7.99769e-06,3.69264,0.0499875,0
115140,49.9989,46.3161,46.3848,0.536597,0.109864,0.536597,0.355706,7.97684e-06,3.68286,0.0499875,0
115200,49.9989,46.3258,46.3943,0.535797,0.109708,0.535797,0.355228,7.95605e-06,3.67311,0.0499875,0
115260,49.9989,46.3355,46.4038,0.535,0.109552,0.535,0.354752,7.93533e-06,3.66339,0.0499875,0
115320,49.9989,46.3452,46.4133,0.534204,0.109397,0.534204,0.354276,7.91467e-06,3.65371,0.0499875,0
115380,49.9989,46.3549,46.4227,0.53341,0.109242,0.53341,0.353802,7.89408e-06,3.64405,0.0499875,0
115440,49.9989,46.3645,46.4321,0.532617,0.109088,0.532617,0.353329,7.87355e-06,3.63443,0.0499875,0
115500,49.9989,46.3741,46.4415,0.531827,0.108935,0.531827,0.352857,7.85309e-06,3.62484,0.0499875,0
115560,49.9989,46.3837,46.4508,0.531038,0.108782,0.531038,0.352386,7.8327e-06,3.61528,0.0499875,0
115620,49.9989,46.3932,46.4601,0.530251,0.108629,0.530251,0.351917,7.81236e-06,3.60575,0.0499875,0
115680,49.9989,46.4027,46.4694,0.529467,0.108477,0.529467,0.351449,7.7921e-06,3.59625,0.0499875,0
115740,49.9989,46.4121,46.4786,0.528683,0.108325,0.528683,0.350982,7.77189e-06,3.58679,0.0499875,0
115800,49.9989,46.4216,46.4878,0.527902,0.108174,0.527902,0.350516,7.75175e-06,3.57735,0.0499875,0
115860,49.9989,46.431,46.497,0.527123,0.108023,0.527123,0.350052,7.73168e-06,3.56794,0.0499875,0
115920,49.9989,46.4404,46.5062,0.526345,0.107873,0.526345,0.349588,7.71166e-06,3.55857,0.0499875,0
115980,49.9989,46.4497,46.5153,0.525569,0.107723,0.525569,0.349126,7.69171e-06,3.54922,0.0499875,0
116040,49.9989,46.459,46.5244,0.524796,0.107574,0.524796,0.348665,7.67182e-06,3.53991,0.0499875,0
116100,49.9989,46.4683,46.5335,0.524023,0.107425,0.524023,0.348206,7.652e-06,3.53062,0.0499875,0
116160,49.9989,46.4776,46.5425,0.523253,0.107277,0.523253,0.347747,7.63224e-06,3.52137,0.0499875,0
116220,49.9989,46.4868,46.5516,0.522485,0.107129,0.522485,0.34729,7.61253e-06,3.51214,0.0499875,0
116280,49.9989,46.496,46.5605,0.521718,0.106982,0.521718,0.346834,7.59289e-06,3.50295,0.0499875,0
116340,49.9989,46.5052,46.5695,0.520953,0.106835,0.520953,0.346379,7.57331e-06,3.49378,0.0499875,0
116400,49.9989,46.5143,46.5784,0.52019,0.106688,0.52019,0.345925,7.5538e-06,3.48465,0.0499875,0
116460,49.9989,46.5234,46.5873,0.519429,0.106542,0.519429,0.345472,7.53434e-06,3.47554,0.0499875,0
116520,49.9989,46.5325,46.5962,0.518669,0.106397,0.518669,0.345021,7.51495e-06,3.46646,0.0499875,0
116580,49.9989,46.5415,46.605,0.517912,0.106251,0.517912,0.34457,7.49561e-06,3.45741,0.0499875,0
116640,49.9989,46.5505,46.6139,0.517156,0.106107,0.517156,0.344121,7.47633e-06,3.44839,0.0499875,0
116700,49.9989,46.5595,46.6226,0.516402,0.105963,0.516402,0.343673,7.45712e-06,3.4394,0.0499875,0
116760,49.9989,46.5685,46.6314,0.51565,0.105819,0.51565,0.343226,7.43796e-06,3.43043,0.0499875,0
116820,49.9989,46.5774,46.6401,0.514899,0.105675,0.514899,0.342781,7.41887e-06,3.4215,0.0499875,0
116880,49.9989,46.5863,46.6488,0.514151,0.105533,0.514151,0.342336,7.39983e-06,3.41259,0.0499875,0
116940,49.9989,46.5952,46.6575,0.513404,0.10539,0.513404,0.341893,7.38085e-06,3.40372,0.0499875,0
117000,49.9989,46.6041,46.6662,0.512659,0.105248,0.512659,0.34145,7.36193e-06,3.39487,0.0499875,0
117060,49.9989,46.6129,46.6748,0.511916,0.105106,0.511916,0.341009,7.34307e-06,3.38604,0.0499875,0
117120,49.9989,46.6217,46.6834,0.511174,0.104965,0.511174,0.340569,7.32427e-06,3.37725,0.0499875,0
117180,49.9989,46.6305,46.692,0.510435,0.104825,0.510435,0.34013,7.30553e-06,3.36848,0.0499875,0
117240,49.9989,46.6392,46.7005,0.509697,0.104684,0.509697,0.339693,7.28684e-06,3.35974,0.0499875,0
117300,49.9989,46.6479,46.709,0.508961,0.104545,0.508961,0.339256,7.26821e-06,3.35103,0.0499875,0
117360,49.9989,46.6566,46.7175,0.508226,0.104405,0.508226,0.33882,7.24964e-06,3.34235,0.0499875,0
117420,49.9989,46.6652,46.726,0.507494,0.104266,0.507494,0.338386,7.23113e-06,3.33369,0.0499875,0
117480,49.9989,46.6739,46.7344,0.506763,0.104128,0.506763,0.337953,7.21267e-06,3.32507,0.0499875,0
117540,49.9989,46.6825,46.7428,0.506034,0.10399,0.506034,0.337521,7.19427e-06,3.31646,0.0499875,0
117600,49.9989,46.691,46.7512,0.505306,0.103852,0.505306,0.337089,7.17593e-06,3.30789,0.0499875,0
117660,49.9989,46.6996,46.7595,0.504581,0.103715,0.504581,0.336659,7.15764e-06,3.29934,0.0499875,0
117720,49.9989,46.7081,46.7679,0.503857,0.103578,0.503857,0.33623,7.13941e-06,3.29082,0.0499875,0
117780,49.9989,46.7166,46.7762,0.503135,0.103441,0.503135,0.335803,7.12124e-06,3.28233,0.0499875,0
117840,49.9989,46.7251,46.7845,0.502415,0.103305,0.502415,0.335376,7.10312e-06,3.27386,0.0499875,0
117900,49.9989,46.7335,46.7927,0.501696,0.10317,0.501696,0.33495,7.08506e-06,3.26542,0.0499875,0
117960,49.9989,46.7419,46.8009,0.500979,0.103035,0.500979,0.334526,7.06705e-06,3.25701,0.0499875,0
118020,49.9989,46.7503,46.8091,0.500264,0.1029,0.500264,0.334102,7.0491e-06,3.24862,0.0499875,0
118080,49.9989,46.7587,46.8173,0.499551,0.102765,0.499551,0.33368,7.0312e-06,3.24025,0.0499875,0
118140,49.9989,46.767,46.8255,0.498839,0.102632,0.498839,0.333259,7.01336e-06,3.23192,0.0499875,0
118200,49.9989,46.7753,46.8336,0.498129,0.102498,0.498129,0.332838,6.99557e-06,3.22361,0.0499875,0
118260,49.9989,46.7836,46.8417,0.497421,0.102365,0.497421,0.332419,6.97784e-06,3.21533,0.0499875,0
118320,49.9989,46.7919,46.8498,0.496715,0.102232,0.496715,0.332001,6.96016e-06,3.20707,0.0499875,0
118380,49.9989,46.8001,46.8578,0.49601,0.1021,0.49601,0.331584,6.94253e-06,3.19884,0.0499875,0
118440,49.9989,46.8083,46.8658,0.495307,0.101968,0.495307,0.331168,6.92496e-06,3.19063,0.0499875,0
118500,49.9989,46.8165,46.8738,0.494606,0.101837,0.494606,0.330753,6.90744e-06,3.18245,0.0499875,0
118560,49.9989,46.8246,46.8818,0.493906,0.101705,0.493906,0.330339,6.88998e-06,3.17429,0.0499875,0
118620,49.9989,46.8328,46.8898,0.493208,0.101575,0.493208,0.329926,6.87257e-06,3.16616,0.0499875,0
118680,49.9989,46.8409,46.8977,0.492512,0.101444,0.492512,0.329514,6.85521e-06,3.15806,0.0499875,0
118740,49.9989,46.849,46.9056,0.491818,0.101315,0.491818,0.329103,6.8379e-06,3.14998,0.0499875,0
118800,49.9989,46.857,46.9135,0.491125,0.101185,0.491125,0.328694,6.82065e-06,3.14192,0.0499875,0
118860,49.9989,46.865,46.9213,0.490434,0.101056,0.490434,0.328285,6.80345e-06,3.13389,0.0499875,0
118920,49.9989,46.873,46.9292,0.489744,0.100927,0.489744,0.327877,6.7863e-06,3.12589,0.0499875,0
118980,49.9989,46.881,46.937,0.489057,0.100799,0.489057,0.327471,6.76921e-06,3.1179,0.0499875,0
119040,49.9989,46.889,46.9447,0.488371,0.100671,0.488371,0.327065,6.75217e-06,3.10995,0.0499875,0
119100,49.9989,46.8969,46.9525,0.487686,0.100543,0.487686,0.32666,6.73517e-06,3.10202,0.0499875,0
119160,49.9989,46.9048,46.9602,0.487004,0.100416,0.487004,0.326257,6.71823e-06,3.09411,0.0499875,0
119220,49.9989,46.9127,46.9679,0.486323,0.10029,0.486323,0.325854,6.70135e-06,3.08623,0.0499875,0
119280,49.9989,46.9206,46.9756,0.485643,0.100163,0.485643,0.325453,6.68451e-06,3.07837,0.0499875,0
119340,49.9989,46.9284,46.9833,0.484966,0.100037,0.484966,0.325052,6.66772e-06,3.07054,0.0499875,0
119400,49.9989,46.9362,46.9909,0.48429,0.0999115,0.48429,0.324652,6.65099e-06,3.06273,0.0499875,0
119460,49.9989,46.944,46.9985,0.483615,0.0997863,0.483615,0.324254,6.6343e-06,3.05494,0.0499875,0
119520,49.9989,46.9518,47.0061,0.482943,0.0996614,0.482943,0.323856,6.61767e-06,3.04718,0.0499875,0
119580,49.9989,46.9595,47.0137,0.482272,0.0995369,0.482272,0.32346,6.60108e-06,3.03944,0.0499875,0
119640,49.9989,46.9672,47.0212,0.481602,0.0994128,0.481602,0.323064,6.58455e-06,3.03173,0.0499875,0
119700,49.9989,46.9749,47.0288,0.480934,0.0992891,0.480934,0.32267,6.56807e-06,3.02404,0.0499875,0
119760,49.9989,46.9826,47.0363,0.480268,0.0991657,0.480268,0.322276,6.55163e-06,3.01637,0.0499875,0
119820,49.9989,46.9902,47.0437,0.479604,0.0990427,0.479604,0.321883,6.53525e-06,3.00873,0.0499875,0
119880,49.9989,46.9978,47.0512,0.478941,0.0989201,0.478941,0.321492,6.51891e-06,3.00111,0.0499875,0
119940,49.9989,47.0054,47.0586,0.47828,0.0987979,0.47828,0.321101,6.50263e-06,2.99351,0.0499875,0
120000,49.9989,47.013,47.066,0.47762,0.098676,0.47762,0.320711,6.48639e-06,2.98594,0.0499875,0
120060,49.9989,47.0205,47.0734,0.476962,0.0985545,0.476962,0.320323,6.47021e-06,2.97839,0.0499875,0
120120,49.9989,47.0281,47.0808,0.476306,0.0984334,0.476306,0.319935,6.45407e-06,2.97086,0.0499875,0
120180,49.9989,47.0356,47.0881,0.475651,0.0983126,0.475651,0.319548,6.43798e-06,2.96336,0.0499875,0
120240,49.9989,47.0431,47.0954,0.474998,0.0981922,0.474998,0.319162,6.42194e-06,2.95588,0.0499875,0
120300,49.9989,47.0505,47.1027,0.474347,0.0980722,0.474347,0.318778,6.40594e-06,2.94842,0.0499875,0
120360,49.9989,47.0579,47.11,0.473697,0.0979525,0.473697,0.318394,6.39e-06,2.94099,0.0499875,0
120420,49.9989,47.0654,47.1173,0.473048,0.0978332,0.473048,0.318011,6.3741e-06,2.93358,0.0499875,0
120480,49.9989,47.0727,47.1245,0.472402,0.0977142,0.472402,0.317629,6.35825e-06,2.92619,0.0499875,0
120540,49.9989,47.0801,47.1317,0.471757,0.0975956,0.471757,0.317248,6.34245e-06,2.91882,0.0499875,0
120600,49.9989,47.0875,47.1389,0.471113,0.0974773,0.471113,0.316868,6.3267e-06,2.91148,0.0499875,0
120660,49.9989,47.0948,47.146,0.470471,0.0973594,0.470471,0.316489,6.31099e-06,2.90415,0.0499875,0
120720,49.9989,47.1021,47.1532,0.469831,0.0972419,0.469831,0.31611,6.29534e-06,2.89685,0.0499875,0
120780,49.9989,47.1094,47.1603,0.469192,0.0971247,0.469192,0.315733,6.27972e-06,2.88958,0.0499875,0
120840,49.9989,47.1166,47.1674,0.468555,0.0970079,0.468555,0.315357,6.26416e-06,2.88232,0.0499875,0
120900,49.9989,47.1238,47.1745,0.467919,0.0968914,0.467919,0.314981,6.24864e-06,2.87509,0.0499875,0
120960,49.9989,47.1311,47.1815,0.467285,0.0967753,0.467285,0.314607,6.23317e-06,2.86788,0.0499875,0
121020,49.9989,47.1382,47.1886,0.466653,0.0966595,0.466653,0.314234,6.21775e-06,2.86069,0.0499875,0
121080,49.9989,47.1454,47.1956,0.466022,0.0965441,0.466022,0.313861,6.20237e-06,2.85352,0.0499875,0
121140,49.9989,47.1526,47.2026,0.465392,0.096429,0.465392,0.313489,6.18703e-06,2.84638,0.0499875,0
121200,49.9989,47.1597,47.2095,0.464764,0.0963142,0.464764,0.313118,6.17175e-06,2.83925,0.0499875,0
121260,49.9989,47.1668,47.2165,0.464138,0.0961998,0.464138,0.312749,6.15651e-06,2.83215,0.0499875,0
121320,49.9989,47.1739,47.2234,0.463513,0.0960858,0.463513,0.31238,6.14131e-06,2.82507,0.0499875,0
121380,49.9989,47.1809,47.2303,0.46289,0.0959721,0.46289,0.312012,6.12616e-06,2.81801,0.0499875,0
121440,49.9989,47.188,47.2372,0.462268,0.0958587,0.462268,0.311645,6.11106e-06,2.81097,0.0499875,0
121500,49.9989,47.195,47.2441,0.461648,0.0957457,0.461648,0.311278,6.096e-06,2.80396,0.0499875,0
121560,49.9989,47.202,47.2509,0.46103,0.095633,0.46103,0.310913,6.08099e-06,2.79696,0.0499875,0
121620,49.9989,47.2089,47.2577,0.460413,0.0955206,0.460413,0.310549,6.06602e-06,2.78999,0.0499875,0
121680,49.9989,47.2159,47.2645,0.459797,0.0954086,0.459797,0.310185,6.0511e-06,2.78304,0.0499875,0
121740,49.9989,47.2228,47.2713,0.459183,0.0952969,0.459183,0.309822,6.03622e-06,2.77611,0.0499875,0
121800,49.9989,47.2297,47.2781,0.458571,0.0951855,0.458571,0.309461,6.02138e-06,2.76919,0.0499875,0
121860,49.9989,47.2366,47.2848,0.45796,0.0950745,0.45796,0.3091,6.00659e-06,2.76231,0.0499875,0
121920,49.9989,47.2435,47.2916,0.45735,0.0949638,0.45735,0.30874,5.99185e-06,2.75544,0.0499875,0
121980,49.9989,47.2503,47.2983,0.456742,0.0948535,0.456742,0.308381,5.97714e-06,2.74859,0.0499875,0
122040,49.9989,47.2572,47.3049,0.456136,0.0947435,0.456136,0.308023,5.96249e-06,2.74176,0.0499875,0
122100,49.9989,47.264,47.3116,0.455531,0.0946338,0.455531,0.307665,5.94787e-06,2.73496,0.0499875,0
122160,49.9989,47.2708,47.3182,0.454927,0.0945244,0.454927,0.307309,5.9333e-06,2.72817,0.0499875,0
122220,49.9989,47.2775,47.3249,0.454325,0.0944153,0.454325,0.306953,5.91878e-06,2.7214,0.0499875,0
122280,49.9989,47.2843,47.3315,0.453724,0.0943066,0.453724,0.306599,5.90429e-06,2.71466,0.0499875,0
122340,49.9989,47.291,47.338,0.453125,0.0941982,0.453125,0.306245,5.88985e-06,2.70794,0.0499875,0
122400,49.9989,47.2977,47.3446,0.452528,0.0940902,0.452528,0.305892,5.87545e-06,2.70123,0.0499875,0
122460,49.9989,47.3044,47.3511,0.451932,0.0939824,0.451932,0.30554,5.8611e-06,2.69455,0.0499875,0
122520,49.9989,47.3111,47.3577,0.451337,0.093875,0.451337,0.305189,5.84679e-06,2.68788,0.0499875,0
122580,49.9989,47.3177,47.3642,0.450744,0.0937679,0.450744,0.304838,5.83252e-06,2.68124,0.0499875,0
122640,49.9989,47.3243,47.3706,0.450152,0.0936611,0.450152,0.304489,5.81829e-06,2.67462,0.0499875,0
122700,49.9989,47.3309,47.3771,0.449562,0.0935546,0.449562,0.30414,5.80411e-06,2.66801,0.0499875,0
122760,49.9989,47.3375,47.3835,0.448973,0.0934485,0.448973,0.303792,5.78997e-06,2.66143,0.0499875,0
122820,49.9989,47.3441,47.39,0.448386,0.0933427,0.448386,0.303445,5.77587e-06,2.65487,0.0499875,0
122880,49.9989,47.3506,47.3964,0.4478,0.0932371,0.4478,0.303099,5.76181e-06,2.64832,0.0499875,0
122940,49.9989,47.3571,47.4028,0.447215,0.0931319,0.447215,0.302754,5.7478e-06,2.6418,0.0499875,0
123000,49.9989,47.3636,47.4091,0.446632,0.093027,0.446632,0.302409,5.73382e-06,2.63529,0.0499875,0
123060,49.9989,47.3701,47.4155,0.446051,0.0929225,0.446051,0.302066,5.71989e-06,2.62881,0.0499875,0
123120,49.9989,47.3766,47.4218,0.445471,0.0928182,0.445471,0.301723,5.706e-06,2.62234,0.0499875,0
123180,49.9989,47.383,47.4281,0.444892,0.0927142,0.444892,0.301381,5.69215e-06,2.6159,0.0499875,0
123240,49.9989,47.3895,47.4344,0.444315,0.0926106,0.444315,0.30104,5.67834e-06,2.60947,0.0499875,0
123300,49.9989,47.3959,47.4407,0.443739,0.0925072,0.443739,0.3007,5.66457e-06,2.60306,0.0499875,0
123360,49.9989,47.4023,47.4469,0.443164,0.0924042,0.443164,0.30036,5.65085e-06,2.59667,0.0499875,0
123420,49.9989,47.4086,47.4532,0.442591,0.0923015,0.442591,0.300022,5.63716e-06,2.5903,0.0499875,0
123480,49.9989,47.415,47.4594,0.44202,0.0921991,0.44202,0.299684,5.62352e-06,2.58395,0.0499875,0
123540,49.9989,47.4213,47.4656,0.441449,0.0920969,0.441449,0.299347,5.60991e-06,2.57762,0.0499875,0
123600,49.9989,47.4276,47.4717,0.440881,0.0919951,0.440881,0.29901,5.59635e-06,2.57131,0.0499875,0
123660,49.9989,47.4339,47.4779,0.440313,0.0918936,0.440313,0.298675,5.58282e-06,2.56502,0.0499875,0
123720,49.9989,47.4402,47.484,0.439747,0.0917924,0.439747,0.298341,5.56934e-06,2.55875,0.0499875,0
123780,49.9989,47.4464,47.4902,0.439183,0.0916915,0.439183,0.298007,5.5559e-06,2.55249,0.0499875,0
123840,49.9989,47.4527,47.4963,0.438619,0.0915909,0.438619,0.297674,5.54249e-06,2.54625,0.0499875,0
123900,49.9989,47.4589,47.5024,0.438057,0.0914906,0.438057,0.297342,5.52913e-06,2.54004,0.0499875,0
123960,49.9989,47.4651,47.5084,0.437497,0.0913906,0.437497,0.29701,5.51581e-06,2.53384,0.0499875,0
124020,49.9989,47.4713,47.5145,0.436938,0.0912908,0.436938,0.29668,5.50252e-06,2.52766,0.0499875,0
124080,49.9989,47.4774,47.5205,0.43638,0.0911914,0.43638,0.29635,5.48928e-06,2.5215,0.0499875,0
124140,49.9989,47.4836,47.5265,0.435824,0.0910923,0.435824,0.296021,5.47607e-06,2.51535,0.0499875,0
124200,49.9989,47.4897,47.5325,0.435269,0.0909935,0.435269,0.295693,5.46291e-06,2.50923,0.0499875,0
124260,49.9989,47.4958,47.5384,0.434715,0.0908953,0.434715,0.295366,5.44998e-06,2.50312,0.0499875,0
124320,49.9989,47.5019,47.5443,0.434163,0.0907976,0.434163,0.295039,5.43712e-06,2.49703,0.0499875,0
124380,49.9989,47.508,47.5502,0.433612,0.0907003,0.433612,0.294713,5.4243e-06,2.49097,0.0499875,0
124440,49.9989,47.514,47.556,0.433062,0.0906034,0.433062,0.294388,5.41153e-06,2.48493,0.0499875,0
124500,49.9989,47.52,47.5618,0.432514,0.0905067,0.432514,0.294064,5.3988e-06,2.47891,0.0499875,0
124560,49.9989,47.526,47.5676,0.431967,0.0904103,0.431967,0.29374,5.38611e-06,2.47293,0.0499875,0
124620,49.9989,47.532,47.5734,0.431421,0.0903142,0.431421,0.293417,5.37346e-06,2.46698,0.0499875,0
124680,49.9989,47.5379,47.5791,0.430876,0.0902185,0.430876,0.293095,5.36085e-06,2.46105,0.0499875,0
124740,49.9989,47.5438,47.5848,0.430333,0.090123,0.430333,0.292774,5.34827e-06,2.45515,0.0499875,0
124800,49.9989,47.5497,47.5905,0.429791,0.0900277,0.429791,0.292454,5.33573e-06,2.44928,0.0499875,0
124860,49.9989,47.5555,47.5962,0.429251,0.0899328,0.429251,0.292134,5.32323e-06,2.44343,0.0499875,0
124920,49.9989,47.5613,47.6019,0.428712,0.0898382,0.428712,0.291815,5.31076e-06,2.43761,0.0499875,0
124980,49.9989,47.5671,47.6075,0.428174,0.0897438,0.428174,0.291496,5.29833e-06,2.43181,0.0499875,0
125040,49.9989,47.5729,47.6131,0.427637,0.0896497,0.427637,0.291179,5.28594e-06,2.42604,0.0499875,0
125100,49.9989,47.5786,47.6187,0.427102,0.0895559,0.427102,0.290862,5.27358e-06,2.42029,0.0499875,0
125160,49.9989,47.5844,47.6243,0.426568,0.0894623,0.426568,0.290546,5.26126e-06,2.41456,0.0499875,0
125220,49.9989,47.5901,47.6298,0.426035,0.089369,0.426035,0.290231,5.24897e-06,2.40886,0.0499875,0
125280,49.9989,47.5958,47.6354,0.425503,0.089276,0.425503,0.289916,5.23672e-06,2.40318,0.0499875,0
125340,49.9989,47.6014,47.6409,0.424973,0.0891833,0.424973,0.289602,5.2245e-06,2.39751,0.0499875,0
125400,49.9989,47.6071,47.6464,0.424444,0.0890908,0.424444,0.289289,5.21232e-06,2.39187,0.0499875,0
125460,49.9989,47.6127,47.6519,0.423916,0.0889986,0.423916,0.288977,5.20018e-06,2.38625,0.0499875,0
125520,49.9989,47.6183,47.6573,0.42339,0.0889067,0.42339,0.288665,5.18806e-06,2.38065,0.0499875,0
125580,49.9989,47.6239,47.6628,0.422865,0.088815,0.422865,0.288354,5.17599e-06,2.37506,0.0499875,0
125640,49.9989,47.6294,47.6682,0.422341,0.0887236,0.422341,0.288044,5.16395e-06,2.3695,0.0499875,0
125700,49.9989,47.635,47.6736,0.421818,0.0886325,0.421818,0.287735,5.15194e-06,2.36396,0.0499875,0
125760,49.9989,47.6405,47.679,0.421297,0.0885416,0.421297,0.287426,5.13997e-06,2.35843,0.0499875,0
125820,49.9989,47.646,47.6844,0.420776,0.088451,0.420776,0.287118,5.12803e-06,2.35292,0.0499875,0
125880,49.9989,47.6515,47.6898,0.420258,0.0883607,0.420258,0.286811,5.11613e-06,2.34743,0.0499875,0
125940,49.9989,47.657,47.6951,0.41974,0.0882706,0.41974,0.286504,5.10426e-06,2.34196,0.0499875,0
126000,49.9989,47.6624,47.7004,0.419223,0.0881807,0.419223,0.286198,5.09243e-06,2.33651,0.0499875,0
126060,49.9989,47.6679,47.7058,0.418708,0.0880908,0.418708,0.285893,5.08044e-06,2.33107,0.0499875,0
126120,49.9989,47.6733,47.7111,0.418194,0.0880009,0.418194,0.285588,5.06845e-06,2.32565,0.0499875,0
126180,49.9989,47.6787,47.7165,0.417681,0.0879113,0.417681,0.285285,5.0565e-06,2.32024,0.0499875,0
126240,49.9989,47.6841,47.7219,0.41717,0.0878218,0.41717,0.284982,5.04457e-06,2.31484,0.0499875,0
126300,49.9989,47.6895,47.7272,0.41666,0.0877326,0.41666,0.284679,5.03268e-06,2.30945,0.0499875,0
126360,49.9989,47.6949,47.7325,0.416151,0.0876437,0.416151,0.284378,5.02082e-06,2.30407,0.0499875,0
126420,49.9989,47.7002,47.7379,0.415643,0.087555,0.415643,0.284077,5.00899e-06,2.29869,0.0499875,0
126480,49.9989,47.7056,47.7432,0.415137,0.0874665,0.415137,0.283777,4.99719e-06,2.29332,0.0499875,0
126540,49.9989,47.711,47.7485,0.414631,0.0873783,0.414631,0.283477,4.98543e-06,2.28796,0.0499875,0
126600,49.9989,47.7163,47.7538,0.414127,0.0872903,0.414127,0.283178,4.97371e-06,2.2826,0.0499875,0
126660,49.9989,47.7217,47.7591,0.413624,0.0872026,0.413624,0.28288,4.96201e-06,2.27725,0.0499875,0
126720,49.9989,47.727,47.7643,0.413123,0.0871152,0.413123,0.282583,4.95036e-06,2.27191,0.0499875,0
126780,49.9989,47.7324,47.7696,0.412622,0.087028,0.412622,0.282286,4.93873e-06,2.26658,0.0499875,0
126840,49.9989,47.7377,47.7748,0.412123,0.0869411,0.412123,0.28199,4.92714e-06,2.26126,0.0499875,0
126900,49.9989,47.743,47.78,0.411625,0.0868544,0.411625,0.281695,4.91558e-06,2.25595,0.0499875,0
126960,49.9989,47.7483,47.7853,0.411129,0.086768,0.411129,0.2814,4.90406e-06,2.25065,0.0499875,0
127020,49.9989,47.7536,47.7905,0.410633,0.0866818,0.410633,0.281106,4.89257e-06,2.24537,0.0499875,0
127080,49.9989,47.7588,47.7957,0.410139,0.0865959,0.410139,0.280813,4.88112e-06,2.24009,0.0499875,0
127140,49.9989,47.7641,47.8008,0.409646,0.0865102,0.409646,0.280521,4.86969e-06,2.23482,0.0499875,0
127200,49.9989,47.7694,47.806,0.409154,0.0864248,0.409154,0.280229,4.8583e-06,2.22957,0.0499875,0
127260,49.9989,47.7746,47.8112,0.408663,0.0863397,0.408663,0.279938,4.84695e-06,2.22433,0.0499875,0
127320,49.9989,47.7798,47.8163,0.408173,0.0862547,0.408173,0.279647,4.83563e-06,2.2191,0.0499875,0
127380,49.9989,47.785,47.8214,0.407685,0.0861701,0.407685,0.279357,4.82434e-06,2.21389,0.0499875,0
127440,49.9989,47.7903,47.8265,0.407198,0.0860857,0.407198,0.279068,4.81308e-06,2.20868,0.0499875,0
127500,49.9989,47.7954,47.8316,0.406712,0.0860015,0.406712,0.27878,4.80186e-06,2.20349,0.0499875,0
127560,49.9989,47.8006,47.8367,0.406227,0.0859176,0.406227,0.278492,4.79067e-06,2.19832,0.0499875,0
127620,49.9989,47.8058,47.8418,0.405743,0.0858339,0.405743,0.278205,4.77952e-06,2.19315,0.0499875,0
127680,49.9989,47.8109,47.8468,0.405261,0.0857505,0.405261,0.277919,4.76839e-06,2.188,0.0499875,0
127740,49.9989,47.8161,47.8519,0.404779,0.0856673,0.404779,0.277633,4.7573e-06,2.18287,0.0499875,0
127800,49.9989,47.8212,47.8569,0.404299,0.0855843,0.404299,0.277348,4.74624e-06,2.17775,0.0499875,0
127860,49.9989,47.8263,47.8619,0.40382,0.0855016,0.40382,0.277063,4.73521e-06,2.17264,0.0499875,0
127920,49.9989,47.8314,47.8669,0.403342,0.0854192,0.403342,0.276779,4.72422e-06,2.16754,0.0499875,0
127980,49.9989,47.8365,47.8719,0.402866,0.085337,0.402866,0.276496,4.71326e-06,2.16246,0.0499875,0
128040,49.9989,47.8415,47.8768,0.40239,0.085255,0.40239,0.276214,4.70233e-06,2.1574,0.0499875,0
128100,49.9989,47.8466,47.8818,0.401915,0.0851733,0.401915,0.275932,4.69143e-06,2.15234,0.0499875,0
128160,49.9989,47.8516,47.8867,0.401442,0.0850918,0.401442,0.275651,4.68056e-06,2.1473,0.0499875,0
128220,49.9989,47.8567,47.8917,0.40097,0.0850105,0.40097,0.27537,4.66973e-06,2.14228,0.0499875,0
128280,49.9989,47.8617,47.8966,0.400499,0.0849295,0.400499,0.275091,4.65893e-06,2.13727,0.0499875,0
128340,49.9989,47.8667,47.9015,0.400029,0.0848487,0.400029,0.274811,4.64816e-06,2.13227,0.0499875,0
128400,49.9989,47.8716,47.9063,0.39956,0.0847682,0.39956,0.274533,4.63742e-06,2.12729,0.0499875,0
128460,49.9989,47.8766,47.9112,0.399093,0.0846878,0.399093,0.274255,4.62671e-06,2.12232,0.0499875,0
128520,49.9989,47.8816,47.9161,0.398626,0.0846078,0.398626,0.273978,4.61603e-06,2.11737,0.0499875,0
128580,49.9989,47.8865,47.9209,0.398161,0.0845279,0.398161,0.273701,4.60538e-06,2.11243,0.0499875,0
128640,49.9989,47.8914,47.9257,0.397696,0.0844483,0.397696,0.273425,4.59477e-06,2.1075,0.0499875,0
128700,49.9989,47.8963,47.9305,0.397233,0.0843689,0.397233,0.27315,4.58419e-06,2.10259,0.0499875,0
128760,49.9989,47.9012,47.9353,0.396771,0.0842898,0.396771,0.272875,4.57363e-06,2.09769,0.0499875,0
128820,49.9989,47.9061,47.9401,0.39631,0.0842109,0.39631,0.272601,4.56311e-06,2.09281,0.0499875,0
128880,49.9989,47.911,47.9449,0.39585,0.0841322,0.39585,0.272327,4.55262e-06,2.08794,0.0499875,0
128940,49.9989,47.9159,47.9497,0.395392,0.0840537,0.395392,0.272054,4.54216e-06,2.08308,0.0499875,0
129000,49.9989,47.9207,47.9544,0.394934,0.0839755,0.394934,0.271782,4.53173e-06,2.07824,0.0499875,0
129060,49.9989,47.9255,47.9591,0.394477,0.0838975,0.394477,0.271511,4.52133e-06,2.07341,0.0499875,0
129120,49.9989,47.9303,47.9638,0.394022,0.0838197,0.394022,0.27124,4.51096e-06,2.0686,0.0499875,0
129180,49.9989,47.9351,47.9685,0.393567,0.0837422,0.393567,0.270969,4.50062e-06,2.0638,0.0499875,0
129240,49.9989,47.9399,47.9732,0.393114,0.0836648,0.393114,0.2707,4.49031e-06,2.05901,0.0499875,0
129300,49.9989,47.9447,47.9779,0.392662,0.0835878,0.392662,0.27043,4.48003e-06,2.05424,0.0499875,0
129360,49.9989,47.9494,47.9826,0.392211,0.0835109,0.392211,0.270162,4.46978e-06,2.04948,0.0499875,0
129420,49.9989,47.9542,47.9872,0.39176,0.0834342,0.39176,0.269894,4.45956e-06,2.04474,0.0499875,0
129480,49.9989,47.9589,47.9918,0.391311,0.0833578,0.391311,0.269627,4.44937e-06,2.04001,0.0499875,0
129540,49.9989,47.9636,47.9965,0.390864,0.0832816,0.390864,0.26936,4.43921e-06,2.03529,0.0499875,0
129600,49.9989,47.9683,48.0011,0.390417,0.0832056,0.390417,0.269094,4.42908e-06,2.03059,0.0499875,0
129660,49.9989,47.973,48.0057,0.389971,0.0831299,0.389971,0.268829,4.41898e-06,2.0259,0.0499875,0
129720,49.9989,47.9777,48.0102,0.389526,0.0830543,0.389526,0.268564,4.4089e-06,2.02123,0.0499875,0
129780,49.9989,47.9824,48.0148,0.389082,0.082979,0.389082,0.2683,4.39886e-06,2.01656,0.0499875,0
129840,49.9989,47.987,48.0194,0.38864,0.0829039,0.38864,0.268036,4.38885e-06,2.01192,0.0499875,0
129900,49.9989,47.9917,48.0239,0.388198,0.082829,0.388198,0.267773,4.37886e-06,2.00728,0.0499875,0
129960,49.9989,47.9963,48.0284,0.387757,0.0827543,0.387757,0.267511,4.36891e-06,2.00266,0.0499875,0
130020,49.9989,48.0009,48.0329,0.387318,0.0826799,0.387318,0.267249,4.35898e-06,1.99805,0.0499875,0
130080,49.9989,48.0055,48.0374,0.386879,0.0826056,0.386879,0.266987,4.34908e-06,1.99346,0.0499875,0
130140,49.9989,48.0101,48.0419,0.386442,0.0825316,0.386442,0.266727,4.33921e-06,1.98888,0.0499875,0
130200,49.9989,48.0146,48.0464,0.386006,0.0824578,0.386006,0.266467,4.32937e-06,1.98431,0.0499875,0
130260,49.9989,48.0192,48.0509,0.38557,0.0823842,0.38557,0.266207,4.31956e-06,1.97976,0.0499875,0
130320,49.9989,48.0237,48.0553,0.385136,0.0823108,0.385136,0.265948,4.30977e-06,1.97522,0.0499875,0
130380,49.9989,48.0282,48.0597,0.384702,0.0822377,0.384702,0.26569,4.30002e-06,1.97069,0.0499875,0
130440,49.9989,48.0328,48.0642,0.38427,0.0821647,0.38427,0.265432,4.29029e-06,1.96617,0.0499875,0
130500,49.9989,48.0373,48.0686,0.383839,0.082092,0.383839,0.265175,4.28059e-06,1.96167,0.0499875,0
130560,49.9989,48.0418,48.073,0.383409,0.0820194,0.383409,0.264919,4.27092e-06,1.95718,0.0499875,0
130620,49.9989,48.0462,48.0774,0.382979,0.0819471,0.382979,0.264663,4.26128e-06,1.95271,0.0499875,0
130680,49.9989,48.0507,48.0817,0.382551,0.081875,0.382551,0.264407,4.25166e-06,1.94825,0.0499875,0
130740,49.9989,48.0551,48.0861,0.382124,0.0818031,0.382124,0.264153,4.24207e-06,1.9438,0.0499875,0
130800,49.9989,48.0596,48.0904,0.381698,0.0817314,0.381698,0.263898,4.23251e-06,1.93936,0.0499875,0
130860,49.9989,48.064,48.0948,0.381272,0.0816599,0.381272,0.263645,4.22298e-06,1.93494,0.0499875,0
130920,49.9989,48.0684,48.0991,0.380848,0.0815886,0.380848,0.263392,4.21348e-06,1.93053,0.0499875,0
130980,49.9989,48.0728,48.1034,0.380425,0.0815175,0.380425,0.263139,4.204e-06,1.92613,0.0499875,0
131040,49.9989,48.0772,48.1077,0.380003,0.0814467,0.380003,0.262887,4.19455e-06,1.92174,0.0499875,0
131100,49.9989,48.0816,48.112,0.379581,0.081376,0.379581,0.262636,4.18513e-06,1.91737,0.0499875,0
131160,49.9989,48.0859,48.1162,0.379161,0.0813055,0.379161,0.262385,4.17573e-06,1.91301,0.0499875,0
131220,49.9989,48.0903,48.1205,0.378742,0.0812353,0.378742,0.262135,4.16636e-06,1.90867,0.0499875,0
131280,49.9989,48.0946,48.1247,0.378323,0.0811652,0.378323,0.261885,4.15702e-06,1.90433,0.0499875,0
131340,49.9989,48.0989,48.129,0.377906,0.0810954,0.377906,0.261636,4.14771e-06,1.90001,0.0499875,0
131400,49.9989,48.1032,48.1332,0.37749,0.0810257,0.37749,0.261387,4.13842e-06,1.8957,0.0499875,0
131460,49.9989,48.1075,48.1374,0.377074,0.0809562,0.377074,0.261139,4.12916e-06,1.89141,0.0499875,0
131520,49.9989,48.1118,48.1416,0.37666,0.080887,0.37666,0.260892,4.11993e-06,1.88712,0.0499875,0
131580,49.9989,48.1161,48.1458,0.376247,0.0808179,0.376247,0.260645,4.11072e-06,1.88285,0.0499875,0
131640,49.9989,48.1203,48.15,0.375834,0.0807491,0.375834,0.260398,4.10154e-06,1.87859,0.0499875,0
131700,49.9989,48.1246,48.1541,0.375423,0.0806804,0.375423,0.260153,4.09238e-06,1.87435,0.0499875,0
131760,49.9989,48.1288,48.1583,0.375012,0.080612,0.375012,0.259907,4.08325e-06,1.87011,0.0499875,0
131820,49.9989,48.133,48.1624,0.374602,0.0805437,0.374602,0.259663,4.07415e-06,1.86589,0.0499875,0
131880,49.9989,48.1373,48.1665,0.374194,0.0804756,0.374194,0.259418,4.06508e-06,1.86168,0.0499875,0
131940,49.9989,48.1414,48.1706,0.373786,0.0804077,0.373786,0.259175,4.05603e-06,1.85748,0.0499875,0
132000,49.9989,48.1456,48.1747,0.373379,0.0803401,0.373379,0.258932,4.047e-06,1.8533,0.0499875,0
132060,49.9989,48.1498,48.1788,0.372974,0.0802726,0.372974,0.258689,4.03801e-06,1.84913,0.0499875,0
132120,49.9989,48.154,48.1829,0.372569,0.0802053,0.372569,0.258447,4.02903e-06,1.84497,0.0499875,0
132180,49.9989,48.1581,48.187,0.372165,0.0801382,0.372165,0.258206,4.02009e-06,1.84082,0.0499875,0
132240,49.9989,48.1623,48.191,0.371762,0.0800713,0.371762,0.257965,4.01117e-06,1.83668,0.0499875,0
132300,49.9989,48.1664,48.1951,0.37136,0.0800046,0.37136,0.257724,4.00227e-06,1.83255,0.0499875,0
132360,49.9989,48.1705,48.1991,0.370959,0.0799381,0.370959,0.257484,3.9934e-06,1.82844,0.0499875,0
132420,49.9989,48.1746,48.2031,0.370559,0.0798717,0.370559,0.257245,3.98456e-06,1.82434,0.0499875,0
132480,49.9989,48.1787,48.2071,0.370159,0.0798056,0.370159,0.257006,3.97574e-06,1.82025,0.0499875,0
132540,49.9989,48.1828,48.2111,0.369761,0.0797397,0.369761,0.256768,3.96695e-06,1.81617,0.0499875,0
132600,49.9989,48.1868,48.2151,0.369364,0.0796739,0.369364,0.25653,3.95818e-06,1.81211,0.0499875,0
132660,49.9989,48.1909,48.2191,0.368967,0.0796083,0.368967,0.256293,3.94944e-06,1.80806,0.0499875,0
132720,49.9989,48.1949,48.223,0.368572,0.0795429,0.368572,0.256056,3.94072e-06,1.80401,0.0499875,0
132780,49.9989,48.199,48.227,0.368177,0.0794777,0.368177,0.25582,3.93203e-06,1.79998,0.0499875,0
132840,49.9989,48.203,48.2309,0.367783,0.0794127,0.367783,0.255584,3.92336e-06,1.79596,0.0499875,0
132900,49.9989,48.207,48.2348,0.36739,0.0793479,0.36739,0.255349,3.91471e-06,1.79196,0.0499875,0
132960,49.9989,48.211,48.2387,0.366998,0.0792833,0.366998,0.255115,3.9061e-06,1.78796,0.0499875,0
133020,49.9989,48.215,48.2426,0.366607,0.0792188,0.366607,0.254881,3.8975e-06,1.78398,0.0499875,0
133080,49.9989,48.2189,48.2465,0.366217,0.0791545,0.366217,0.254647,3.88893e-06,1.78,0.0499875,0
133140,49.9989,48.2229,48.2504,0.365828,0.0790905,0.365828,0.254414,3.88039e-06,1.77604,0.0499875,0
133200,49.9989,48.2268,48.2543,0.36544,0.0790265,0.36544,0.254181,3.87187e-06,1.77209,0.0499875,0
133260,49.9989,48.2308,48.2581,0.365052,0.0789628,0.365052,0.253949,3.86337e-06,1.76816,0.0499875,0
133320,49.9989,48.2347,48.262,0.364666,0.0788993,0.364666,0.253718,3.8549e-06,1.76423,0.0499875,0
133380,49.9989,48.2386,48.2658,0.36428,0.0788359,0.36428,0.253487,3.84645e-06,1.76031,0.0499875,0
133440,49.9989,48.2425,48.2697,0.363895,0.0787728,0.363895,0.253256,3.83803e-06,1.75641,0.0499875,0
133500,49.9989,48.2464,48.2735,0.363511,0.0787098,0.363511,0.253026,3.82963e-06,1.75252,0.0499875,0
133560,49.9989,48.2503,48.2773,0.363128,0.0786469,0.363128,0.252797,3.82125e-06,1.74863,0.0499875,0
133620,49.9989,48.2542,48.2811,0.362746,0.0785843,0.362746,0.252568,3.8129e-06,1.74476,0.0499875,0
133680,49.9989,48.258,48.2848,0.362365,0.0785218,0.362365,0.252339,3.80457e-06,1.7409,0.0499875,0
133740,49.9989,48.2619,48.2886,0.361985,0.0784596,0.361985,0.252111,3.79627e-06,1.73706,0.0499875,0
133800,49.9989,48.2657,48.2924,0.361605,0.0783975,0.361605,0.251883,3.78799e-06,1.73322,0.0499875,0
133860,49.9989,48.2695,48.2961,0.361226,0.0783355,0.361226,0.251656,3.77973e-06,1.72939,0.0499875,0
133920,49.9989,48.2734,48.2999,0.360849,0.0782738,0.360849,0.25143,3.7715e-06,1.72558,0.0499875,0
133980,49.9989,48.2772,48.3036,0.360472,0.0782122,0.360472,0.251204,3.76329e-06,1.72177,0.0499875,0
134040,49.9989,48.281,48.3073,0.360096,0.0781508,0.360096,0.250978,3.7551e-06,1.71798,0.0499875,0
134100,49.9989,48.2847,48.311,0.35972,0.0780896,0.35972,0.250753,3.74694e-06,1.7142,0.0499875,0
134160,49.9989,48.2885,48.3147,0.359346,0.0780285,0.359346,0.250529,3.7388e-06,1.71042,0.0499875,0
134220,49.9989,48.2923,48.3184,0.358973,0.0779676,0.358973,0.250305,3.73068e-06,1.70666,0.0499875,0
134280,49.9989,48.296,48.3221,0.3586,0.0779069,0.3586,0.250081,3.72258e-06,1.70291,0.0499875,0
134340,49.9989,48.2998,48.3257,0.358228,0.0778464,0.358228,0.249858,3.71451e-06,1.69917,0.0499875,0
134400,49.9989,48.3035,48.3294,0.357857,0.077786,0.357857,0.249635,3.70647e-06,1.69545,0.0499875,0
134460,49.9989,48.3072,48.333,0.357487,0.0777258,0.357487,0.249413,3.69844e-06,1.69173,0.0499875,0
134520,49.9989,48.3109,48.3367,0.357118,0.0776658,0.357118,0.249191,3.69044e-06,1.68802,0.0499875,0
134580,49.9989,48.3146,48.3403,0.356749,0.077606,0.356749,0.24897,3.68246e-06,1.68432,0.0499875,0
134640,49.9989,48.3183,48.3439,0.356382,0.0775463,0.356382,0.24875,3.6745e-06,1.68064,0.0499875,0
134700,49.9989,48.322,48.3475,0.356015,0.0774868,0.356015,0.248529,3.66656e-06,1.67696,0.0499875,0
134760,49.9989,48.3256,48.3511,0.355649,0.0774274,0.355649,0.24831,3.65865e-06,1.6733,0.0499875,0
134820,49.9989,48.3293,48.3547,0.355284,0.0773683,0.355284,0.24809,3.65076e-06,1.66964,0.0499875,0
134880,49.9989,48.3329,48.3582,0.35492,0.0773092,0.35492,0.247871,3.64289e-06,1.666,0.0499875,0
134940,49.9989,48.3366,48.3618,0.354556,0.0772504,0.354556,0.247653,3.63505e-06,1.66236,0.0499875,0
135000,49.9989,48.3402,48.3654,0.354194,0.0771917,0.354194,0.247435,3.62723e-06,1.65874,0.0499875,0
135060,49.9989,48.3438,48.3689,0.353832,0.0771332,0.353832,0.247218,3.61942e-06,1.65513,0.0499875,0
135120,49.9989,48.3474,48.3724,0.353471,0.0770749,0.353471,0.247001,3.61165e-06,1.65152,0.0499875,0
135180,49.9989,48.351,48.376,0.353111,0.0770167,0.353111,0.246784,3.60389e-06,1.64793,0.0499875,0
135240,49.9989,48.3546,48.3795,0.352751,0.0769587,0.352751,0.246568,3.59615e-06,1.64435,0.0499875,0
135300,49.9989,48.3582,48.383,0.352393,0.0769008,0.352393,0.246353,3.58844e-06,1.64078,0.0499875,0
135360,49.9989,48.3617,48.3865,0.352035,0.0768431,0.352035,0.246138,3.58075e-06,1.63722,0.0499875,0
135420,49.9989,48.3653,48.3899,0.351678,0.0767856,0.351678,0.245923,3.57308e-06,1.63366,0.0499875,0
135480,49.9989,48.3688,48.3934,0.351322,0.0767283,0.351322,0.245709,3.56543e-06,1.63012,0.0499875,0
135540,49.9989,48.3723,48.3969,0.350966,0.0766711,0.350966,0.245495,3.5578e-06,1.62659,0.0499875,0
135600,49.9989,48.3759,48.4003,0.350612,0.076614,0.350612,0.245282,3.5502e-06,1.62307,0.0499875,0
135660,49.9989,48.3794,48.4038,0.350258,0.0765571,0.350258,0.245069,3.54261e-06,1.61956,0.0499875,0
135720,49.9989,48.3829,48.4072,0.349905,0.0765004,0.349905,0.244857,3.53505e-06,1.61606,0.0499875,0
135780,49.9989,48.3864,48.4106,0.349553,0.0764439,0.349553,0.244645,3.52751e-06,1.61256,0.0499875,0
135840,49.9989,48.3899,48.414,0.349202,0.0763875,0.349202,0.244434,3.51999e-06,1.60908,0.0499875,0
135900,49.9989,48.3933,48.4174,0.348851,0.0763312,0.348851,0.244223,3.51249e-06,1.60561,0.0499875,0
135960,49.9989,48.3968,48.4208,0.348501,0.0762751,0.348501,0.244012,3.50501e-06,1.60215,0.0499875,0
136020,49.9989,48.4002,48.4242,0.348152,0.0762192,0.348152,0.243802,3.49756e-06,1.5987,0.0499875,0
136080,49.9989,48.4037,48.4276,0.347804,0.0761634,0.347804,0.243593,3.49012e-06,1.59526,0.0499875,0
136140,49.9989,48.4071,48.4309,0.347457,0.0761078,0.347457,0.243383,3.4827e-06,1.59182,0.0499875,0
136200,49.9989,48.4105,48.4343,0.34711,0.0760524,0.34711,0.243175,3.47531e-06,1.5884,0.0499875,0
136260,49.9989,48.4139,48.4376,0.346764,0.0759971,0.346764,0.242966,3.46794e-06,1.58499,0.0499875,0
136320,49.9989,48.4174,48.441,0.346419,0.0759419,0.346419,0.242758,3.46058e-06,1.58158,0.0499875,0
136380,49.9989,48.4207,48.4443,0.346074,0.0758869,0.346074,0.242551,3.45325e-06,1.57819,0.0499875,0
136440,49.9989,48.4241,48.4476,0.345731,0.0758321,0.345731,0.242344,3.44594e-06,1.57481,0.0499875,0
136500,49.9989,48.4275,48.4509,0.345388,0.0757774,0.345388,0.242138,3.43865e-06,1.57143,0.0499875,0
136560,49.9989,48.4309,48.4542,0.345046,0.0757229,0.345046,0.241931,3.43138e-06,1.56807,0.0499875,0
136620,49.9989,48.4342,48.4575,0.344704,0.0756685,0.344704,0.241726,3.42413e-06,1.56471,0.0499875,0
136680,49.9989,48.4376,48.4608,0.344364,0.0756143,0.344364,0.241521,3.4169e-06,1.56136,0.0499875,0
136740,49.9989,48.4409,48.4641,0.344024,0.0755602,0.344024,0.241316,3.40969e-06,1.55803,0.0499875,0
136800,49.9989,48.4442,48.4673,0.343685,0.0755063,0.343685,0.241111,3.4025e-06,1.5547,0.0499875,0
136860,49.9989,48.4476,48.4706,0.343347,0.0754525,0.343347,0.240907,3.39533e-06,1.55138,0.0499875,0
136920,49.9989,48.4509,48.4738,0.343009,0.0753989,0.343009,0.240704,3.38818e-06,1.54807,0.0499875,0
136980,49.9989,48.4542,48.4771,0.342672,0.0753454,0.342672,0.240501,3.38105e-06,1.54478,0.0499875,0
137040,49.9989,48.4574,48.4803,0.342336,0.0752921,0.342336,0.240298,3.37394e-06,1.54149,0.0499875,0
137100,49.9989,48.4607,48.4835,0.342001,0.0752389,0.342001,0.240096,3.36685e-06,1.5382,0.0499875,0
137160,49.9989,48.464,48.4867,0.341666,0.0751859,0.341666,0.239894,3.35978e-06,1.53493,0.0499875,0
137220,49.9989,48.4673,48.4899,0.341333,0.075133,0.341333,0.239693,3.35273e-06,1.53167,0.0499875,0
137280,49.9989,48.4705,48.4931,0.340999,0.0750803,0.340999,0.239492,3.3457e-06,1.52842,0.0499875,0
137340,49.9989,48.4738,48.4963,0.340667,0.0750277,0.340667,0.239291,3.33869e-06,1.52517,0.0499875,0
137400,49.9989,48.477,48.4994,0.340335,0.0749753,0.340335,0.239091,3.3317e-06,1.52194,0.0499875,0
137460,49.9989,48.4802,48.5026,0.340005,0.074923,0.340005,0.238892,3.32472e-06,1.51871,0.0499875,0
137520,49.9989,48.4834,48.5058,0.339674,0.0748708,0.339674,0.238692,3.31777e-06,1.5155,0.0499875,0
137580,49.9989,48.4866,48.5089,0.339345,0.0748188,0.339345,0.238493,3.31084e-06,1.51229,0.0499875,0
137640,49.9989,48.4898,48.512,0.339016,0.074767,0.339016,0.238295,3.30392e-06,1.50909,0.0499875,0
137700,49.9989,48.493,48.5152,0.338688,0.0747152,0.338688,0.238097,3.29703e-06,1.5059,0.0499875,0
137760,49.9989,48.4962,48.5183,0.338361,0.0746637,0.338361,0.237899,3.29015e-06,1.50272,0.0499875,0
137820,49.9989,48.4994,48.5214,0.338034,0.0746123,0.338034,0.237702,3.2833e-06,1.49955,0.0499875,0
137880,49.9989,48.5025,48.5245,0.337708,0.074561,0.337708,0.237505,3.27646e-06,1.49639,0.0499875,0
137940,49.9989,48.5057,48.5276,0.337383,0.0745098,0.337383,0.237309,3.26964e-06,1.49323,0.0499875,0
138000,49.9989,48.5088,48.5307,0.337059,0.0744588,0.337059,0.237113,3.26284e-06,1.49009,0.0499875,0
138060,49.9989,48.512,48.5337,0.336735,0.074408,0.336735,0.236917,3.25606e-06,1.48695,0.0499875,0
138120,49.9989,48.5151,48.5368,0.336412,0.0743573,0.336412,0.236722,3.2493e-06,1.48383,0.0499875,0
138180,49.9989,48.5182,48.5399,0.33609,0.0743067,0.33609,0.236527,3.24255e-06,1.48071,0.0499875,0
138240,49.9989,48.5213,48.5429,0.335768,0.0742563,0.335768,0.236333,3.23583e-06,1.4776,0.0499875,0
138300,49.9989,48.5244,48.546,0.335447,0.074206,0.335447,0.236139,3.22912e-06,1.4745,0.0499875,0
138360,49.9989,48.5275,48.549,0.335127,0.0741558,0.335127,0.235946,3.22243e-06,1.4714,0.0499875,0
138420,49.9989,48.5306,48.552,0.334808,0.0741058,0.334808,0.235752,3.21577e-06,1.46832,0.0499875,0
138480,49.9989,48.5337,48.555,0.334489,0.0740559,0.334489,0.23556,3.20911e-06,1.46524,0.0499875,0
138540,49.9989,48.5368,48.558,0.334171,0.0740062,0.334171,0.235367,3.20248e-06,1.46218,0.0499875,0
138600,49.9989,48.5398,48.561,0.333853,0.0739566,0.333853,0.235175,3.19587e-06,1.45912,0.0499875,0
138660,49.9989,48.5429,48.564,0.333536,0.0739071,0.333536,0.234984,3.18927e-06,1.45607,0.0499875,0
138720,49.9989,48.5459,48.567,0.33322,0.0738578,0.33322,0.234793,3.1827e-06,1.45303,0.0499875,0
138780,49.9989,48.5489,48.57,0.332905,0.0738086,0.332905,0.234602,3.17614e-06,1.45,0.0499875,0
138840,49.9989,48.552,48.5729,0.33259,0.0737595,0.33259,0.234412,3.1696e-06,1.44697,0.0499875,0
138900,49.9989,48.555,48.5759,0.332276,0.0737106,0.332276,0.234222,3.16307e-06,1.44396,0.0499875,0
138960,49.9989,48.558,48.5788,0.331963,0.0736618,0.331963,0.234032,3.15657e-06,1.44095,0.0499875,0
139020,49.9989,48.561,48.5818,0.33165,0.0736131,0.33165,0.233843,3.15008e-06,1.43795,0.0499875,0
139080,49.9989,48.564,48.5847,0.331338,0.0735646,0.331338,0.233654,3.14361e-06,1.43496,0.0499875,0
139140,49.9989,48.567,48.5876,0.331027,0.0735162,0.331027,0.233466,3.13716e-06,1.43198,0.0499875,0
139200,49.9989,48.5699,48.5906,0.330717,0.073468,0.330717,0.233278,3.13072e-06,1.429,0.0499875,0
139260,49.9989,48.5729,48.5935,0.330407,0.0734199,0.330407,0.23309,3.12431e-06,1.42604,0.0499875,0
139320,49.9989,48.5759,48.5964,0.330097,0.0733719,0.330097,0.232903,3.11791e-06,1.42308,0.0499875,0
139380,49.9989,48.5788,48.5993,0.329789,0.073324,0.329789,0.232716,3.11153e-06,1.42013,0.0499875,0
139440,49.9989,48.5817,48.6021,0.329481,0.0732763,0.329481,0.232529,3.10517e-06,1.41719,0.0499875,0
139500,49.9989,48.5847,48.605,0.329174,0.0732287,0.329174,0.232343,3.09882e-06,1.41426,0.0499875,0
139560,49.9989,48.5876,48.6079,0.328867,0.0731812,0.328867,0.232157,3.09249e-06,1.41133,0.0499875,0
139620,49.9989,48.5905,48.6107,0.328561,0.0731339,0.328561,0.231972,3.08618e-06,1.40841,0.0499875,0
139680,49.9989,48.5934,48.6136,0.328256,0.0730867,0.328256,0.231787,3.07989e-06,1.40551,0.0499875,0
139740,49.9989,48.5963,48.6164,0.327951,0.0730396,0.327951,0.231602,3.07361e-06,1.40261,0.0499875,0
139800,49.9989,48.5992,48.6193,0.327647,0.0729927,0.327647,0.231418,3.06735e-06,1.39971,0.0499875,0
139860,49.9989,48.6021,48.6221,0.327344,0.0729458,0.327344,0.231234,3.06111e-06,1.39683,0.0499875,0
139920,49.9989,48.605,48.6249,0.327041,0.0728992,0.327041,0.231051,3.05488e-06,1.39395,0.0499875,0
139980,49.9989,48.6079,48.6277,0.326739,0.0728526,0.326739,0.230868,3.04867e-06,1.39108,0.0499875,0
140040,49.9989,48.6107,48.6306,0.326438,0.0728062,0.326438,0.230685,3.04248e-06,1.38822,0.0499875,0
140100,49.9989,48.6136,48.6333,0.326137,0.0727599,0.326137,0.230503,3.03631e-06,1.38537,0.0499875,0
140160,49.9989,48.6164,48.6361,0.325837,0.0727137,0.325837,0.230321,3.03015e-06,1.38252,0.0499875,0
140220,49.9989,48.6192,48.6389,0.325537,0.0726676,0.325537,0.230139,3.02401e-06,1.37969,0.0499875,0
140280,49.9989,48.6221,48.6417,0.325238,0.0726217,0.325238,0.229958,3.01789e-06,1.37686,0.0499875,0
140340,49.9989,48.6249,48.6445,0.32494,0.0725759,0.32494,0.229777,3.01178e-06,1.37404,0.0499875,0
140400,49.9989,48.6277,48.6472,0.324643,0.0725302,0.324643,0.229596,3.00569e-06,1.37122,0.0499875,0
140460,49.9989,48.6305,48.65,0.324346,0.0724847,0.324346,0.229416,2.99961e-06,1.36842,0.0499875,0
140520,49.9989,48.6333,48.6527,0.324049,0.0724392,0.324049,0.229236,2.99356e-06,1.36562,0.0499875,0
140580,49.9989,48.6361,48.6555,0.323754,0.0723939,0.323754,0.229057,2.98752e-06,1.36283,0.0499875,0
140640,49.9989,48.6389,48.6582,0.323459,0.0723487,0.323459,0.228878,2.98149e-06,1.36004,0.0499875,0
140700,49.9989,48.6417,48.6609,0.323164,0.0723037,0.323164,0.228699,2.97548e-06,1.35727,0.0499875,0
140760,49.9989,48.6444,48.6636,0.322871,0.0722587,0.322871,0.228521,2.96949e-06,1.3545,0.0499875,0
140820,49.9989,48.6472,48.6663,0.322577,0.0722139,0.322577,0.228343,2.96352e-06,1.35174,0.0499875,0
140880,49.9989,48.6499,48.669,0.322285,0.0721692,0.322285,0.228165,2.95756e-06,1.34899,0.0499875,0
140940,49.9989,48.6527,48.6717,0.321993,0.0721247,0.321993,0.227988,2.95161e-06,1.34624,0.0499875,0
141000,49.9989,48.6554,48.6744,0.321702,0.0720802,0.321702,0.227811,2.94569e-06,1.34351,0.0499875,0
141060,49.9989,48.6582,48.6771,0.321411,0.0720359,0.321411,0.227634,2.93978e-06,1.34078,0.0499875,0
141120,49.9989,48.6609,48.6798,0.321121,0.0719917,0.321121,0.227458,2.93388e-06,1.33805,0.0499875,0
141180,49.9989,48.6636,48.6824,0.320832,0.0719476,0.320832,0.227282,2.928e-06,1.33534,0.0499875,0
141240,49.9989,48.6663,48.6851,0.320543,0.0719036,0.320543,0.227107,2.92214e-06,1.33263,0.0499875,0
141300,49.9989,48.669,48.6877,0.320254,0.0718597,0.320254,0.226932,2.91629e-06,1.32993,0.0499875,0
141360,49.9989,48.6717,48.6904,0.319967,0.071816,0.319967,0.226757,2.91046e-06,1.32724,0.0499875,0
141420,49.9989,48.6744,48.693,0.31968,0.0717724,0.31968,0.226583,2.90465e-06,1.32455,0.0499875,0
141480,49.9989,48.6771,48.6956,0.319393,0.0717289,0.319393,0.226408,2.89885e-06,1.32188,0.0499875,0
141540,49.9989,48.6797,48.6982,0.319108,0.0716855,0.319108,0.226235,2.89306e-06,1.31921,0.0499875,0
141600,49.9989,48.6824,48.7009,0.318822,0.0716423,0.318822,0.226061,2.8873e-06,1.31654,0.0499875,0
141660,49.9989,48.685,48.7035,0.318538,0.0715991,0.318538,0.225888,2.88154e-06,1.31389,0.0499875,0
141720,49.9989,48.6877,48.7061,0.318254,0.0715561,0.318254,0.225715,2.87581e-06,1.31124,0.0499875,0
141780,49.9989,48.6903,48.7087,0.31797,0.0715132,0.31797,0.225543,2.87008e-06,1.3086,0.0499875,0
141840,49.9989,48.693,48.7112,0.317688,0.0714704,0.317688,0.225371,2.86438e-06,1.30596,0.0499875,0
141900,49.9989,48.6956,48.7138,0.317405,0.0714277,0.317405,0.225199,2.85869e-06,1.30333,0.0499875,0
141960,49.9989,48.6982,48.7164,0.317124,0.0713851,0.317124,0.225028,2.85301e-06,1.30071,0.0499875,0
142020,49.9989,48.7008,48.7189,0.316843,0.0713427,0.316843,0.224857,2.84735e-06,1.2981,0.0499875,0
142080,49.9989,48.7034,48.7215,0.316562,0.0713003,0.316562,0.224686,2.84171e-06,1.29549,0.0499875,0
142140,49.9989,48.706,48.7241,0.316282,0.0712581,0.316282,0.224516,2.83608e-06,1.2929,0.0499875,0
142200,49.9989,48.7086,48.7266,0.316003,0.071216,0.316003,0.224346,2.83046e-06,1.2903,0.0499875,0
142260,49.9989,48.7112,48.7291,0.315724,0.071174,0.315724,0.224176,2.82486e-06,1.28772,0.0499875,0
142320,49.9989,48.7138,48.7317,0.315446,0.0711321,0.315446,0.224007,2.81928e-06,1.28514,0.0499875,0
142380,49.9989,48.7164,48.7342,0.315169,0.0710904,0.315169,0.223838,2.81371e-06,1.28257,0.0499875,0
142440,49.9989,48.7189,48.7367,0.314892,0.0710487,0.314892,0.223669,2.80815e-06,1.28001,0.0499875,0
142500,49.9989,48.7215,48.7392,0.314615,0.0710072,0.314615,0.223501,2.80261e-06,1.27745,0.0499875,0
142560,49.9989,48.724,48.7417,0.31434,0.0709657,0.31434,0.223333,2.79709e-06,1.2749,0.0499875,0
142620,49.9989,48.7266,48.7442,0.314064,0.0709244,0.314064,0.223165,2.79158e-06,1.27236,0.0499875,0
142680,49.9989,48.7291,48.7467,0.31379,0.0708832,0.31379,0.222998,2.78608e-06,1.26982,0.0499875,0
142740,49.9989,48.7316,48.7492,0.313516,0.0708421,0.313516,0.222831,2.7806e-06,1.26729,0.0499875,0
142800,49.9989,48.7342,48.7516,0.313242,0.0708011,0.313242,0.222664,2.77514e-06,1.26477,0.0499875,0
142860,49.9989,48.7367,48.7541,0.312969,0.0707602,0.312969,0.222498,2.76969e-06,1.26225,0.0499875,0
142920,49.9989,48.7392,48.7566,0.312697,0.0707194,0.312697,0.222332,2.76425e-06,1.25975,0.0499875,0
142980,49.9989,48.7417,48.759,0.312425,0.0706788,0.312425,0.222166,2.75883e-06,1.25724,0.0499875,0
143040,49.9989,48.7442,48.7615,0.312154,0.0706382,0.312154,0.222001,2.75342e-06,1.25475,0.0499875,0
143100,49.9989,48.7467,48.7639,0.311883,0.0705978,0.311883,0.221836,2.74803e-06,1.25226,0.0499875,0
143160,49.9989,48.7492,48.7664,0.311613,0.0705574,0.311613,0.221671,2.74265e-06,1.24978,0.0499875,0
143220,49.9989,48.7516,48.7688,0.311343,0.0705172,0.311343,0.221507,2.73729e-06,1.2473,0.0499875,0
143280,49.9989,48.7541,48.7712,0.311074,0.0704771,0.311074,0.221343,2.73194e-06,1.24484,0.0499875,0
143340,49.9989,48.7566,48.7736,0.310806,0.070437,0.310806,0.221179,2.7266e-06,1.24237,0.0499875,0
143400,49.9989,48.759,48.776,0.310538,0.0703971,0.310538,0.221016,2.72128e-06,1.23992,0.0499875,0
143460,49.9989,48.7615,48.7784,0.31027,0.0703573,0.31027,0.220852,2.71597e-06,1.23747,0.0499875,0
143520,49.9989,48.7639,48.7808,0.310003,0.0703176,0.310003,0.22069,2.71068e-06,1.23503,0.0499875,0
143580,49.9989,48.7663,48.7832,0.309737,0.070278,0.309737,0.220527,2.7054e-06,1.23259,0.0499875,0
143640,49.9989,48.7688,48.7856,0.309471,0.0702385,0.309471,0.220365,2.70013e-06,1.23016,0.0499875,0
143700,49.9989,48.7712,48.788,0.309206,0.0701992,0.309206,0.220203,2.69488e-06,1.22774,0.0499875,0
143760,49.9989,48.7736,48.7903,0.308942,0.0701599,0.308942,0.220042,2.68965e-06,1.22533,0.0499875,0
143820,49.9989,48.776,48.7927,0.308678,0.0701207,0.308678,0.21988,2.68442e-06,1.22292,0.0499875,0
143880,49.9989,48.7784,48.7951,0.308414,0.0700816,0.308414,0.219719,2.67921e-06,1.22051,0.0499875,0
143940,49.9989,48.7808,48.7974,0.308151,0.0700427,0.308151,0.219559,2.67402e-06,1.21812,0.0499875,0
144000,49.9989,48.7832,48.7998,0.307889,0.0700038,0.307889,0.219399,2.66884e-06,1.21573,0.0499875,0
144060,49.9989,48.7856,48.8021,0.307627,0.069965,0.307627,0.219239,2.66367e-06,1.21334,0.0499875,0
144120,49.9989,48.788,48.8044,0.307365,0.0699264,0.307365,0.219079,2.65851e-06,1.21097,0.0499875,0
144180,49.9989,48.7903,48.8068,0.307104,0.0698878,0.307104,0.21892,2.65337e-06,1.2086,0.0499875,0
144240,49.9989,48.7927,48.8091,0.306844,0.0698494,0.306844,0.218761,2.64825e-06,1.20623,0.0499875,0
144300,49.9989,48.7951,48.8114,0.306584,0.069811,0.306584,0.218602,2.64313e-06,1.20387,0.0499875,0
144360,49.9989,48.7974,48.8137,0.306325,0.0697728,0.306325,0.218443,2.63803e-06,1.20152,0.0499875,0
144420,49.9989,48.7998,48.816,0.306066,0.0697346,0.306066,0.218285,2.63295e-06,1.19918,0.0499875,0
144480,49.9989,48.8021,48.8183,0.305808,0.0696966,0.305808,0.218127,2.62787e-06,1.19684,0.0499875,0
144540,49.9989,48.8044,48.8206,0.30555,0.0696586,0.30555,0.21797,2.62281e-06,1.1945,0.0499875,0
144600,49.9989,48.8068,48.8229,0.305293,0.0696208,0.305293,0.217813,2.61777e-06,1.19218,0.0499875,0
144660,49.9989,48.8091,48.8252,0.305036,0.069583,0.305036,0.217656,2.61273e-06,1.18986,0.0499875,0
144720,49.9989,48.8114,48.8274,0.30478,0.0695454,0.30478,0.217499,2.60771e-06,1.18754,0.0499875,0
144780,49.9989,48.8137,48.8297,0.304525,0.0695078,0.304525,0.217343,2.60271e-06,1.18523,0.0499875,0
144840,49.9989,48.816,48.832,0.304269,0.0694704,0.304269,0.217187,2.59771e-06,1.18293,0.0499875,0
144900,49.9989,48.8183,48.8342,0.304015,0.069433,0.304015,0.217031,2.59273e-06,1.18064,0.0499875,0
144960,49.9989,48.8206,48.8365,0.303761,0.0693958,0.303761,0.216876,2.58777e-06,1.17835,0.0499875,0
145020,49.9989,48.8229,48.8387,0.303507,0.0693586,0.303507,0.216721,2.58281e-06,1.17606,0.0499875,0
145080,49.9989,48.8251,48.8409,0.303254,0.0693216,0.303254,0.216566,2.57787e-06,1.17378,0.0499875,0
145140,49.9989,48.8274,48.8432,0.303002,0.0692846,0.303002,0.216411,2.57294e-06,1.17151,0.0499875,0
145200,49.9989,48.8297,48.8454,0.30275,0.0692478,0.30275,0.216257,2.56803e-06,1.16925,0.0499875,0
145260,49.9989,48.8319,48.8476,0.302498,0.069211,0.302498,0.216103,2.56313e-06,1.16699,0.0499875,0
145320,49.9989,48.8342,48.8498,0.302247,0.0691743,0.302247,0.215949,2.55824e-06,1.16473,0.0499875,0
145380,49.9989,48.8364,48.852,0.301997,0.0691377,0.301997,0.215796,2.55336e-06,1.16249,0.0499875,0
145440,49.9989,48.8387,48.8542,0.301747,0.0691013,0.301747,0.215643,2.5485e-06,1.16024,0.0499875,0
145500,49.9989,48.8409,48.8564,0.301497,0.0690649,0.301497,0.21549,2.54365e-06,1.15801,0.0499875,0
145560,49.9989,48.8432,48.8586,0.301248,0.0690286,0.301248,0.215338,2.53881e-06,1.15578,0.0499875,0
145620,49.9989,48.8454,48.8608,0.301,0.0689924,0.301,0.215186,2.53398e-06,1.15355,0.0499875,0
145680,49.9989,48.8476,48.863,0.300752,0.0689563,0.300752,0.215034,2.52917e-06,1.15134,0.0499875,0
145740,49.9989,48.8498,48.8651,0.300504,0.0689203,0.300504,0.214882,2.52437e-06,1.14912,0.0499875,0
145800,49.9989,48.852,48.8673,0.300257,0.0688844,0.300257,0.214731,2.51958e-06,1.14692,0.0499875,0
145860,49.9989,48.8542,48.8695,0.300011,0.0688486,0.300011,0.21458,2.51481e-06,1.14472,0.0499875,0
145920,49.9989,48.8564,48.8716,0.299765,0.0688129,0.299765,0.214429,2.51004e-06,1.14252,0.0499875,0
145980,49.9989,48.8586,48.8738,0.299519,0.0687772,0.299519,0.214279,2.50529e-06,1.14033,0.0499875,0
146040,49.9989,48.8608,48.8759,0.299274,0.0687417,0.299274,0.214128,2.50056e-06,1.13815,0.0499875,0
146100,49.9989,48.863,48.878,0.29903,0.0687063,0.29903,0.213978,2.49583e-06,1.13597,0.0499875,0
146160,49.9989,48.8651,48.8802,0.298786,0.0686709,0.298786,0.213829,2.49112e-06,1.1338,0.0499875,0
146220,49.9989,48.8673,48.8823,0.298542,0.0686357,0.298542,0.21368,2.48642e-06,1.13164,0.0499875,0
146280,49.9989,48.8695,48.8844,0.298299,0.0686005,0.298299,0.21353,2.48173e-06,1.12947,0.0499875,0
146340,49.9989,48.8716,48.8865,0.298056,0.0685654,0.298056,0.213382,2.47705e-06,1.12732,0.0499875,0
146400,49.9989,48.8738,48.8886,0.297814,0.0685304,0.297814,0.213233,2.47239e-06,1.12517,0.0499875,0
146460,49.9989,48.8759,48.8908,0.297573,0.0684955,0.297573,0.213085,2.46773e-06,1.12303,0.0499875,0
146520,49.9989,48.878,48.8928,0.297331,0.0684607,0.297331,0.212937,2.46309e-06,1.12089,0.0499875,0
146580,49.9989,48.8802,48.8949,0.297091,0.068426,0.297091,0.212789,2.45846e-06,1.11876,0.0499875,0
146640,49.9989,48.8823,48.897,0.296851,0.0683914,0.296851,0.212642,2.45385e-06,1.11663,0.0499875,0
146700,49.9989,48.8844,48.8991,0.296611,0.0683569,0.296611,0.212495,2.44924e-06,1.11451,0.0499875,0
146760,49.9989,48.8865,48.9012,0.296372,0.0683224,0.296372,0.212348,2.44465e-06,1.1124,0.0499875,0
146820,49.9989,48.8886,48.9033,0.296133,0.0682881,0.296133,0.212202,2.44007e-06,1.11029,0.0499875,0
146880,49.9989,48.8908,48.9053,0.295895,0.0682538,0.295895,0.212055,2.4355e-06,1.10818,0.0499875,0
146940,49.9989,48.8929,48.9074,0.295657,0.0682196,0.295657,0.211909,2.43095e-06,1.10608,0.0499875,0
147000,49.9989,48.8949,48.9094,0.295419,0.0681856,0.295419,0.211764,2.4264e-06,1.10399,0.0499875,0
147060,49.9989,48.897,48.9115,0.295182,0.0681516,0.295182,0.211618,2.42187e-06,1.1019,0.0499875,0
147120,49.9989,48.8991,48.9135,0.294946,0.0681176,0.294946,0.211473,2.41735e-06,1.09982,0.0499875,0
147180,49.9989,48.9012,48.9156,0.29471,0.0680838,0.29471,0.211328,2.41284e-06,1.09774,0.0499875,0
147240,49.9989,48.9033,48.9176,0.294475,0.0680501,0.294475,0.211183,2.40834e-06,1.09567,0.0499875,0
147300,49.9989,48.9053,48.9196,0.29424,0.0680164,0.29424,0.211039,2.40385e-06,1.0936,0.0499875,0
147360,49.9989,48.9074,48.9217,0.294005,0.0679829,0.294005,0.210895,2.39938e-06,1.09154,0.0499875,0
147420,49.9989,48.9094,48.9237,0.293771,0.0679494,0.293771,0.210751,2.39491e-06,1.08949,0.0499875,0
147480,49.9989,48.9115,48.9257,0.293537,0.067916,0.293537,0.210608,2.39046e-06,1.08744,0.0499875,0
147540,49.9989,48.9135,48.9277,0.293304,0.0678827,0.293304,0.210464,2.38602e-06,1.08539,0.0499875,0
147600,49.9989,48.9156,48.9297,0.293071,0.0678495,0.293071,0.210321,2.38159e-06,1.08335,0.0499875,0
147660,49.9989,48.9176,48.9317,0.292839,0.0678164,0.292839,0.210179,2.37718e-06,1.08132,0.0499875,0
147720,49.9989,48.9196,48.9337,0.292607,0.0677833,0.292607,0.210036,2.37277e-06,1.07929,0.0499875,0
147780,49.9989,48.9217,48.9357,0.292376,0.0677503,0.292376,0.209894,2.36837e-06,1.07727,0.0499875,0
147840,49.9989,48.9237,48.9377,0.292145,0.0677175,0.292145,0.209752,2.36399e-06,1.07525,0.0499875,0
147900,49.9989,48.9257,48.9396,0.291915,0.0676847,0.291915,0.20961,2.35962e-06,1.07324,0.0499875,0
147960,49.9989,48.9277,48.9416,0.291684,0.067652,0.291684,0.209469,2.35526e-06,1.07123,0.0499875,0
148020,49.9989,48.9297,48.9436,0.291455,0.0676193,0.291455,0.209328,2.35091e-06,1.06923,0.0499875,0
148080,49.9989,48.9317,48.9455,0.291226,0.0675868,0.291226,0.209187,2.34657e-06,1.06723,0.0499875,0
148140,49.9989,48.9337,48.9475,0.290997,0.0675543,0.290997,0.209046,2.34224e-06,1.06524,0.0499875,0
148200,49.9989,48.9357,48.9494,0.290769,0.067522,0.290769,0.208906,2.33792e-06,1.06325,0.0499875,0
148260,49.9989,48.9377,48.9514,0.290541,0.0674897,0.290541,0.208765,2.33362e-06,1.06127,0.0499875,0
148320,49.9989,48.9396,48.9533,0.290314,0.0674575,0.290314,0.208625,2.32932e-06,1.05929,0.0499875,0
148380,49.9989,48.9416,48.9553,0.290087,0.0674253,0.290087,0.208486,2.32504e-06,1.05732,0.0499875,0
148440,49.9989,48.9436,48.9572,0.28986,0.0673933,0.28986,0.208346,2.32077e-06,1.05535,0.0499875,0
148500,49.9989,48.9455,48.9591,0.289634,0.0673613,0.289634,0.208207,2.31651e-06,1.05339,0.0499875,0
148560,49.9989,48.9475,48.961,0.289409,0.0673295,0.289409,0.208068,2.31226e-06,1.05143,0.0499875,0
148620,49.9989,48.9495,48.963,0.289184,0.0672977,0.289184,0.20793,2.30802e-06,1.04948,0.0499875,0
148680,49.9989,48.9514,48.9649,0.288959,0.0672659,0.288959,0.207792,2.30379e-06,1.04754,0.0499875,0
148740,49.9989,48.9533,48.9668,0.288735,0.0672343,0.288735,0.207653,2.29957e-06,1.04559,0.0499875,0
148800,49.9989,48.9553,48.9687,0.288511,0.0672027,0.288511,0.207516,2.29536e-06,1.04366,0.0499875,0
148860,49.9989,48.9572,48.9706,0.288288,0.0671713,0.288288,0.207378,2.29116e-06,1.04173,0.0499875,0
148920,49.9989,48.9591,48.9725,0.288065,0.0671399,0.288065,0.207241,2.28698e-06,1.0398,0.0499875,0
148980,49.9989,48.9611,48.9744,0.287842,0.0671086,0.287842,0.207104,2.2828e-06,1.03788,0.0499875,0
149040,49.9989,48.963,48.9762,0.28762,0.0670773,0.28762,0.206967,2.27864e-06,1.03596,0.0499875,0
149100,49.9989,48.9649,48.9781,0.287398,0.0670462,0.287398,0.20683,2.27448e-06,1.03405,0.0499875,0
149160,49.9989,48.9668,48.98,0.287177,0.0670151,0.287177,0.206694,2.27034e-06,1.03214,0.0499875,0
149220,49.9989,48.9687,48.9819,0.286956,0.0669841,0.286956,0.206558,2.26621e-06,1.03024,0.0499875,0
149280,49.9989,48.9706,48.9837,0.286736,0.0669532,0.286736,0.206422,2.26208e-06,1.02834,0.0499875,0
149340,49.9989,48.9725,48.9856,0.286516,0.0669223,0.286516,0.206286,2.25797e-06,1.02645,0.0499875,0
149400,49.9989,48.9744,48.9874,0.286296,0.0668916,0.286296,0.206151,2.25387e-06,1.02456,0.0499875,0
149460,49.9989,48.9763,48.9893,0.286077,0.0668609,0.286077,0.206016,2.24978e-06,1.02268,0.0499875,0
149520,49.9989,48.9781,48.9911,0.285858,0.0668303,0.285858,0.205881,2.2457e-06,1.0208,0.0499875,0
149580,49.9989,48.98,48.993,0.28564,0.0667997,0.28564,0.205746,2.24162e-06,1.01893,0.0499875,0
149640,49.9989,48.9819,48.9948,0.285422,0.0667693,0.285422,0.205612,2.23756e-06,1.01706,0.0499875,0
149700,49.9989,48.9837,48.9966,0.285205,0.0667389,0.285205,0.205478,2.23351e-06,1.0152,0.0499875,0
149760,49.9989,48.9856,48.9985,0.284988,0.0667086,0.284988,0.205344,2.22947e-06,1.01334,0.0499875,0
149820,49.9989,48.9874,49.0003,0.284771,0.0666784,0.284771,0.20521,2.22544e-06,1.01149,0.0499875,0
149880,49.9989,48.9893,49.0021,0.284555,0.0666482,0.284555,0.205077,2.22142e-06,1.00964,0.0499875,0
149940,49.9989,48.9911,49.0039,0.284339,0.0666182,0.284339,0.204944,2.21741e-06,1.00779,0.0499875,0
150000,49.9989,48.993,49.0057,0.284124,0.0665882,0.284124,0.204811,2.21342e-06,1.00595,0.0499875,0
150060,49.9989,48.9948,49.0075,0.283909,0.0665582,0.283909,0.204678,2.20943e-06,1.00412,0.0499875,0
150120,49.9989,48.9966,49.0093,0.283694,0.0665284,0.283694,0.204546,2.20545e-06,1.00229,0.0499875,0
150180,49.9989,48.9985,49.0111,0.28348,0.0664986,0.28348,0.204413,2.20148e-06,1.00046,0.0499875,0
150240,49.9989,49.0003,49.0129,0.283266,0.0664689,0.283266,0.204281,2.19752e-06,0.998643,0.0499875,0
150300,49.9989,49.0021,49.0147,0.283053,0.0664393,0.283053,0.20415,2.19357e-06,0.996826,0.0499875,0
150360,49.9989,49.0039,49.0165,0.28284,0.0664098,0.28284,0.204018,2.18963e-06,0.995015,0.0499875,0
150420,49.9989,49.0057,49.0182,0.282627,0.0663803,0.282627,0.203887,2.1857e-06,0.993207,0.0499875,0
150480,49.9989,49.0075,49.02,0.282415,0.0663509,0.282415,0.203756,2.18178e-06,0.991405,0.0499875,0
150540,49.9989,49.0093,49.0218,0.282204,0.0663216,0.282204,0.203625,2.17787e-06,0.989607,0.0499875,0
150600,49.9989,49.0111,49.0235,0.281992,0.0662923,0.281992,0.203495,2.17397e-06,0.987813,0.0499875,0
150660,49.9989,49.0129,49.0253,0.281781,0.0662631,0.281781,0.203364,2.17008e-06,0.986024,0.0499875,0
150720,49.9989,49.0147,49.027,0.281571,0.066234,0.281571,0.203234,2.1662e-06,0.98424,0.0499875,0
150780,49.9989,49.0165,49.0288,0.281361,0.066205,0.281361,0.203104,2.16233e-06,0.98246,0.0499875,0
150840,49.9989,49.0182,49.0305,0.281151,0.066176,0.281151,0.202975,2.15847e-06,0.980685,0.0499875,0
150900,49.9989,49.02,49.0323,0.280942,0.0661472,0.280942,0.202845,2.15462e-06,0.978914,0.0499875,0
150960,49.9989,49.0218,49.034,0.280733,0.0661183,0.280733,0.202716,2.15077e-06,0.977147,0.0499875,0
151020,49.9989,49.0235,49.0357,0.280524,0.0660896,0.280524,0.202587,2.14694e-06,0.975385,0.0499875,0
151080,49.9989,49.0253,49.0375,0.280316,0.0660609,0.280316,0.202458,2.14312e-06,0.973628,0.0499875,0
151140,49.9989,49.0271,49.0392,0.280108,0.0660323,0.280108,0.20233,2.13931e-06,0.971875,0.0499875,0
151200,49.9989,49.0288,49.0409,0.279901,0.0660038,0.279901,0.202202,2.1355e-06,0.970126,0.0499875,0
151260,49.9989,49.0306,49.0426,0.279694,0.0659754,0.279694,0.202074,2.13171e-06,0.968382,0.0499875,0
151320,49.9989,49.0323,49.0443,0.279487,0.065947,0.279487,0.201946,2.12792e-06,0.966642,0.0499875,0
151380,49.9989,49.034,49.046,0.279281,0.0659187,0.279281,0.201818,2.12415e-06,0.964907,0.0499875,0
151440,49.9989,49.0358,49.0477,0.279075,0.0658904,0.279075,0.201691,2.12038e-06,0.963175,0.0499875,0
151500,49.9989,49.0375,49.0494,0.27887,0.0658622,0.27887,0.201564,2.11663e-06,0.961449,0.0499875,0
151560,49.9989,49.0392,49.0511,0.278665,0.0658341,0.278665,0.201437,2.11288e-06,0.959726,0.0499875,0
151620,49.9989,49.0409,49.0528,0.27846,0.0658061,0.27846,0.20131,2.10914e-06,0.958008,0.0499875,0
151680,49.9989,49.0426,49.0545,0.278256,0.0657781,0.278256,0.201184,2.10541e-06,0.956294,0.0499875,0
151740,49.9989,49.0443,49.0562,0.278052,0.0657502,0.278052,0.201058,2.10169e-06,0.954585,0.0499875,0
151800,49.9989,49.0461,49.0579,0.277848,0.0657224,0.277848,0.200932,2.09798e-06,0.952879,0.0499875,0
151860,49.9989,49.0478,49.0595,0.277645,0.0656947,0.277645,0.200806,2.09428e-06,0.951179,0.0499875,0
151920,49.9989,49.0495,49.0612,0.277442,0.065667,0.277442,0.20068,2.09059e-06,0.949482,0.0499875,0
151980,49.9989,49.0511,49.0629,0.27724,0.0656393,0.27724,0.200555,2.08691e-06,0.947789,0.0499875,0
152040,49.9989,49.0528,49.0645,0.277038,0.0656118,0.277038,0.20043,2.08323e-06,0.946101,0.0499875,0
152100,49.9989,49.0545,49.0662,0.276836,0.0655843,0.276836,0.200305,2.07957e-06,0.944417,0.0499875,0
152160,49.9989,49.0562,49.0678,0.276635,0.0655569,0.276635,0.20018,2.07591e-06,0.942737,0.0499875,0
152220,49.9989,49.0579,49.0695,0.276434,0.0655296,0.276434,0.200056,2.07227e-06,0.941062,0.0499875,0
152280,49.9989,49.0595,49.0711,0.276233,0.0655023,0.276233,0.199932,2.06863e-06,0.93939,0.0499875,0
152340,49.9989,49.0612,49.0727,0.276033,0.0654751,0.276033,0.199808,2.065e-06,0.937723,0.0499875,0
152400,49.9989,49.0629,49.0744,0.275834,0.0654479,0.275834,0.199684,2.06138e-06,0.93606,0.0499875,0
152460,49.9989,49.0645,49.076,0.275634,0.0654208,0.275634,0.19956,2.05777e-06,0.934401,0.0499875,0
152520,49.9989,49.0662,49.0776,0.275435,0.0653938,0.275435,0.199437,2.05417e-06,0.932746,0.0499875,0
152580,49.9989,49.0678,49.0793,0.275236,0.0653669,0.275236,0.199314,2.05058e-06,0.931096,0.0499875,0
152640,49.9989,49.0695,49.0809,0.275038,0.06534,0.275038,0.199191,2.047e-06,0.929449,0.0499875,0
152700,49.9989,49.0711,49.0825,0.27484,0.0653132,0.27484,0.199068,2.04342e-06,0.927807,0.0499875,0
152760,49.9989,49.0728,49.0841,0.274643,0.0652864,0.274643,0.198946,2.03985e-06,0.926168,0.0499875,0
152820,49.9989,49.0744,49.0857,0.274445,0.0652598,0.274445,0.198824,2.0363e-06,0.924534,0.0499875,0
152880,49.9989,49.076,49.0873,0.274249,0.0652332,0.274249,0.198701,2.03275e-06,0.922903,0.0499875,0
152940,49.9989,49.0777,49.0889,0.274052,0.0652066,0.274052,0.19858,2.02921e-06,0.921277,0.0499875,0
153000,49.9989,49.0793,49.0905,0.273856,0.0651801,0.273856,0.198458,2.02568e-06,0.919655,0.0499875,0
153060,49.9989,49.0809,49.0921,0.27366,0.0651537,0.27366,0.198336,2.02215e-06,0.918037,0.0499875,0
153120,49.9989,49.0825,49.0937,0.273465,0.0651273,0.273465,0.198215,2.01864e-06,0.916423,0.0499875,0
153180,49.9989,49.0841,49.0953,0.27327,0.0651011,0.27327,0.198094,2.01513e-06,0.914813,0.0499875,0
153240,49.9989,49.0857,49.0968,0.273075,0.0650748,0.273075,0.197973,2.01164e-06,0.913206,0.0499875,0
153300,49.9989,49.0873,49.0984,0.272881,0.0650487,0.272881,0.197853,2.00815e-06,0.911604,0.0499875,0
153360,49.9989,49.0889,49.1,0.272687,0.0650226,0.272687,0.197732,2.00467e-06,0.910006,0.0499875,0
153420,49.9989,49.0905,49.1016,0.272493,0.0649965,0.272493,0.197612,2.0012e-06,0.908412,0.0499875,0
153480,49.9989,49.0921,49.1031,0.2723,0.0649706,0.2723,0.197492,1.99774e-06,0.906821,0.0499875,0
153540,49.9989,49.0937,49.1047,0.272107,0.0649447,0.272107,0.197373,1.99428e-06,0.905235,0.0499875,0
153600,49.9989,49.0953,49.1062,0.271914,0.0649188,0.271914,0.197253,1.99084e-06,0.903652,0.0499875,0
153660,49.9989,49.0969,49.1078,0.271722,0.064893,0.271722,0.197134,1.9874e-06,0.902073,0.0499875,0
153720,49.9989,49.0984,49.1093,0.27153,0.0648673,0.27153,0.197015,1.98397e-06,0.900499,0.0499875,0
153780,49.9989,49.1,49.1109,0.271339,0.0648417,0.271339,0.196896,1.98055e-06,0.898928,0.0499875,0
153840,49.9989,49.1016,49.1124,0.271148,0.0648161,0.271148,0.196777,1.97714e-06,0.897361,0.0499875,0
153900,49.9989,49.1031,49.114,0.270957,0.0647905,0.270957,0.196658,1.97373e-06,0.895798,0.0499875,0
153960,49.9989,49.1047,49.1155,0.270766,0.0647651,0.270766,0.19654,1.97034e-06,0.894238,0.0499875,0
154020,49.9989,49.1063,49.117,0.270576,0.0647397,0.270576,0.196422,1.96695e-06,0.892683,0.0499875,0
154080,49.9989,49.1078,49.1185,0.270387,0.0647143,0.270387,0.196304,1.96357e-06,0.891131,0.0499875,0
154140,49.9989,49.1094,49.1201,0.270197,0.064689,0.270197,0.196186,1.9602e-06,0.889583,0.0499875,0
154200,49.9989,49.1109,49.1216,0.270008,0.0646638,0.270008,0.196069,1.95684e-06,0.888039,0.0499875,0
154260,49.9989,49.1124,49.1231,0.269819,0.0646387,0.269819,0.195951,1.95348e-06,0.886499,0.0499875,0
154320,49.9989,49.114,49.1246,0.269631,0.0646136,0.269631,0.195834,1.95014e-06,0.884963,0.0499875,0
154380,49.9989,49.1155,49.1261,0.269443,0.0645885,0.269443,0.195717,1.9468e-06,0.88343,0.0499875,0
154440,49.9989,49.117,49.1276,0.269255,0.0645635,0.269255,0.195601,1.94347e-06,0.881901,0.0499875,0
154500,49.9989,49.1186,49.1291,0.269068,0.0645386,0.269068,0.195484,1.94014e-06,0.880376,0.0499875,0
154560,49.9989,49.1201,49.1306,0.268881,0.0645138,0.268881,0.195368,1.93683e-06,0.878854,0.0499875,0
154620,49.9989,49.1216,49.1321,0.268694,0.064489,0.268694,0.195252,1.93352e-06,0.877336,0.0499875,0
154680,49.9989,49.1231,49.1336,0.268508,0.0644642,0.268508,0.195136,1.93023e-06,0.875822,0.0499875,0
154740,49.9989,49.1246,49.1351,0.268322,0.0644396,0.268322,0.19502,1.92694e-06,0.874312,0.0499875,0
154800,49.9989,49.1261,49.1366,0.268136,0.0644149,0.268136,0.194905,1.92365e-06,0.872805,0.0499875,0
154860,49.9989,49.1276,49.138,0.267951,0.0643904,0.267951,0.194789,1.92038e-06,0.871302,0.0499875,0
154920,49.9989,49.1291,49.1395,0.267766,0.0643659,0.267766,0.194674,1.91711e-06,0.869803,0.0499875,0
154980,49.9989,49.1306,49.141,0.267581,0.0643414,0.267581,0.194559,1.91385e-06,0.868307,0.0499875,0
155040,49.9989,49.1321,49.1424,0.267397,0.0643171,0.267397,0.194445,1.9106e-06,0.866815,0.0499875,0
155100,49.9989,49.1336,49.1439,0.267213,0.0642927,0.267213,0.19433,1.90736e-06,0.865326,0.0499875,0
155160,49.9989,49.1351,49.1454,0.267029,0.0642685,0.267029,0.194216,1.90412e-06,0.863841,0.0499875,0
155220,49.9989,49.1366,49.1468,0.266846,0.0642443,0.266846,0.194102,1.9009e-06,0.86236,0.0499875,0
155280,49.9989,49.1381,49.1483,0.266662,0.0642201,0.266662,0.193988,1.89768e-06,0.860883,0.0499875,0
155340,49.9989,49.1395,49.1497,0.26648,0.064196,0.26648,0.193874,1.89447e-06,0.859409,0.0499875,0
155400,49.9989,49.141,49.1512,0.266297,0.064172,0.266297,0.19376,1.89126e-06,0.857938,0.0499875,0
155460,49.9989,49.1425,49.1526,0.266115,0.064148,0.266115,0.193647,1.88807e-06,0.856471,0.0499875,0
155520,49.9989,49.1439,49.154,0.265934,0.0641241,0.265934,0.193534,1.88488e-06,0.855008,0.0499875,0
155580,49.9989,49.1454,49.1555,0.265752,0.0641003,0.265752,0.193421,1.8817e-06,0.853548,0.0499875,0
155640,49.9989,49.1468,49.1569,0.265571,0.0640765,0.265571,0.193308,1.87852e-06,0.852092,0.0499875,0
155700,49.9989,49.1483,49.1583,0.26539,0.0640527,0.26539,0.193195,1.87536e-06,0.850639,0.0499875,0
155760,49.9989,49.1497,49.1598,0.26521,0.064029,0.26521,0.193083,1.8722e-06,0.84919,0.0499875,0
155820,49.9989,49.1512,49.1612,0.26503,0.0640054,0.26503,0.192971,1.86905e-06,0.847744,0.0499875,0
155880,49.9989,49.1526,49.1626,0.26485,0.0639818,0.26485,0.192859,1.8659e-06,0.846302,0.0499875,0
155940,49.9989,49.1541,49.164,0.264671,0.0639583,0.264671,0.192747,1.86277e-06,0.844863,0.0499875,0
156000,49.9989,49.1555,49.1654,0.264491,0.0639348,0.264491,0.192635,1.85964e-06,0.843428,0.0499875,0
156060,49.9989,49.1569,49.1668,0.264313,0.0639114,0.264313,0.192524,1.85652e-06,0.841996,0.0499875,0
156120,49.9989,49.1584,49.1682,0.264134,0.0638881,0.264134,0.192412,1.8534e-06,0.840567,0.0499875,0
156180,49.9989,49.1598,49.1696,0.263956,0.0638648,0.263956,0.192301,1.8503e-06,0.839142,0.0499875,0
156240,49.9989,49.1612,49.171,0.263778,0.0638415,0.263778,0.19219,1.8472e-06,0.837721,0.0499875,0
156300,49.9989,49.1626,49.1724,0.2636,0.0638184,0.2636,0.192079,1.84411e-06,0.836303,0.0499875,0
156360,49.9989,49.164,49.1738,0.263423,0.0637952,0.263423,0.191969,1.84103e-06,0.834888,0.0499875,0
156420,49.9989,49.1655,49.1752,0.263246,0.0637722,0.263246,0.191859,1.83795e-06,0.833477,0.0499875,0
156480,49.9989,49.1669,49.1766,0.263069,0.0637491,0.263069,0.191748,1.83488e-06,0.832069,0.0499875,0
156540,49.9989,49.1683,49.178,0.262893,0.0637262,0.262893,0.191638,1.83182e-06,0.830664,0.0499875,0
156600,49.9989,49.1697,49.1794,0.262717,0.0637033,0.262717,0.191529,1.82876e-06,0.829263,0.0499875,0
156660,49.9989,49.1711,49.1807,0.262541,0.0636804,0.262541,0.191419,1.82572e-06,0.827866,0.0499875,0
156720,49.9989,49.1725,49.1821,0.262366,0.0636576,0.262366,0.191309,1.82268e-06,0.826471,0.0499875,0
156780,49.9989,49.1739,49.1835,0.262191,0.0636349,0.262191,0.1912,1.81964e-06,0.82508,0.0499875,0
156840,49.9989,49.1752,49.1848,0.262016,0.0636122,0.262016,0.191091,1.81662e-06,0.823692,0.0499875,0
156900,49.9989,49.1766,49.1862,0.261842,0.0635895,0.261842,0.190982,1.8136e-06,0.822308,0.0499875,0
156960,49.9989,49.178,49.1876,0.261668,0.0635669,0.261668,0.190873,1.81059e-06,0.820927,0.0499875,0
157020,49.9989,49.1794,49.1889,0.261494,0.0635444,0.261494,0.190765,1.80758e-06,0.819549,0.0499875,0
157080,49.9989,49.1808,49.1903,0.26132,0.0635219,0.26132,0.190657,1.80459e-06,0.818174,0.0499875,0
157140,49.9989,49.1821,49.1916,0.261147,0.0634995,0.261147,0.190548,1.8016e-06,0.816803,0.0499875,0
157200,49.9989,49.1835,49.193,0.260974,0.0634771,0.260974,0.19044,1.79861e-06,0.815435,0.0499875,0
157260,49.9989,49.1849,49.1943,0.260801,0.0634548,0.260801,0.190332,1.79564e-06,0.81407,0.0499875,0
157320,49.9989,49.1862,49.1956,0.260629,0.0634325,0.260629,0.190225,1.79267e-06,0.812709,0.0499875,0
157380,49.9989,49.1876,49.197,0.260457,0.0634103,0.260457,0.190117,1.78971e-06,0.81135,0.0499875,0
157440,49.9989,49.1889,49.1983,0.260285,0.0633882,0.260285,0.19001,1.78675e-06,0.809995,0.0499875,0
157500,49.9989,49.1903,49.1996,0.260114,0.0633661,0.260114,0.189903,1.7838e-06,0.808644,0.0499875,0
157560,49.9989,49.1916,49.201,0.259943,0.063344,0.259943,0.189796,1.78086e-06,0.807295,0.0499875,0
157620,49.9989,49.193,49.2023,0.259772,0.063322,0.259772,0.189689,1.77793e-06,0.80595,0.0499875,0
157680,49.9989,49.1943,49.2036,0.259601,0.0633,0.259601,0.189583,1.775e-06,0.804608,0.0499875,0
157740,49.9989,49.1957,49.2049,0.259431,0.0632781,0.259431,0.189476,1.77208e-06,0.803269,0.0499875,0
157800,49.9989,49.197,49.2062,0.259261,0.0632563,0.259261,0.18937,1.76917e-06,0.801933,0.0499875,0
157860,49.9989,49.1983,49.2076,0.259091,0.0632345,0.259091,0.189264,1.76626e-06,0.8006,0.0499875,0
157920,49.9989,49.1997,49.2089,0.258922,0.0632127,0.258922,0.189158,1.76336e-06,0.799271,0.0499875,0
157980,49.9989,49.201,49.2102,0.258753,0.063191,0.258753,0.189052,1.76047e-06,0.797944,0.0499875,0
158040,49.9989,49.2023,49.2115,0.258584,0.0631694,0.258584,0.188947,1.75758e-06,0.796621,0.0499875,0
158100,49.9989,49.2036,49.2128,0.258416,0.0631478,0.258416,0.188841,1.7547e-06,0.795301,0.0499875,0
158160,49.9989,49.205,49.2141,0.258247,0.0631262,0.258247,0.188736,1.75183e-06,0.793984,0.0499875,0
158220,49.9989,49.2063,49.2153,0.25808,0.0631048,0.25808,0.188631,1.74896e-06,0.79267,0.0499875,0
158280,49.9989,49.2076,49.2166,0.257912,0.0630833,0.257912,0.188526,1.7461e-06,0.79136,0.0499875,0
158340,49.9989,49.2089,49.2179,0.257745,0.0630619,0.257745,0.188422,1.74325e-06,0.790052,0.0499875,0
158400,49.9989,49.2102,49.2192,0.257578,0.0630406,0.257578,0.188317,1.7404e-06,0.788747,0.0499875,0
158460,49.9989,49.2115,49.2205,0.257411,0.0630193,0.257411,0.188213,1.73756e-06,0.787446,0.0499875,0
158520,49.9989,49.2128,49.2218,0.257244,0.062998,0.257244,0.188109,1.73473e-06,0.786147,0.0499875,0
158580,49.9989,49.2141,49.223,0.257078,0.0629768,0.257078,0.188005,1.7319e-06,0.784852,0.0499875,0
158640,49.9989,49.2154,49.2243,0.256912,0.0629557,0.256912,0.187901,1.72909e-06,0.78356,0.0499875,0
158700,49.9989,49.2167,49.2256,0.256747,0.0629346,0.256747,0.187797,1.72627e-06,0.782271,0.0499875,0
158760,49.9989,49.218,49.2268,0.256581,0.0629135,0.256581,0.187694,1.72347e-06,0.780984,0.0499875,0
158820,49.9989,49.2192,49.2281,0.256416,0.0628925,0.256416,0.18759,1.72067e-06,0.779701,0.0499875,0
158880,49.9989,49.2205,49.2294,0.256252,0.0628716,0.256252,0.187487,1.71787e-06,0.778421,0.0499875,0
158940,49.9989,49.2218,49.2306,0.256087,0.0628507,0.256087,0.187384,1.71509e-06,0.777144,0.0499875,0
159000,49.9989,49.2231,49.2319,0.255923,0.0628298,0.255923,0.187281,1.7123e-06,0.77587,0.0499875,0
159060,49.9989,49.2243,49.2331,0.255759,0.062809,0.255759,0.187179,1.70953e-06,0.774598,0.0499875,0
159120,49.9989,49.2256,49.2344,0.255596,0.0627883,0.255596,0.187076,1.70676e-06,0.77333,0.0499875,0
159180,49.9989,49.2269,49.2356,0.255432,0.0627676,0.255432,0.186974,1.704e-06,0.772065,0.0499875,0
159240,49.9989,49.2281,49.2369,0.255269,0.0627469,0.255269,0.186872,1.70125e-06,0.770803,0.0499875,0
159300,49.9989,49.2294,49.2381,0.255106,0.0627263,0.255106,0.18677,1.6985e-06,0.769543,0.0499875,0
159360,49.9989,49.2306,49.2393,0.254944,0.0627057,0.254944,0.186668,1.69576e-06,0.768287,0.0499875,0
159420,49.9989,49.2319,49.2406,0.254782,0.0626852,0.254782,0.186566,1.69302e-06,0.767033,0.0499875,0
159480,49.9989,49.2332,49.2418,0.25462,0.0626647,0.25462,0.186465,1.69029e-06,0.765783,0.0499875,0
159540,49.9989,49.2344,49.243,0.254458,0.0626443,0.254458,0.186363,1.68757e-06,0.764535,0.0499875,0
159600,49.9989,49.2356,49.2443,0.254297,0.0626239,0.254297,0.186262,1.68485e-06,0.763291,0.0499875,0
159660,49.9989,49.2369,49.2455,0.254135,0.0626036,0.254135,0.186161,1.68214e-06,0.762049,0.0499875,0
159720,49.9989,49.2381,49.2467,0.253975,0.0625833,0.253975,0.18606,1.67944e-06,0.76081,0.0499875,0
159780,49.9989,49.2394,49.2479,0.253814,0.0625631,0.253814,0.18596,1.67674e-06,0.759574,0.0499875,0
159840,49.9989,49.2406,49.2491,0.253654,0.0625429,0.253654,0.185859,1.67405e-06,0.758341,0.0499875,0
159900,49.9989,49.2418,49.2503,0.253494,0.0625228,0.253494,0.185759,1.67136e-06,0.75711,0.0499875,0
159960,49.9989,49.2431,49.2515,0.253334,0.0625027,0.253334,0.185659,1.66868e-06,0.755883,0.0499875,0
160020,49.9989,49.2443,49.2527,0.253174,0.0624826,0.253174,0.185559,1.66601e-06,0.754658,0.0499875,0
160080,49.9989,49.2455,49.2539,0.253015,0.0624626,0.253015,0.185459,1.66334e-06,0.753437,0.0499875,0
160140,49.9989,49.2467,49.2551,0.252856,0.0624426,0.252856,0.185359,1.66068e-06,0.752218,0.0499875,0
160200,49.9989,49.2479,49.2563,0.252698,0.0624227,0.252698,0.185259,1.65803e-06,0.751002,0.0499875,0
160260,49.9989,49.2491,49.2575,0.252539,0.0624029,0.252539,0.18516,1.65538e-06,0.749788,0.0499875,0
160320,49.9989,49.2504,49.2587,0.252381,0.0623831,0.252381,0.185061,1.65273e-06,0.748578,0.0499875,0
160380,49.9989,49.2516,49.2599,0.252223,0.0623633,0.252223,0.184962,1.6501e-06,0.74737,0.0499875,0
160440,49.9989,49.2528,49.2611,0.252066,0.0623435,0.252066,0.184863,1.64747e-06,0.746166,0.0499875,0
160500,49.9989,49.254,49.2623,0.251908,0.0623239,0.251908,0.184764,1.64484e-06,0.744964,0.0499875,0
160560,49.9989,49.2552,49.2635,0.251751,0.0623042,0.251751,0.184665,1.64222e-06,0.743764,0.0499875,0
160620,49.9989,49.2564,49.2646,0.251594,0.0622846,0.251594,0.184567,1.63961e-06,0.742568,0.0499875,0
160680,49.9989,49.2576,49.2658,0.251438,0.0622651,0.251438,0.184469,1.63701e-06,0.741374,0.0499875,0
160740,49.9989,49.2588,49.267,0.251281,0.0622456,0.251281,0.184371,1.6344e-06,0.740183,0.0499875,0
160800,49.9989,49.2599,49.2682,0.251125,0.0622261,0.251125,0.184273,1.63181e-06,0.738995,0.0499875,0
160860,49.9989,49.2611,49.2693,0.25097,0.0622067,0.25097,0.184175,1.62922e-06,0.737809,0.0499875,0
160920,49.9989,49.2623,49.2705,0.250814,0.0621873,0.250814,0.184077,1.62664e-06,0.736627,0.0499875,0
160980,49.9989,49.2635,49.2716,0.250659,0.062168,0.250659,0.18398,1.62406e-06,0.735447,0.0499875,0
161040,49.9989,49.2647,49.2728,0.250504,0.0621487,0.250504,0.183882,1.62149e-06,0.734269,0.0499875,0
161100,49.9989,49.2658,49.274,0.250349,0.0621295,0.250349,0.183785,1.61892e-06,0.733095,0.0499875,0
161160,49.9989,49.267,49.2751,0.250195,0.0621103,0.250195,0.183688,1.61637e-06,0.731923,0.0499875,0
161220,49.9989,49.2682,49.2763,0.250041,0.0620911,0.250041,0.183591,1.61381e-06,0.730753,0.0499875,0
161280,49.9989,49.2693,49.2774,0.249887,0.062072,0.249887,0.183494,1.61126e-06,0.729587,0.0499875,0
161340,49.9989,49.2705,49.2786,0.249733,0.062053,0.249733,0.183398,1.60872e-06,0.728423,0.0499875,0
161400,49.9989,49.2717,49.2797,0.249579,0.0620339,0.249579,0.183301,1.60619e-06,0.727262,0.0499875,0
161460,49.9989,49.2728,49.2808,0.249426,0.062015,0.249426,0.183205,1.60366e-06,0.726103,0.0499875,0
161520,49.9989,49.274,49.282,0.249273,0.061996,0.249273,0.183109,1.60113e-06,0.724948,0.0499875,0
161580,49.9989,49.2751,49.2831,0.249121,0.0619771,0.249121,0.183013,1.59861e-06,0.723794,0.0499875,0
161640,49.9989,49.2763,49.2842,0.248968,0.0619583,0.248968,0.182917,1.5961e-06,0.722644,0.0499875,0
161700,49.9989,49.2774,49.2854,0.248816,0.0619395,0.248816,0.182821,1.59359e-06,0.721496,0.0499875,0
161760,49.9989,49.2786,49.2865,0.248664,0.0619207,0.248664,0.182726,1.59109e-06,0.72035,0.0499875,0
161820,49.9989,49.2797,49.2876,0.248513,0.061902,0.248513,0.18263,1.58859e-06,0.719208,0.0499875,0
161880,49.9989,49.2809,49.2887,0.248361,0.0618833,0.248361,0.182535,1.5861e-06,0.718068,0.0499875,0
161940,49.9989,49.282,49.2899,0.24821,0.0618647,0.24821,0.18244,1.58362e-06,0.71693,0.0499875,0
162000,49.9989,49.2831,49.291,0.248059,0.0618461,0.248059,0.182345,1.58114e-06,0.715795,0.0499875,0
162060,49.9989,49.2843,49.2921,0.247908,0.0618275,0.247908,0.18225,1.57866e-06,0.714663,0.0499875,0
162120,49.9989,49.2854,49.2932,0.247758,0.061809,0.247758,0.182156,1.5762e-06,0.713533,0.0499875,0
162180,49.9989,49.2865,49.2943,0.247608,0.0617905,0.247608,0.182061,1.57373e-06,0.712406,0.0499875,0
162240,49.9989,49.2877,49.2954,0.247458,0.0617721,0.247458,0.181967,1.57128e-06,0.711281,0.0499875,0
162300,49.9989,49.2888,49.2965,0.247308,0.0617537,0.247308,0.181873,1.56882e-06,0.710159,0.0499875,0
162360,49.9989,49.2899,49.2976,0.247159,0.0617354,0.247159,0.181778,1.56638e-06,0.70904,0.0499875,0
162420,49.9989,49.291,49.2987,0.24701,0.0617171,0.24701,0.181685,1.56394e-06,0.707923,0.0499875,0
162480,49.9989,49.2921,49.2998,0.246861,0.0616988,0.246861,0.181591,1.5615e-06,0.706808,0.0499875,0
162540,49.9989,49.2932,49.3009,0.246712,0.0616806,0.246712,0.181497,1.55907e-06,0.705697,0.0499875,0
162600,49.9989,49.2943,49.302,0.246564,0.0616624,0.246564,0.181404,1.55665e-06,0.704587,0.0499875,0
162660,49.9989,49.2955,49.3031,0.246415,0.0616443,0.246415,0.18131,1.55423e-06,0.70348,0.0499875,0
162720,49.9989,49.2966,49.3042,0.246267,0.0616262,0.246267,0.181217,1.55182e-06,0.702376,0.0499875,0
162780,49.9989,49.2977,49.3053,0.24612,0.0616081,0.24612,0.181124,1.54941e-06,0.701274,0.0499875,0
162840,49.9989,49.2988,49.3064,0.245972,0.0615901,0.245972,0.181031,1.54701e-06,0.700175,0.0499875,0
162900,49.9989,49.2999,49.3074,0.245825,0.0615721,0.245825,0.180939,1.54461e-06,0.699078,0.0499875,0
162960,49.9989,49.301,49.3085,0.245678,0.0615542,0.245678,0.180846,1.54222e-06,0.697984,0.0499875,0
163020,49.9989,49.302,49.3096,0.245531,0.0615363,0.245531,0.180753,1.53983e-06,0.696892,0.0499875,0
163080,49.9989,49.3031,49.3107,0.245385,0.0615184,0.245385,0.180661,1.53745e-06,0.695802,0.0499875,0
163140,49.9989,49.3042,49.3117,0.245239,0.0615006,0.245239,0.180569,1.53507e-06,0.694715,0.0499875,0
163200,49.9989,49.3053,49.3128,0.245093,0.0614828,0.245093,0.180477,1.5327e-06,0.693631,0.0499875,0
163260,49.9989,49.3064,49.3139,0.244947,0.0614651,0.244947,0.180385,1.53034e-06,0.692549,0.0499875,0
163320,49.9989,49.3075,49.3149,0.244801,0.0614474,0.244801,0.180293,1.52798e-06,0.691469,0.0499875,0
163380,49.9989,49.3085,49.316,0.244656,0.0614297,0.244656,0.180202,1.52562e-06,0.690392,0.0499875,0
163440,49.9989,49.3096,49.317,0.244511,0.0614121,0.244511,0.18011,1.52327e-06,0.689317,0.0499875,0
163500,49.9989,49.3107,49.3181,0.244366,0.0613945,0.244366,0.180019,1.52093e-06,0.688244,0.0499875,0
163560,49.9989,49.3118,49.3192,0.244221,0.061377,0.244221,0.179928,1.51859e-06,0.687174,0.0499875,0
163620,49.9989,49.3128,49.3202,0.244077,0.0613595,0.244077,0.179837,1.51626e-06,0.686107,0.0499875,0
163680,49.9989,49.3139,49.3213,0.243933,0.061342,0.243933,0.179746,1.51393e-06,0.685042,0.0499875,0
163740,49.9989,49.315,49.3223,0.243789,0.0613246,0.243789,0.179655,1.51161e-06,0.683979,0.0499875,0
163800,49.9989,49.316,49.3233,0.243645,0.0613072,0.243645,0.179564,1.50929e-06,0.682919,0.0499875,0
163860,49.9989,49.3171,49.3244,0.243502,0.0612899,0.243502,0.179474,1.50698e-06,0.681861,0.0499875,0
163920,49.9989,49.3181,49.3254,0.243359,0.0612725,0.243359,0.179384,1.50467e-06,0.680805,0.0499875,0
163980,49.9989,49.3192,49.3265,0.243216,0.0612553,0.243216,0.179293,1.50236e-06,0.679752,0.0499875,0
164040,49.9989,49.3202,49.3275,0.243073,0.061238,0.243073,0.179203,1.50007e-06,0.678701,0.0499875,0
164100,49.9989,49.3213,49.3285,0.24293,0.0612208,0.24293,0.179113,1.49777e-06,0.677652,0.0499875,0
164160,49.9989,49.3223,49.3296,0.242788,0.0612037,0.242788,0.179023,1.49549e-06,0.676606,0.0499875,0
164220,49.9989,49.3234,49.3306,0.242646,0.0611866,0.242646,0.178934,1.4932e-06,0.675562,0.0499875,0
164280,49.9989,49.3244,49.3316,0.242504,0.0611695,0.242504,0.178844,1.49093e-06,0.67452,0.0499875,0
164340,49.9989,49.3255,49.3326,0.242363,0.0611524,0.242363,0.178755,1.48865e-06,0.673481,0.0499875,0
164400,49.9989,49.3265,49.3337,0.242221,0.0611354,0.242221,0.178666,1.48639e-06,0.672444,0.0499875,0
164460,49.9989,49.3275,49.3347,0.24208,0.0611185,0.24208,0.178577,1.48412e-06,0.671409,0.0499875,0
164520,49.9989,49.3286,49.3357,0.241939,0.0611015,0.241939,0.178488,1.48187e-06,0.670377,0.0499875,0
164580,49.9989,49.3296,49.3367,0.241799,0.0610847,0.241799,0.178399,1.47961e-06,0.669347,0.0499875,0
164640,49.9989,49.3306,49.3377,0.241658,0.0610678,0.241658,0.17831,1.47737e-06,0.668319,0.0499875,0
164700,49.9989,49.3316,49.3387,0.241518,0.061051,0.241518,0.178221,1.47512e-06,0.667294,0.0499875,0
164760,49.9989,49.3327,49.3397,0.241378,0.0610342,0.241378,0.178133,1.47289e-06,0.666271,0.0499875,0
164820,49.9989,49.3337,49.3407,0.241238,0.0610175,0.241238,0.178045,1.47065e-06,0.66525,0.0499875,0
164880,49.9989,49.3347,49.3417,0.241099,0.0610007,0.241099,0.177957,1.46843e-06,0.664231,0.0499875,0
164940,49.9989,49.3357,49.3427,0.240959,0.0609841,0.240959,0.177868,1.4662e-06,0.663215,0.0499875,0
165000,49.9989,49.3367,49.3437,0.24082,0.0609674,0.24082,0.177781,1.46399e-06,0.662201,0.0499875,0
165060,49.9989,49.3377,49.3447,0.240681,0.0609508,0.240681,0.177693,1.46177e-06,0.661189,0.0499875,0
165120,49.9989,49.3388,49.3457,0.240543,0.0609343,0.240543,0.177605,1.45956e-06,0.660179,0.0499875,0
165180,49.9989,49.3398,49.3467,0.240404,0.0609178,0.240404,0.177518,1.45736e-06,0.659172,0.0499875,0
165240,49.9989,49.3408,49.3477,0.240266,0.0609013,0.240266,0.17743,1.45516e-06,0.658167,0.0499875,0
165300,49.9989,49.3418,49.3487,0.240128,0.0608848,0.240128,0.177343,1.45297e-06,0.657164,0.0499875,0
165360,49.9989,49.3428,49.3497,0.23999,0.0608684,0.23999,0.177256,1.45078e-06,0.656163,0.0499875,0
165420,49.9989,49.3438,49.3507,0.239853,0.060852,0.239853,0.177169,1.4486e-06,0.655165,0.0499875,0
165480,49.9989,49.3448,49.3517,0.239715,0.0608357,0.239715,0.177082,1.44642e-06,0.654168,0.0499875,0
165540,49.9989,49.3458,49.3526,0.239578,0.0608194,0.239578,0.176995,1.44424e-06,0.653174,0.0499875,0
165600,49.9989,49.3468,49.3536,0.239441,0.0608031,0.239441,0.176909,1.44207e-06,0.652182,0.0499875,0
165660,49.9989,49.3477,49.3546,0.239305,0.0607868,0.239305,0.176822,1.43991e-06,0.651192,0.0499875,0
165720,49.9989,49.3487,49.3556,0.239168,0.0607706,0.239168,0.176736,1.43775e-06,0.650205,0.0499875,0
165780,49.9989,49.3497,49.3565,0.239032,0.0607545,0.239032,0.17665,1.43559e-06,0.649219,0.0499875,0
165840,49.9989,49.3507,49.3575,0.238896,0.0607383,0.238896,0.176564,1.43344e-06,0.648236,0.0499875,0
165900,49.9989,49.3517,49.3585,0.23876,0.0607222,0.23876,0.176478,1.43129e-06,0.647255,0.0499875,0
165960,49.9989,49.3527,49.3594,0.238624,0.0607062,0.238624,0.176392,1.42915e-06,0.646276,0.0499875,0
166020,49.9989,49.3536,49.3604,0.238489,0.0606902,0.238489,0.176306,1.42701e-06,0.6453,0.0499875,0
166080,49.9989,49.3546,49.3613,0.238354,0.0606742,0.238354,0.176221,1.42488e-06,0.644325,0.0499875,0
166140,49.9989,49.3556,49.3623,0.238219,0.0606582,0.238219,0.176135,1.42275e-06,0.643352,0.0499875,0
166200,49.9989,49.3566,49.3633,0.238084,0.0606423,0.238084,0.17605,1.42063e-06,0.642382,0.0499875,0
166260,49.9989,49.3575,49.3642,0.237949,0.0606264,0.237949,0.175965,1.41851e-06,0.641414,0.0499875,0
166320,49.9989,49.3585,49.3652,0.237815,0.0606105,0.237815,0.17588,1.4164e-06,0.640448,0.0499875,0
166380,49.9989,49.3595,49.3661,0.237681,0.0605947,0.237681,0.175795,1.41429e-06,0.639484,0.0499875,0
166440,49.9989,49.3604,49.3671,0.237547,0.0605789,0.237547,0.17571,1.41219e-06,0.638522,0.0499875,0
166500,49.9989,49.3614,49.368,0.237413,0.0605632,0.237413,0.175625,1.41009e-06,0.637562,0.0499875,0
166560,49.9989,49.3623,49.3689,0.23728,0.0605475,0.23728,0.175541,1.40799e-06,0.636605,0.0499875,0
166620,49.9989,49.3633,49.3699,0.237147,0.0605318,0.237147,0.175456,1.4059e-06,0.635649,0.0499875,0
166680,49.9989,49.3642,49.3708,0.237014,0.0605161,0.237014,0.175372,1.40381e-06,0.634695,0.0499875,0
166740,49.9989,49.3652,49.3718,0.236881,0.0605005,0.236881,0.175288,1.40173e-06,0.633744,0.0499875,0
166800,49.9989,49.3661,49.3727,0.236748,0.0604849,0.236748,0.175204,1.39965e-06,0.632795,0.0499875,0
166860,49.9989,49.3671,49.3736,0.236616,0.0604694,0.236616,0.17512,1.39758e-06,0.631847,0.0499875,0
166920,49.9989,49.368,49.3746,0.236483,0.0604539,0.236483,0.175036,1.39551e-06,0.630902,0.0499875,0
166980,49.9989,49.369,49.3755,0.236351,0.0604384,0.236351,0.174953,1.39345e-06,0.629959,0.0499875,0
167040,49.9989,49.3699,49.3764,0.236219,0.0604229,0.236219,0.174869,1.39139e-06,0.629018,0.0499875,0
167100,49.9989,49.3709,49.3773,0.236088,0.0604075,0.236088,0.174786,1.38933e-06,0.628079,0.0499875,0
167160,49.9989,49.3718,49.3783,0.235956,0.0603921,0.235956,0.174702,1.38728e-06,0.627142,0.0499875,0
167220,49.9989,49.3727,49.3792,0.235825,0.0603768,0.235825,0.174619,1.38523e-06,0.626207,0.0499875,0
167280,49.9989,49.3737,49.3801,0.235694,0.0603615,0.235694,0.174536,1.38319e-06,0.625274,0.0499875,0
167340,49.9989,49.3746,49.381,0.235563,0.0603462,0.235563,0.174453,1.38115e-06,0.624343,0.0499875,0
167400,49.9989,49.3755,49.3819,0.235433,0.0603309,0.235433,0.17437,1.37912e-06,0.623414,0.0499875,0
167460,49.9989,49.3764,49.3829,0.235302,0.0603157,0.235302,0.174288,1.37709e-06,0.622487,0.0499875,0
167520,49.9989,49.3774,49.3838,0.235172,0.0603005,0.235172,0.174205,1.37507e-06,0.621562,0.0499875,0
167580,49.9989,49.3783,49.3847,0.235042,0.0602854,0.235042,0.174123,1.37305e-06,0.620639,0.0499875,0
167640,49.9989,49.3792,49.3856,0.234912,0.0602703,0.234912,0.17404,1.37103e-06,0.619719,0.0499875,0
167700,49.9989,49.3801,49.3865,0.234783,0.0602552,0.234783,0.173958,1.36902e-06,0.6188,0.0499875,0
167760,49.9989,49.3811,49.3874,0.234653,0.0602401,0.234653,0.173876,1.36701e-06,0.617883,0.0499875,0
167820,49.9989,49.382,49.3883,0.234524,0.0602251,0.234524,0.173794,1.36501e-06,0.616968,0.0499875,0
167880,49.9989,49.3829,49.3892,0.234395,0.0602101,0.234395,0.173712,1.36301e-06,0.616055,0.0499875,0
167940,49.9989,49.3838,49.3901,0.234266,0.0601952,0.234266,0.173631,1.36102e-06,0.615144,0.0499875,0
168000,49.9989,49.3847,49.391,0.234138,0.0601802,0.234138,0.173549,1.35903e-06,0.614235,0.0499875,0
168060,49.9989,49.3856,49.3919,0.23401,0.0601653,0.23401,0.173467,1.35704e-06,0.613328,0.0499875,0
168120,49.9989,49.3865,49.3928,0.233881,0.0601505,0.233881,0.173386,1.35506e-06,0.612423,0.0499875,0
168180,49.9989,49.3874,49.3937,0.233753,0.0601356,0.233753,0.173305,1.35308e-06,0.611519,0.0499875,0
168240,49.9989,49.3883,49.3945,0.233626,0.0601208,0.233626,0.173224,1.35111e-06,0.610618,0.0499875,0
168300,49.9989,49.3892,49.3954,0.233498,0.0601061,0.233498,0.173143,1.34914e-06,0.609719,0.0499875,0
168360,49.9989,49.3901,49.3963,0.233371,0.0600913,0.233371,0.173062,1.34717e-06,0.608821,0.0499875,0
168420,49.9989,49.391,49.3972,0.233243,0.0600766,0.233243,0.172981,1.34521e-06,0.607926,0.0499875,0
168480,49.9989,49.3919,49.3981,0.233116,0.060062,0.233116,0.1729,1.34326e-06,0.607032,0.0499875,0
168540,49.9989,49.3928,49.399,0.232989,0.0600473,0.232989,0.17282,1.3413e-06,0.606141,0.0499875,0
168600,49.9989,49.3937,49.3998,0.232863,0.0600327,0.232863,0.172739,1.33935e-06,0.605251,0.0499875,0
168660,49.9989,49.3946,49.4007,0.232736,0.0600181,0.232736,0.172659,1.33741e-06,0.604363,0.0499875,0
168720,49.9989,49.3955,49.4016,0.23261,0.0600036,0.23261,0.172579,1.33547e-06,0.603478,0.0499875,0
168780,49.9989,49.3963,49.4024,0.232484,0.0599891,0.232484,0.172499,1.33353e-06,0.602594,0.0499875,0
168840,49.9989,49.3972,49.4033,0.232358,0.0599746,0.232358,0.172419,1.3316e-06,0.601711,0.0499875,0
168900,49.9989,49.3981,49.4042,0.232233,0.0599601,0.232233,0.172339,1.32968e-06,0.600831,0.0499875,0
168960,49.9989,49.399,49.4051,0.232107,0.0599457,0.232107,0.172259,1.32775e-06,0.599953,0.0499875,0
169020,49.9989,49.3999,49.4059,0.231982,0.0599313,0.231982,0.17218,1.32583e-06,0.599076,0.0499875,0
169080,49.9989,49.4007,49.4068,0.231857,0.0599169,0.231857,0.1721,1.32392e-06,0.598202,0.0499875,0
169140,49.9989,49.4016,49.4076,0.231732,0.0599026,0.231732,0.172021,1.32201e-06,0.597329,0.0499875,0
169200,49.9989,49.4025,49.4085,0.231607,0.0598883,0.231607,0.171942,1.3201e-06,0.596458,0.0499875,0
169260,49.9989,49.4033,49.4093,0.231483,0.059874,0.231483,0.171862,1.31819e-06,0.595589,0.0499875,0
169320,49.9989,49.4042,49.4102,0.231358,0.0598598,0.231358,0.171783,1.31629e-06,0.594722,0.0499875,0
169380,49.9989,49.4051,49.4111,0.231234,0.0598455,0.231234,0.171704,1.3144e-06,0.593857,0.0499875,0
169440,49.9989,49.4059,49.4119,0.23111,0.0598314,0.23111,0.171626,1.31251e-06,0.592993,0.0499875,0
169500,49.9989,49.4068,49.4128,0.230987,0.0598172,0.230987,0.171547,1.31062e-06,0.592132,0.0499875,0
169560,49.9989,49.4077,49.4136,0.230863,0.0598031,0.230863,0.171468,1.30874e-06,0.591272,0.0499875,0
169620,49.9989,49.4085,49.4144,0.23074,0.059789,0.23074,0.17139,1.30686e-06,0.590414,0.0499875,0
169680,49.9989,49.4094,49.4153,0.230616,0.0597749,0.230616,0.171312,1.30498e-06,0.589558,0.0499875,0
169740,49.9989,49.4102,49.4161,0.230493,0.0597609,0.230493,0.171233,1.30311e-06,0.588703,0.0499875,0
169800,49.9989,49.4111,49.417,0.230371,0.0597469,0.230371,0.171155,1.30124e-06,0.587851,0.0499875,0
169860,49.9989,49.4119,49.4178,0.230248,0.0597329,0.230248,0.171077,1.29938e-06,0.587,0.0499875,0
169920,49.9989,49.4128,49.4186,0.230126,0.0597189,0.230126,0.170999,1.29752e-06,0.586151,0.0499875,0
169980,49.9989,49.4136,49.4195,0.230003,0.059705,0.230003,0.170921,1.29566e-06,0.585304,0.0499875,0
170040,49.9989,49.4145,49.4203,0.229881,0.0596911,0.229881,0.170844,1.29381e-06,0.584459,0.0499875,0
170100,49.9989,49.4153,49.4211,0.229759,0.0596773,0.229759,0.170766,1.29196e-06,0.583615,0.0499875,0
170160,49.9989,49.4162,49.422,0.229638,0.0596634,0.229638,0.170689,1.29012e-06,0.582773,0.0499875,0
170220,49.9989,49.417,49.4228,0.229516,0.0596496,0.229516,0.170611,1.28828e-06,0.581933,0.0499875,0
170280,49.9989,49.4178,49.4236,0.229395,0.0596359,0.229395,0.170534,1.28644e-06,0.581095,0.0499875,0
170340,49.9989,49.4187,49.4245,0.229274,0.0596221,0.229274,0.170457,1.28461e-06,0.580259,0.0499875,0
170400,49.9989,49.4195,49.4253,0.229153,0.0596084,0.229153,0.17038,1.28278e-06,0.579424,0.0499875,0
170460,49.9989,49.4203,49.4261,0.229032,0.0595947,0.229032,0.170303,1.28095e-06,0.578591,0.0499875,0
170520,49.9989,49.4212,49.4269,0.228911,0.059581,0.228911,0.170226,1.27913e-06,0.57776,0.0499875,0
170580,49.9989,49.422,49.4277,0.228791,0.0595674,0.228791,0.17015,1.27732e-06,0.57693,0.0499875,0
170640,49.9989,49.4228,49.4286,0.228671,0.0595538,0.228671,0.170073,1.2755e-06,0.576103,0.0499875,0
170700,49.9989,49.4237,49.4294,0.22855,0.0595402,0.22855,0.169997,1.27369e-06,0.575277,0.0499875,0
170760,49.9989,49.4245,49.4302,0.228431,0.0595267,0.228431,0.16992,1.27189e-06,0.574452,0.0499875,0
170820,49.9989,49.4253,49.431,0.228311,0.0595132,0.228311,0.169844,1.27008e-06,0.57363,0.0499875,0
170880,49.9989,49.4261,49.4318,0.228191,0.0594997,0.228191,0.169768,1.26829e-06,0.572809,0.0499875,0
170940,49.9989,49.4269,49.4326,0.228072,0.0594862,0.228072,0.169692,1.26649e-06,0.57199,0.0499875,0
171000,49.9989,49.4278,49.4334,0.227953,0.0594728,0.227953,0.169616,1.2647e-06,0.571173,0.0499875,0
171060,49.9989,49.4286,49.4342,0.227834,0.0594594,0.227834,0.16954,1.26291e-06,0.570357,0.0499875,0
171120,49.9989,49.4294,49.435,0.227715,0.059446,0.227715,0.169464,1.26113e-06,0.569543,0.0499875,0
171180,49.9989,49.4302,49.4358,0.227596,0.0594326,0.227596,0.169389,1.25935e-06,0.568731,0.0499875,0
171240,49.9989,49.431,49.4366,0.227478,0.0594193,0.227478,0.169313,1.25757e-06,0.567921,0.0499875,0
171300,49.9989,49.4318,49.4374,0.22736,0.059406,0.22736,0.169238,1.2558e-06,0.567112,0.0499875,0
171360,49.9989,49.4326,49.4382,0.227241,0.0593928,0.227241,0.169162,1.25403e-06,0.566305,0.0499875,0
171420,49.9989,49.4334,49.439,0.227124,0.0593795,0.227124,0.169087,1.25226e-06,0.565499,0.0499875,0
171480,49.9989,49.4342,49.4398,0.227006,0.0593663,0.227006,0.169012,1.2505e-06,0.564695,0.0499875,0
171540,49.9989,49.435,49.4406,0.226888,0.0593531,0.226888,0.168937,1.24874e-06,0.563893,0.0499875,0
171600,49.9989,49.4358,49.4414,0.226771,0.05934,0.226771,0.168862,1.24699e-06,0.563093,0.0499875,0
171660,49.9989,49.4366,49.4422,0.226654,0.0593268,0.226654,0.168788,1.24524e-06,0.562294,0.0499875,0
171720,49.9989,49.4374,49.4429,0.226536,0.0593137,0.226536,0.168713,1.24349e-06,0.561497,0.0499875,0
171780,49.9989,49.4382,49.4437,0.22642,0.0593006,0.22642,0.168638,1.24175e-06,0.560702,0.0499875,0
171840,49.9989,49.439,49.4445,0.226303,0.0592876,0.226303,0.168564,1.24001e-06,0.559908,0.0499875,0
171900,49.9989,49.4398,49.4453,0.226186,0.0592746,0.226186,0.16849,1.23827e-06,0.559116,0.0499875,0
171960,49.9989,49.4406,49.4461,0.22607,0.0592616,0.22607,0.168415,1.23654e-06,0.558325,0.0499875,0
172020,49.9989,49.4414,49.4468,0.225954,0.0592486,0.225954,0.168341,1.23481e-06,0.557536,0.0499875,0
172080,49.9989,49.4422,49.4476,0.225838,0.0592357,0.225838,0.168267,1.23308e-06,0.556749,0.0499875,0
172140,49.9989,49.443,49.4484,0.225722,0.0592227,0.225722,0.168193,1.23136e-06,0.555964,0.0499875,0
172200,49.9989,49.4438,49.4492,0.225606,0.0592099,0.225606,0.168119,1.22964e-06,0.55518,0.0499875,0
172260,49.9989,49.4445,49.4499,0.225491,0.059197,0.225491,0.168046,1.22793e-06,0.554397,0.0499875,0
172320,49.9989,49.4453,49.4507,0.225375,0.0591842,0.225375,0.167972,1.22621e-06,0.553617,0.0499875,0
172380,49.9989,49.4461,49.4515,0.22526,0.0591713,0.22526,0.167898,1.22451e-06,0.552838,0.0499875,0
172440,49.9989,49.4469,49.4522,0.225145,0.0591586,0.225145,0.167825,1.2228e-06,0.55206,0.0499875,0
172500,49.9989,49.4477,49.453,0.22503,0.0591458,0.22503,0.167752,1.2211e-06,0.551284,0.0499875,0
172560,49.9989,49.4484,49.4538,0.224916,0.0591331,0.224916,0.167679,1.2194e-06,0.55051,0.0499875,0
172620,49.9989,49.4492,49.4545,0.224801,0.0591204,0.224801,0.167605,1.21771e-06,0.549737,0.0499875,0
172680,49.9989,49.45,49.4553,0.224687,0.0591077,0.224687,0.167532,1.21602e-06,0.548966,0.0499875,0
172740,49.9989,49.4507,49.4561,0.224573,0.059095,0.224573,0.167459,1.21433e-06,0.548197,0.0499875,0
172800,49.9989,49.4515,49.4568,0.224459,0.0590824,0.224459,0.167387,1.21265e-06,0.547429,0.0499875,0
172860,49.9989,49.4523,49.4576,0.224345,0.0590698,0.224345,0.167314,1.21097e-06,0.546663,0.0499875,0
172920,49.9989,49.453,49.4583,0.224231,0.0590572,0.224231,0.167241,1.20929e-06,0.545898,0.0499875,0
172980,49.9989,49.4538,49.4591,0.224118,0.0590447,0.224118,0.167169,1.20762e-06,0.545135,0.0499875,0
173040,49.9989,49.4546,49.4598,0.224004,0.0590321,0.224004,0.167096,1.20595e-06,0.544373,0.0499875,0
173100,49.9989,49.4553,49.4606,0.223891,0.0590196,0.223891,0.167024,1.20428e-06,0.543613,0.0499875,0
173160,49.9989,49.4561,49.4613,0.223778,0.0590072,0.223778,0.166952,1.20262e-06,0.542855,0.0499875,0
173220,49.9989,49.4568,49.4621,0.223665,0.0589947,0.223665,0.16688,1.20096e-06,0.542098,0.0499875,0
173280,49.9989,49.4576,49.4628,0.223553,0.0589823,0.223553,0.166808,1.1993e-06,0.541342,0.0499875,0
173340,49.9989,49.4583,49.4636,0.22344,0.0589699,0.22344,0.166736,1.19765e-06,0.540588,0.0499875,0
173400,49.9989,49.4591,49.4643,0.223328,0.0589575,0.223328,0.166664,1.196e-06,0.539836,0.0499875,0
173460,49.9989,49.4598,49.465,0.223216,0.0589452,0.223216,0.166592,1.19435e-06,0.539085,0.0499875,0
173520,49.9989,49.4606,49.4658,0.223104,0.0589328,0.223104,0.166521,1.19271e-06,0.538336,0.0499875,0
173580,49.9989,49.4613,49.4665,0.222992,0.0589205,0.222992,0.166449,1.19107e-06,0.537589,0.0499875,0
173640,49.9989,49.4621,49.4672,0.22288,0.0589083,0.22288,0.166378,1.18943e-06,0.536842,0.0499875,0
173700,49.9989,49.4628,49.468,0.222768,0.058896,0.222768,0.166307,1.1878e-06,0.536098,0.0499875,0
173760,49.9989,49.4636,49.4687,0.222657,0.0588838,0.222657,0.166235,1.18617e-06,0.535355,0.0499875,0
173820,49.9989,49.4643,49.4694,0.222546,0.0588716,0.222546,0.166164,1.18454e-06,0.534613,0.0499875,0
173880,49.9989,49.4651,49.4702,0.222435,0.0588594,0.222435,0.166093,1.18292e-06,0.533873,0.0499875,0
173940,49.9989,49.4658,49.4709,0.222324,0.0588473,0.222324,0.166022,1.1813e-06,0.533135,0.0499875,0
174000,49.9989,49.4665,49.4716,0.222213,0.0588351,0.222213,0.165951,1.17968e-06,0.532397,0.0499875,0
174060,49.9989,49.4673,49.4724,0.222103,0.058823,0.222103,0.165881,1.17807e-06,0.531662,0.0499875,0
174120,49.9989,49.468,49.4731,0.221992,0.058811,0.221992,0.16581,1.17645e-06,0.530928,0.0499875,0
174180,49.9989,49.4687,49.4738,0.221882,0.0587989,0.221882,0.16574,1.17485e-06,0.530195,0.0499875,0
174240,49.9989,49.4695,49.4745,0.221772,0.0587869,0.221772,0.165669,1.17324e-06,0.529464,0.0499875,0
174300,49.9989,49.4702,49.4752,0.221662,0.0587749,0.221662,0.165599,1.17164e-06,0.528735,0.0499875,0
174360,49.9989,49.4709,49.476,0.221552,0.0587629,0.221552,0.165528,1.17005e-06,0.528007,0.0499875,0
174420,49.9989,49.4717,49.4767,0.221443,0.0587509,0.221443,0.165458,1.16845e-06,0.52728,0.0499875,0
174480,49.9989,49.4724,49.4774,0.221333,0.058739,0.221333,0.165388,1.16686e-06,0.526555,0.0499875,0
174540,49.9989,49.4731,49.4781,0.221224,0.0587271,0.221224,0.165318,1.16527e-06,0.525831,0.0499875,0
174600,49.9989,49.4738,49.4788,0.221115,0.0587152,0.221115,0.165248,1.16369e-06,0.525109,0.0499875,0
174660,49.9989,49.4745,49.4795,0.221006,0.0587033,0.221006,0.165179,1.16211e-06,0.524388,0.0499875,0
174720,49.9989,49.4753,49.4802,0.220897,0.0586915,0.220897,0.165109,1.16053e-06,0.523669,0.0499875,0
174780,49.9989,49.476,49.4809,0.220788,0.0586797,0.220788,0.165039,1.15895e-06,0.522951,0.0499875,0
174840,49.9989,49.4767,49.4816,0.22068,0.0586679,0.22068,0.16497,1.15738e-06,0.522235,0.0499875,0
174900,49.9989,49.4774,49.4824,0.220571,0.0586561,0.220571,0.1649,1.15581e-06,0.52152,0.0499875,0
174960,49.9989,49.4781,49.4831,0.220463,0.0586444,0.220463,0.164831,1.15425e-06,0.520806,0.0499875,0
175020,49.9989,49.4788,49.4838,0.220355,0.0586327,0.220355,0.164762,1.15268e-06,0.520094,0.0499875,0
175080,49.9989,49.4796,49.4845,0.220247,0.058621,0.220247,0.164693,1.15113e-06,0.519384,0.0499875,0
175140,49.9989,49.4803,49.4852,0.220139,0.0586093,0.220139,0.164624,1.14957e-06,0.518674,0.0499875,0
175200,49.9989,49.481,49.4859,0.220032,0.0585977,0.220032,0.164555,1.14802e-06,0.517967,0.0499875,0
175260,49.9989,49.4817,49.4866,0.219924,0.058586,0.219924,0.164486,1.14647e-06,0.51726,0.0499875,0
175320,49.9989,49.4824,49.4872,0.219817,0.0585744,0.219817,0.164417,1.14492e-06,0.516555,0.0499875,0
175380,49.9989,49.4831,49.4879,0.21971,0.0585629,0.21971,0.164349,1.14338e-06,0.515852,0.0499875,0
175440,49.9989,49.4838,49.4886,0.219603,0.0585513,0.219603,0.16428,1.14183e-06,0.51515,0.0499875,0
175500,49.9989,49.4845,49.4893,0.219496,0.0585398,0.219496,0.164212,1.1403e-06,0.514449,0.0499875,0
175560,49.9989,49.4852,49.49,0.219389,0.0585283,0.219389,0.164143,1.13876e-06,0.51375,0.0499875,0
175620,49.9989,49.4859,49.4907,0.219283,0.0585168,0.219283,0.164075,1.13723e-06,0.513052,0.0499875,0
175680,49.9989,49.4866,49.4914,0.219177,0.0585053,0.219177,0.164007,1.1357e-06,0.512356,0.0499875,0
175740,49.9989,49.4873,49.4921,0.21907,0.0584939,0.21907,0.163939,1.13418e-06,0.511661,0.0499875,0
175800,49.9989,49.488,49.4928,0.218964,0.0584824,0.218964,0.163871,1.13265e-06,0.510967,0.0499875,0
175860,49.9989,49.4887,49.4934,0.218858,0.058471,0.218858,0.163803,1.13113e-06,0.510275,0.0499875,0
175920,49.9989,49.4894,49.4941,0.218753,0.0584597,0.218753,0.163735,1.12962e-06,0.509584,0.0499875,0
175980,49.9989,49.49,49.4948,0.218647,0.0584483,0.218647,0.163667,1.1281e-06,0.508894,0.0499875,0
176040,49.9989,49.4907,49.4955,0.218541,0.058437,0.218541,0.1636,1.12659e-06,0.508206,0.0499875,0
176100,49.9989,49.4914,49.4962,0.218436,0.0584257,0.218436,0.163532,1.12509e-06,0.507519,0.0499875,0
176160,49.9989,49.4921,49.4968,0.218331,0.0584144,0.218331,0.163465,1.12358e-06,0.506834,0.0499875,0
176220,49.9989,49.4928,49.4975,0.218226,0.0584031,0.218226,0.163397,1.12208e-06,0.50615,0.0499875,0
176280,49.9989,49.4935,49.4982,0.218121,0.0583919,0.218121,0.16333,1.12058e-06,0.505467,0.0499875,0
176340,49.9989,49.4941,49.4989,0.218016,0.0583807,0.218016,0.163263,1.11909e-06,0.504786,0.0499875,0
176400,49.9989,49.4948,49.4995,0.217912,0.0583695,0.217912,0.163196,1.11759e-06,0.504106,0.0499875,0
176460,49.9989,49.4955,49.5002,0.217807,0.0583583,0.217807,0.163129,1.1161e-06,0.503427,0.0499875,0
176520,49.9989,49.4962,49.5009,0.217703,0.0583472,0.217703,0.163062,1.11462e-06,0.50275,0.0499875,0
176580,49.9989,49.4969,49.5015,0.217599,0.058336,0.217599,0.162995,1.11313e-06,0.502074,0.0499875,0
176640,49.9989,49.4975,49.5022,0.217495,0.0583249,0.217495,0.162928,1.11165e-06,0.5014,0.0499875,0
176700,49.9989,49.4982,49.5029,0.217391,0.0583138,0.217391,0.162862,1.11017e-06,0.500727,0.0499875,0
176760,49.9989,49.4989,49.5035,0.217287,0.0583028,0.217287,0.162795,1.1087e-06,0.500055,0.0499875,0
176820,49.9989,49.4996,49.5042,0.217184,0.0582917,0.217184,0.162728,1.10723e-06,0.499384,0.0499875,0
176880,49.9989,49.5002,49.5048,0.21708,0.0582807,0.21708,0.162662,1.10576e-06,0.498715,0.0499875,0
176940,49.9989,49.5009,49.5055,0.216977,0.0582697,0.216977,0.162596,1.10429e-06,0.498047,0.0499875,0
177000,49.9989,49.5016,49.5062,0.216874,0.0582587,0.216874,0.16253,1.10283e-06,0.497381,0.0499875,0
177060,49.9989,49.5022,49.5068,0.216771,0.0582478,0.216771,0.162463,1.10137e-06,0.496715,0.0499875,0
177120,49.9989,49.5029,49.5075,0.216668,0.0582369,0.216668,0.162397,1.09991e-06,0.496052,0.0499875,0
177180,49.9989,49.5035,49.5081,0.216565,0.0582259,0.216565,0.162331,1.09845e-06,0.495389,0.0499875,0
177240,49.9989,49.5042,49.5088,0.216463,0.0582151,0.216463,0.162266,1.097e-06,0.494728,0.0499875,0
177300,49.9989,49.5049,49.5094,0.21636,0.0582042,0.21636,0.1622,1.09555e-06,0.494068,0.0499875,0
177360,49.9989,49.5055,49.5101,0.216258,0.0581933,0.216258,0.162134,1.09411e-06,0.493409,0.0499875,0
177420,49.9989,49.5062,49.5107,0.216156,0.0581825,0.216156,0.162069,1.09266e-06,0.492752,0.0499875,0
177480,49.9989,49.5068,49.5114,0.216054,0.0581717,0.216054,0.162003,1.09122e-06,0.492096,0.0499875,0
177540,49.9989,49.5075,49.512,0.215952,0.0581609,0.215952,0.161938,1.08978e-06,0.491441,0.0499875,0
177600,49.9989,49.5081,49.5127,0.215851,0.0581502,0.215851,0.161872,1.08835e-06,0.490787,0.0499875,0
177660,49.9989,49.5088,49.5133,0.215749,0.0581394,0.215749,0.161807,1.08692e-06,0.490135,0.0499875,0
177720,49.9989,49.5095,49.5139,0.215648,0.0581287,0.215648,0.161742,1.08549e-06,0.489484,0.0499875,0
177780,49.9989,49.5101,49.5146,0.215546,0.058118,0.215546,0.161677,1.08406e-06,0.488834,0.0499875,0
177840,49.9989,49.5107,49.5152,0.215445,0.0581073,0.215445,0.161612,1.08264e-06,0.488186,0.0499875,0
177900,49.9989,49.5114,49.5159,0.215344,0.0580967,0.215344,0.161547,1.08122e-06,0.487539,0.0499875,0
177960,49.9989,49.512,49.5165,0.215243,0.058086,0.215243,0.161482,1.0798e-06,0.486893,0.0499875,0
178020,49.9989,49.5127,49.5171,0.215143,0.0580754,0.215143,0.161417,1.07838e-06,0.486249,0.0499875,0
178080,49.9989,49.5133,49.5178,0.215042,0.0580648,0.215042,0.161353,1.07697e-06,0.485605,0.0499875,0
178140,49.9989,49.514,49.5184,0.214942,0.0580542,0.214942,0.161288,1.07556e-06,0.484963,0.0499875,0
178200,49.9989,49.5146,49.519,0.214841,0.0580437,0.214841,0.161223,1.07415e-06,0.484323,0.0499875,0
178260,49.9989,49.5153,49.5197,0.214741,0.0580331,0.214741,0.161159,1.07275e-06,0.483683,0.0499875,0
178320,49.9989,49.5159,49.5203,0.214641,0.0580226,0.214641,0.161095,1.07134e-06,0.483045,0.0499875,0
178380,49.9989,49.5165,49.5209,0.214541,0.0580121,0.214541,0.161031,1.06995e-06,0.482408,0.0499875,0
178440,49.9989,49.5172,49.5216,0.214442,0.0580017,0.214442,0.160966,1.06855e-06,0.481772,0.0499875,0
178500,49.9989,49.5178,49.5222,0.214342,0.0579912,0.214342,0.160902,1.06715e-06,0.481138,0.0499875,0
178560,49.9989,49.5184,49.5228,0.214242,0.0579808,0.214242,0.160838,1.06576e-06,0.480504,0.0499875,0
178620,49.9989,49.5191,49.5234,0.214143,0.0579704,0.214143,0.160774,1.06438e-06,0.479872,0.0499875,0
178680,49.9989,49.5197,49.5241,0.214044,0.05796,0.214044,0.160711,1.06299e-06,0.479241,0.0499875,0
178740,49.9989,49.5203,49.5247,0.213945,0.0579496,0.213945,0.160647,1.06161e-06,0.478612,0.0499875,0
178800,49.9989,49.521,49.5253,0.213846,0.0579392,0.213846,0.160583,1.06023e-06,0.477983,0.0499875,0
178860,49.9989,49.5216,49.5259,0.213747,0.0579289,0.213747,0.16052,1.05885e-06,0.477356,0.0499875,0
178920,49.9989,49.5222,49.5265,0.213649,0.0579186,0.213649,0.160456,1.05747e-06,0.47673,0.0499875,0
178980,49.9989,49.5228,49.5271,0.21355,0.0579083,0.21355,0.160393,1.0561e-06,0.476106,0.0499875,0
179040,49.9989,49.5235,49.5278,0.213452,0.057898,0.213452,0.160329,1.05473e-06,0.475482,0.0499875,0
179100,49.9989,49.5241,49.5284,0.213353,0.0578878,0.213353,0.160266,1.05336e-06,0.47486,0.0499875,0
179160,49.9989,49.5247,49.529,0.213255,0.0578775,0.213255,0.160203,1.052e-06,0.474239,0.0499875,0
179220,49.9989,49.5253,49.5296,0.213157,0.0578673,0.213157,0.16014,1.05064e-06,0.473619,0.0499875,0
179280,49.9989,49.5259,49.5302,0.213059,0.0578571,0.213059,0.160077,1.04928e-06,0.473,0.0499875,0
179340,49.9989,49.5266,49.5308,0.212962,0.057847,0.212962,0.160014,1.04792e-06,0.472383,0.0499875,0
179400,49.9989,49.5272,49.5314,0.212864,0.0578368,0.212864,0.159951,1.04657e-06,0.471767,0.0499875,0
179460,49.9989,49.5278,49.532,0.212767,0.0578267,0.212767,0.159888,1.04522e-06,0.471152,0.0499875,0
179520,49.9989,49.5284,49.5326,0.212669,0.0578165,0.212669,0.159826,1.04387e-06,0.470538,0.0499875,0
179580,49.9989,49.529,49.5332,0.212572,0.0578064,0.212572,0.159763,1.04252e-06,0.469925,0.0499875,0
179640,49.9989,49.5296,49.5338,0.212475,0.0577964,0.212475,0.159701,1.04118e-06,0.469314,0.0499875,0
179700,49.9989,49.5302,49.5344,0.212378,0.0577863,0.212378,0.159638,1.03984e-06,0.468703,0.0499875,0
179760,49.9989,49.5308,49.535,0.212281,0.0577763,0.212281,0.159576,1.0385e-06,0.468094,0.0499875,0
179820,49.9989,49.5314,49.5356,0.212185,0.0577663,0.212185,0.159514,1.03716e-06,0.467486,0.0499875,0
179880,49.9989,49.5321,49.5362,0.212088,0.0577563,0.212088,0.159451,1.03583e-06,0.466879,0.0499875,0
179940,49.9989,49.5327,49.5368,0.211992,0.0577463,0.211992,0.159389,1.0345e-06,0.466274,0.0499875,0
180000,49.9989,49.5333,49.5374,0.211896,0.0577363,0.211896,0.159327,1.03317e-06,0.465669,0.0499875,0
180060,49.9989,49.5339,49.538,0.211799,0.0577264,0.211799,0.159265,1.03184e-06,0.465066,0.0499875,0
180120,49.9989,49.5345,49.5386,0.211703,0.0577164,0.211703,0.159203,1.03052e-06,0.464464,0.0499875,0
180180,49.9989,49.5351,49.5392,0.211608,0.0577065,0.211608,0.159142,1.0292e-06,0.463863,0.0499875,0
180240,49.9989,49.5357,49.5398,0.211512,0.0576967,0.211512,0.15908,1.02788e-06,0.463263,0.0499875,0
180300,49.9989,49.5363,49.5404,0.211416,0.0576868,0.211416,0.159018,1.02657e-06,0.462665,0.0499875,0
180360,49.9989,49.5369,49.541,0.211321,0.0576769,0.211321,0.158957,1.02525e-06,0.462067,0.0499875,0
180420,49.9989,49.5375,49.5416,0.211225,0.0576671,0.211225,0.158895,1.02394e-06,0.461471,0.0499875,0
180480,49.9989,49.5381,49.5422,0.21113,0.0576573,0.21113,0.158834,1.02263e-06,0.460876,0.0499875,0
180540,49.9989,49.5387,49.5428,0.211035,0.0576475,0.211035,0.158773,1.02133e-06,0.460281,0.0499875,0
180600,49.9989,49.5392,49.5433,0.21094,0.0576377,0.21094,0.158711,1.02002e-06,0.459689,0.0499875,0
180660,49.9989,49.5398,49.5439,0.210845,0.057628,0.210845,0.15865,1.01872e-06,0.459097,0.0499875,0
180720,49.9989,49.5404,49.5445,0.210751,0.0576182,0.210751,0.158589,1.01743e-06,0.458506,0.0499875,0
180780,49.9989,49.541,49.5451,0.210656,0.0576085,0.210656,0.158528,1.01613e-06,0.457917,0.0499875,0
180840,49.9989,49.5416,49.5457,0.210562,0.0575988,0.210562,0.158467,1.01484e-06,0.457328,0.0499875,0
180900,49.9989,49.5422,49.5462,0.210467,0.0575891,0.210467,0.158406,1.01355e-06,0.456741,0.0499875,0
180960,49.9989,49.5428,49.5468,0.210373,0.0575795,0.210373,0.158346,1.01226e-06,0.456155,0.0499875,0
181020,49.9989,49.5434,49.5474,0.210279,0.0575698,0.210279,0.158285,1.01097e-06,0.45557,0.0499875,0
181080,49.9989,49.5439,49.548,0.210185,0.0575602,0.210185,0.158224,1.00969e-06,0.454986,0.0499875,0
181140,49.9989,49.5445,49.5486,0.210091,0.0575506,0.210091,0.158164,1.00841e-06,0.454403,0.0499875,0
181200,49.9989,49.5451,49.5491,0.209997,0.057541,0.209997,0.158103,1.00713e-06,0.453821,0.0499875,0
181260,49.9989,49.5457,49.5497,0.209904,0.0575314,0.209904,0.158043,1.00585e-06,0.453241,0.0499875,0
181320,49.9989,49.5463,49.5503,0.20981,0.0575219,0.20981,0.157982,1.00458e-06,0.452661,0.0499875,0
181380,49.9989,49.5469,49.5508,0.209717,0.0575123,0.209717,0.157922,1.00331e-06,0.452083,0.0499875,0
181440,49.9989,49.5474,49.5514,0.209624,0.0575028,0.209624,0.157862,1.00204e-06,0.451506,0.0499875,0
181500,49.9989,49.548,49.552,0.209531,0.0574933,0.209531,0.157802,1.00077e-06,0.450929,0.0499875,0
181560,49.9989,49.5486,49.5526,0.209438,0.0574838,0.209438,0.157742,9.99506e-07,0.450354,0.0499875,0
181620,49.9989,49.5492,49.5531,0.209345,0.0574744,0.209345,0.157682,9.98244e-07,0.44978,0.0499875,0
181680,49.9989,49.5497,49.5537,0.209252,0.0574649,0.209252,0.157622,9.96984e-07,0.449208,0.0499875,0
181740,49.9989,49.5503,49.5542,0.20916,0.0574555,0.20916,0.157562,9.95727e-07,0.448636,0.0499875,0
181800,49.9989,49.5509,49.5548,0.209067,0.0574461,0.209067,0.157503,9.94472e-07,0.448065,0.0499875,0
181860,49.9989,49.5514,49.5554,0.208975,0.0574367,0.208975,0.157443,9.9322e-07,0.447495,0.0499875,0
181920,49.9989,49.552,49.5559,0.208883,0.0574273,0.208883,0.157384,9.91969e-07,0.446927,0.0499875,0
181980,49.9989,49.5526,49.5565,0.208791,0.057418,0.208791,0.157324,9.90722e-07,0.446359,0.0499875,0
182040,49.9989,49.5531,49.5571,0.208699,0.0574086,0.208699,0.157265,9.89476e-07,0.445793,0.0499875,0
182100,49.9989,49.5537,49.5576,0.208607,0.0573993,0.208607,0.157205,9.88233e-07,0.445228,0.0499875,0
182160,49.9989,49.5543,49.5582,0.208515,0.05739,0.208515,0.157146,9.86992e-07,0.444663,0.0499875,0
182220,49.9989,49.5548,49.5587,0.208423,0.0573807,0.208423,0.157087,9.85754e-07,0.4441,0.0499875,0
182280,49.9989,49.5554,49.5593,0.208332,0.0573714,0.208332,0.157028,9.84518e-07,0.443538,0.0499875,0
182340,49.9989,49.556,49.5598,0.208241,0.0573622,0.208241,0.156969,9.83284e-07,0.442977,0.0499875,0
182400,49.9989,49.5565,49.5604,0.208149,0.0573529,0.208149,0.15691,9.82052e-07,0.442417,0.0499875,0
182460,49.9989,49.5571,49.5609,0.208058,0.0573437,0.208058,0.156851,9.80823e-07,0.441858,0.0499875,0
182520,49.9989,49.5576,49.5615,0.207967,0.0573345,0.207967,0.156792,9.79596e-07,0.4413,0.0499875,0
182580,49.9989,49.5582,49.562,0.207876,0.0573253,0.207876,0.156733,9.78372e-07,0.440743,0.0499875,0
182640,49.9989,49.5587,49.5626,0.207786,0.0573162,0.207786,0.156675,9.77149e-07,0.440187,0.0499875,0
182700,49.9989,49.5593,49.5631,0.207695,0.057307,0.207695,0.156616,9.75929e-07,0.439633,0.0499875,0
182760,49.9989,49.5599,49.5637,0.207604,0.0572979,0.207604,0.156558,9.74711e-07,0.439079,0.0499875,0
182820,49.9989,49.5604,49.5642,0.207514,0.0572888,0.207514,0.156499,9.73496e-07,0.438526,0.0499875,0
182880,49.9989,49.561,49.5648,0.207424,0.0572797,0.207424,0.156441,9.72283e-07,0.437974,0.0499875,0
182940,49.9989,49.5615,49.5653,0.207334,0.0572706,0.207334,0.156382,9.71072e-07,0.437424,0.0499875,0
183000,49.9989,49.5621,49.5659,0.207244,0.0572615,0.207244,0.156324,9.69863e-07,0.436874,0.0499875,0
183060,49.9989,49.5626,49.5664,0.207154,0.0572525,0.207154,0.156266,9.68656e-07,0.436326,0.0499875,0
183120,49.9989,49.5632,49.5669,0.207064,0.0572434,0.207064,0.156208,9.67452e-07,0.435778,0.0499875,0
183180,49.9989,49.5637,49.5675,0.206974,0.0572344,0.206974,0.15615,9.6625e-07,0.435232,0.0499875,0
183240,49.9989,49.5642,49.568,0.206884,0.0572254,0.206884,0.156092,9.6505e-07,0.434686,0.0499875,0
183300,49.9989,49.5648,49.5686,0.206795,0.0572164,0.206795,0.156034,9.63853e-07,0.434142,0.0499875,0
183360,49.9989,49.5653,49.5691,0.206706,0.0572075,0.206706,0.155976,9.62657e-07,0.433598,0.0499875,0
183420,49.9989,49.5659,49.5696,0.206616,0.0571985,0.206616,0.155919,9.61464e-07,0.433056,0.0499875,0
183480,49.9989,49.5664,49.5702,0.206527,0.0571896,0.206527,0.155861,9.60273e-07,0.432515,0.0499875,0
183540,49.9989,49.567,49.5707,0.206438,0.0571807,0.206438,0.155803,9.59085e-07,0.431974,0.0499875,0
183600,49.9989,49.5675,49.5712,0.206349,0.0571718,0.206349,0.155746,9.57898e-07,0.431435,0.0499875,0
183660,49.9989,49.568,49.5718,0.206261,0.0571629,0.206261,0.155688,9.56714e-07,0.430896,0.0499875,0
183720,49.9989,49.5686,49.5723,0.206172,0.057154,0.206172,0.155631,9.55532e-07,0.430359,0.0499875,0
183780,49.9989,49.5691,49.5728,0.206084,0.0571452,0.206084,0.155574,9.54352e-07,0.429823,0.0499875,0
183840,49.9989,49.5696,49.5733,0.205995,0.0571363,0.205995,0.155517,9.53174e-07,0.429287,0.0499875,0
183900,49.9989,49.5702,49.5739,0.205907,0.0571275,0.205907,0.155459,9.51998e-07,0.428753,0.0499875,0
183960,49.9989,49.5707,49.5744,0.205819,0.0571187,0.205819,0.155402,9.50825e-07,0.42822,0.0499875,0
184020,49.9989,49.5712,49.5749,0.205731,0.0571099,0.205731,0.155345,9.49654e-07,0.427687,0.0499875,0
184080,49.9989,49.5718,49.5754,0.205643,0.0571012,0.205643,0.155288,9.48484e-07,0.427156,0.0499875,0
184140,49.9989,49.5723,49.576,0.205555,0.0570924,0.205555,0.155231,9.47317e-07,0.426625,0.0499875,0
184200,49.9989,49.5728,49.5765,0.205467,0.0570837,0.205467,0.155175,9.46153e-07,0.426096,0.0499875,0
184260,49.9989,49.5734,49.577,0.205379,0.057075,0.205379,0.155118,9.4499e-07,0.425567,0.0499875,0
184320,49.9989,49.5739,49.5775,0.205292,0.0570663,0.205292,0.155061,9.43829e-07,0.42504,0.0499875,0
184380,49.9989,49.5744,49.5781,0.205205,0.0570576,0.205205,0.155005,9.42671e-07,0.424513,0.0499875,0
184440,49.9989,49.5749,49.5786,0.205117,0.0570489,0.205117,0.154948,9.41515e-07,0.423988,0.0499875,0
184500,49.9989,49.5755,49.5791,0.20503,0.0570402,0.20503,0.154892,9.40361e-07,0.423463,0.0499875,0
184560,49.9989,49.576,49.5796,0.204943,0.0570316,0.204943,0.154835,9.39209e-07,0.42294,0.0499875,0
184620,49.9989,49.5765,49.5801,0.204856,0.057023,0.204856,0.154779,9.38059e-07,0.422417,0.0499875,0
184680,49.9989,49.577,49.5806,0.204769,0.0570144,0.204769,0.154723,9.36911e-07,0.421896,0.0499875,0
184740,49.9989,49.5776,49.5812,0.204683,0.0570058,0.204683,0.154667,9.35765e-07,0.421375,0.0499875,0
184800,49.9989,49.5781,49.5817,0.204596,0.0569972,0.204596,0.15461,9.34622e-07,0.420855,0.0499875,0
184860,49.9989,49.5786,49.5822,0.204509,0.0569886,0.204509,0.154554,9.3348e-07,0.420336,0.0499875,0
184920,49.9989,49.5791,49.5827,0.204423,0.0569801,0.204423,0.154498,9.32341e-07,0.419819,0.0499875,0
184980,49.9989,49.5796,49.5832,0.204337,0.0569716,0.204337,0.154443,9.31203e-07,0.419302,0.0499875,0
185040,49.9989,49.5801,49.5837,0.204251,0.0569631,0.204251,0.154387,9.30068e-07,0.418786,0.0499875,0
185100,49.9989,49.5807,49.5842,0.204165,0.0569546,0.204165,0.154331,9.28935e-07,0.418271,0.0499875,0
185160,49.9989,49.5812,49.5847,0.204079,0.0569461,0.204079,0.154275,9.27804e-07,0.417757,0.0499875,0
185220,49.9989,49.5817,49.5852,0.203993,0.0569376,0.203993,0.15422,9.26674e-07,0.417244,0.0499875,0
185280,49.9989,49.5822,49.5857,0.203907,0.0569291,0.203907,0.154164,9.25547e-07,0.416732,0.0499875,0
185340,49.9989,49.5827,49.5862,0.203822,0.0569207,0.203822,0.154109,9.24423e-07,0.416221,0.0499875,0
185400,49.9989,49.5832,49.5867,0.203736,0.0569123,0.203736,0.154053,9.233e-07,0.41571,0.0499875,0
185460,49.9989,49.5837,49.5873,0.203651,0.0569039,0.203651,0.153998,9.22179e-07,0.415201,0.0499875,0
185520,49.9989,49.5842,49.5878,0.203565,0.0568955,0.203565,0.153942,9.2106e-07,0.414693,0.0499875,0
185580,49.9989,49.5847,49.5883,0.20348,0.0568871,0.20348,0.153887,9.19943e-07,0.414185,0.0499875,0
185640,49.9989,49.5853,49.5888,0.203395,0.0568788,0.203395,0.153832,9.18828e-07,0.413679,0.0499875,0
185700,49.9989,49.5858,49.5893,0.20331,0.0568704,0.20331,0.153777,9.17716e-07,0.413173,0.0499875,0
185760,49.9989,49.5863,49.5898,0.203225,0.0568621,0.203225,0.153722,9.16605e-07,0.412669,0.0499875,0
185820,49.9989,49.5868,49.5902,0.203141,0.0568538,0.203141,0.153667,9.15496e-07,0.412165,0.0499875,0
185880,49.9989,49.5873,49.5907,0.203056,0.0568455,0.203056,0.153612,9.14389e-07,0.411662,0.0499875,0
185940,49.9989,49.5878,49.5912,0.202971,0.0568372,0.202971,0.153557,9.13285e-07,0.41116,0.0499875,0
186000,49.9989,49.5883,49.5917,0.202887,0.0568289,0.202887,0.153502,9.12182e-07,0.410659,0.0499875,0
186060,49.9989,49.5888,49.5922,0.202803,0.0568207,0.202803,0.153448,9.11081e-07,0.410159,0.0499875,0
186120,49.9989,49.5893,49.5927,0.202719,0.0568124,0.202719,0.153393,9.09983e-07,0.40966,0.0499875,0
186180,49.9989,49.5898,49.5932,0.202634,0.0568042,0.202634,0.153339,9.08886e-07,0.409162,0.0499875,0
186240,49.9989,49.5903,49.5937,0.202551,0.056796,0.202551,0.153284,9.07791e-07,0.408664,0.0499875,0
186300,49.9989,49.5908,49.5942,0.202467,0.0567878,0.202467,0.15323,9.06698e-07,0.408168,0.0499875,0
186360,49.9989,49.5913,49.5947,0.202383,0.0567796,0.202383,0.153175,9.05608e-07,0.407673,0.0499875,0
186420,49.9989,49.5918,49.5952,0.202299,0.0567714,0.202299,0.153121,9.04519e-07,0.407178,0.0499875,0
186480,49.9989,49.5923,49.5957,0.202216,0.0567633,0.202216,0.153067,9.03432e-07,0.406684,0.0499875,0
186540,49.9989,49.5927,49.5961,0.202132,0.0567551,0.202132,0.153013,9.02347e-07,0.406191,0.0499875,0
186600,49.9989,49.5932,49.5966,0.202049,0.056747,0.202049,0.152958,9.01264e-07,0.4057,0.0499875,0
186660,49.9989,49.5937,49.5971,0.201966,0.0567389,0.201966,0.152904,9.00183e-07,0.405209,0.0499875,0
186720,49.9989,49.5942,49.5976,0.201882,0.0567308,0.201882,0.15285,8.99104e-07,0.404718,0.0499875,0
186780,49.9989,49.5947,49.5981,0.201799,0.0567227,0.201799,0.152797,8.98027e-07,0.404229,0.0499875,0
186840,49.9989,49.5952,49.5986,0.201717,0.0567147,0.201717,0.152743,8.96952e-07,0.403741,0.0499875,0
186900,49.9989,49.5957,49.599,0.201634,0.0567066,0.201634,0.152689,8.95878e-07,0.403253,0.0499875,0
186960,49.9989,49.5962,49.5995,0.201551,0.0566986,0.201551,0.152635,8.94807e-07,0.402767,0.0499875,0
187020,49.9989,49.5967,49.6,0.201468,0.0566906,0.201468,0.152581,8.93738e-07,0.402281,0.0499875,0
187080,49.9989,49.5971,49.6005,0.201386,0.0566826,0.201386,0.152528,8.9267e-07,0.401796,0.0499875,0
187140,49.9989,49.5976,49.601,0.201303,0.0566746,0.201303,0.152474,8.91605e-07,0.401312,0.0499875,0
187200,49.9989,49.5981,49.6014,0.201221,0.0566666,0.201221,0.152421,8.90541e-07,0.400829,0.0499875,0
187260,49.9989,49.5986,49.6019,0.201139,0.0566586,0.201139,0.152368,8.89479e-07,0.400347,0.0499875,0
187320,49.9989,49.5991,49.6024,0.201057,0.0566507,0.201057,0.152314,8.88419e-07,0.399866,0.0499875,0
187380,49.9989,49.5995,49.6029,0.200975,0.0566428,0.200975,0.152261,8.87362e-07,0.399385,0.0499875,0
187440,49.9989,49.6,49.6033,0.200893,0.0566348,0.200893,0.152208,8.86305e-07,0.398906,0.0499875,0
187500,49.9989,49.6005,49.6038,0.200811,0.0566269,0.200811,0.152155,8.85251e-07,0.398427,0.0499875,0
187560,49.9989,49.601,49.6043,0.20073,0.056619,0.20073,0.152101,8.84199e-07,0.397949,0.0499875,0
187620,49.9989,49.6015,49.6048,0.200648,0.0566112,0.200648,0.152048,8.83149e-07,0.397472,0.0499875,0
187680,49.9989,49.6019,49.6052,0.200566,0.0566033,0.200566,0.151995,8.821e-07,0.396996,0.0499875,0
187740,49.9989,49.6024,49.6057,0.200485,0.0565954,0.200485,0.151943,8.81053e-07,0.39652,0.0499875,0
187800,49.9989,49.6029,49.6062,0.200404,0.0565876,0.200404,0.15189,8.80009e-07,0.396046,0.0499875,0
187860,49.9989,49.6034,49.6066,0.200323,0.0565798,0.200323,0.151837,8.78966e-07,0.395572,0.0499875,0
187920,49.9989,49.6038,49.6071,0.200242,0.056572,0.200242,0.151784,8.77925e-07,0.3951,0.0499875,0
187980,49.9989,49.6043,49.6076,0.200161,0.0565642,0.200161,0.151732,8.76885e-07,0.394628,0.0499875,0
188040,49.9989,49.6048,49.608,0.20008,0.0565564,0.20008,0.151679,8.75848e-07,0.394157,0.0499875,0
188100,49.9989,49.6052,49.6085,0.199999,0.0565486,0.199999,0.151627,8.74812e-07,0.393687,0.0499875,0
188160,49.9989,49.6057,49.609,0.199918,0.0565409,0.199918,0.151574,8.73779e-07,0.393217,0.0499875,0
188220,49.9989,49.6062,49.6094,0.199838,0.0565331,0.199838,0.151522,8.72747e-07,0.392749,0.0499875,0
188280,49.9989,49.6067,49.6099,0.199757,0.0565254,0.199757,0.151469,8.71717e-07,0.392281,0.0499875,0
188340,49.9989,49.6071,49.6103,0.199677,0.0565177,0.199677,0.151417,8.70689e-07,0.391814,0.0499875,0
188400,49.9989,49.6076,49.6108,0.199597,0.05651,0.199597,0.151365,8.69662e-07,0.391348,0.0499875,0
188460,49.9989,49.6081,49.6113,0.199516,0.0565023,0.199516,0.151313,8.68638e-07,0.390883,0.0499875,0
188520,49.9989,49.6085,49.6117,0.199436,0.0564947,0.199436,0.151261,8.67615e-07,0.390419,0.0499875,0
188580,49.9989,49.609,49.6122,0.199356,0.056487,0.199356,0.151209,8.66594e-07,0.389955,0.0499875,0
188640,49.9989,49.6094,49.6126,0.199277,0.0564794,0.199277,0.151157,8.65575e-07,0.389492,0.0499875,0
188700,49.9989,49.6099,49.6131,0.199197,0.0564717,0.199197,0.151105,8.64558e-07,0.389031,0.0499875,0
188760,49.9989,49.6104,49.6135,0.199117,0.0564641,0.199117,0.151053,8.63542e-07,0.38857,0.0499875,0
188820,49.9989,49.6108,49.614,0.199038,0.0564565,0.199038,0.151001,8.62528e-07,0.388109,0.0499875,0
188880,49.9989,49.6113,49.6145,0.198958,0.0564489,0.198958,0.150949,8.61516e-07,0.38765,0.0499875,0
188940,49.9989,49.6117,49.6149,0.198879,0.0564413,0.198879,0.150898,8.60506e-07,0.387191,0.0499875,0
189000,49.9989,49.6122,49.6154,0.198799,0.0564338,0.198799,0.150846,8.59498e-07,0.386734,0.0499875,0
189060,49.9989,49.6127,49.6158,0.19872,0.0564262,0.19872,0.150795,8.58491e-07,0.386277,0.0499875,0
189120,49.9989,49.6131,49.6163,0.198641,0.0564187,0.198641,0.150743,8.57486e-07,0.38582,0.0499875,0
189180,49.9989,49.6136,49.6167,0.198562,0.0564112,0.198562,0.150692,8.56483e-07,0.385365,0.0499875,0
189240,49.9989,49.614,49.6172,0.198483,0.0564037,0.198483,0.15064,8.55482e-07,0.384911,0.0499875,0
189300,49.9989,49.6145,49.6176,0.198404,0.0563962,0.198404,0.150589,8.54483e-07,0.384457,0.0499875,0
189360,49.9989,49.6149,49.6181,0.198326,0.0563887,0.198326,0.150538,8.53485e-07,0.384004,0.0499875,0
189420,49.9989,49.6154,49.6185,0.198247,0.0563812,0.198247,0.150487,8.52489e-07,0.383552,0.0499875,0
189480,49.9989,49.6158,49.619,0.198169,0.0563738,0.198169,0.150435,8.51495e-07,0.383101,0.0499875,0
189540,49.9989,49.6163,49.6194,0.19809,0.0563663,0.19809,0.150384,8.50502e-07,0.38265,0.0499875,0
189600,49.9989,49.6167,49.6198,0.198012,0.0563589,0.198012,0.150333,8.49511e-07,0.3822,0.0499875,0
189660,49.9989,49.6172,49.6203,0.197934,0.0563515,0.197934,0.150282,8.48522e-07,0.381751,0.0499875,0
189720,49.9989,49.6176,49.6207,0.197856,0.0563441,0.197856,0.150232,8.47535e-07,0.381303,0.0499875,0
189780,49.9989,49.6181,49.6212,0.197778,0.0563367,0.197778,0.150181,8.46549e-07,0.380856,0.0499875,0
189840,49.9989,49.6185,49.6216,0.1977,0.0563293,0.1977,0.15013,8.45565e-07,0.380409,0.0499875,0
189900,49.9989,49.619,49.622,0.197622,0.0563219,0.197622,0.150079,8.44583e-07,0.379964,0.0499875,0
189960,49.9989,49.6194,49.6225,0.197544,0.0563146,0.197544,0.150029,8.43603e-07,0.379519,0.0499875,0
190020,49.9989,49.6199,49.6229,0.197466,0.0563072,0.197466,0.149978,8.42624e-07,0.379075,0.0499875,0
190080,49.9989,49.6203,49.6234,0.197389,0.0562999,0.197389,0.149928,8.41647e-07,0.378631,0.0499875,0
190140,49.9989,49.6207,49.6238,0.197311,0.0562926,0.197311,0.149877,8.40672e-07,0.378188,0.0499875,0
190200,49.9989,49.6212,49.6242,0.197234,0.0562853,0.197234,0.149827,8.39698e-07,0.377747,0.0499875,0
190260,49.9989,49.6216,49.6247,0.197157,0.056278,0.197157,0.149776,8.38727e-07,0.377306,0.0499875,0
190320,49.9989,49.6221,49.6251,0.19708,0.0562707,0.19708,0.149726,8.37756e-07,0.376865,0.0499875,0
190380,49.9989,49.6225,49.6255,0.197003,0.0562634,0.197003,0.149676,8.36788e-07,0.376426,0.0499875,0
190440,49.9989,49.6229,49.626,0.196926,0.0562562,0.196926,0.149626,8.35821e-07,0.375987,0.0499875,0
190500,49.9989,49.6234,49.6264,0.196849,0.056249,0.196849,0.149575,8.34856e-07,0.375549,0.0499875,0
190560,49.9989,49.6238,49.6268,0.196772,0.0562417,0.196772,0.149525,8.33892e-07,0.375112,0.0499875,0
190620,49.9989,49.6243,49.6273,0.196695,0.0562345,0.196695,0.149475,8.32931e-07,0.374675,0.0499875,0
190680,49.9989,49.6247,49.6277,0.196619,0.0562273,0.196619,0.149425,8.31971e-07,0.37424,0.0499875,0
190740,49.9989,49.6251,49.6281,0.196542,0.0562201,0.196542,0.149376,8.31012e-07,0.373805,0.0499875,0
190800,49.9989,49.6256,49.6286,0.196466,0.056213,0.196466,0.149326,8.30055e-07,0.373371,0.0499875,0
190860,49.9989,49.626,49.629,0.196389,0.0562058,0.196389,0.149276,8.291e-07,0.372937,0.0499875,0
190920,49.9989,49.6264,49.6294,0.196313,0.0561986,0.196313,0.149226,8.28147e-07,0.372505,0.0499875,0
190980,49.9989,49.6269,49.6298,0.196237,0.0561915,0.196237,0.149177,8.27195e-07,0.372073,0.0499875,0
191040,49.9989,49.6273,49.6303,0.196161,0.0561844,0.196161,0.149127,8.26245e-07,0.371642,0.0499875,0
191100,49.9989,49.6277,49.6307,0.196085,0.0561773,0.196085,0.149077,8.25296e-07,0.371211,0.0499875,0
191160,49.9989,49.6282,49.6311,0.196009,0.0561702,0.196009,0.149028,8.2435e-07,0.370782,0.0499875,0
191220,49.9989,49.6286,49.6315,0.195933,0.0561631,0.195933,0.148979,8.23404e-07,0.370353,0.0499875,0
191280,49.9989,49.629,49.632,0.195858,0.056156,0.195858,0.148929,8.22461e-07,0.369925,0.0499875,0
191340,49.9989,49.6294,49.6324,0.195782,0.0561489,0.195782,0.14888,8.21519e-07,0.369497,0.0499875,0
191400,49.9989,49.6299,49.6328,0.195707,0.0561419,0.195707,0.148831,8.20578e-07,0.369071,0.0499875,0
191460,49.9989,49.6303,49.6332,0.195631,0.0561348,0.195631,0.148781,8.1964e-07,0.368645,0.0499875,0
191520,49.9989,49.6307,49.6337,0.195556,0.0561278,0.195556,0.148732,8.18703e-07,0.36822,0.0499875,0
191580,49.9989,49.6311,49.6341,0.195481,0.0561208,0.195481,0.148683,8.17767e-07,0.367795,0.0499875,0
191640,49.9989,49.6316,49.6345,0.195405,0.0561138,0.195405,0.148634,8.16833e-07,0.367372,0.0499875,0
191700,49.9989,49.632,49.6349,0.19533,0.0561068,0.19533,0.148585,8.15901e-07,0.366949,0.0499875,0
191760,49.9989,49.6324,49.6353,0.195255,0.0560998,0.195255,0.148536,8.14971e-07,0.366526,0.0499875,0
191820,49.9989,49.6328,49.6357,0.195181,0.0560929,0.195181,0.148487,8.14041e-07,0.366105,0.0499875,0
191880,49.9989,49.6333,49.6362,0.195106,0.0560859,0.195106,0.148438,8.13114e-07,0.365684,0.0499875,0
191940,49.9989,49.6337,49.6366,0.195031,0.056079,0.195031,0.14839,8.12188e-07,0.365264,0.0499875,0
192000,49.9989,49.6341,49.637,0.194956,0.056072,0.194956,0.148341,8.11264e-07,0.364845,0.0499875,0
192060,49.9989,49.6345,49.6374,0.194882,0.0560651,0.194882,0.148292,8.10341e-07,0.364426,0.0499875,0
192120,49.9989,49.6349,49.6378,0.194808,0.0560582,0.194808,0.148244,8.0942e-07,0.364009,0.0499875,0
192180,49.9989,49.6353,49.6382,0.194733,0.0560513,0.194733,0.148195,8.08501e-07,0.363591,0.0499875,0
192240,49.9989,49.6358,49.6386,0.194659,0.0560444,0.194659,0.148147,8.07583e-07,0.363175,0.0499875,0
192300,49.9989,49.6362,49.639,0.194585,0.0560375,0.194585,0.148098,8.06666e-07,0.362759,0.0499875,0
192360,49.9989,49.6366,49.6395,0.194511,0.0560307,0.194511,0.14805,8.05752e-07,0.362345,0.0499875,0
192420,49.9989,49.637,49.6399,0.194437,0.0560238,0.194437,0.148002,8.04838e-07,0.36193,0.0499875,0
192480,49.9989,49.6374,49.6403,0.194363,0.056017,0.194363,0.147953,8.03927e-07,0.361517,0.0499875,0
192540,49.9989,49.6378,49.6407,0.194289,0.0560102,0.194289,0.147905,8.03017e-07,0.361104,0.0499875,0
192600,49.9989,49.6382,49.6411,0.194215,0.0560034,0.194215,0.147857,8.02108e-07,0.360692,0.0499875,0
192660,49.9989,49.6387,49.6415,0.194142,0.0559965,0.194142,0.147809,8.01201e-07,0.36028,0.0499875,0
192720,49.9989,49.6391,49.6419,0.194068,0.0559898,0.194068,0.147761,8.00296e-07,0.35987,0.0499875,0
192780,49.9989,49.6395,49.6423,0.193995,0.055983,0.193995,0.147713,7.99392e-07,0.35946,0.0499875,0
192840,49.9989,49.6399,49.6427,0.193921,0.0559762,0.193921,0.147665,7.9849e-07,0.359051,0.0499875,0
192900,49.9989,49.6403,49.6431,0.193848,0.0559695,0.193848,0.147617,7.97589e-07,0.358642,0.0499875,0
192960,49.9989,49.6407,49.6435,0.193775,0.0559627,0.193775,0.147569,7.96689e-07,0.358234,0.0499875,0
193020,49.9989,49.6411,49.6439,0.193702,0.055956,0.193702,0.147521,7.95792e-07,0.357827,0.0499875,0
193080,49.9989,49.6415,49.6443,0.193629,0.0559493,0.193629,0.147474,7.94896e-07,0.357421,0.0499875,0
193140,49.9989,49.6419,49.6447,0.193556,0.0559425,0.193556,0.147426,7.94001e-07,0.357015,0.0499875,0
193200,49.9989,49.6423,49.6451,0.193483,0.0559358,0.193483,0.147378,7.93108e-07,0.35661,0.0499875,0
193260,49.9989,49.6427,49.6455,0.19341,0.0559292,0.19341,0.147331,7.92216e-07,0.356205,0.0499875,0
193320,49.9989,49.6431,49.6459,0.193338,0.0559225,0.193338,0.147283,7.91326e-07,0.355802,0.0499875,0
193380,49.9989,49.6435,49.6463,0.193265,0.0559158,0.193265,0.147236,7.90437e-07,0.355399,0.0499875,0
193440,49.9989,49.6439,49.6467,0.193193,0.0559092,0.193193,0.147189,7.8955e-07,0.354996,0.0499875,0
193500,49.9989,49.6443,49.6471,0.19312,0.0559025,0.19312,0.147141,7.88665e-07,0.354595,0.0499875,0
193560,49.9989,49.6447,49.6475,0.193048,0.0558959,0.193048,0.147094,7.8778e-07,0.354194,0.0499875,0
193620,49.9989,49.6451,49.6479,0.192976,0.0558893,0.192976,0.147047,7.86898e-07,0.353794,0.0499875,0
193680,49.9989,49.6455,49.6483,0.192903,0.0558827,0.192903,0.146999,7.86017e-07,0.353394,0.0499875,0
193740,49.9989,49.6459,49.6487,0.192831,0.0558761,0.192831,0.146952,7.85137e-07,0.352995,0.0499875,0
193800,49.9989,49.6463,49.6491,0.192759,0.0558695,0.192759,0.146905,7.84259e-07,0.352597,0.0499875,0
193860,49.9989,49.6467,49.6495,0.192687,0.0558629,0.192687,0.146858,7.83382e-07,0.3522,0.0499875,0
193920,49.9989,49.6471,49.6499,0.192616,0.0558563,0.192616,0.146811,7.82507e-07,0.351803,0.0499875,0
193980,49.9989,49.6475,49.6503,0.192544,0.0558498,0.192544,0.146764,7.81634e-07,0.351407,0.0499875,0
194040,49.9989,49.6479,49.6507,0.192472,0.0558433,0.192472,0.146717,7.80761e-07,0.351011,0.0499875,0
194100,49.9989,49.6483,49.651,0.192401,0.0558367,0.192401,0.146671,7.79891e-07,0.350616,0.0499875,0
194160,49.9989,49.6487,49.6514,0.192329,0.0558302,0.192329,0.146624,7.79021e-07,0.350222,0.0499875,0
194220,49.9989,49.6491,49.6518,0.192258,0.0558237,0.192258,0.146577,7.78154e-07,0.349829,0.0499875,0
194280,49.9989,49.6495,49.6522,0.192186,0.0558172,0.192186,0.14653,7.77287e-07,0.349436,0.0499875,0
194340,49.9989,49.6499,49.6526,0.192115,0.0558107,0.192115,0.146484,7.76422e-07,0.349044,0.0499875,0
194400,49.9989,49.6503,49.653,0.192044,0.0558042,0.192044,0.146437,7.75559e-07,0.348652,0.0499875,0
194460,49.9989,49.6507,49.6534,0.191973,0.0557978,0.191973,0.146391,7.74697e-07,0.348262,0.0499875,0
194520,49.9989,49.6511,49.6538,0.191902,0.0557913,0.191902,0.146344,7.73836e-07,0.347871,0.0499875,0
194580,49.9989,49.6515,49.6541,0.191831,0.0557849,0.191831,0.146298,7.72977e-07,0.347482,0.0499875,0
194640,49.9989,49.6518,49.6545,0.19176,0.0557784,0.19176,0.146252,7.7212e-07,0.347093,0.0499875,0
194700,49.9989,49.6522,49.6549,0.19169,0.055772,0.19169,0.146205,7.71264e-07,0.346705,0.0499875,0
194760,49.9989,49.6526,49.6553,0.191619,0.0557656,0.191619,0.146159,7.70409e-07,0.346317,0.0499875,0
194820,49.9989,49.653,49.6557,0.191548,0.0557592,0.191548,0.146113,7.69556e-07,0.345931,0.0499875,0
194880,49.9989,49.6534,49.6561,0.191478,0.0557528,0.191478,0.146067,7.68704e-07,0.345544,0.0499875,0
194940,49.9989,49.6538,49.6564,0.191407,0.0557464,0.191407,0.146021,7.67853e-07,0.345159,0.0499875,0
195000,49.9989,49.6542,49.6568,0.191337,0.0557401,0.191337,0.145975,7.67004e-07,0.344774,0.0499875,0
195060,49.9989,49.6545,49.6572,0.191267,0.0557337,0.191267,0.145929,7.66157e-07,0.34439,0.0499875,0
195120,49.9989,49.6549,49.6576,0.191197,0.0557274,0.191197,0.145883,7.6531e-07,0.344006,0.0499875,0
195180,49.9989,49.6553,49.658,0.191127,0.055721,0.191127,0.145837,7.64466e-07,0.343623,0.0499875,0
195240,49.9989,49.6557,49.6583,0.191057,0.0557147,0.191057,0.145791,7.63622e-07,0.343241,0.0499875,0
195300,49.9989,49.6561,49.6587,0.190987,0.0557084,0.190987,0.145745,7.6278e-07,0.342859,0.0499875,0
195360,49.9989,49.6565,49.6591,0.190917,0.0557021,0.190917,0.145699,7.6194e-07,0.342478,0.0499875,0
195420,49.9989,49.6568,49.6595,0.190847,0.0556958,0.190847,0.145654,7.61101e-07,0.342098,0.0499875,0
195480,49.9989,49.6572,49.6598,0.190778,0.0556895,0.190778,0.145608,7.60263e-07,0.341718,0.0499875,0
195540,49.9989,49.6576,49.6602,0.190708,0.0556832,0.190708,0.145562,7.59426e-07,0.341339,0.0499875,0
195600,49.9989,49.658,49.6606,0.190638,0.055677,0.190638,0.145517,7.58592e-07,0.340961,0.0499875,0
195660,49.9989,49.6584,49.661,0.190569,0.0556707,0.190569,0.145471,7.57758e-07,0.340583,0.0499875,0
195720,49.9989,49.6587,49.6613,0.1905,0.0556645,0.1905,0.145426,7.56926e-07,0.340206,0.0499875,0
195780,49.9989,49.6591,49.6617,0.19043,0.0556583,0.19043,0.145381,7.56095e-07,0.339829,0.0499875,0
195840,49.9989,49.6595,49.6621,0.190361,0.055652,0.190361,0.145335,7.55266e-07,0.339453,0.0499875,0
195900,49.9989,49.6599,49.6624,0.190292,0.0556458,0.190292,0.14529,7.54438e-07,0.339078,0.0499875,0
195960,49.9989,49.6602,49.6628,0.190223,0.0556396,0.190223,0.145245,7.53611e-07,0.338703,0.0499875,0
196020,49.9989,49.6606,49.6632,0.190154,0.0556334,0.190154,0.1452,7.52786e-07,0.338329,0.0499875,0
196080,49.9989,49.661,49.6636,0.190085,0.0556273,0.190085,0.145154,7.51962e-07,0.337956,0.0499875,0
196140,49.9989,49.6614,49.6639,0.190016,0.0556211,0.190016,0.145109,7.51139e-07,0.337583,0.0499875,0
196200,49.9989,49.6617,49.6643,0.189948,0.0556149,0.189948,0.145064,7.50318e-07,0.337211,0.0499875,0
196260,49.9989,49.6621,49.6647,0.189879,0.0556088,0.189879,0.145019,7.49498e-07,0.336839,0.0499875,0
196320,49.9989,49.6625,49.665,0.189811,0.0556026,0.189811,0.144974,7.4868e-07,0.336468,0.0499875,0
196380,49.9989,49.6628,49.6654,0.189742,0.0555965,0.189742,0.144929,7.47863e-07,0.336098,0.0499875,0
196440,49.9989,49.6632,49.6658,0.189674,0.0555904,0.189674,0.144885,7.47047e-07,0.335728,0.0499875,0
196500,49.9989,49.6636,49.6661,0.189605,0.0555843,0.189605,0.14484,7.46232e-07,0.335359,0.0499875,0
196560,49.9989,49.6639,49.6665,0.189537,0.0555782,0.189537,0.144795,7.45419e-07,0.334991,0.0499875,0
196620,49.9989,49.6643,49.6669,0.189469,0.0555721,0.189469,0.14475,7.44608e-07,0.334623,0.0499875,0
196680,49.9989,49.6647,49.6672,0.189401,0.055566,0.189401,0.144706,7.43797e-07,0.334256,0.0499875,0
196740,49.9989,49.665,49.6676,0.189333,0.05556,0.189333,0.144661,7.42988e-07,0.333889,0.0499875,0
196800,49.9989,49.6654,49.6679,0.189265,0.0555539,0.189265,0.144616,7.42181e-07,0.333523,0.0499875,0
196860,49.9989,49.6658,49.6683,0.189197,0.0555478,0.189197,0.144572,7.41374e-07,0.333158,0.0499875,0
196920,49.9989,49.6661,49.6687,0.189129,0.0555418,0.189129,0.144528,7.40569e-07,0.332793,0.0499875,0
196980,49.9989,49.6665,49.669,0.189062,0.0555358,0.189062,0.144483,7.39765e-07,0.332429,0.0499875,0
197040,49.9989,49.6669,49.6694,0.188994,0.0555298,0.188994,0.144439,7.38963e-07,0.332065,0.0499875,0
197100,49.9989,49.6672,49.6697,0.188926,0.0555238,0.188926,0.144394,7.38162e-07,0.331702,0.0499875,0
197160,49.9989,49.6676,49.6701,0.188859,0.0555178,0.188859,0.14435,7.37362e-07,0.33134,0.0499875,0
197220,49.9989,49.668,49.6705,0.188792,0.0555118,0.188792,0.144306,7.36564e-07,0.330978,0.0499875,0
197280,49.9989,49.6683,49.6708,0.188724,0.0555058,0.188724,0.144262,7.35767e-07,0.330617,0.0499875,0
197340,49.9989,49.6687,49.6712,0.188657,0.0554998,0.188657,0.144218,7.34971e-07,0.330256,0.0499875,0
197400,49.9989,49.669,49.6715,0.18859,0.0554939,0.18859,0.144174,7.34176e-07,0.329896,0.0499875,0
197460,49.9989,49.6694,49.6719,0.188523,0.0554879,0.188523,0.14413,7.33383e-07,0.329537,0.0499875,0
197520,49.9989,49.6698,49.6722,0.188456,0.055482,0.188456,0.144086,7.32591e-07,0.329178,0.0499875,0
197580,49.9989,49.6701,49.6726,0.188389,0.055476,0.188389,0.144042,7.31801e-07,0.32882,0.0499875,0
197640,49.9989,49.6705,49.6729,0.188322,0.0554701,0.188322,0.143998,7.31011e-07,0.328462,0.0499875,0
197700,49.9989,49.6708,49.6733,0.188255,0.0554642,0.188255,0.143954,7.30223e-07,0.328105,0.0499875,0
197760,49.9989,49.6712,49.6736,0.188189,0.0554583,0.188189,0.14391,7.29437e-07,0.327749,0.0499875,0
197820,49.9989,49.6715,49.674,0.188122,0.0554524,0.188122,0.143866,7.28651e-07,0.327393,0.0499875,0
197880,49.9989,49.6719,49.6743,0.188055,0.0554465,0.188055,0.143823,7.27867e-07,0.327038,0.0499875,0
197940,49.9989,49.6723,49.6747,0.187989,0.0554407,0.187989,0.143779,7.27084e-07,0.326683,0.0499875,0
198000,49.9989,49.6726,49.6751,0.187923,0.0554348,0.187923,0.143735,7.26303e-07,0.326329,0.0499875,0
198060,49.9989,49.673,49.6754,0.187856,0.055429,0.187856,0.143692,7.25522e-07,0.325975,0.0499875,0
198120,49.9989,49.6733,49.6757,0.18779,0.0554231,0.18779,0.143648,7.24743e-07,0.325622,0.0499875,0
198180,49.9989,49.6737,49.6761,0.187724,0.0554173,0.187724,0.143605,7.23965e-07,0.32527,0.0499875,0
198240,49.9989,49.674,49.6764,0.187658,0.0554115,0.187658,0.143562,7.23189e-07,0.324918,0.0499875,0
198300,49.9989,49.6744,49.6768,0.187592,0.0554056,0.187592,0.143518,7.22414e-07,0.324567,0.0499875,0
198360,49.9989,49.6747,49.6771,0.187526,0.0553998,0.187526,0.143475,7.2164e-07,0.324217,0.0499875,0
198420,49.9989,49.6751,49.6775,0.18746,0.055394,0.18746,0.143432,7.20867e-07,0.323867,0.0499875,0
198480,49.9989,49.6754,49.6778,0.187394,0.0553883,0.187394,0.143388,7.20096e-07,0.323517,0.0499875,0
198540,49.9989,49.6758,49.6782,0.187328,0.0553825,0.187328,0.143345,7.19325e-07,0.323168,0.0499875,0
198600,49.9989,49.6761,49.6785,0.187263,0.0553767,0.187263,0.143302,7.18556e-07,0.32282,0.0499875,0
198660,49.9989,49.6765,49.6789,0.187197,0.055371,0.187197,0.143259,7.17789e-07,0.322472,0.0499875,0
198720,49.9989,49.6768,49.6792,0.187132,0.0553652,0.187132,0.143216,7.17022e-07,0.322125,0.0499875,0
198780,49.9989,49.6772,49.6795,0.187066,0.0553595,0.187066,0.143173,7.16257e-07,0.321778,0.0499875,0
198840,49.9989,49.6775,49.6799,0.187001,0.0553537,0.187001,0.14313,7.15493e-07,0.321432,0.0499875,0
198900,49.9989,49.6778,49.6802,0.186935,0.055348,0.186935,0.143087,7.1473e-07,0.321087,0.0499875,0
198960,49.9989,49.6782,49.6806,0.18687,0.0553423,0.18687,0.143044,7.13969e-07,0.320742,0.0499875,0
199020,49.9989,49.6785,49.6809,0.186805,0.0553366,0.186805,0.143001,7.13208e-07,0.320398,0.0499875,0
199080,49.9989,49.6789,49.6813,0.18674,0.0553309,0.18674,0.142959,7.12449e-07,0.320054,0.0499875,0
199140,49.9989,49.6792,49.6816,0.186675,0.0553252,0.186675,0.142916,7.11692e-07,0.319711,0.0499875,0
199200,49.9989,49.6796,49.6819,0.18661,0.0553196,0.18661,0.142873,7.10935e-07,0.319368,0.0499875,0
199260,49.9989,49.6799,49.6823,0.186545,0.0553139,0.186545,0.142831,7.1018e-07,0.319026,0.0499875,0
199320,49.9989,49.6803,49.6826,0.186481,0.0553082,0.186481,0.142788,7.09426e-07,0.318684,0.0499875,0
199380,49.9989,49.6806,49.6829,0.186416,0.0553026,0.186416,0.142745,7.08673e-07,0.318343,0.0499875,0
199440,49.9989,49.6809,49.6833,0.186351,0.0552969,0.186351,0.142703,7.07921e-07,0.318003,0.0499875,0
199500,49.9989,49.6813,49.6836,0.186287,0.0552913,0.186287,0.14266,7.0717e-07,0.317663,0.0499875,0
199560,49.9989,49.6816,49.684,0.186222,0.0552857,0.186222,0.142618,7.06421e-07,0.317324,0.0499875,0
199620,49.9989,49.6819,49.6843,0.186158,0.0552801,0.186158,0.142576,7.05673e-07,0.316985,0.0499875,0
199680,49.9989,49.6823,49.6846,0.186093,0.0552745,0.186093,0.142533,7.04926e-07,0.316646,0.0499875,0
199740,49.9989,49.6826,49.685,0.186029,0.0552689,0.186029,0.142491,7.04181e-07,0.316309,0.0499875,0
199800,49.9989,49.683,49.6853,0.185965,0.0552633,0.185965,0.142449,7.03436e-07,0.315972,0.0499875,0
199860,49.9989,49.6833,49.6856,0.185901,0.0552577,0.185901,0.142407,7.02693e-07,0.315635,0.0499875,0
199920,49.9989,49.6836,49.686,0.185837,0.0552522,0.185837,0.142365,7.01951e-07,0.315299,0.0499875,0
199980,49.9989,49.684,49.6863,0.185773,0.0552466,0.185773,0.142322,7.0121e-07,0.314964,0.0499875,0
200040,49.9989,49.6843,49.6866,0.185709,0.0552411,0.185709,0.14228,7.0047e-07,0.314629,0.0499875,0
200100,49.9989,49.6846,49.6869,0.185645,0.0552355,0.185645,0.142238,6.99732e-07,0.314294,0.0499875,0
200160,49.9989,49.685,49.6873,0.185581,0.05523,0.185581,0.142196,6.98994e-07,0.31396,0.0499875,0
200220,49.9989,49.6853,49.6876,0.185517,0.0552245,0.185517,0.142154,6.98258e-07,0.313627,0.0499875,0
200280,49.9989,49.6856,49.6879,0.185454,0.055219,0.185454,0.142113,6.97523e-07,0.313294,0.0499875,0
200340,49.9989,49.686,49.6883,0.18539,0.0552135,0.18539,0.142071,6.96789e-07,0.312962,0.0499875,0
200400,49.9989,49.6863,49.6886,0.185327,0.055208,0.185327,0.142029,6.96057e-07,0.31263,0.0499875,0
200460,49.9989,49.6866,49.6889,0.185263,0.0552025,0.185263,0.141987,6.95325e-07,0.312299,0.0499875,0
200520,49.9989,49.687,49.6892,0.1852,0.055197,0.1852,0.141946,6.94595e-07,0.311968,0.0499875,0
200580,49.9989,49.6873,49.6896,0.185137,0.0551915,0.185137,0.141904,6.93866e-07,0.311638,0.0499875,0
200640,49.9989,49.6876,49.6899,0.185074,0.0551861,0.185074,0.141862,6.93138e-07,0.311309,0.0499875,0
200700,49.9989,49.688,49.6902,0.18501,0.0551806,0.18501,0.141821,6.92411e-07,0.310979,0.0499875,0
200760,49.9989,49.6883,49.6906,0.184947,0.0551752,0.184947,0.141779,6.91686e-07,0.310651,0.0499875,0
200820,49.9989,49.6886,49.6909,0.184884,0.0551698,0.184884,0.141738,6.90961e-07,0.310323,0.0499875,0
200880,49.9989,49.6889,49.6912,0.184821,0.0551643,0.184821,0.141696,6.90238e-07,0.309995,0.0499875,0
200940,49.9989,49.6893,49.6915,0.184759,0.0551589,0.184759,0.141655,6.89516e-07,0.309668,0.0499875,0
201000,49.9989,49.6896,49.6918,0.184696,0.0551535,0.184696,0.141614,6.88795e-07,0.309342,0.0499875,0
201060,49.9989,49.6899,49.6922,0.184633,0.0551481,0.184633,0.141572,6.88075e-07,0.309016,0.0499875,0
201120,49.9989,49.6902,49.6925,0.18457,0.0551427,0.18457,0.141531,6.87356e-07,0.308691,0.0499875,0
201180,49.9989,49.6906,49.6928,0.184508,0.0551373,0.184508,0.14149,6.86639e-07,0.308366,0.0499875,0
201240,49.9989,49.6909,49.6931,0.184445,0.055132,0.184445,0.141449,6.85922e-07,0.308042,0.0499875,0
201300,49.9989,49.6912,49.6935,0.184383,0.0551266,0.184383,0.141407,6.85207e-07,0.307718,0.0499875,0
201360,49.9989,49.6915,49.6938,0.18432,0.0551212,0.18432,0.141366,6.84493e-07,0.307394,0.0499875,0
201420,49.9989,49.6919,49.6941,0.184258,0.0551159,0.184258,0.141325,6.8378e-07,0.307072,0.0499875,0
201480,49.9989,49.6922,49.6944,0.184196,0.0551106,0.184196,0.141284,6.83068e-07,0.306749,0.0499875,0
201540,49.9989,49.6925,49.6947,0.184134,0.0551052,0.184134,0.141243,6.82357e-07,0.306428,0.0499875,0
201600,49.9989,49.6928,49.695,0.184072,0.0550999,0.184072,0.141202,6.81648e-07,0.306106,0.0499875,0
201660,49.9989,49.6931,49.6954,0.184009,0.0550946,0.184009,0.141162,6.80939e-07,0.305786,0.0499875,0
201720,49.9989,49.6935,49.6957,0.183947,0.0550893,0.183947,0.141121,6.80232e-07,0.305465,0.0499875,0
201780,49.9989,49.6938,49.696,0.183886,0.055084,0.183886,0.14108,6.79526e-07,0.305146,0.0499875,0
201840,49.9989,49.6941,49.6963,0.183824,0.0550787,0.183824,0.141039,6.7882e-07,0.304827,0.0499875,0
201900,49.9989,49.6944,49.6966,0.183762,0.0550734,0.183762,0.140998,6.78116e-07,0.304508,0.0499875,0
201960,49.9989,49.6947,49.6969,0.1837,0.0550681,0.1837,0.140958,6.77414e-07,0.30419,0.0499875,0
202020,49.9989,49.6951,49.6973,0.183639,0.0550629,0.183639,0.140917,6.76712e-07,0.303872,0.0499875,0
202080,49.9989,49.6954,49.6976,0.183577,0.0550576,0.183577,0.140877,6.76011e-07,0.303555,0.0499875,0
202140,49.9989,49.6957,49.6979,0.183516,0.0550524,0.183516,0.140836,6.75312e-07,0.303238,0.0499875,0
202200,49.9989,49.696,49.6982,0.183454,0.0550471,0.183454,0.140796,6.74613e-07,0.302922,0.0499875,0
202260,49.9989,49.6963,49.6985,0.183393,0.0550419,0.183393,0.140755,6.73916e-07,0.302606,0.0499875,0
202320,49.9989,49.6966,49.6988,0.183331,0.0550367,0.183331,0.140715,6.73219e-07,0.302291,0.0499875,0
202380,49.9989,49.697,49.6991,0.18327,0.0550315,0.18327,0.140674,6.72524e-07,0.301977,0.0499875,0
202440,49.9989,49.6973,49.6994,0.183209,0.0550263,0.183209,0.140634,6.7183e-07,0.301662,0.0499875,0
202500,49.9989,49.6976,49.6998,0.183148,0.0550211,0.183148,0.140594,6.71137e-07,0.301349,0.0499875,0
202560,49.9989,49.6979,49.7001,0.183087,0.0550159,0.183087,0.140553,6.70445e-07,0.301036,0.0499875,0
202620,49.9989,49.6982,49.7004,0.183026,0.0550107,0.183026,0.140513,6.69754e-07,0.300723,0.0499875,0
202680,49.9989,49.6985,49.7007,0.182965,0.0550055,0.182965,0.140473,6.69065e-07,0.300411,0.0499875,0
202740,49.9989,49.6988,49.701,0.182904,0.0550004,0.182904,0.140433,6.68376e-07,0.300099,0.0499875,0
202800,49.9989,49.6991,49.7013,0.182843,0.0549952,0.182843,0.140393,6.67689e-07,0.299788,0.0499875,0
202860,49.9989,49.6995,49.7016,0.182783,0.0549901,0.182783,0.140353,6.67002e-07,0.299477,0.0499875,0
202920,49.9989,49.6998,49.7019,0.182722,0.0549849,0.182722,0.140313,6.66317e-07,0.299167,0.0499875,0
202980,49.9989,49.7001,49.7022,0.182661,0.0549798,0.182661,0.140273,6.65632e-07,0.298857,0.0499875,0
203040,49.9989,49.7004,49.7025,0.182601,0.0549747,0.182601,0.140233,6.64949e-07,0.298548,0.0499875,0
203100,49.9989,49.7007,49.7028,0.18254,0.0549695,0.18254,0.140193,6.64267e-07,0.298239,0.0499875,0
203160,49.9989,49.701,49.7031,0.18248,0.0549644,0.18248,0.140153,6.63586e-07,0.297931,0.0499875,0
203220,49.9989,49.7013,49.7034,0.18242,0.0549593,0.18242,0.140113,6.62906e-07,0.297623,0.0499875,0
203280,49.9989,49.7016,49.7037,0.18236,0.0549542,0.18236,0.140074,6.62227e-07,0.297316,0.0499875,0
203340,49.9989,49.7019,49.704,0.182299,0.0549492,0.182299,0.140034,6.61549e-07,0.297009,0.0499875,0
203400,49.9989,49.7022,49.7043,0.182239,0.0549441,0.182239,0.139994,6.60872e-07,0.296703,0.0499875,0
203460,49.9989,49.7025,49.7046,0.182179,0.054939,0.182179,0.139955,6.60196e-07,0.296397,0.0499875,0
203520,49.9989,49.7028,49.705,0.182119,0.054934,0.182119,0.139915,6.59521e-07,0.296092,0.0499875,0
203580,49.9989,49.7031,49.7053,0.182059,0.0549289,0.182059,0.139876,6.58848e-07,0.295787,0.0499875,0
203640,49.9989,49.7035,49.7056,0.181999,0.0549239,0.181999,0.139836,6.58175e-07,0.295483,0.0499875,0
203700,49.9989,49.7038,49.7059,0.18194,0.0549188,0.18194,0.139797,6.57503e-07,0.295179,0.0499875,0
203760,49.9989,49.7041,49.7062,0.18188,0.0549138,0.18188,0.139757,6.56833e-07,0.294875,0.0499875,0
203820,49.9989,49.7044,49.7065,0.18182,0.0549088,0.18182,0.139718,6.56163e-07,0.294572,0.0499875,0
203880,49.9989,49.7047,49.7068,0.181761,0.0549038,0.181761,0.139678,6.55495e-07,0.29427,0.0499875,0
203940,49.9989,49.705,49.7071,0.181701,0.0548987,0.181701,0.139639,6.54827e-07,0.293968,0.0499875,0
204000,49.9989,49.7053,49.7074,0.181642,0.0548937,0.181642,0.1396,6.54161e-07,0.293666,0.0499875,0
204060,49.9989,49.7056,49.7076,0.181582,0.0548888,0.181582,0.139561,6.53496e-07,0.293365,0.0499875,0
204120,49.9989,49.7059,49.7079,0.181523,0.0548838,0.181523,0.139521,6.52831e-07,0.293065,0.0499875,0
204180,49.9989,49.7062,49.7082,0.181463,0.0548788,0.181463,0.139482,6.52168e-07,0.292765,0.0499875,0
204240,49.9989,49.7065,49.7085,0.181404,0.0548738,0.181404,0.139443,6.51506e-07,0.292465,0.0499875,0
204300,49.9989,49.7068,49.7088,0.181345,0.0548689,0.181345,0.139404,6.50844e-07,0.292166,0.0499875,0
204360,49.9989,49.7071,49.7091,0.181286,0.0548639,0.181286,0.139365,6.50184e-07,0.291867,0.0499875,0
204420,49.9989,49.7074,49.7094,0.181227,0.054859,0.181227,0.139326,6.49525e-07,0.291569,0.0499875,0
204480,49.9989,49.7077,49.7097,0.181168,0.054854,0.181168,0.139287,6.48867e-07,0.291271,0.0499875,0
204540,49.9989,49.708,49.71,0.181109,0.0548491,0.181109,0.139248,6.4821e-07,0.290974,0.0499875,0
204600,49.9989,49.7083,49.7103,0.18105,0.0548442,0.18105,0.139209,6.47554e-07,0.290677,0.0499875,0
204660,49.9989,49.7086,49.7106,0.180991,0.0548393,0.180991,0.13917,6.46899e-07,0.29038,0.0499875,0
204720,49.9989,49.7088,49.7109,0.180933,0.0548344,0.180933,0.139132,6.46244e-07,0.290085,0.0499875,0
204780,49.9989,49.7091,49.7112,0.180874,0.0548295,0.180874,0.139093,6.45591e-07,0.289789,0.0499875,0
204840,49.9989,49.7094,49.7115,0.180815,0.0548246,0.180815,0.139054,6.44939e-07,0.289494,0.0499875,0
204900,49.9989,49.7097,49.7118,0.180757,0.0548197,0.180757,0.139016,6.44288e-07,0.289199,0.0499875,0
204960,49.9989,49.71,49.7121,0.180698,0.0548148,0.180698,0.138977,6.43638e-07,0.288905,0.0499875,0
205020,49.9989,49.7103,49.7124,0.18064,0.05481,0.18064,0.138938,6.42989e-07,0.288612,0.0499875,0
205080,49.9989,49.7106,49.7126,0.180582,0.0548051,0.180582,0.1389,6.42341e-07,0.288319,0.0499875,0
205140,49.9989,49.7109,49.7129,0.180523,0.0548002,0.180523,0.138861,6.41694e-07,0.288026,0.0499875,0
205200,49.9989,49.7112,49.7132,0.180465,0.0547954,0.180465,0.138823,6.41048e-07,0.287734,0.0499875,0
205260,49.9989,49.7115,49.7135,0.180407,0.0547906,0.180407,0.138784,6.40403e-07,0.287442,0.0499875,0
205320,49.9989,49.7118,49.7138,0.180349,0.0547857,0.180349,0.138746,6.39759e-07,0.28715,0.0499875,0
205380,49.9989,49.7121,49.7141,0.180291,0.0547809,0.180291,0.138708,6.39116e-07,0.28686,0.0499875,0
205440,49.9989,49.7124,49.7144,0.180233,0.0547761,0.180233,0.138669,6.38473e-07,0.286569,0.0499875,0
205500,49.9989,49.7127,49.7147,0.180175,0.0547713,0.180175,0.138631,6.37832e-07,0.286279,0.0499875,0
205560,49.9989,49.7129,49.7149,0.180117,0.0547665,0.180117,0.138593,6.37192e-07,0.285989,0.0499875,0
205620,49.9989,49.7132,49.7152,0.180059,0.0547617,0.180059,0.138554,6.36553e-07,0.2857,0.0499875,0
205680,49.9989,49.7135,49.7155,0.180001,0.0547569,0.180001,0.138516,6.35915e-07,0.285412,0.0499875,0
205740,49.9989,49.7138,49.7158,0.179944,0.0547521,0.179944,0.138478,6.35278e-07,0.285123,0.0499875,0
205800,49.9989,49.7141,49.7161,0.179886,0.0547474,0.179886,0.13844,6.34641e-07,0.284836,0.0499875,0
205860,49.9989,49.7144,49.7164,0.179829,0.0547426,0.179829,0.138402,6.34006e-07,0.284548,0.0499875,0
205920,49.9989,49.7147,49.7167,0.179771,0.0547378,0.179771,0.138364,6.33372e-07,0.284261,0.0499875,0
205980,49.9989,49.715,49.7169,0.179714,0.0547331,0.179714,0.138326,6.32739e-07,0.283975,0.0499875,0
206040,49.9989,49.7152,49.7172,0.179656,0.0547283,0.179656,0.138288,6.32106e-07,0.283689,0.0499875,0
206100,49.9989,49.7155,49.7175,0.179599,0.0547236,0.179599,0.13825,6.31475e-07,0.283403,0.0499875,0
206160,49.9989,49.7158,49.7178,0.179542,0.0547189,0.179542,0.138212,6.30844e-07,0.283118,0.0499875,0
206220,49.9989,49.7161,49.7181,0.179485,0.0547142,0.179485,0.138174,6.30215e-07,0.282834,0.0499875,0
206280,49.9989,49.7164,49.7183,0.179427,0.0547094,0.179427,0.138137,6.29586e-07,0.282549,0.0499875,0
206340,49.9989,49.7167,49.7186,0.17937,0.0547047,0.17937,0.138099,6.28959e-07,0.282266,0.0499875,0
206400,49.9989,49.717,49.7189,0.179313,0.0547,0.179313,0.138061,6.28332e-07,0.281982,0.0499875,0
206460,49.9989,49.7172,49.7192,0.179256,0.0546953,0.179256,0.138023,6.27707e-07,0.281699,0.0499875,0
206520,49.9989,49.7175,49.7195,0.179199,0.0546907,0.179199,0.137986,6.27082e-07,0.281417,0.0499875,0
206580,49.9989,49.7178,49.7197,0.179143,0.054686,0.179143,0.137948,6.26458e-07,0.281135,0.0499875,0
206640,49.9989,49.7181,49.72,0.179086,0.0546813,0.179086,0.137911,6.25836e-07,0.280853,0.0499875,0
206700,49.9989,49.7184,49.7203,0.179029,0.0546766,0.179029,0.137873,6.25214e-07,0.280572,0.0499875,0
206760,49.9989,49.7186,49.7206,0.178972,0.054672,0.178972,0.137836,6.24593e-07,0.280291,0.0499875,0
206820,49.9989,49.7189,49.7209,0.178916,0.0546673,0.178916,0.137798,6.23973e-07,0.280011,0.0499875,0
206880,49.9989,49.7192,49.7211,0.178859,0.0546627,0.178859,0.137761,6.23354e-07,0.279731,0.0499875,0
206940,49.9989,49.7195,49.7214,0.178803,0.0546581,0.178803,0.137723,6.22736e-07,0.279451,0.0499875,0
207000,49.9989,49.7198,49.7217,0.178746,0.0546534,0.178746,0.137686,6.2212e-07,0.279172,0.0499875,0
207060,49.9989,49.72,49.722,0.17869,0.0546489,0.17869,0.137649,6.21527e-07,0.278894,0.0499875,0
207120,49.9989,49.7203,49.7222,0.178634,0.0546444,0.178634,0.137611,6.20945e-07,0.278616,0.0499875,0
207180,49.9989,49.7206,49.7225,0.178578,0.0546399,0.178578,0.137574,6.20363e-07,0.278338,0.0499875,0
207240,49.9989,49.7209,49.7228,0.178521,0.0546354,0.178521,0.137537,6.19783e-07,0.278063,0.0499875,0
207300,49.9989,49.7211,49.723,0.178465,0.0546309,0.178465,0.1375,6.19202e-07,0.277789,0.0499875,0
207360,49.9989,49.7214,49.7233,0.178409,0.0546264,0.178409,0.137463,6.18623e-07,0.277517,0.0499875,0
207420,49.9989,49.7217,49.7235,0.178353,0.054622,0.178353,0.137426,6.18045e-07,0.277246,0.0499875,0
207480,49.9989,49.722,49.7238,0.178297,0.0546175,0.178297,0.137389,6.17468e-07,0.276978,0.0499875,0
207540,49.9989,49.7222,49.724,0.178241,0.0546131,0.178241,0.137351,6.16892e-07,0.276712,0.0499875,0
207600,49.9989,49.7225,49.7243,0.178185,0.0546086,0.178185,0.137314,6.16316e-07,0.276447,0.0499875,0
207660,49.9989,49.7228,49.7246,0.178129,0.0546042,0.178129,0.137278,6.15742e-07,0.276183,0.0499875,0
207720,49.9989,49.723,49.7248,0.178074,0.0545998,0.178074,0.137241,6.15168e-07,0.275921,0.0499875,0
207780,49.9989,49.7233,49.7251,0.178018,0.0545953,0.178018,0.137204,6.14595e-07,0.27566,0.0499875,0
207840,49.9989,49.7235,49.7253,0.177962,0.0545909,0.177962,0.137167,6.14023e-07,0.2754,0.0499875,0
207900,49.9989,49.7238,49.7256,0.177907,0.0545865,0.177907,0.13713,6.13452e-07,0.275142,0.0499875,0
207960,49.9989,49.724,49.7258,0.177851,0.0545821,0.177851,0.137093,6.12882e-07,0.274885,0.0499875,0
208020,49.9989,49.7243,49.7261,0.177796,0.0545777,0.177796,0.137056,6.12312e-07,0.274628,0.0499875,0
208080,49.9989,49.7246,49.7263,0.17774,0.0545733,0.17774,0.13702,6.11743e-07,0.274373,0.0499875,0
208140,49.9989,49.7248,49.7266,0.177685,0.0545689,0.177685,0.136983,6.11176e-07,0.274119,0.0499875,0
208200,49.9989,49.7251,49.7268,0.17763,0.0545646,0.17763,0.136946,6.10609e-07,0.273865,0.0499875,0
208260,49.9989,49.7253,49.7271,0.177574,0.0545602,0.177574,0.13691,6.10043e-07,0.273612,0.0499875,0
208320,49.9989,49.7256,49.7273,0.177519,0.0545558,0.177519,0.136873,6.09477e-07,0.27336,0.0499875,0
208380,49.9989,49.7258,49.7276,0.177464,0.0545515,0.177464,0.136837,6.08913e-07,0.273109,0.0499875,0
208440,49.9989,49.7261,49.7278,0.177409,0.0545471,0.177409,0.1368,6.08349e-07,0.272859,0.0499875,0
208500,49.9989,49.7263,49.728,0.177354,0.0545428,0.177354,0.136764,6.07786e-07,0.272609,0.0499875,0
208560,49.9989,49.7266,49.7283,0.177299,0.0545384,0.177299,0.136727,6.07224e-07,0.272359,0.0499875,0
208620,49.9989,49.7268,49.7285,0.177244,0.0545341,0.177244,0.136691,6.06663e-07,0.27211,0.0499875,0
208680,49.9989,49.7271,49.7288,0.177189,0.0545298,0.177189,0.136654,6.06101e-07,0.271862,0.0499875,0
208740,49.9989,49.7273,49.729,0.177134,0.0545254,0.177134,0.136618,6.05538e-07,0.271614,0.0499875,0
208800,49.9989,49.7276,49.7293,0.177079,0.0545211,0.177079,0.136582,6.04976e-07,0.271367,0.0499875,0
208860,49.9989,49.7278,49.7295,0.177025,0.0545167,0.177025,0.136545,6.04396e-07,0.27112,0.0499875,0
208920,49.9989,49.7281,49.7298,0.17697,0.0545124,0.17697,0.136509,6.03814e-07,0.270873,0.0499875,0
208980,49.9989,49.7283,49.73,0.176915,0.054508,0.176915,0.136473,6.03229e-07,0.270626,0.0499875,0
209040,49.9989,49.7286,49.7303,0.176861,0.0545036,0.176861,0.136437,6.02643e-07,0.270378,0.0499875,0
209100,49.9989,49.7288,49.7305,0.176806,0.0544992,0.176806,0.136401,6.02053e-07,0.270131,0.0499875,0
209160,49.9989,49.7291,49.7308,0.176752,0.0544948,0.176752,0.136365,6.01465e-07,0.269883,0.0499875,0
209220,49.9989,49.7293,49.731,0.176697,0.0544904,0.176697,0.136328,6.0088e-07,0.269635,0.0499875,0
209280,49.9989,49.7295,49.7313,0.176643,0.054486,0.176643,0.136292,6.00296e-07,0.269385,0.0499875,0
209340,49.9989,49.7298,49.7315,0.176589,0.0544816,0.176589,0.136256,5.99713e-07,0.269134,0.0499875,0
209400,49.9989,49.7301,49.7318,0.176534,0.0544773,0.176534,0.13622,5.9913e-07,0.268882,0.0499875,0
209460,49.9989,49.7303,49.7321,0.17648,0.0544729,0.17648,0.136185,5.98549e-07,0.268629,0.0499875,0
209520,49.9989,49.7306,49.7323,0.176426,0.0544686,0.176426,0.136149,5.97968e-07,0.268376,0.0499875,0
209580,49.9989,49.7308,49.7326,0.176372,0.0544642,0.176372,0.136113,5.97388e-07,0.268123,0.0499875,0
209640,49.9989,49.7311,49.7328,0.176318,0.0544599,0.176318,0.136077,5.96809e-07,0.267869,0.0499875,0
209700,49.9989,49.7313,49.7331,0.176264,0.0544555,0.176264,0.136041,5.96231e-07,0.267615,0.0499875,0
209760,49.9989,49.7316,49.7333,0.17621,0.0544512,0.17621,0.136005,5.95653e-07,0.26736,0.0499875,0
209820,49.9989,49.7318,49.7336,0.176156,0.0544469,0.176156,0.13597,5.95077e-07,0.267105,0.0499875,0
209880,49.9989,49.7321,49.7338,0.176103,0.0544426,0.176103,0.135934,5.94501e-07,0.26685,0.0499875,0
209940,49.9989,49.7323,49.7341,0.176049,0.0544383,0.176049,0.135898,5.93926e-07,0.266595,0.0499875,0
210000,49.9989,49.7326,49.7344,0.175995,0.054434,0.175995,0.135863,5.93352e-07,0.26634,0.0499875,0
210060,49.9989,49.7328,49.7346,0.175942,0.0544297,0.175942,0.135827,5.92778e-07,0.266084,0.0499875,0
210120,49.9989,49.7331,49.7349,0.175888,0.0544254,0.175888,0.135792,5.92206e-07,0.265829,0.0499875,0
210180,49.9989,49.7334,49.7351,0.175834,0.0544211,0.175834,0.135756,5.91635e-07,0.265574,0.0499875,0
210240,49.9989,49.7336,49.7354,0.175781,0.0544168,0.175781,0.135721,5.91064e-07,0.265319,0.0499875,0
210300,49.9989,49.7339,49.7356,0.175728,0.0544126,0.175728,0.135685,5.90494e-07,0.265064,0.0499875,0
210360,49.9989,49.7341,49.7359,0.175674,0.0544083,0.175674,0.13565,5.89925e-07,0.264809,0.0499875,0
210420,49.9989,49.7344,49.7361,0.175621,0.054404,0.175621,0.135614,5.89357e-07,0.264554,0.0499875,0
210480,49.9989,49.7346,49.7364,0.175568,0.0543998,0.175568,0.135579,5.88789e-07,0.2643,0.0499875,0
210540,49.9989,49.7349,49.7366,0.175514,0.0543955,0.175514,0.135544,5.88223e-07,0.264045,0.0499875,0
210600,49.9989,49.7351,49.7369,0.175461,0.0543913,0.175461,0.135508,5.87657e-07,0.263791,0.0499875,0
210660,49.9989,49.7354,49.7371,0.175408,0.0543871,0.175408,0.135473,5.87092e-07,0.263537,0.0499875,0
210720,49.9989,49.7357,49.7374,0.175355,0.0543828,0.175355,0.135438,5.86528e-07,0.263284,0.0499875,0
210780,49.9989,49.7359,49.7377,0.175302,0.0543786,0.175302,0.135403,5.85965e-07,0.26303,0.0499875,0
210840,49.9989,49.7362,49.7379,0.175249,0.0543744,0.175249,0.135368,5.85402e-07,0.262777,0.0499875,0
210900,49.9989,49.7364,49.7382,0.175196,0.0543702,0.175196,0.135333,5.84841e-07,0.262524,0.0499875,0
210960,49.9989,49.7367,49.7384,0.175144,0.054366,0.175144,0.135298,5.8428e-07,0.262272,0.0499875,0
211020,49.9989,49.7369,49.7387,0.175091,0.0543618,0.175091,0.135262,5.8372e-07,0.26202,0.0499875,0
211080,49.9989,49.7372,49.7389,0.175038,0.0543576,0.175038,0.135227,5.83161e-07,0.261768,0.0499875,0
211140,49.9989,49.7374,49.7392,0.174985,0.0543534,0.174985,0.135192,5.82603e-07,0.261516,0.0499875,0
211200,49.9989,49.7377,49.7394,0.174933,0.0543492,0.174933,0.135158,5.82045e-07,0.261265,0.0499875,0
211260,49.9989,49.7379,49.7397,0.17488,0.0543451,0.17488,0.135123,5.81489e-07,0.261013,0.0499875,0
211320,49.9989,49.7382,49.7399,0.174828,0.0543409,0.174828,0.135088,5.80933e-07,0.260763,0.0499875,0
211380,49.9989,49.7384,49.7401,0.174775,0.0543367,0.174775,0.135053,5.80378e-07,0.260512,0.0499875,0
211440,49.9989,49.7387,49.7404,0.174723,0.0543326,0.174723,0.135018,5.79824e-07,0.260262,0.0499875,0
211500,49.9989,49.7389,49.7406,0.174671,0.0543284,0.174671,0.134983,5.7927e-07,0.260012,0.0499875,0
211560,49.9989,49.7392,49.7409,0.174618,0.0543243,0.174618,0.134949,5.78718e-07,0.259763,0.0499875,0
211620,49.9989,49.7394,49.7411,0.174566,0.0543202,0.174566,0.134914,5.78166e-07,0.259514,0.0499875,0
211680,49.9989,49.7397,49.7414,0.174514,0.054316,0.174514,0.134879,5.77615e-07,0.259265,0.0499875,0
211740,49.9989,49.7399,49.7416,0.174462,0.0543119,0.174462,0.134845,5.77065e-07,0.259016,0.0499875,0
211800,49.9989,49.7402,49.7419,0.17441,0.0543078,0.17441,0.13481,5.76515e-07,0.258768,0.0499875,0
211860,49.9989,49.7404,49.7421,0.174358,0.0543037,0.174358,0.134775,5.75967e-07,0.25852,0.0499875,0
211920,49.9989,49.7407,49.7424,0.174306,0.0542996,0.174306,0.134741,5.75419e-07,0.258273,0.0499875,0
211980,49.9989,49.7409,49.7426,0.174254,0.0542955,0.174254,0.134706,5.74872e-07,0.258026,0.0499875,0
212040,49.9989,49.7412,49.7429,0.174202,0.0542914,0.174202,0.134672,5.74326e-07,0.257779,0.0499875,0
212100,49.9989,49.7414,49.7431,0.17415,0.0542873,0.17415,0.134637,5.7378e-07,0.257533,0.0499875,0
212160,49.9989,49.7416,49.7433,0.174098,0.0542832,0.174098,0.134603,5.73236e-07,0.257286,0.0499875,0
212220,49.9989,49.7419,49.7436,0.174046,0.0542792,0.174046,0.134569,5.72692e-07,0.257041,0.0499875,0
212280,49.9989,49.7421,49.7438,0.173995,0.0542751,0.173995,0.134534,5.72149e-07,0.256795,0.0499875,0
212340,49.9989,49.7424,49.7441,0.173943,0.054271,0.173943,0.1345,5.71607e-07,0.25655,0.0499875,0
212400,49.9989,49.7426,49.7443,0.173892,0.054267,0.173892,0.134466,5.71065e-07,0.256306,0.0499875,0
212460,49.9989,49.7429,49.7446,0.17384,0.0542629,0.17384,0.134431,5.70525e-07,0.256061,0.0499875,0
212520,49.9989,49.7431,49.7448,0.173789,0.0542589,0.173789,0.134397,5.69985e-07,0.255817,0.0499875,0
212580,49.9989,49.7434,49.745,0.173737,0.0542548,0.173737,0.134363,5.69446e-07,0.255574,0.0499875,0
212640,49.9989,49.7436,49.7453,0.173686,0.0542508,0.173686,0.134329,5.68908e-07,0.25533,0.0499875,0
212700,49.9989,49.7438,49.7455,0.173635,0.0542468,0.173635,0.134295,5.6837e-07,0.255087,0.0499875,0
212760,49.9989,49.7441,49.7458,0.173583,0.0542427,0.173583,0.134261,5.67833e-07,0.254845,0.0499875,0
212820,49.9989,49.7443,49.746,0.173532,0.0542387,0.173532,0.134227,5.67298e-07,0.254603,0.0499875,0
212880,49.9989,49.7446,49.7462,0.173481,0.0542347,0.173481,0.134193,5.66762e-07,0.254361,0.0499875,0
212940,49.9989,49.7448,49.7465,0.17343,0.0542307,0.17343,0.134159,5.66228e-07,0.254119,0.0499875,0
213000,49.9989,49.7451,49.7467,0.173379,0.0542267,0.173379,0.134125,5.65694e-07,0.253878,0.0499875,0
213060,49.9989,49.7453,49.747,0.173328,0.0542227,0.173328,0.134091,5.65162e-07,0.253637,0.0499875,0
213120,49.9989,49.7455,49.7472,0.173277,0.0542187,0.173277,0.134057,5.64629e-07,0.253397,0.0499875,0
213180,49.9989,49.7458,49.7474,0.173226,0.0542148,0.173226,0.134023,5.64098e-07,0.253157,0.0499875,0
213240,49.9989,49.746,49.7477,0.173175,0.0542108,0.173175,0.133989,5.63568e-07,0.252917,0.0499875,0
213300,49.9989,49.7463,49.7479,0.173124,0.0542068,0.173124,0.133955,5.63038e-07,0.252677,0.0499875,0
213360,49.9989,49.7465,49.7481,0.173073,0.0542028,0.173073,0.133922,5.62509e-07,0.252438,0.0499875,0
213420,49.9989,49.7467,49.7484,0.173023,0.0541989,0.173023,0.133888,5.61981e-07,0.252199,0.0499875,0
213480,49.9989,49.747,49.7486,0.172972,0.0541949,0.172972,0.133854,5.61453e-07,0.251961,0.0499875,0
213540,49.9989,49.7472,49.7489,0.172921,0.054191,0.172921,0.133821,5.60926e-07,0.251723,0.0499875,0
213600,49.9989,49.7474,49.7491,0.172871,0.054187,0.172871,0.133787,5.60401e-07,0.251485,0.0499875,0
213660,49.9989,49.7477,49.7493,0.17282,0.0541831,0.17282,0.133753,5.59875e-07,0.251248,0.0499875,0
213720,49.9989,49.7479,49.7496,0.17277,0.0541792,0.17277,0.13372,5.59351e-07,0.251011,0.0499875,0
213780,49.9989,49.7482,49.7498,0.17272,0.0541753,0.17272,0.133686,5.58827e-07,0.250774,0.0499875,0
213840,49.9989,49.7484,49.75,0.172669,0.0541713,0.172669,0.133653,5.58304e-07,0.250538,0.0499875,0
213900,49.9989,49.7486,49.7503,0.172619,0.0541674,0.172619,0.133619,5.57782e-07,0.250302,0.0499875,0
213960,49.9989,49.7489,49.7505,0.172569,0.0541635,0.172569,0.133586,5.57261e-07,0.250066,0.0499875,0
214020,49.9989,49.7491,49.7507,0.172518,0.0541596,0.172518,0.133552,5.5674e-07,0.249831,0.0499875,0
214080,49.9989,49.7493,49.751,0.172468,0.0541557,0.172468,0.133519,5.5622e-07,0.249596,0.0499875,0
214140,49.9989,49.7496,49.7512,0.172418,0.0541518,0.172418,0.133486,5.55701e-07,0.249361,0.0499875,0
214200,49.9989,49.7498,49.7514,0.172368,0.0541479,0.172368,0.133452,5.55183e-07,0.249127,0.0499875,0
214260,49.9989,49.75,49.7517,0.172318,0.0541441,0.172318,0.133419,5.54665e-07,0.248893,0.0499875,0
214320,49.9989,49.7503,49.7519,0.172268,0.0541402,0.172268,0.133386,5.54148e-07,0.248659,0.0499875,0
214380,49.9989,49.7505,49.7521,0.172218,0.0541363,0.172218,0.133352,5.53632e-07,0.248426,0.0499875,0
214440,49.9989,49.7507,49.7523,0.172168,0.0541325,0.172168,0.133319,5.53116e-07,0.248193,0.0499875,0
214500,49.9989,49.751,49.7526,0.172118,0.0541286,0.172118,0.133286,5.52602e-07,0.24796,0.0499875,0
214560,49.9989,49.7512,49.7528,0.172069,0.0541247,0.172069,0.133253,5.52088e-07,0.247728,0.0499875,0
214620,49.9989,49.7514,49.753,0.172019,0.0541209,0.172019,0.13322,5.51574e-07,0.247496,0.0499875,0
214680,49.9989,49.7517,49.7533,0.171969,0.0541171,0.171969,0.133187,5.51062e-07,0.247264,0.0499875,0
214740,49.9989,49.7519,49.7535,0.17192,0.0541132,0.17192,0.133154,5.5055e-07,0.247033,0.0499875,0
214800,49.9989,49.7521,49.7537,0.17187,0.0541094,0.17187,0.133121,5.50039e-07,0.246802,0.0499875,0
214860,49.9989,49.7524,49.754,0.171821,0.0541056,0.171821,0.133088,5.49529e-07,0.246571,0.0499875,0
214920,49.9989,49.7526,49.7542,0.171771,0.0541018,0.171771,0.133055,5.49019e-07,0.246341,0.0499875,0
214980,49.9989,49.7528,49.7544,0.171722,0.0540979,0.171722,0.133022,5.4851e-07,0.246111,0.0499875,0
215040,49.9989,49.7531,49.7546,0.171672,0.0540941,0.171672,0.132989,5.48002e-07,0.245881,0.0499875,0
215100,49.9989,49.7533,49.7549,0.171623,0.0540903,0.171623,0.132956,5.47495e-07,0.245652,0.0499875,0
215160,49.9989,49.7535,49.7551,0.171574,0.0540865,0.171574,0.132923,5.46988e-07,0.245423,0.0499875,0
215220,49.9989,49.7537,49.7553,0.171524,0.0540827,0.171524,0.13289,5.46482e-07,0.245194,0.0499875,0
215280,49.9989,49.754,49.7555,0.171475,0.054079,0.171475,0.132858,5.45977e-07,0.244966,0.0499875,0
215340,49.9989,49.7542,49.7558,0.171426,0.0540752,0.171426,0.132825,5.45472e-07,0.244738,0.0499875,0
215400,49.9989,49.7544,49.756,0.171377,0.0540714,0.171377,0.132792,5.44968e-07,0.24451,0.0499875,0
215460,49.9989,49.7547,49.7562,0.171328,0.0540676,0.171328,0.132759,5.44465e-07,0.244283,0.0499875,0
215520,49.9989,49.7549,49.7564,0.171279,0.0540639,0.171279,0.132727,5.43963e-07,0.244056,0.0499875,0
215580,49.9989,49.7551,49.7567,0.17123,0.0540601,0.17123,0.132694,5.43461e-07,0.243829,0.0499875,0
215640,49.9989,49.7553,49.7569,0.171181,0.0540563,0.171181,0.132662,5.4296e-07,0.243603,0.0499875,0
215700,49.9989,49.7556,49.7571,0.171132,0.0540526,0.171132,0.132629,5.4246e-07,0.243376,0.0499875,0
215760,49.9989,49.7558,49.7573,0.171083,0.0540489,0.171083,0.132596,5.4196e-07,0.243151,0.0499875,0
215820,49.9989,49.756,49.7576,0.171035,0.0540451,0.171035,0.132564,5.41462e-07,0.242925,0.0499875,0
215880,49.9989,49.7562,49.7578,0.170986,0.0540414,0.170986,0.132532,5.40964e-07,0.2427,0.0499875,0
215940,49.9989,49.7565,49.758,0.170937,0.0540377,0.170937,0.132499,5.40466e-07,0.242475,0.0499875,0
216000,49.9989,49.7567,49.7582,0.170889,0.0540339,0.170889,0.132467,5.39969e-07,0.242251,0.0499875,0
216060,49.9989,49.7569,49.7585,0.17084,0.0540302,0.17084,0.132434,5.39473e-07,0.242027,0.0499875,0
216120,49.9989,49.7571,49.7587,0.170791,0.0540265,0.170791,0.132402,5.38978e-07,0.241803,0.0499875,0
216180,49.9989,49.7574,49.7589,0.170743,0.0540228,0.170743,0.13237,5.38484e-07,0.24158,0.0499875,0
216240,49.9989,49.7576,49.7591,0.170695,0.0540191,0.170695,0.132337,5.3799e-07,0.241356,0.0499875,0
216300,49.9989,49.7578,49.7593,0.170646,0.0540154,0.170646,0.132305,5.37496e-07,0.241134,0.0499875,0
216360,49.9989,49.758,49.7596,0.170598,0.0540117,0.170598,0.132273,5.37004e-07,0.240911,0.0499875,0
216420,49.9989,49.7582,49.7598,0.17055,0.054008,0.17055,0.132241,5.36512e-07,0.240689,0.0499875,0
216480,49.9989,49.7585,49.76,0.170501,0.0540043,0.170501,0.132208,5.36021e-07,0.240467,0.0499875,0
216540,49.9989,49.7587,49.7602,0.170453,0.0540007,0.170453,0.132176,5.35531e-07,0.240245,0.0499875,0
216600,49.9989,49.7589,49.7604,0.170405,0.053997,0.170405,0.132144,5.35041e-07,0.240024,0.0499875,0
216660,49.9989,49.7591,49.7607,0.170357,0.0539933,0.170357,0.132112,5.34552e-07,0.239803,0.0499875,0
216720,49.9989,49.7594,49.7609,0.170309,0.0539897,0.170309,0.13208,5.34064e-07,0.239582,0.0499875,0
216780,49.9989,49.7596,49.7611,0.170261,0.053986,0.170261,0.132048,5.33576e-07,0.239362,0.0499875,0
216840,49.9989,49.7598,49.7613,0.170213,0.0539824,0.170213,0.132016,5.33089e-07,0.239142,0.0499875,0
216900,49.9989,49.76,49.7615,0.170165,0.0539787,0.170165,0.131984,5.32603e-07,0.238922,0.0499875,0
216960,49.9989,49.7602,49.7617,0.170117,0.0539751,0.170117,0.131952,5.32117e-07,0.238703,0.0499875,0
217020,49.9989,49.7605,49.762,0.170069,0.0539715,0.170069,0.13192,5.31632e-07,0.238484,0.0499875,0
217080,49.9989,49.7607,49.7622,0.170021,0.0539678,0.170021,0.131888,5.31148e-07,0.238265,0.0499875,0
217140,49.9989,49.7609,49.7624,0.169974,0.0539642,0.169974,0.131856,5.30664e-07,0.238047,0.0499875,0
217200,49.9989,49.7611,49.7626,0.169926,0.0539606,0.169926,0.131825,5.30181e-07,0.237828,0.0499875,0
217260,49.9989,49.7613,49.7628,0.169878,0.053957,0.169878,0.131793,5.29699e-07,0.23761,0.0499875,0
217320,49.9989,49.7615,49.763,0.169831,0.0539534,0.169831,0.131761,5.29218e-07,0.237393,0.0499875,0
217380,49.9989,49.7618,49.7633,0.169783,0.0539498,0.169783,0.131729,5.28737e-07,0.237176,0.0499875,0
217440,49.9989,49.762,49.7635,0.169735,0.0539462,0.169735,0.131698,5.28257e-07,0.236959,0.0499875,0
217500,49.9989,49.7622,49.7637,0.169688,0.0539426,0.169688,0.131666,5.27777e-07,0.236742,0.0499875,0
217560,49.9989,49.7624,49.7639,0.169641,0.053939,0.169641,0.131634,5.27298e-07,0.236526,0.0499875,0
217620,49.9989,49.7626,49.7641,0.169593,0.0539354,0.169593,0.131603,5.2682e-07,0.23631,0.0499875,0
217680,49.9989,49.7628,49.7643,0.169546,0.0539318,0.169546,0.131571,5.26343e-07,0.236094,0.0499875,0
217740,49.9989,49.7631,49.7645,0.169499,0.0539282,0.169499,0.131539,5.25866e-07,0.235879,0.0499875,0
217800,49.9989,49.7633,49.7648,0.169451,0.0539247,0.169451,0.131508,5.2539e-07,0.235664,0.0499875,0
217860,49.9989,49.7635,49.765,0.169404,0.0539211,0.169404,0.131476,5.24914e-07,0.235449,0.0499875,0
217920,49.9989,49.7637,49.7652,0.169357,0.0539176,0.169357,0.131445,5.24439e-07,0.235234,0.0499875,0
217980,49.9989,49.7639,49.7654,0.16931,0.053914,0.16931,0.131413,5.23965e-07,0.23502,0.0499875,0
218040,49.9989,49.7641,49.7656,0.169263,0.0539105,0.169263,0.131382,5.23492e-07,0.234806,0.0499875,0
218100,49.9989,49.7643,49.7658,0.169216,0.0539069,0.169216,0.131351,5.23019e-07,0.234593,0.0499875,0
218160,49.9989,49.7646,49.766,0.169169,0.0539034,0.169169,0.131319,5.22547e-07,0.234379,0.0499875,0
218220,49.9989,49.7648,49.7662,0.169122,0.0538998,0.169122,0.131288,5.22075e-07,0.234166,0.0499875,0
218280,49.9989,49.765,49.7664,0.169075,0.0538963,0.169075,0.131257,5.21604e-07,0.233954,0.0499875,0
218340,49.9989,49.7652,49.7667,0.169028,0.0538928,0.169028,0.131225,5.21134e-07,0.233741,0.0499875,0
218400,49.9989,49.7654,49.7669,0.168981,0.0538893,0.168981,0.131194,5.20664e-07,0.233529,0.0499875,0
218460,49.9989,49.7656,49.7671,0.168934,0.0538858,0.168934,0.131163,5.20196e-07,0.233317,0.0499875,0
218520,49.9989,49.7658,49.7673,0.168888,0.0538822,0.168888,0.131132,5.19727e-07,0.233106,0.0499875,0
218580,49.9989,49.766,49.7675,0.168841,0.0538787,0.168841,0.131101,5.1926e-07,0.232894,0.0499875,0
218640,49.9989,49.7663,49.7677,0.168794,0.0538752,0.168794,0.131069,5.18793e-07,0.232684,0.0499875,0
218700,49.9989,49.7665,49.7679,0.168748,0.0538717,0.168748,0.131038,5.18326e-07,0.232473,0.0499875,0
218760,49.9989,49.7667,49.7681,0.168701,0.0538683,0.168701,0.131007,5.17861e-07,0.232263,0.0499875,0
218820,49.9989,49.7669,49.7683,0.168655,0.0538648,0.168655,0.130976,5.17396e-07,0.232053,0.0499875,0
218880,49.9989,49.7671,49.7685,0.168608,0.0538613,0.168608,0.130945,5.16931e-07,0.231843,0.0499875,0
218940,49.9989,49.7673,49.7687,0.168562,0.0538578,0.168562,0.130914,5.16468e-07,0.231633,0.0499875,0
219000,49.9989,49.7675,49.769,0.168516,0.0538544,0.168516,0.130883,5.16005e-07,0.231424,0.0499875,0
219060,49.9989,49.7677,49.7692,0.168469,0.0538509,0.168469,0.130852,5.15542e-07,0.231215,0.0499875,0
219120,49.9989,49.7679,49.7694,0.168423,0.0538474,0.168423,0.130821,5.1508e-07,0.231007,0.0499875,0
219180,49.9989,49.7681,49.7696,0.168377,0.053844,0.168377,0.13079,5.14619e-07,0.230798,0.0499875,0
219240,49.9989,49.7683,49.7698,0.168331,0.0538405,0.168331,0.130759,5.14159e-07,0.23059,0.0499875,0
219300,49.9989,49.7686,49.77,0.168284,0.0538371,0.168284,0.130729,5.13699e-07,0.230383,0.0499875,0
219360,49.9989,49.7688,49.7702,0.168238,0.0538336,0.168238,0.130698,5.1324e-07,0.230175,0.0499875,0
219420,49.9989,49.769,49.7704,0.168192,0.0538302,0.168192,0.130667,5.12781e-07,0.229968,0.0499875,0
219480,49.9989,49.7692,49.7706,0.168146,0.0538268,0.168146,0.130636,5.12323e-07,0.229761,0.0499875,0
219540,49.9989,49.7694,49.7708,0.1681,0.0538233,0.1681,0.130606,5.11866e-07,0.229555,0.0499875,0
219600,49.9989,49.7696,49.771,0.168054,0.0538199,0.168054,0.130575,5.11409e-07,0.229348,0.0499875,0
219660,49.9989,49.7698,49.7712,0.168008,0.0538165,0.168008,0.130544,5.10953e-07,0.229143,0.0499875,0
219720,49.9989,49.77,49.7714,0.167963,0.0538131,0.167963,0.130514,5.10497e-07,0.228937,0.0499875,0
219780,49.9989,49.7702,49.7716,0.167917,0.0538097,0.167917,0.130483,5.10042e-07,0.228731,0.0499875,0
219840,49.9989,49.7704,49.7718,0.167871,0.0538063,0.167871,0.130452,5.09588e-07,0.228526,0.0499875,0
219900,49.9989,49.7706,49.772,0.167825,0.0538029,0.167825,0.130422,5.09135e-07,0.228321,0.0499875,0
219960,49.9989,49.7708,49.7722,0.16778,0.0537995,0.16778,0.130391,5.08682e-07,0.228117,0.0499875,0
220020,49.9989,49.771,49.7724,0.167734,0.0537961,0.167734,0.130361,5.08229e-07,0.227913,0.0499875,0
220080,49.9989,49.7712,49.7726,0.167688,0.0537927,0.167688,0.13033,5.07778e-07,0.227709,0.0499875,0
220140,49.9989,49.7714,49.7728,0.167643,0.0537893,0.167643,0.1303,5.07327e-07,0.227505,0.0499875,0
220200,49.9989,49.7716,49.773,0.167597,0.0537859,0.167597,0.130269,5.06876e-07,0.227301,0.0499875,0
220260,49.9989,49.7718,49.7732,0.167552,0.0537826,0.167552,0.130239,5.06426e-07,0.227098,0.0499875,0
220320,49.9989,49.772,49.7734,0.167507,0.0537792,0.167507,0.130209,5.05977e-07,0.226895,0.0499875,0
220380,49.9989,49.7722,49.7736,0.167461,0.0537758,0.167461,0.130178,5.05528e-07,0.226693,0.0499875,0
220440,49.9989,49.7724,49.7738,0.167416,0.0537725,0.167416,0.130148,5.0508e-07,0.226491,0.0499875,0
220500,49.9989,49.7726,49.774,0.167371,0.0537691,0.167371,0.130118,5.04633e-07,0.226288,0.0499875,0
220560,49.9989,49.7728,49.7742,0.167325,0.0537658,0.167325,0.130087,5.04186e-07,0.226087,0.0499875,0
220620,49.9989,49.773,49.7744,0.16728,0.0537624,0.16728,0.130057,5.0374e-07,0.225885,0.0499875,0
220680,49.9989,49.7733,49.7746,0.167235,0.0537591,0.167235,0.130027,5.03294e-07,0.225684,0.0499875,0
220740,49.9989,49.7735,49.7748,0.16719,0.0537558,0.16719,0.129997,5.0285e-07,0.225483,0.0499875,0
220800,49.9989,49.7737,49.775,0.167145,0.0537524,0.167145,0.129967,5.02405e-07,0.225283,0.0499875,0
220860,49.9989,49.7739,49.7752,0.1671,0.0537491,0.1671,0.129937,5.01961e-07,0.225082,0.0499875,0
220920,49.9989,49.7741,49.7754,0.167055,0.0537458,0.167055,0.129906,5.01518e-07,0.224882,0.0499875,0
220980,49.9989,49.7743,49.7756,0.16701,0.0537425,0.16701,0.129876,5.01076e-07,0.224682,0.0499875,0
221040,49.9989,49.7745,49.7758,0.166965,0.0537392,0.166965,0.129846,5.00634e-07,0.224483,0.0499875,0
221100,49.9989,49.7747,49.776,0.16692,0.0537359,0.16692,0.129816,5.00193e-07,0.224283,0.0499875,0
221160,49.9989,49.7748,49.7762,0.166875,0.0537326,0.166875,0.129786,4.99752e-07,0.224084,0.0499875,0
221220,49.9989,49.775,49.7764,0.16683,0.0537293,0.16683,0.129756,4.99312e-07,0.223886,0.0499875,0
221280,49.9989,49.7752,49.7766,0.166785,0.053726,0.166785,0.129726,4.98872e-07,0.223687,0.0499875,0
221340,49.9989,49.7754,49.7768,0.166741,0.0537227,0.166741,0.129696,4.98433e-07,0.223489,0.0499875,0
221400,49.9989,49.7756,49.777,0.166696,0.0537194,0.166696,0.129667,4.97995e-07,0.223291,0.0499875,0
221460,49.9989,49.7758,49.7772,0.166651,0.0537161,0.166651,0.129637,4.97557e-07,0.223094,0.0499875,0
221520,49.9989,49.776,49.7774,0.166607,0.0537128,0.166607,0.129607,4.9712e-07,0.222896,0.0499875,0
221580,49.9989,49.7762,49.7776,0.166562,0.0537096,0.166562,0.129577,4.96684e-07,0.222699,0.0499875,0
221640,49.9989,49.7764,49.7778,0.166518,0.0537063,0.166518,0.129547,4.96248e-07,0.222502,0.0499875,0
221700,49.9989,49.7766,49.778,0.166473,0.053703,0.166473,0.129517,4.95812e-07,0.222306,0.0499875,0
221760,49.9989,49.7768,49.7782,0.166429,0.0536998,0.166429,0.129488,4.95378e-07,0.222109,0.0499875,0
221820,49.9989,49.777,49.7784,0.166385,0.0536965,0.166385,0.129458,4.94943e-07,0.221913,0.0499875,0
221880,49.9989,49.7772,49.7786,0.16634,0.0536933,0.16634,0.129428,4.9451e-07,0.221718,0.0499875,0
221940,49.9989,49.7774,49.7788,0.166296,0.05369,0.166296,0.129399,4.94077e-07,0.221522,0.0499875,0
222000,49.9989,49.7776,49.779,0.166252,0.0536868,0.166252,0.129369,4.93644e-07,0.221327,0.0499875,0
222060,49.9989,49.7778,49.7791,0.166207,0.0536836,0.166207,0.129339,4.93213e-07,0.221132,0.0499875,0
222120,49.9989,49.778,49.7793,0.166163,0.0536803,0.166163,0.12931,4.92781e-07,0.220937,0.0499875,0
222180,49.9989,49.7782,49.7795,0.166119,0.0536771,0.166119,0.12928,4.92351e-07,0.220743,0.0499875,0
222240,49.9989,49.7784,49.7797,0.166075,0.0536739,0.166075,0.129251,4.91921e-07,0.220549,0.0499875,0
222300,49.9989,49.7786,49.7799,0.166031,0.0536707,0.166031,0.129221,4.91491e-07,0.220355,0.0499875,0
222360,49.9989,49.7788,49.7801,0.165987,0.0536674,0.165987,0.129192,4.91062e-07,0.220161,0.0499875,0
222420,49.9989,49.779,49.7803,0.165943,0.0536642,0.165943,0.129162,4.90634e-07,0.219968,0.0499875,0
222480,49.9989,49.7792,49.7805,0.165899,0.053661,0.165899,0.129133,4.90206e-07,0.219775,0.0499875,0
222540,49.9989,49.7794,49.7807,0.165855,0.0536578,0.165855,0.129104,4.89779e-07,0.219582,0.0499875,0
222600,49.9989,49.7795,49.7809,0.165811,0.0536546,0.165811,0.129074,4.89352e-07,0.219389,0.0499875,0
222660,49.9989,49.7797,49.7811,0.165767,0.0536514,0.165767,0.129045,4.88926e-07,0.219197,0.0499875,0
222720,49.9989,49.7799,49.7813,0.165724,0.0536482,0.165724,0.129015,4.88501e-07,0.219005,0.0499875,0
222780,49.9989,49.7801,49.7814,0.16568,0.0536451,0.16568,0.128986,4.88076e-07,0.218813,0.0499875,0
222840,49.9989,49.7803,49.7816,0.165636,0.0536419,0.165636,0.128957,4.87652e-07,0.218622,0.0499875,0
222900,49.9989,49.7805,49.7818,0.165593,0.0536387,0.165593,0.128928,4.87228e-07,0.21843,0.0499875,0
222960,49.9989,49.7807,49.782,0.165549,0.0536355,0.165549,0.128898,4.86805e-07,0.218239,0.0499875,0
223020,49.9989,49.7809,49.7822,0.165505,0.0536324,0.165505,0.128869,4.86382e-07,0.218049,0.0499875,0
223080,49.9989,49.7811,49.7824,0.165462,0.0536292,0.165462,0.12884,4.8596e-07,0.217858,0.0499875,0
223140,49.9989,49.7813,49.7826,0.165418,0.053626,0.165418,0.128811,4.85539e-07,0.217668,0.0499875,0
223200,49.9989,49.7815,49.7828,0.165375,0.0536229,0.165375,0.128782,4.85118e-07,0.217478,0.0499875,0
223260,49.9989,49.7816,49.783,0.165331,0.0536197,0.165331,0.128753,4.84698e-07,0.217288,0.0499875,0
223320,49.9989,49.7818,49.7831,0.165288,0.0536166,0.165288,0.128724,4.84278e-07,0.217099,0.0499875,0
223380,49.9989,49.782,49.7833,0.165245,0.0536135,0.165245,0.128695,4.83859e-07,0.216909,0.0499875,0
223440,49.9989,49.7822,49.7835,0.165201,0.0536103,0.165201,0.128666,4.8344e-07,0.216721,0.0499875,0
223500,49.9989,49.7824,49.7837,0.165158,0.0536072,0.165158,0.128637,4.83022e-07,0.216532,0.0499875,0
223560,49.9989,49.7826,49.7839,0.165115,0.0536041,0.165115,0.128608,4.82604e-07,0.216343,0.0499875,0
223620,49.9989,49.7828,49.7841,0.165072,0.0536009,0.165072,0.128579,4.82188e-07,0.216155,0.0499875,0
223680,49.9989,49.783,49.7843,0.165029,0.0535978,0.165029,0.12855,4.81771e-07,0.215967,0.0499875,0
223740,49.9989,49.7832,49.7844,0.164986,0.0535947,0.164986,0.128521,4.81355e-07,0.21578,0.0499875,0
223800,49.9989,49.7833,49.7846,0.164942,0.0535916,0.164942,0.128492,4.8094e-07,0.215592,0.0499875,0
223860,49.9989,49.7835,49.7848,0.164899,0.0535885,0.164899,0.128463,4.80525e-07,0.215405,0.0499875,0
223920,49.9989,49.7837,49.785,0.164856,0.0535854,0.164856,0.128434,4.80111e-07,0.215218,0.0499875,0
223980,49.9989,49.7839,49.7852,0.164813,0.0535823,0.164813,0.128406,4.79697e-07,0.215031,0.0499875,0
224040,49.9989,49.7841,49.7854,0.164771,0.0535792,0.164771,0.128377,4.79284e-07,0.214845,0.0499875,0
224100,49.9989,49.7843,49.7856,0.164728,0.0535761,0.164728,0.128348,4.78872e-07,0.214659,0.0499875,0
224160,49.9989,49.7845,49.7857,0.164685,0.053573,0.164685,0.128319,4.7846e-07,0.214473,0.0499875,0
224220,49.9989,49.7846,49.7859,0.164642,0.0535699,0.164642,0.128291,4.78049e-07,0.214287,0.0499875,0
224280,49.9989,49.7848,49.7861,0.164599,0.0535668,0.164599,0.128262,4.77638e-07,0.214102,0.0499875,0
224340,49.9989,49.785,49.7863,0.164557,0.0535638,0.164557,0.128233,4.77227e-07,0.213916,0.0499875,0
224400,49.9989,49.7852,49.7865,0.164514,0.0535607,0.164514,0.128205,4.76818e-07,0.213732,0.0499875,0
224460,49.9989,49.7854,49.7867,0.164471,0.0535576,0.164471,0.128176,4.76408e-07,0.213547,0.0499875,0
224520,49.9989,49.7856,49.7868,0.164429,0.0535546,0.164429,0.128147,4.76e-07,0.213362,0.0499875,0
224580,49.9989,49.7858,49.787,0.164386,0.0535515,0.164386,0.128119,4.75592e-07,0.213178,0.0499875,0
224640,49.9989,49.7859,49.7872,0.164344,0.0535485,0.164344,0.12809,4.75184e-07,0.212994,0.0499875,0
224700,49.9989,49.7861,49.7874,0.164301,0.0535454,0.164301,0.128062,4.74777e-07,0.212811,0.0499875,0
224760,49.9989,49.7863,49.7876,0.164259,0.0535424,0.164259,0.128033,4.7437e-07,0.212627,0.0499875,0
224820,49.9989,49.7865,49.7878,0.164216,0.0535393,0.164216,0.128005,4.73964e-07,0.212444,0.0499875,0
224880,49.9989,49.7867,49.7879,0.164174,0.0535363,0.164174,0.127977,4.73559e-07,0.212261,0.0499875,0
224940,49.9989,49.7869,49.7881,0.164131,0.0535332,0.164131,0.127948,4.73154e-07,0.212078,0.0499875,0
225000,49.9989,49.787,49.7883,0.164089,0.0535302,0.164089,0.12792,4.7275e-07,0.211896,0.0499875,0
225060,49.9989,49.7872,49.7885,0.164047,0.0535272,0.164047,0.127891,4.72346e-07,0.211713,0.0499875,0
225120,49.9989,49.7874,49.7887,0.164005,0.0535242,0.164005,0.127863,4.71943e-07,0.211532,0.0499875,0
225180,49.9989,49.7876,49.7888,0.163963,0.0535211,0.163963,0.127835,4.7154e-07,0.21135,0.0499875,0
225240,49.9989,49.7878,49.789,0.16392,0.0535181,0.16392,0.127807,4.71138e-07,0.211168,0.0499875,0
225300,49.9989,49.7879,49.7892,0.163878,0.0535151,0.163878,0.127778,4.70736e-07,0.210987,0.0499875,0
225360,49.9989,49.7881,49.7894,0.163836,0.0535121,0.163836,0.12775,4.70335e-07,0.210806,0.0499875,0
225420,49.9989,49.7883,49.7896,0.163794,0.0535091,0.163794,0.127722,4.69934e-07,0.210625,0.0499875,0
225480,49.9989,49.7885,49.7897,0.163752,0.0535061,0.163752,0.127694,4.69534e-07,0.210445,0.0499875,0
225540,49.9989,49.7887,49.7899,0.16371,0.0535031,0.16371,0.127665,4.69134e-07,0.210264,0.0499875,0
225600,49.9989,49.7889,49.7901,0.163668,0.0535001,0.163668,0.127637,4.68735e-07,0.210084,0.0499875,0
225660,49.9989,49.789,49.7903,0.163626,0.0534971,0.163626,0.127609,4.68337e-07,0.209904,0.0499875,0
225720,49.9989,49.7892,49.7904,0.163585,0.0534942,0.163585,0.127581,4.67939e-07,0.209725,0.0499875,0
225780,49.9989,49.7894,49.7906,0.163543,0.0534912,0.163543,0.127553,4.67541e-07,0.209546,0.0499875,0
225840,49.9989,49.7896,49.7908,0.163501,0.0534882,0.163501,0.127525,4.67144e-07,0.209366,0.0499875,0
225900,49.9989,49.7897,49.791,0.163459,0.0534852,0.163459,0.127497,4.66748e-07,0.209188,0.0499875,0
225960,49.9989,49.7899,49.7912,0.163417,0.0534823,0.163417,0.127469,4.66352e-07,0.209009,0.0499875,0
226020,49.9989,49.7901,49.7913,0.163376,0.0534793,0.163376,0.127441,4.65957e-07,0.208831,0.0499875,0
226080,49.9989,49.7903,49.7915,0.163334,0.0534763,0.163334,0.127413,4.65562e-07,0.208652,0.0499875,0
226140,49.9989,49.7905,49.7917,0.163293,0.0534734,0.163293,0.127385,4.65168e-07,0.208474,0.0499875,0
226200,49.9989,49.7906,49.7919,0.163251,0.0534704,0.163251,0.127357,4.64774e-07,0.208297,0.0499875,0
226260,49.9989,49.7908,49.792,0.16321,0.0534675,0.16321,0.127329,4.6438e-07,0.208119,0.0499875,0
226320,49.9989,49.791,49.7922,0.163168,0.0534645,0.163168,0.127302,4.63988e-07,0.207942,0.0499875,0
226380,49.9989,49.7912,49.7924,0.163127,0.0534616,0.163127,0.127274,4.63595e-07,0.207765,0.0499875,0
226440,49.9989,49.7913,49.7926,0.163085,0.0534587,0.163085,0.127246,4.63204e-07,0.207588,0.0499875,0
226500,49.9989,49.7915,49.7927,0.163044,0.0534557,0.163044,0.127218,4.62812e-07,0.207412,0.0499875,0
226560,49.9989,49.7917,49.7929,0.163003,0.0534528,0.163003,0.12719,4.62422e-07,0.207236,0.0499875,0
226620,49.9989,49.7919,49.7931,0.162961,0.0534499,0.162961,0.127163,4.62031e-07,0.207059,0.0499875,0
226680,49.9989,49.7921,49.7933,0.16292,0.053447,0.16292,0.127135,4.61642e-07,0.206884,0.0499875,0
226740,49.9989,49.7922,49.7934,0.162879,0.0534441,0.162879,0.127107,4.61252e-07,0.206708,0.0499875,0
226800,49.9989,49.7924,49.7936,0.162838,0.0534411,0.162838,0.12708,4.60864e-07,0.206533,0.0499875,0
226860,49.9989,49.7926,49.7938,0.162796,0.0534382,0.162796,0.127052,4.60476e-07,0.206358,0.0499875,0
226920,49.9989,49.7928,49.794,0.162755,0.0534353,0.162755,0.127024,4.60088e-07,0.206183,0.0499875,0
226980,49.9989,49.7929,49.7941,0.162714,0.0534324,0.162714,0.126997,4.59701e-07,0.206008,0.0499875,0
227040,49.9989,49.7931,49.7943,0.162673,0.0534295,0.162673,0.126969,4.59314e-07,0.205834,0.0499875,0
227100,49.9989,49.7933,49.7945,0.162632,0.0534266,0.162632,0.126942,4.58928e-07,0.205659,0.0499875,0
227160,49.9989,49.7934,49.7946,0.162591,0.0534237,0.162591,0.126914,4.58542e-07,0.205485,0.0499875,0
227220,49.9989,49.7936,49.7948,0.16255,0.0534209,0.16255,0.126887,4.58157e-07,0.205312,0.0499875,0
227280,49.9989,49.7938,49.795,0.162509,0.053418,0.162509,0.126859,4.57773e-07,0.205138,0.0499875,0
227340,49.9989,49.794,49.7952,0.162468,0.0534151,0.162468,0.126832,4.57388e-07,0.204965,0.0499875,0
227400,49.9989,49.7941,49.7953,0.162428,0.0534122,0.162428,0.126804,4.57005e-07,0.204792,0.0499875,0
227460,49.9989,49.7943,49.7955,0.162387,0.0534093,0.162387,0.126777,4.56622e-07,0.204619,0.0499875,0
227520,49.9989,49.7945,49.7957,0.162346,0.0534065,0.162346,0.126749,4.56239e-07,0.204446,0.0499875,0
227580,49.9989,49.7947,49.7958,0.162305,0.0534036,0.162305,0.126722,4.55857e-07,0.204274,0.0499875,0
227640,49.9989,49.7948,49.796,0.162265,0.0534008,0.162265,0.126695,4.55475e-07,0.204102,0.0499875,0
227700,49.9989,49.795,49.7962,0.162224,0.0533979,0.162224,0.126667,4.55094e-07,0.20393,0.0499875,0
227760,49.9989,49.7952,49.7964,0.162183,0.053395,0.162183,0.12664,4.54713e-07,0.203758,0.0499875,0
227820,49.9989,49.7953,49.7965,0.162143,0.0533922,0.162143,0.126613,4.54333e-07,0.203587,0.0499875,0
227880,49.9989,49.7955,49.7967,0.162102,0.0533894,0.162102,0.126586,4.53954e-07,0.203415,0.0499875,0
227940,49.9989,49.7957,49.7969,0.162062,0.0533865,0.162062,0.126558,4.53574e-07,0.203244,0.0499875,0
228000,49.9989,49.7959,49.797,0.162021,0.0533837,0.162021,0.126531,4.53196e-07,0.203073,0.0499875,0
228060,49.9989,49.796,49.7972,0.161981,0.0533808,0.161981,0.126504,4.52817e-07,0.202903,0.0499875,0
228120,49.9989,49.7962,49.7974,0.161941,0.053378,0.161941,0.126477,4.5244e-07,0.202733,0.0499875,0
228180,49.9989,49.7964,49.7975,0.1619,0.0533752,0.1619,0.12645,4.52063e-07,0.202562,0.0499875,0
228240,49.9989,49.7965,49.7977,0.16186,0.0533724,0.16186,0.126423,4.51686e-07,0.202392,0.0499875,0
228300,49.9989,49.7967,49.7979,0.16182,0.0533695,0.16182,0.126396,4.5131e-07,0.202223,0.0499875,0
228360,49.9989,49.7969,49.798,0.161779,0.0533667,0.161779,0.126368,4.50934e-07,0.202053,0.0499875,0
228420,49.9989,49.7971,49.7982,0.161739,0.0533639,0.161739,0.126341,4.50559e-07,0.201884,0.0499875,0
228480,49.9989,49.7972,49.7984,0.161699,0.0533611,0.161699,0.126314,4.50184e-07,0.201715,0.0499875,0
228540,49.9989,49.7974,49.7986,0.161659,0.0533583,0.161659,0.126287,4.4981e-07,0.201546,0.0499875,0
228600,49.9989,49.7976,49.7987,0.161619,0.0533555,0.161619,0.12626,4.49436e-07,0.201378,0.0499875,0
228660,49.9989,49.7977,49.7989,0.161579,0.0533527,0.161579,0.126233,4.49062e-07,0.201209,0.0499875,0
228720,49.9989,49.7979,49.7991,0.161538,0.0533499,0.161538,0.126207,4.4869e-07,0.201041,0.0499875,0
228780,49.9989,49.7981,49.7992,0.161498,0.0533471,0.161498,0.12618,4.48317e-07,0.200873,0.0499875,0
228840,49.9989,49.7982,49.7994,0.161458,0.0533443,0.161458,0.126153,4.47945e-07,0.200705,0.0499875,0
228900,49.9989,49.7984,49.7996,0.161419,0.0533415,0.161419,0.126126,4.47574e-07,0.200538,0.0499875,0
228960,49.9989,49.7986,49.7997,0.161379,0.0533388,0.161379,0.126099,4.47203e-07,0.20037,0.0499875,0
229020,49.9989,49.7987,49.7999,0.161339,0.053336,0.161339,0.126072,4.46832e-07,0.200203,0.0499875,0
229080,49.9989,49.7989,49.8,0.161299,0.0533332,0.161299,0.126045,4.46463e-07,0.200037,0.0499875,0
229140,49.9989,49.7991,49.8002,0.161259,0.0533305,0.161259,0.126019,4.46093e-07,0.19987,0.0499875,0
229200,49.9989,49.7992,49.8004,0.161219,0.0533277,0.161219,0.125992,4.45724e-07,0.199703,0.0499875,0
229260,49.9989,49.7994,49.8005,0.16118,0.0533249,0.16118,0.125965,4.45355e-07,0.199537,0.0499875,0
229320,49.9989,49.7996,49.8007,0.16114,0.0533222,0.16114,0.125938,4.44987e-07,0.199371,0.0499875,0
229380,49.9989,49.7997,49.8009,0.1611,0.0533194,0.1611,0.125912,4.4462e-07,0.199205,0.0499875,0
229440,49.9989,49.7999,49.801,0.161061,0.0533167,0.161061,0.125885,4.44253e-07,0.19904,0.0499875,0
229500,49.9989,49.8001,49.8012,0.161021,0.0533139,0.161021,0.125858,4.43886e-07,0.198875,0.0499875,0
229560,49.9989,49.8002,49.8014,0.160981,0.0533112,0.160981,0.125832,4.4352e-07,0.198709,0.0499875,0
229620,49.9989,49.8004,49.8015,0.160942,0.0533084,0.160942,0.125805,4.43154e-07,0.198544,0.0499875,0
229680,49.9989,49.8006,49.8017,0.160902,0.0533057,0.160902,0.125779,4.42789e-07,0.19838,0.0499875,0
229740,49.9989,49.8007,49.8019,0.160863,0.053303,0.160863,0.125752,4.42424e-07,0.198215,0.0499875,0
229800,49.9989,49.8009,49.802,0.160824,0.0533002,0.160824,0.125726,4.4206e-07,0.198051,0.0499875,0
229860,49.9989,49.801,49.8022,0.160784,0.0532975,0.160784,0.125699,4.41696e-07,0.197887,0.0499875,0
229920,49.9989,49.8012,49.8023,0.160745,0.0532948,0.160745,0.125673,4.41333e-07,0.197723,0.0499875,0
229980,49.9989,49.8014,49.8025,0.160705,0.0532921,0.160705,0.125646,4.4097e-07,0.197559,0.0499875,0
230040,49.9989,49.8015,49.8027,0.160666,0.0532893,0.160666,0.12562,4.40607e-07,0.197396,0.0499875,0
230100,49.9989,49.8017,49.8028,0.160627,0.0532866,0.160627,0.125593,4.40245e-07,0.197233,0.0499875,0
230160,49.9989,49.8019,49.803,0.160588,0.0532839,0.160588,0.125567,4.39884e-07,0.19707,0.0499875,0
230220,49.9989,49.802,49.8032,0.160548,0.0532812,0.160548,0.12554,4.39523e-07,0.196907,0.0499875,0
230280,49.9989,49.8022,49.8033,0.160509,0.0532785,0.160509,0.125514,4.39162e-07,0.196744,0.0499875,0
230340,49.9989,49.8024,49.8035,0.16047,0.0532758,0.16047,0.125488,4.38802e-07,0.196582,0.0499875,0
230400,49.9989,49.8025,49.8036,0.160431,0.0532731,0.160431,0.125461,4.38442e-07,0.19642,0.0499875,0
230460,49.9989,49.8027,49.8038,0.160392,0.0532704,0.160392,0.125435,4.38083e-07,0.196258,0.0499875,0
230520,49.9989,49.8028,49.804,0.160353,0.0532677,0.160353,0.125409,4.37724e-07,0.196096,0.0499875,0
230580,49.9989,49.803,49.8041,0.160314,0.0532651,0.160314,0.125383,4.37366e-07,0.195934,0.0499875,0
230640,49.9989,49.8032,49.8043,0.160275,0.0532624,0.160275,0.125356,4.37008e-07,0.195773,0.0499875,0
230700,49.9989,49.8033,49.8044,0.160236,0.0532597,0.160236,0.12533,4.36651e-07,0.195612,0.0499875,0
230760,49.9989,49.8035,49.8046,0.160197,0.053257,0.160197,0.125304,4.36294e-07,0.195451,0.0499875,0
230820,49.9989,49.8036,49.8048,0.160158,0.0532543,0.160158,0.125278,4.35937e-07,0.19529,0.0499875,0
230880,49.9989,49.8038,49.8049,0.16012,0.0532517,0.16012,0.125252,4.35581e-07,0.19513,0.0499875,0
230940,49.9989,49.804,49.8051,0.160081,0.053249,0.160081,0.125225,4.35226e-07,0.194969,0.0499875,0
231000,49.9989,49.8041,49.8052,0.160042,0.0532464,0.160042,0.125199,4.3487e-07,0.194809,0.0499875,0
231060,49.9989,49.8043,49.8054,0.160003,0.0532437,0.160003,0.125173,4.34516e-07,0.194649,0.0499875,0
231120,49.9989,49.8044,49.8055,0.159965,0.053241,0.159965,0.125147,4.34162e-07,0.194489,0.0499875,0
231180,49.9989,49.8046,49.8057,0.159926,0.0532384,0.159926,0.125121,4.33808e-07,0.19433,0.0499875,0
231240,49.9989,49.8048,49.8059,0.159887,0.0532357,0.159887,0.125095,4.33454e-07,0.194171,0.0499875,0
231300,49.9989,49.8049,49.806,0.159849,0.0532331,0.159849,0.125069,4.33102e-07,0.194011,0.0499875,0
231360,49.9989,49.8051,49.8062,0.15981,0.0532305,0.15981,0.125043,4.32749e-07,0.193853,0.0499875,0
231420,49.9989,49.8052,49.8063,0.159772,0.0532278,0.159772,0.125017,4.32397e-07,0.193694,0.0499875,0
231480,49.9989,49.8054,49.8065,0.159733,0.0532252,0.159733,0.124991,4.32046e-07,0.193535,0.0499875,0
231540,49.9989,49.8056,49.8066,0.159695,0.0532226,0.159695,0.124965,4.31695e-07,0.193377,0.0499875,0
231600,49.9989,49.8057,49.8068,0.159656,0.0532199,0.159656,0.12494,4.31344e-07,0.193219,0.0499875,0
231660,49.9989,49.8059,49.807,0.159618,0.0532173,0.159618,0.124914,4.30994e-07,0.193061,0.0499875,0
231720,49.9989,49.806,49.8071,0.159579,0.0532147,0.159579,0.124888,4.30644e-07,0.192903,0.0499875,0
231780,49.9989,49.8062,49.8073,0.159541,0.0532121,0.159541,0.124862,4.30295e-07,0.192746,0.0499875,0
231840,49.9989,49.8063,49.8074,0.159503,0.0532094,0.159503,0.124836,4.29946e-07,0.192589,0.0499875,0
231900,49.9989,49.8065,49.8076,0.159465,0.0532068,0.159465,0.12481,4.29597e-07,0.192432,0.0499875,0
231960,49.9989,49.8067,49.8077,0.159426,0.0532042,0.159426,0.124785,4.29249e-07,0.192275,0.0499875,0
232020,49.9989,49.8068,49.8079,0.159388,0.0532016,0.159388,0.124759,4.28902e-07,0.192118,0.0499875,0
232080,49.9989,49.807,49.8081,0.15935,0.053199,0.15935,0.124733,4.28555e-07,0.191961,0.0499875,0
232140,49.9989,49.8071,49.8082,0.159312,0.0531964,0.159312,0.124707,4.28208e-07,0.191805,0.0499875,0
232200,49.9989,49.8073,49.8084,0.159274,0.0531938,0.159274,0.124682,4.27862e-07,0.191649,0.0499875,0
232260,49.9989,49.8074,49.8085,0.159236,0.0531912,0.159236,0.124656,4.27516e-07,0.191493,0.0499875,0
232320,49.9989,49.8076,49.8087,0.159198,0.0531886,0.159198,0.12463,4.2717e-07,0.191337,0.0499875,0
232380,49.9989,49.8078,49.8088,0.15916,0.0531861,0.15916,0.124605,4.26825e-07,0.191182,0.0499875,0
232440,49.9989,49.8079,49.809,0.159122,0.0531835,0.159122,0.124579,4.26481e-07,0.191027,0.0499875,0
232500,49.9989,49.8081,49.8091,0.159084,0.0531809,0.159084,0.124554,4.26137e-07,0.190871,0.0499875,0
232560,49.9989,49.8082,49.8093,0.159046,0.0531783,0.159046,0.124528,4.25793e-07,0.190717,0.0499875,0
232620,49.9989,49.8084,49.8094,0.159008,0.0531758,0.159008,0.124503,4.2545e-07,0.190562,0.0499875,0
232680,49.9989,49.8085,49.8096,0.15897,0.0531732,0.15897,0.124477,4.25107e-07,0.190407,0.0499875,0
232740,49.9989,49.8087,49.8097,0.158932,0.0531706,0.158932,0.124452,4.24765e-07,0.190253,0.0499875,0
232800,49.9989,49.8088,49.8099,0.158894,0.0531681,0.158894,0.124426,4.24423e-07,0.190099,0.0499875,0
232860,49.9989,49.809,49.8101,0.158857,0.0531655,0.158857,0.124401,4.24081e-07,0.189945,0.0499875,0
232920,49.9989,49.8091,49.8102,0.158819,0.0531629,0.158819,0.124375,4.2374e-07,0.189791,0.0499875,0
232980,49.9989,49.8093,49.8104,0.158781,0.0531604,0.158781,0.12435,4.234e-07,0.189638,0.0499875,0
233040,49.9989,49.8095,49.8105,0.158744,0.0531578,0.158744,0.124324,4.23059e-07,0.189484,0.0499875,0
233100,49.9989,49.8096,49.8107,0.158706,0.0531553,0.158706,0.124299,4.2272e-07,0.189331,0.0499875,0
233160,49.9989,49.8098,49.8108,0.158668,0.0531528,0.158668,0.124274,4.2238e-07,0.189178,0.0499875,0
233220,49.9989,49.8099,49.811,0.158631,0.0531502,0.158631,0.124248,4.22041e-07,0.189025,0.0499875,0
233280,49.9989,49.8101,49.8111,0.158593,0.0531477,0.158593,0.124223,4.21703e-07,0.188873,0.0499875,0
233340,49.9989,49.8102,49.8113,0.158556,0.0531451,0.158556,0.124198,4.21365e-07,0.18872,0.0499875,0
233400,49.9989,49.8104,49.8114,0.158518,0.0531426,0.158518,0.124172,4.21027e-07,0.188568,0.0499875,0
233460,49.9989,49.8105,49.8116,0.158481,0.0531401,0.158481,0.124147,4.2069e-07,0.188416,0.0499875,0
233520,49.9989,49.8107,49.8117,0.158443,0.0531376,0.158443,0.124122,4.20353e-07,0.188264,0.0499875,0
233580,49.9989,49.8108,49.8119,0.158406,0.053135,0.158406,0.124097,4.20017e-07,0.188113,0.0499875,0
233640,49.9989,49.811,49.812,0.158369,0.0531325,0.158369,0.124072,4.19681e-07,0.187961,0.0499875,0
233700,49.9989,49.8111,49.8122,0.158331,0.05313,0.158331,0.124046,4.19345e-07,0.18781,0.0499875,0
233760,49.9989,49.8113,49.8123,0.158294,0.0531275,0.158294,0.124021,4.1901e-07,0.187659,0.0499875,0
233820,49.9989,49.8114,49.8125,0.158257,0.053125,0.158257,0.123996,4.18675e-07,0.187508,0.0499875,0
233880,49.9989,49.8116,49.8126,0.15822,0.0531225,0.15822,0.123971,4.18341e-07,0.187357,0.0499875,0
233940,49.9989,49.8117,49.8128,0.158182,0.05312,0.158182,0.123946,4.18007e-07,0.187207,0.0499875,0
234000,49.9989,49.8119,49.8129,0.158145,0.0531175,0.158145,0.123921,4.17673e-07,0.187057,0.0499875,0
234060,49.9989,49.812,49.8131,0.158108,0.053115,0.158108,0.123896,4.1734e-07,0.186906,0.0499875,0
234120,49.9989,49.8122,49.8132,0.158071,0.0531125,0.158071,0.123871,4.17008e-07,0.186756,0.0499875,0
234180,49.9989,49.8123,49.8134,0.158034,0.05311,0.158034,0.123846,4.16676e-07,0.186607,0.0499875,0
234240,49.9989,49.8125,49.8135,0.157997,0.0531075,0.157997,0.123821,4.16344e-07,0.186457,0.0499875,0
234300,49.9989,49.8126,49.8137,0.15796,0.053105,0.15796,0.123796,4.16012e-07,0.186308,0.0499875,0
234360,49.9989,49.8128,49.8138,0.157923,0.0531026,0.157923,0.123771,4.15681e-07,0.186159,0.0499875,0
234420,49.9989,49.8129,49.814,0.157886,0.0531001,0.157886,0.123746,4.15351e-07,0.18601,0.0499875,0
234480,49.9989,49.8131,49.8141,0.157849,0.0530976,0.157849,0.123721,4.1502e-07,0.185861,0.0499875,0
234540,49.9989,49.8132,49.8142,0.157812,0.0530951,0.157812,0.123696,4.14691e-07,0.185712,0.0499875,0
234600,49.9989,49.8134,49.8144,0.157775,0.0530927,0.157775,0.123671,4.14361e-07,0.185564,0.0499875,0
234660,49.9989,49.8135,49.8145,0.157739,0.0530902,0.157739,0.123646,4.14032e-07,0.185415,0.0499875,0
234720,49.9989,49.8137,49.8147,0.157702,0.0530877,0.157702,0.123622,4.13704e-07,0.185267,0.0499875,0
234780,49.9989,49.8138,49.8148,0.157665,0.0530853,0.157665,0.123597,4.13376e-07,0.18512,0.0499875,0
234840,49.9989,49.814,49.815,0.157628,0.0530828,0.157628,0.123572,4.13048e-07,0.184972,0.0499875,0
234900,49.9989,49.8141,49.8151,0.157592,0.0530804,0.157592,0.123547,4.12721e-07,0.184824,0.0499875,0
234960,49.9989,49.8143,49.8153,0.157555,0.0530779,0.157555,0.123522,4.12394e-07,0.184677,0.0499875,0
235020,49.9989,49.8144,49.8154,0.157518,0.0530755,0.157518,0.123498,4.12067e-07,0.18453,0.0499875,0
235080,49.9989,49.8146,49.8156,0.157482,0.053073,0.157482,0.123473,4.11741e-07,0.184383,0.0499875,0
235140,49.9989,49.8147,49.8157,0.157445,0.0530706,0.157445,0.123448,4.11415e-07,0.184236,0.0499875,0
235200,49.9989,49.8148,49.8159,0.157409,0.0530681,0.157409,0.123424,4.1109e-07,0.184089,0.0499875,0
235260,49.9989,49.815,49.816,0.157372,0.0530657,0.157372,0.123399,4.10765e-07,0.183943,0.0499875,0
235320,49.9989,49.8151,49.8161,0.157336,0.0530633,0.157336,0.123374,4.10441e-07,0.183797,0.0499875,0
235380,49.9989,49.8153,49.8163,0.157299,0.0530609,0.157299,0.12335,4.10116e-07,0.183651,0.0499875,0
235440,49.9989,49.8154,49.8164,0.157263,0.0530584,0.157263,0.123325,4.09793e-07,0.183505,0.0499875,0
235500,49.9989,49.8156,49.8166,0.157226,0.053056,0.157226,0.123301,4.09469e-07,0.183359,0.0499875,0
235560,49.9989,49.8157,49.8167,0.15719,0.0530536,0.15719,0.123276,4.09146e-07,0.183214,0.0499875,0
235620,49.9989,49.8159,49.8169,0.157154,0.0530512,0.157154,0.123251,4.08824e-07,0.183068,0.0499875,0
235680,49.9989,49.816,49.817,0.157117,0.0530488,0.157117,0.123227,4.08502e-07,0.182923,0.0499875,0
235740,49.9989,49.8162,49.8172,0.157081,0.0530463,0.157081,0.123202,4.0818e-07,0.182778,0.0499875,0
235800,49.9989,49.8163,49.8173,0.157045,0.0530439,0.157045,0.123178,4.07859e-07,0.182633,0.0499875,0
235860,49.9989,49.8164,49.8174,0.157009,0.0530415,0.157009,0.123153,4.07538e-07,0.182489,0.0499875,0
235920,49.9989,49.8166,49.8176,0.156972,0.0530391,0.156972,0.123129,4.07217e-07,0.182344,0.0499875,0
235980,49.9989,49.8167,49.8177,0.156936,0.0530367,0.156936,0.123105,4.06897e-07,0.1822,0.0499875,0
236040,49.9989,49.8169,49.8179,0.1569,0.0530343,0.1569,0.12308,4.06577e-07,0.182056,0.0499875,0
236100,49.9989,49.817,49.818,0.156864,0.0530319,0.156864,0.123056,4.06258e-07,0.181912,0.0499875,0
236160,49.9989,49.8172,49.8182,0.156828,0.0530295,0.156828,0.123031,4.05939e-07,0.181768,0.0499875,0
236220,49.9989,49.8173,49.8183,0.156792,0.0530272,0.156792,0.123007,4.0562e-07,0.181625,0.0499875,0
236280,49.9989,49.8175,49.8184,0.156756,0.0530248,0.156756,0.122983,4.05302e-07,0.181481,0.0499875,0
236340,49.9989,49.8176,49.8186,0.15672,0.0530224,0.15672,0.122958,4.04984e-07,0.181338,0.0499875,0
236400,49.9989,49.8177,49.8187,0.156684,0.05302,0.156684,0.122934,4.04667e-07,0.181195,0.0499875,0
236460,49.9989,49.8179,49.8189,0.156648,0.0530176,0.156648,0.12291,4.0435e-07,0.181052,0.0499875,0
236520,49.9989,49.818,49.819,0.156612,0.0530153,0.156612,0.122886,4.04033e-07,0.18091,0.0499875,0
236580,49.9989,49.8182,49.8191,0.156576,0.0530129,0.156576,0.122861,4.03717e-07,0.180767,0.0499875,0
236640,49.9989,49.8183,49.8193,0.156541,0.0530105,0.156541,0.122837,4.03401e-07,0.180625,0.0499875,0
236700,49.9989,49.8185,49.8194,0.156505,0.0530082,0.156505,0.122813,4.03086e-07,0.180483,0.0499875,0
236760,49.9989,49.8186,49.8196,0.156469,0.0530058,0.156469,0.122789,4.02771e-07,0.180341,0.0499875,0
236820,49.9989,49.8187,49.8197,0.156433,0.0530034,0.156433,0.122765,4.02456e-07,0.180199,0.0499875,0
236880,49.9989,49.8189,49.8199,0.156398,0.0530011,0.156398,0.122741,4.02142e-07,0.180057,0.0499875,0
236940,49.9989,49.819,49.82,0.156362,0.0529987,0.156362,0.122716,4.01828e-07,0.179916,0.0499875,0
237000,49.9989,49.8192,49.8201,0.156326,0.0529964,0.156326,0.122692,4.01514e-07,0.179774,0.0499875,0
237060,49.9989,49.8193,49.8203,0.156291,0.052994,0.156291,0.122668,4.01201e-07,0.179633,0.0499875,0
237120,49.9989,49.8194,49.8204,0.156255,0.0529917,0.156255,0.122644,4.00888e-07,0.179492,0.0499875,0
237180,49.9989,49.8196,49.8206,0.156219,0.0529894,0.156219,0.12262,4.00576e-07,0.179352,0.0499875,0
237240,49.9989,49.8197,49.8207,0.156184,0.052987,0.156184,0.122596,4.00264e-07,0.179211,0.0499875,0
237300,49.9989,49.8199,49.8208,0.156148,0.0529847,0.156148,0.122572,3.99952e-07,0.179071,0.0499875,0
237360,49.9989,49.82,49.821,0.156113,0.0529823,0.156113,0.122548,3.99641e-07,0.17893,0.0499875,0
237420,49.9989,49.8201,49.8211,0.156077,0.05298,0.156077,0.122524,3.9933e-07,0.17879,0.0499875,0
237480,49.9989,49.8203,49.8212,0.156042,0.0529777,0.156042,0.1225,3.99019e-07,0.17865,0.0499875,0
237540,49.9989,49.8204,49.8214,0.156007,0.0529754,0.156007,0.122476,3.98709e-07,0.178511,0.0499875,0
237600,49.9989,49.8206,49.8215,0.155971,0.052973,0.155971,0.122452,3.98399e-07,0.178371,0.0499875,0
237660,49.9989,49.8207,49.8217,0.155936,0.0529707,0.155936,0.122428,3.9809e-07,0.178232,0.0499875,0
237720,49.9989,49.8208,49.8218,0.155901,0.0529684,0.155901,0.122405,3.97781e-07,0.178093,0.0499875,0
237780,49.9989,49.821,49.8219,0.155865,0.0529661,0.155865,0.122381,3.97472e-07,0.177954,0.0499875,0
237840,49.9989,49.8211,49.8221,0.15583,0.0529638,0.15583,0.122357,3.97164e-07,0.177815,0.0499875,0
237900,49.9989,49.8213,49.8222,0.155795,0.0529615,0.155795,0.122333,3.96856e-07,0.177676,0.0499875,0
237960,49.9989,49.8214,49.8224,0.15576,0.0529592,0.15576,0.122309,3.96549e-07,0.177537,0.0499875,0
238020,49.9989,49.8215,49.8225,0.155724,0.0529569,0.155724,0.122285,3.96241e-07,0.177399,0.0499875,0
238080,49.9989,49.8217,49.8226,0.155689,0.0529546,0.155689,0.122262,3.95935e-07,0.177261,0.0499875,0
238140,49.9989,49.8218,49.8228,0.155654,0.0529523,0.155654,0.122238,3.95628e-07,0.177123,0.0499875,0
238200,49.9989,49.8219,49.8229,0.155619,0.05295,0.155619,0.122214,3.95322e-07,0.176985,0.0499875,0
238260,49.9989,49.8221,49.823,0.155584,0.0529477,0.155584,0.122191,3.95017e-07,0.176847,0.0499875,0
238320,49.9989,49.8222,49.8232,0.155549,0.0529454,0.155549,0.122167,3.94711e-07,0.17671,0.0499875,0
238380,49.9989,49.8224,49.8233,0.155514,0.0529431,0.155514,0.122143,3.94406e-07,0.176572,0.0499875,0
238440,49.9989,49.8225,49.8234,0.155479,0.0529408,0.155479,0.122119,3.94102e-07,0.176435,0.0499875,0
238500,49.9989,49.8226,49.8236,0.155444,0.0529386,0.155444,0.122096,3.93798e-07,0.176298,0.0499875,0
238560,49.9989,49.8228,49.8237,0.155409,0.0529363,0.155409,0.122072,3.93494e-07,0.176161,0.0499875,0
238620,49.9989,49.8229,49.8239,0.155374,0.052934,0.155374,0.122049,3.9319e-07,0.176025,0.0499875,0
238680,49.9989,49.823,49.824,0.15534,0.0529317,0.15534,0.122025,3.92887e-07,0.175888,0.0499875,0
238740,49.9989,49.8232,49.8241,0.155305,0.0529295,0.155305,0.122001,3.92584e-07,0.175752,0.0499875,0
238800,49.9989,49.8233,49.8243,0.15527,0.0529272,0.15527,0.121978,3.92282e-07,0.175615,0.0499875,0
238860,49.9989,49.8235,49.8244,0.155235,0.0529249,0.155235,0.121954,3.9198e-07,0.175479,0.0499875,0
238920,49.9989,49.8236,49.8245,0.1552,0.0529227,0.1552,0.121931,3.91678e-07,0.175344,0.0499875,0
238980,49.9989,49.8237,49.8247,0.155166,0.0529204,0.155166,0.121907,3.91377e-07,0.175208,0.0499875,0
239040,49.9989,49.8239,49.8248,0.155131,0.0529182,0.155131,0.121884,3.91076e-07,0.175072,0.0499875,0
239100,49.9989,49.824,49.8249,0.155096,0.0529159,0.155096,0.12186,3.90776e-07,0.174937,0.0499875,0
239160,49.9989,49.8241,49.8251,0.155062,0.0529137,0.155062,0.121837,3.90475e-07,0.174802,0.0499875,0
239220,49.9989,49.8243,49.8252,0.155027,0.0529114,0.155027,0.121814,3.90176e-07,0.174667,0.0499875,0
239280,49.9989,49.8244,49.8253,0.154993,0.0529092,0.154993,0.12179,3.89876e-07,0.174532,0.0499875,0
239340,49.9989,49.8245,49.8255,0.154958,0.0529069,0.154958,0.121767,3.89577e-07,0.174397,0.0499875,0
239400,49.9989,49.8247,49.8256,0.154923,0.0529047,0.154923,0.121743,3.89279e-07,0.174262,0.0499875,0
239460,49.9989,49.8248,49.8257,0.154889,0.0529025,0.154889,0.12172,3.88996e-07,0.174128,0.0499875,0
239520,49.9989,49.8249,49.8259,0.154854,0.0529003,0.154854,0.121697,3.88719e-07,0.173994,0.0499875,0
239580,49.9989,49.8251,49.826,0.15482,0.0528982,0.15482,0.121673,3.88441e-07,0.17386,0.0499875,0
239640,49.9989,49.8252,49.8261,0.154786,0.052896,0.154786,0.12165,3.88164e-07,0.173728,0.0499875,0
239700,49.9989,49.8253,49.8262,0.154751,0.0528939,0.154751,0.121627,3.87888e-07,0.173596,0.0499875,0
239760,49.9989,49.8255,49.8264,0.154717,0.0528917,0.154717,0.121604,3.87611e-07,0.173465,0.0499875,0
239820,49.9989,49.8256,49.8265,0.154683,0.0528896,0.154683,0.12158,3.87336e-07,0.173335,0.0499875,0
239880,49.9989,49.8257,49.8266,0.154648,0.0528874,0.154648,0.121557,3.8706e-07,0.173207,0.0499875,0
239940,49.9989,49.8259,49.8267,0.154614,0.0528853,0.154614,0.121534,3.86785e-07,0.173079,0.0499875,0
240000,49.9989,49.826,49.8268,0.15458,0.0528831,0.15458,0.121511,3.8651e-07,0.172952,0.0499875,0
240060,49.9989,49.8261,49.827,0.154545,0.052881,0.154545,0.121488,3.86236e-07,0.172827,0.0499875,0
240120,49.9989,49.8262,49.8271,0.154511,0.0528789,0.154511,0.121464,3.85962e-07,0.172702,0.0499875,0
240180,49.9989,49.8264,49.8272,0.154477,0.0528767,0.154477,0.121441,3.85688e-07,0.172577,0.0499875,0
240240,49.9989,49.8265,49.8273,0.154443,0.0528746,0.154443,0.121418,3.85415e-07,0.172453,0.0499875,0
240300,49.9989,49.8266,49.8274,0.154409,0.0528725,0.154409,0.121395,3.85142e-07,0.17233,0.0499875,0
240360,49.9989,49.8267,49.8276,0.154375,0.0528704,0.154375,0.121372,3.84869e-07,0.172208,0.0499875,0
240420,49.9989,49.8268,49.8277,0.154341,0.0528682,0.154341,0.121349,3.84597e-07,0.172086,0.0499875,0
240480,49.9989,49.827,49.8278,0.154306,0.0528661,0.154306,0.121326,3.84324e-07,0.171964,0.0499875,0
240540,49.9989,49.8271,49.8279,0.154272,0.052864,0.154272,0.121303,3.84053e-07,0.171843,0.0499875,0
240600,49.9989,49.8272,49.828,0.154238,0.0528619,0.154238,0.12128,3.83781e-07,0.171723,0.0499875,0
240660,49.9989,49.8273,49.8282,0.154204,0.0528598,0.154204,0.121257,3.8351e-07,0.171603,0.0499875,0
240720,49.9989,49.8275,49.8283,0.15417,0.0528577,0.15417,0.121234,3.83239e-07,0.171483,0.0499875,0
240780,49.9989,49.8276,49.8284,0.154137,0.0528556,0.154137,0.121211,3.82968e-07,0.171364,0.0499875,0
240840,49.9989,49.8277,49.8285,0.154103,0.0528535,0.154103,0.121188,3.82698e-07,0.171245,0.0499875,0
240900,49.9989,49.8278,49.8286,0.154069,0.0528514,0.154069,0.121165,3.82428e-07,0.171126,0.0499875,0
240960,49.9989,49.8279,49.8287,0.154035,0.0528493,0.154035,0.121142,3.82158e-07,0.171008,0.0499875,0
241020,49.9989,49.828,49.8289,0.154001,0.0528472,0.154001,0.121119,3.81889e-07,0.17089,0.0499875,0
241080,49.9989,49.8282,49.829,0.153967,0.0528451,0.153967,0.121096,3.81619e-07,0.170772,0.0499875,0
241140,49.9989,49.8283,49.8291,0.153933,0.052843,0.153933,0.121073,3.8135e-07,0.170654,0.0499875,0
241200,49.9989,49.8284,49.8292,0.1539,0.0528409,0.1539,0.12105,3.81082e-07,0.170537,0.0499875,0
241260,49.9989,49.8285,49.8293,0.153866,0.0528388,0.153866,0.121027,3.80799e-07,0.17042,0.0499875,0
241320,49.9989,49.8286,49.8294,0.153832,0.0528366,0.153832,0.121005,3.80512e-07,0.170302,0.0499875,0
241380,49.9989,49.8287,49.8296,0.153799,0.0528345,0.153799,0.120982,3.80224e-07,0.170185,0.0499875,0
241440,49.9989,49.8289,49.8297,0.153765,0.0528323,0.153765,0.120959,3.79937e-07,0.170068,0.0499875,0
241500,49.9989,49.829,49.8298,0.153731,0.0528302,0.153731,0.120936,3.7965e-07,0.16995,0.0499875,0
241560,49.9989,49.8291,49.8299,0.153698,0.052828,0.153698,0.120913,3.79363e-07,0.169831,0.0499875,0
241620,49.9989,49.8292,49.8301,0.153664,0.0528259,0.153664,0.120891,3.79077e-07,0.169712,0.0499875,0
241680,49.9989,49.8293,49.8302,0.153631,0.0528237,0.153631,0.120868,3.78791e-07,0.169592,0.0499875,0
241740,49.9989,49.8295,49.8303,0.153597,0.0528216,0.153597,0.120845,3.78505e-07,0.169471,0.0499875,0
241800,49.9989,49.8296,49.8304,0.153564,0.0528195,0.153564,0.120822,3.7822e-07,0.169349,0.0499875,0
241860,49.9989,49.8297,49.8306,0.15353,0.0528173,0.15353,0.1208,3.77935e-07,0.169227,0.0499875,0
241920,49.9989,49.8298,49.8307,0.153497,0.0528152,0.153497,0.120777,3.7765e-07,0.169105,0.0499875,0
241980,49.9989,49.83,49.8308,0.153463,0.0528131,0.153463,0.120754,3.77365e-07,0.168982,0.0499875,0
242040,49.9989,49.8301,49.8309,0.15343,0.0528109,0.15343,0.120732,3.77081e-07,0.168859,0.0499875,0
242100,49.9989,49.8302,49.8311,0.153396,0.0528088,0.153396,0.120709,3.76797e-07,0.168736,0.0499875,0
242160,49.9989,49.8303,49.8312,0.153363,0.0528067,0.153363,0.120687,3.76514e-07,0.168612,0.0499875,0
242220,49.9989,49.8304,49.8313,0.15333,0.0528046,0.15333,0.120664,3.76231e-07,0.168488,0.0499875,0
242280,49.9989,49.8306,49.8314,0.153297,0.0528024,0.153297,0.120641,3.75948e-07,0.168364,0.0499875,0
242340,49.9989,49.8307,49.8316,0.153263,0.0528003,0.153263,0.120619,3.75665e-07,0.168239,0.0499875,0
242400,49.9989,49.8308,49.8317,0.15323,0.0527982,0.15323,0.120596,3.75383e-07,0.168115,0.0499875,0
242460,49.9989,49.8309,49.8318,0.153197,0.0527961,0.153197,0.120574,3.75101e-07,0.16799,0.0499875,0
242520,49.9989,49.8311,49.8319,0.153164,0.052794,0.153164,0.120551,3.74819e-07,0.167866,0.0499875,0
242580,49.9989,49.8312,49.8321,0.153131,0.0527919,0.153131,0.120529,3.74538e-07,0.167741,0.0499875,0
242640,49.9989,49.8313,49.8322,0.153097,0.0527898,0.153097,0.120506,3.74257e-07,0.167616,0.0499875,0
242700,49.9989,49.8314,49.8323,0.153064,0.0527877,0.153064,0.120484,3.73976e-07,0.167491,0.0499875,0
242760,49.9989,49.8316,49.8324,0.153031,0.0527856,0.153031,0.120461,3.73696e-07,0.167367,0.0499875,0
242820,49.9989,49.8317,49.8326,0.152998,0.0527835,0.152998,0.120439,3.73416e-07,0.167242,0.0499875,0
242880,49.9989,49.8318,49.8327,0.152965,0.0527814,0.152965,0.120417,3.73136e-07,0.167117,0.0499875,0
242940,49.9989,49.8319,49.8328,0.152932,0.0527793,0.152932,0.120394,3.72857e-07,0.166993,0.0499875,0
243000,49.9989,49.8321,49.8329,0.152899,0.0527772,0.152899,0.120372,3.72578e-07,0.166868,0.0499875,0
243060,49.9989,49.8322,49.833,0.152866,0.0527751,0.152866,0.12035,3.72299e-07,0.166743,0.0499875,0
243120,49.9989,49.8323,49.8332,0.152833,0.052773,0.152833,0.120327,3.72021e-07,0.166619,0.0499875,0
243180,49.9989,49.8324,49.8333,0.1528,0.052771,0.1528,0.120305,3.71743e-07,0.166494,0.0499875,0
243240,49.9989,49.8326,49.8334,0.152768,0.0527689,0.152768,0.120283,3.71465e-07,0.16637,0.0499875,0
243300,49.9989,49.8327,49.8335,0.152735,0.0527668,0.152735,0.12026,3.71187e-07,0.166246,0.0499875,0
243360,49.9989,49.8328,49.8337,0.152702,0.0527647,0.152702,0.120238,3.7091e-07,0.166121,0.0499875,0
243420,49.9989,49.8329,49.8338,0.152669,0.0527627,0.152669,0.120216,3.70634e-07,0.165997,0.0499875,0
243480,49.9989,49.8331,49.8339,0.152636,0.0527606,0.152636,0.120194,3.70357e-07,0.165873,0.0499875,0
243540,49.9989,49.8332,49.834,0.152604,0.0527585,0.152604,0.120171,3.70081e-07,0.165749,0.0499875,0
243600,49.9989,49.8333,49.8342,0.152571,0.0527565,0.152571,0.120149,3.69805e-07,0.165626,0.0499875,0
243660,49.9989,49.8334,49.8343,0.152538,0.0527544,0.152538,0.120127,3.6953e-07,0.165502,0.0499875,0
243720,49.9989,49.8336,49.8344,0.152505,0.0527523,0.152505,0.120105,3.69254e-07,0.165378,0.0499875,0
243780,49.9989,49.8337,49.8345,0.152473,0.0527503,0.152473,0.120083,3.6898e-07,0.165255,0.0499875,0
243840,49.9989,49.8338,49.8347,0.15244,0.0527482,0.15244,0.120061,3.68705e-07,0.165131,0.0499875,0
243900,49.9989,49.8339,49.8348,0.152408,0.0527462,0.152408,0.120038,3.68431e-07,0.165008,0.0499875,0
243960,49.9989,49.834,49.8349,0.152375,0.0527441,0.152375,0.120016,3.68157e-07,0.164885,0.0499875,0
244020,49.9989,49.8342,49.835,0.152343,0.0527421,0.152343,0.119994,3.67883e-07,0.164762,0.0499875,0
244080,49.9989,49.8343,49.8351,0.15231,0.05274,0.15231,0.119972,3.6761e-07,0.164639,0.0499875,0
244140,49.9989,49.8344,49.8353,0.152278,0.052738,0.152278,0.11995,3.67337e-07,0.164516,0.0499875,0
244200,49.9989,49.8345,49.8354,0.152245,0.0527359,0.152245,0.119928,3.67065e-07,0.164393,0.0499875,0
244260,49.9989,49.8347,49.8355,0.152213,0.0527339,0.152213,0.119906,3.66792e-07,0.164271,0.0499875,0
244320,49.9989,49.8348,49.8356,0.15218,0.0527319,0.15218,0.119884,3.6652e-07,0.164149,0.0499875,0
244380,49.9989,49.8349,49.8357,0.152148,0.0527298,0.152148,0.119862,3.66249e-07,0.164026,0.0499875,0
244440,49.9989,49.835,49.8359,0.152115,0.0527278,0.152115,0.11984,3.65977e-07,0.163904,0.0499875,0
244500,49.9989,49.8352,49.836,0.152083,0.0527258,0.152083,0.119818,3.65706e-07,0.163782,0.0499875,0
244560,49.9989,49.8353,49.8361,0.152051,0.0527237,0.152051,0.119796,3.65435e-07,0.16366,0.0499875,0
244620,49.9989,49.8354,49.8362,0.152019,0.0527217,0.152019,0.119774,3.65165e-07,0.163538,0.0499875,0
244680,49.9989,49.8355,49.8364,0.151986,0.0527197,0.151986,0.119752,3.64895e-07,0.163417,0.0499875,0
244740,49.9989,49.8356,49.8365,0.151954,0.0527177,0.151954,0.119731,3.64625e-07,0.163295,0.0499875,0
244800,49.9989,49.8358,49.8366,0.151922,0.0527157,0.151922,0.119709,3.64355e-07,0.163174,0.0499875,0
244860,49.9989,49.8359,49.8367,0.15189,0.0527136,0.15189,0.119687,3.64086e-07,0.163053,0.0499875,0
244920,49.9989,49.836,49.8368,0.151857,0.0527116,0.151857,0.119665,3.63817e-07,0.162932,0.0499875,0
244980,49.9989,49.8361,49.837,0.151825,0.0527096,0.151825,0.119643,3.63549e-07,0.162811,0.0499875,0
245040,49.9989,49.8362,49.8371,0.151793,0.0527076,0.151793,0.119621,3.63281e-07,0.16269,0.0499875,0
245100,49.9989,49.8364,49.8372,0.151761,0.0527056,0.151761,0.1196,3.63013e-07,0.162569,0.0499875,0
245160,49.9989,49.8365,49.8373,0.151729,0.0527036,0.151729,0.119578,3.62745e-07,0.162449,0.0499875,0
245220,49.9989,49.8366,49.8374,0.151697,0.0527016,0.151697,0.119556,3.62478e-07,0.162329,0.0499875,0
245280,49.9989,49.8367,49.8376,0.151665,0.0526996,0.151665,0.119534,3.62211e-07,0.162208,0.0499875,0
245340,49.9989,49.8368,49.8377,0.151633,0.0526976,0.151633,0.119513,3.61944e-07,0.162088,0.0499875,0
245400,49.9989,49.837,49.8378,0.151601,0.0526956,0.151601,0.119491,3.61678e-07,0.161968,0.0499875,0
245460,49.9989,49.8371,49.8379,0.151569,0.0526936,0.151569,0.119469,3.61411e-07,0.161848,0.0499875,0
245520,49.9989,49.8372,49.838,0.151537,0.0526916,0.151537,0.119448,3.61146e-07,0.161729,0.0499875,0
245580,49.9989,49.8373,49.8381,0.151505,0.0526896,0.151505,0.119426,3.6088e-07,0.161609,0.0499875,0
245640,49.9989,49.8374,49.8383,0.151473,0.0526876,0.151473,0.119404,3.60615e-07,0.16149,0.0499875,0
245700,49.9989,49.8376,49.8384,0.151442,0.0526857,0.151442,0.119383,3.6035e-07,0.16137,0.0499875,0
245760,49.9989,49.8377,49.8385,0.15141,0.0526837,0.15141,0.119361,3.60086e-07,0.161251,0.0499875,0
245820,49.9989,49.8378,49.8386,0.151378,0.0526817,0.151378,0.119339,3.59821e-07,0.161132,0.0499875,0
245880,49.9989,49.8379,49.8387,0.151346,0.0526797,0.151346,0.119318,3.59557e-07,0.161013,0.0499875,0
245940,49.9989,49.838,49.8389,0.151314,0.0526778,0.151314,0.119296,3.59294e-07,0.160895,0.0499875,0
246000,49.9989,49.8382,49.839,0.151283,0.0526758,0.151283,0.119275,3.5903e-07,0.160776,0.0499875,0
246060,49.9989,49.8383,49.8391,0.151251,0.0526738,0.151251,0.119253,3.58767e-07,0.160658,0.0499875,0
246120,49.9989,49.8384,49.8392,0.151219,0.0526718,0.151219,0.119232,3.58505e-07,0.160539,0.0499875,0
246180,49.9989,49.8385,49.8393,0.151188,0.0526699,0.151188,0.11921,3.58242e-07,0.160421,0.0499875,0
246240,49.9989,49.8386,49.8394,0.151156,0.0526679,0.151156,0.119189,3.5798e-07,0.160303,0.0499875,0
246300,49.9989,49.8387,49.8396,0.151125,0.052666,0.151125,0.119167,3.57718e-07,0.160185,0.0499875,0
246360,49.9989,49.8389,49.8397,0.151093,0.052664,0.151093,0.119146,3.57457e-07,0.160067,0.0499875,0
246420,49.9989,49.839,49.8398,0.151061,0.052662,0.151061,0.119124,3.57195e-07,0.15995,0.0499875,0
246480,49.9989,49.8391,49.8399,0.15103,0.0526601,0.15103,0.119103,3.56934e-07,0.159832,0.0499875,0
246540,49.9989,49.8392,49.84,0.150998,0.0526581,0.150998,0.119081,3.56674e-07,0.159715,0.0499875,0
246600,49.9989,49.8393,49.8401,0.150967,0.0526562,0.150967,0.11906,3.56413e-07,0.159597,0.0499875,0
246660,49.9989,49.8395,49.8403,0.150935,0.0526542,0.150935,0.119039,3.56153e-07,0.15948,0.0499875,0
246720,49.9989,49.8396,49.8404,0.150904,0.0526523,0.150904,0.119017,3.55894e-07,0.159363,0.0499875,0
246780,49.9989,49.8397,49.8405,0.150873,0.0526504,0.150873,0.118996,3.55634e-07,0.159246,0.0499875,0
246840,49.9989,49.8398,49.8406,0.150841,0.0526484,0.150841,0.118975,3.55375e-07,0.15913,0.0499875,0
246900,49.9989,49.8399,49.8407,0.15081,0.0526465,0.15081,0.118953,3.55116e-07,0.159013,0.0499875,0
246960,49.9989,49.84,49.8408,0.150778,0.0526445,0.150778,0.118932,3.54857e-07,0.158897,0.0499875,0
247020,49.9989,49.8402,49.841,0.150747,0.0526426,0.150747,0.118911,3.54599e-07,0.15878,0.0499875,0
247080,49.9989,49.8403,49.8411,0.150716,0.0526407,0.150716,0.11889,3.54341e-07,0.158664,0.0499875,0
247140,49.9989,49.8404,49.8412,0.150685,0.0526387,0.150685,0.118868,3.54083e-07,0.158548,0.0499875,0
247200,49.9989,49.8405,49.8413,0.150653,0.0526368,0.150653,0.118847,3.53826e-07,0.158432,0.0499875,0
247260,49.9989,49.8406,49.8414,0.150622,0.0526349,0.150622,0.118826,3.53569e-07,0.158316,0.0499875,0
247320,49.9989,49.8407,49.8415,0.150591,0.052633,0.150591,0.118805,3.53312e-07,0.158201,0.0499875,0
247380,49.9989,49.8408,49.8416,0.15056,0.052631,0.15056,0.118783,3.53056e-07,0.158085,0.0499875,0
247440,49.9989,49.841,49.8418,0.150529,0.0526291,0.150529,0.118762,3.52799e-07,0.15797,0.0499875,0
247500,49.9989,49.8411,49.8419,0.150498,0.0526272,0.150498,0.118741,3.52544e-07,0.157854,0.0499875,0
247560,49.9989,49.8412,49.842,0.150466,0.0526253,0.150466,0.11872,3.52288e-07,0.157739,0.0499875,0
247620,49.9989,49.8413,49.8421,0.150435,0.0526234,0.150435,0.118699,3.52033e-07,0.157624,0.0499875,0
247680,49.9989,49.8414,49.8422,0.150404,0.0526215,0.150404,0.118678,3.51777e-07,0.157509,0.0499875,0
247740,49.9989,49.8415,49.8423,0.150373,0.0526196,0.150373,0.118657,3.51523e-07,0.157395,0.0499875,0
247800,49.9989,49.8417,49.8424,0.150342,0.0526177,0.150342,0.118635,3.51268e-07,0.15728,0.0499875,0
247860,49.9989,49.8418,49.8426,0.150311,0.0526158,0.150311,0.118614,3.51014e-07,0.157166,0.0499875,0
247920,49.9989,49.8419,49.8427,0.15028,0.0526139,0.15028,0.118593,3.5076e-07,0.157051,0.0499875,0
247980,49.9989,49.842,49.8428,0.150249,0.052612,0.150249,0.118572,3.50506e-07,0.156937,0.0499875,0
248040,49.9989,49.8421,49.8429,0.150218,0.0526101,0.150218,0.118551,3.50253e-07,0.156823,0.0499875,0
248100,49.9989,49.8422,49.843,0.150188,0.0526082,0.150188,0.11853,3.5e-07,0.156709,0.0499875,0
248160,49.9989,49.8423,49.8431,0.150157,0.0526063,0.150157,0.118509,3.49747e-07,0.156595,0.0499875,0
248220,49.9989,49.8425,49.8432,0.150126,0.0526044,0.150126,0.118488,3.49495e-07,0.156481,0.0499875,0
248280,49.9989,49.8426,49.8433,0.150095,0.0526025,0.150095,0.118467,3.49243e-07,0.156368,0.0499875,0
248340,49.9989,49.8427,49.8435,0.150064,0.0526006,0.150064,0.118446,3.48991e-07,0.156254,0.0499875,0
248400,49.9989,49.8428,49.8436,0.150033,0.0525987,0.150033,0.118425,3.48739e-07,0.156141,0.0499875,0
248460,49.9989,49.8429,49.8437,0.150003,0.0525968,0.150003,0.118405,3.48488e-07,0.156028,0.0499875,0
248465,49.9989,49.8429,49.8437,0.15,0.0525967,0.15,0.118403,3.48465e-07,0.156018,0.0499875,0
