t,Tair,Tc,Ts,Cc,Cs,Cmax,Cbar,rate,dTmax,Cenv,R_cm
0,28,28,28,2.55,2.55,2.55,2.55,0.00020243,0,0.01963,2
60,28.528,28,28.0749,2.55,2.0796,2.55,2.5394,0.000165116,0.528,0.02002,1.99577
120,29.192,28,28.2238,2.55,1.92309,2.55,2.52989,0.000152852,1.192,0.02053,1.99153
180,29.684,28,28.3939,2.55,1.81589,2.55,2.52099,0.000144509,1.68397,0.021,1.9873
240,30.037,28.0004,28.5585,2.55,1.73323,2.55,2.51252,0.000138107,2.0366,0.02151,1.98307
300,30.834,28.0021,28.7886,2.55,1.66614,2.55,2.50439,0.000132945,2.83191,0.02191,1.97883
360,31.293,28.0067,29.0206,2.55,1.60984,2.55,2.49655,0.000128635,3.28633,0.02233,1.9746
420,31.82,28.0159,29.2602,2.55,1.56136,2.55,2.48894,0.000124937,3.80409,0.02278,1.97037
480,32.121,28.0315,29.4797,2.55,1.51879,2.55,2.48154,0.000121704,4.0895,0.02325,1.96613
540,32.73,28.0551,29.7325,2.55,1.4811,2.55,2.47433,0.00011885,4.67494,0.02377,1.9619
600,33.202,28.088,29.9936,2.55,1.4475,2.55,2.46728,0.000116319,5.11402,0.02428,1.95767
660,33.879,28.1312,30.289,2.55,1.41735,2.55,2.46036,0.000114072,5.7478,0.02465,1.95343
720,34.268,28.1853,30.5687,2.55,1.39004,2.55,2.45358,0.000112045,6.08274,0.02506,1.9492
780,34.806,28.2506,30.8595,2.55,1.36512,2.55,2.44692,0.0001102,6.55543,0.02552,1.94497
840,35.142,28.3275,31.1338,2.55,1.34224,2.55,2.44036,0.000108505,6.81446,0.02612,1.94073
900,35.524,28.4165,31.4037,2.55,1.32105,2.55,2.43389,0.000106952,7.10748,0.0266,1.9365
960,36.091,28.5177,31.703,2.55,1.30154,2.55,2.42752,0.000105548,7.57334,0.02687,1.93227
1020,36.354,28.6309,31.9769,2.55,1.28341,2.55,2.42122,0.000104238,7.72313,0.02732,1.92803
1080,37.067,28.7558,32.3009,2.55,1.26672,2.55,2.41501,0.000103029,8.31121,0.02793,1.9238
1140,37.419,28.892,32.6094,2.55,1.25127,2.55,2.40886,0.00010194,8.52702,0.02826,1.91957
1200,37.882,29.039,32.9194,2.55,1.23683,2.55,2.40277,0.000100905,8.84296,0.02891,1.91533
1260,38.134,29.1967,33.2049,2.55,1.22321,2.55,2.39675,9.99635e-05,8.93735,0.02921,1.9111
1320,38.767,29.3647,33.5323,2.55,1.21052,2.55,2.39078,9.90872e-05,9.40235,0.02961,1.90687
1380,39.125,29.5428,33.8496,2.55,1.19874,2.55,2.38486,9.82598e-05,9.58218,0.03029,1.90263
1440,39.458,29.7308,34.1519,2.55,1.18755,2.55,2.37898,9.7517e-05,9.72724,0.03051,1.8984
1500,39.595,29.928,34.4188,2.55,1.17681,2.55,2.37315,9.67882e-05,9.66697,0.03098,1.89417
1560,40.061,30.1343,34.7141,2.55,1.16664,2.55,2.36737,9.61113e-05,9.92667,0.03137,1.88993
1620,40.238,30.3492,34.9866,2.55,1.157,2.55,2.36162,9.54729e-05,9.88876,0.03179,1.8857
1680,40.621,30.572,35.2717,2.55,1.14782,2.55,2.35591,9.48731e-05,10.049,0.03219,1.88147
1740,41.166,30.8018,35.5947,2.55,1.1393,2.55,2.35023,9.43247e-05,10.3642,0.03262,1.87723
1800,41.513,31.0378,35.9099,2.55,1.13134,2.55,2.34459,9.38187e-05,10.4752,0.03307,1.873
1860,41.918,31.2792,36.2277,2.55,1.12369,2.55,2.33898,9.32647e-05,10.6388,0.03345,1.87037
1920,41.952,31.5253,36.4924,2.55,1.11622,2.55,2.3334,9.27063e-05,10.4267,0.03403,1.86773
1980,42.263,31.7763,36.7653,2.55,1.10894,2.55,2.32785,9.21747e-05,10.4867,0.03447,1.8651
2040,42.589,32.032,37.0513,2.55,1.102,2.55,2.32234,9.16841e-05,10.557,0.03476,1.86247
2100,42.745,32.2921,37.3152,2.55,1.0953,2.55,2.31685,9.12053e-05,10.4529,0.03513,1.85983
2160,42.985,32.5559,37.5771,2.55,1.08881,2.55,2.31139,9.07368e-05,10.4291,0.03558,1.8572
2220,43.393,32.8227,37.8666,2.55,1.08269,2.55,2.30596,9.02935e-05,10.5703,0.03609,1.85457
2280,43.534,33.0918,38.1307,2.55,1.0768,2.55,2.30056,8.98811e-05,10.4422,0.03646,1.85193
2340,43.97,33.3629,38.4223,2.55,1.07115,2.55,2.29517,8.95142e-05,10.6071,0.03653,1.8493
2400,44.102,33.6354,38.688,2.55,1.06573,2.55,2.28982,8.91374e-05,10.4666,0.03694,1.84667
2460,44.503,33.9092,38.9752,2.55,1.06056,2.55,2.28448,8.87835e-05,10.5938,0.03731,1.84403
2520,44.663,34.1842,39.2424,2.55,1.05559,2.55,2.27916,8.84483e-05,10.4788,0.03766,1.8414
2580,44.701,34.4604,39.4733,2.55,1.05065,2.55,2.27386,8.81052e-05,10.2406,0.03812,1.83877
2640,45.138,34.7376,39.7473,2.55,1.04592,2.55,2.26859,8.77949e-05,10.4004,0.0384,1.83613
2700,45.323,35.0158,40.0108,2.55,1.04141,2.55,2.26333,8.75117e-05,10.3072,0.03858,1.8335
2760,45.324,35.2944,40.2315,2.55,1.03692,2.55,2.25809,8.72057e-05,10.0296,0.03903,1.83087
2820,45.462,35.5731,40.4493,2.55,1.03246,2.55,2.25286,8.69084e-05,9.8889,0.0394,1.82823
2880,45.818,35.8517,40.7024,2.55,1.02819,2.55,2.24766,8.66479e-05,9.96632,0.03954,1.8256
2940,45.739,36.1297,40.9059,2.55,1.02402,2.55,2.24247,8.63549e-05,9.60926,0.04013,1.82297
3000,45.93,36.4067,41.1162,2.55,1.01982,2.55,2.23729,8.61128e-05,9.52333,0.04011,1.82033
3060,45.999,36.6821,41.3171,2.55,1.01576,2.55,2.23213,8.58224e-05,9.31694,0.04076,1.8177
3120,46.512,36.9556,41.579,2.55,1.01191,2.55,2.22699,8.56136e-05,9.55642,0.0407,1.81507
3180,46.602,37.2268,41.8136,2.55,1.0083,2.55,2.22186,8.53678e-05,9.37523,0.04128,1.81243
3240,46.761,37.4953,42.0349,2.55,1.00472,2.55,2.21675,8.51498e-05,9.2657,0.04157,1.8098
3300,46.933,37.7613,42.2554,2.55,1.00122,2.55,2.21164,8.49374e-05,9.17165,0.04187,1.80717
3360,46.912,38.0254,42.4432,2.55,0.997699,2.55,2.20655,8.47331e-05,8.8866,0.04205,1.80453
3420,47.089,38.2877,42.6406,2.55,0.994204,2.55,2.20148,8.45254e-05,8.80132,0.04229,1.8019
3480,47.008,38.5481,42.8043,2.55,0.990693,2.55,2.19641,8.43208e-05,8.45986,0.04247,1.79927
3540,47.111,38.8065,42.972,2.55,0.987175,2.55,2.19136,8.41045e-05,8.30454,0.04277,1.79663
3600,47.485,39.0622,43.1894,2.55,0.983837,2.55,2.18632,8.39346e-05,8.42284,0.04272,1.794
3660,47.498,39.3147,43.3767,2.55,0.980647,2.55,2.18129,8.37561e-05,8.1833,0.04312,1.79097
3720,47.646,39.5636,43.5616,2.55,0.977489,2.55,2.17627,8.35968e-05,8.08236,0.04333,1.78793
3780,47.84,39.809,43.7574,2.55,0.974455,2.55,2.17125,8.34346e-05,8.03096,0.04369,1.7849
3840,47.873,40.0512,43.932,2.55,0.971438,2.55,2.16625,8.33021e-05,7.8218,0.04373,1.78187
3900,47.926,40.2903,44.0946,2.55,0.968403,2.55,2.16126,8.31568e-05,7.63569,0.04389,1.77883
3960,48.016,40.5265,44.2568,2.55,0.96541,2.55,2.15627,8.30012e-05,7.48945,0.0442,1.7758
4020,47.977,40.7599,44.3969,2.55,0.96238,2.55,2.1513,8.28679e-05,7.21708,0.04422,1.77277
4080,47.926,40.9902,44.5187,2.55,0.95928,2.55,2.14633,8.2718e-05,6.93576,0.04435,1.76973
4140,48.199,41.2172,44.6827,2.55,0.956303,2.55,2.14137,8.25605e-05,6.98183,0.04468,1.7667
4200,48.166,41.4403,44.8233,2.55,0.953386,2.55,2.13642,8.24243e-05,6.72571,0.04483,1.76367
4260,48.331,41.6591,44.9753,2.55,0.950489,2.55,2.13148,8.22957e-05,6.67193,0.04491,1.76063
4320,48.615,41.8734,45.1585,2.55,0.947763,2.55,2.12655,8.21687e-05,6.74161,0.04514,1.7576
4380,48.38,42.0834,45.273,2.55,0.944983,2.55,2.12162,8.20426e-05,6.29658,0.0453,1.75457
4440,48.357,42.2895,45.375,2.55,0.942064,2.55,2.1167,8.19062e-05,6.06753,0.04543,1.75153
4500,48.526,42.4921,45.5078,2.55,0.939216,2.55,2.11179,8.17713e-05,6.03395,0.04561,1.7485
4560,48.59,42.6912,45.6397,2.55,0.936458,2.55,2.10689,8.16348e-05,5.89884,0.04589,1.74547
4620,48.825,42.8863,45.7947,2.55,0.933778,2.55,2.102,8.15345e-05,5.93875,0.04585,1.74243
4680,48.827,43.0771,45.928,2.54999,0.931175,2.54999,2.09711,8.13968e-05,5.74993,0.04629,1.7394
4740,48.988,43.2638,46.0703,2.54999,0.928597,2.54999,2.09223,8.12904e-05,5.72417,0.04641,1.73637
4800,48.979,43.447,46.1936,2.54999,0.926005,2.54999,2.08735,8.12007e-05,5.53196,0.04633,1.73333
4860,48.9,43.6272,46.2899,2.54999,0.923333,2.54999,2.08248,8.10905e-05,5.27282,0.04639,1.7303
4920,49.144,43.8045,46.4241,2.54998,0.920738,2.54998,2.07762,8.09731e-05,5.3395,0.0466,1.72727
4980,48.87,43.979,46.4975,2.54998,0.918102,2.54998,2.07277,8.08458e-05,4.89101,0.04687,1.72423
5040,48.84,44.1503,46.5653,2.54997,0.915324,2.54997,2.06792,8.07283e-05,4.68968,0.04689,1.7212
5100,48.913,44.3183,46.6535,2.54997,0.912586,2.54997,2.06308,8.0599e-05,4.59472,0.04707,1.71817
5160,49.261,44.4824,46.7968,2.54996,0.910012,2.54996,2.05825,8.05033e-05,4.77864,0.04705,1.71513
5220,49.169,44.6418,46.8998,2.54995,0.907496,2.54995,2.05342,8.03968e-05,4.52717,0.0472,1.7121
5280,49.056,44.7966,46.9684,2.54994,0.904848,2.54994,2.0486,8.02982e-05,4.25943,0.04713,1.70907
5340,49.257,44.9473,47.0732,2.54992,0.902267,2.54992,2.04378,8.01698e-05,4.30965,0.04744,1.70603
5400,49.116,45.0947,47.1444,2.54991,0.899659,2.54991,2.03898,8.00826e-05,4.02126,0.04728,1.703
5460,49.415,45.2386,47.2622,2.54989,0.89712,2.54989,2.03418,7.9936e-05,4.17637,0.0476,1.7004
5520,49.321,45.3789,47.3489,2.54987,0.89462,2.54987,2.02938,7.98068e-05,3.94207,0.04777,1.6978
5580,49.317,45.5157,47.4233,2.54984,0.89201,2.54984,2.0246,7.97074e-05,3.80131,0.04751,1.6952
5640,49.304,45.6493,47.4934,2.54981,0.889407,2.54981,2.01982,7.95545e-05,3.65473,0.04782,1.6926
5700,49.492,45.7799,47.5929,2.54978,0.886848,2.54978,2.01505,7.94507e-05,3.7121,0.04765,1.69
5760,49.384,45.9074,47.6614,2.54974,0.884318,2.54974,2.01029,7.92982e-05,3.47656,0.04802,1.6874
5820,49.272,46.0318,47.7048,2.54969,0.881658,2.54969,2.00553,7.91898e-05,3.24024,0.04779,1.6848
5880,49.31,46.153,47.761,2.54964,0.879022,2.54964,2.00079,7.90158e-05,3.15697,0.04827,1.6822
5940,49.749,46.2712,47.8933,2.54958,0.876543,2.54958,1.99605,7.89324e-05,3.47779,0.04795,1.6796
6000,49.743,46.3858,47.997,2.54952,0.874217,2.54952,1.99132,7.8789e-05,3.35719,0.04841,1.677
6060,49.66,46.4969,48.0629,2.54944,0.8718,2.54944,1.98659,7.86813e-05,3.16315,0.0484,1.6744
6120,49.463,46.6055,48.0914,2.54936,0.869237,2.54936,1.98188,7.85622e-05,2.85755,0.04836,1.6718
6180,49.83,46.7126,48.192,2.54927,0.866772,2.54927,1.97717,7.84339e-05,3.11742,0.04851,1.6692
6240,49.753,46.8181,48.2662,2.54917,0.864387,2.54917,1.97246,7.83206e-05,2.93494,0.04858,1.6666
6300,49.739,46.9212,48.324,2.54905,0.861949,2.54905,1.96777,7.81961e-05,2.81782,0.04871,1.664
6360,49.622,47.022,48.36,2.54893,0.859413,2.54893,1.96308,7.81022e-05,2.59996,0.04842,1.6614
6420,49.55,47.1209,48.3878,2.54879,0.856835,2.54879,1.9584,7.79546e-05,2.42911,0.04864,1.6588
6480,49.477,47.2175,48.4109,2.54864,0.8542,2.54864,1.95372,7.78408e-05,2.25953,0.04845,1.6562
6540,49.891,47.3111,48.5124,2.54847,0.851752,2.54847,1.94906,7.76973e-05,2.57985,0.04875,1.6536
6600,49.683,47.4012,48.5588,2.54828,0.849323,2.54828,1.9444,7.76008e-05,2.28181,0.04858,1.651
6660,49.569,47.4875,48.5766,2.54808,0.846784,2.54808,1.93975,7.74534e-05,2.08153,0.04882,1.6484
6720,49.633,47.5709,48.6157,2.54787,0.844247,2.54787,1.9351,7.73253e-05,2.06209,0.04886,1.6458
6780,49.781,47.6519,48.6812,2.54763,0.841791,2.54763,1.93047,7.72094e-05,2.12912,0.04885,1.6432
6840,49.592,47.73,48.7034,2.54737,0.839305,2.54737,1.92584,7.70825e-05,1.86199,0.04892,1.6406
6900,49.941,47.8052,48.7873,2.5471,0.836909,2.5471,1.92122,7.69552e-05,2.13577,0.04908,1.638
6960,49.902,47.8779,48.8504,2.5468,0.834598,2.5468,1.9166,7.68466e-05,2.02408,0.04913,1.6354
7020,49.892,47.9483,48.8964,2.54648,0.832229,2.54648,1.912,7.67476e-05,1.94365,0.04902,1.6328
7080,49.759,48.0173,48.9163,2.54613,0.829804,2.54613,1.90739,7.66232e-05,1.74173,0.04911,1.6302
7140,49.865,48.0853,48.9593,2.54576,0.827401,2.54576,1.9028,7.64906e-05,1.77975,0.0493,1.6276
7200,49.852,48.1521,48.9986,2.54536,0.824987,2.54536,1.89821,7.64108e-05,1.69988,0.04894,1.625
7260,49.893,48.2172,49.0405,2.54494,0.822523,2.54494,1.89363,7.62215e-05,1.67575,0.04897,1.6238
7320,49.619,48.2804,49.0312,2.54449,0.819931,2.54449,1.88907,7.60213e-05,1.33865,0.04898,1.6226
7380,49.792,48.3415,49.0638,2.54401,0.817344,2.54401,1.88451,7.57917e-05,1.4505,0.04929,1.6214
7440,49.612,48.4005,49.0675,2.5435,0.814727,2.5435,1.87997,7.55983e-05,1.21149,0.0492,1.6202
7500,49.845,48.4568,49.1158,2.54296,0.812157,2.54296,1.87544,7.53796e-05,1.38824,0.04941,1.619
7560,49.77,48.5101,49.1454,2.54239,0.809621,2.54239,1.87093,7.51876e-05,1.25994,0.04938,1.6178
7620,49.683,48.5605,49.1537,2.54179,0.806998,2.54179,1.86642,7.49977e-05,1.12253,0.04924,1.6166
7680,49.669,48.6086,49.1652,2.54116,0.804381,2.54116,1.86193,7.47645e-05,1.06039,0.04954,1.6154
7740,49.916,48.6548,49.2241,2.5405,0.801855,2.5405,1.85745,7.45737e-05,1.26119,0.0495,1.6142
7800,49.714,48.6989,49.2349,2.5398,0.799294,2.5398,1.85298,7.43969e-05,1.01511,0.04928,1.613
7860,50.095,48.741,49.311,2.53907,0.796819,2.53907,1.84852,7.41997e-05,1.35404,0.04935,1.6118
7920,49.929,48.7817,49.3421,2.5383,0.794391,2.5383,1.84407,7.40147e-05,1.14734,0.04934,1.6106
7980,49.817,48.8215,49.3443,2.5375,0.791846,2.5375,1.83964,7.38219e-05,0.995527,0.04929,1.6094
8040,49.943,48.8612,49.377,2.53666,0.789326,2.53666,1.83521,7.36253e-05,1.08184,0.0493,1.6082
8100,49.664,48.9007,49.3591,2.53578,0.786788,2.53578,1.8308,7.33867e-05,0.763294,0.04971,1.607
8160,50.135,48.9394,49.4335,2.53487,0.784321,2.53487,1.82641,7.32187e-05,1.19556,0.04948,1.6058
8220,49.902,48.9769,49.4521,2.53392,0.781901,2.53392,1.82202,7.30331e-05,0.925116,0.04947,1.6046
8280,50.056,49.0128,49.4897,2.53293,0.779477,2.53293,1.81764,7.28269e-05,1.04325,0.04966,1.6034
8340,49.71,49.0478,49.4635,2.5319,0.776962,2.5319,1.81328,7.26374e-05,0.662186,0.04959,1.6022
8400,49.915,49.0824,49.4856,2.53083,0.774451,2.53083,1.80893,7.24198e-05,0.832557,0.0498,1.601
8460,49.92,49.1164,49.512,2.52973,0.77201,2.52973,1.80459,7.2237e-05,0.803633,0.04973,1.5998
8520,50.147,49.1487,49.5707,2.52858,0.769635,2.52858,1.80026,7.20666e-05,0.998268,0.0496,1.5986
8580,49.967,49.1795,49.5828,2.5274,0.767252,2.5274,1.79594,7.18861e-05,0.787538,0.04956,1.5974
8640,49.921,49.2093,49.5838,2.52617,0.764831,2.52617,1.79163,7.16653e-05,0.711747,0.04988,1.5962
8700,49.821,49.2389,49.575,2.5249,0.762356,2.5249,1.78734,7.1483e-05,0.582103,0.04976,1.595
8760,49.856,49.2682,49.5811,2.52359,0.759891,2.52359,1.78306,7.12763e-05,0.5878,0.04989,1.5938
8820,49.953,49.2964,49.6077,2.52225,0.757448,2.52225,1.77878,7.11247e-05,0.656622,0.04949,1.5926
8880,49.915,49.3228,49.6218,2.52086,0.755068,2.52086,1.77452,7.09019e-05,0.592214,0.04986,1.5914
8940,49.708,49.3474,49.5965,2.51942,0.752601,2.51942,1.77027,7.07162e-05,0.360552,0.04977,1.5902
9000,50.163,49.3709,49.6642,2.51795,0.750256,2.51795,1.76604,7.05294e-05,0.792139,0.04981,1.589
9060,50.198,49.393,49.7216,2.51644,0.74808,2.51644,1.76181,7.03418e-05,0.804954,0.05004,1.58777
9120,49.82,49.414,49.6893,2.51488,0.745755,2.51488,1.7576,7.01569e-05,0.406016,0.05009,1.58653
9180,50.027,49.435,49.7075,2.51328,0.743364,2.51328,1.75339,7.00035e-05,0.591985,0.04976,1.5853
9240,49.804,49.4568,49.6902,2.51164,0.741,2.51164,1.7492,6.9797e-05,0.347241,0.04998,1.58407
9300,50.086,49.4782,49.7291,2.50996,0.738706,2.50996,1.74502,6.96013e-05,0.607786,0.05016,1.58283
9360,49.891,49.4987,49.7265,2.50824,0.736398,2.50824,1.74084,6.94485e-05,0.392301,0.0499,1.5816
9420,50.08,49.518,49.7568,2.50647,0.734114,2.50647,1.73668,6.92633e-05,0.562041,0.04998,1.58037
9480,50.113,49.5364,49.7885,2.50467,0.731904,2.50467,1.73253,6.90945e-05,0.57659,0.04997,1.57913
9540,50.134,49.5543,49.8134,2.50282,0.729698,2.50282,1.72839,6.89319e-05,0.579732,0.0499,1.5779
9600,49.804,49.572,49.7737,2.50093,0.727414,2.50093,1.72426,6.87226e-05,0.231958,0.05021,1.57667
9660,50.208,49.5902,49.8225,2.499,0.725185,2.499,1.72014,6.85571e-05,0.617793,0.05014,1.57543
9720,49.865,49.6084,49.8019,2.49702,0.722921,2.49702,1.71603,6.84143e-05,0.256625,0.04981,1.5742
9780,49.769,49.6257,49.7675,2.49501,0.720585,2.49501,1.71194,6.81856e-05,0.14327,0.05025,1.57297
9840,50.027,49.6424,49.7985,2.49296,0.718338,2.49296,1.70785,6.80164e-05,0.384601,0.05019,1.57173
9900,49.935,49.6577,49.8061,2.49086,0.716105,2.49086,1.70377,6.78729e-05,0.277312,0.04989,1.5705
9960,50.165,49.6711,49.8492,2.48872,0.713963,2.48872,1.69971,6.76793e-05,0.493934,0.05017,1.56927
10020,50.154,49.6833,49.8789,2.48655,0.711845,2.48655,1.69565,6.75542e-05,0.470737,0.0498,1.56803
10080,49.909,49.6952,49.8538,2.48433,0.70968,2.48433,1.6916,6.73403e-05,0.213846,0.05025,1.5668
10140,50.226,49.7077,49.8961,2.48208,0.707549,2.48208,1.68757,6.71929e-05,0.518302,0.05008,1.56557
10200,49.895,49.7209,49.8715,2.47978,0.705394,2.47978,1.68354,6.70255e-05,0.174088,0.05008,1.56433
10260,50.008,49.7342,49.8729,2.47745,0.703167,2.47745,1.67952,6.68792e-05,0.273849,0.0498,1.5631
10320,49.878,49.7473,49.8577,2.47507,0.700998,2.47507,1.67552,6.66687e-05,0.130676,0.0502,1.56187
10380,50.218,49.7597,49.9088,2.47266,0.698877,2.47266,1.67152,6.65491e-05,0.458255,0.04976,1.56063
10440,49.832,49.771,49.8765,2.47021,0.696735,2.47021,1.66753,6.63707e-05,0.0610249,0.04987,1.5594
10500,49.772,49.7813,49.8406,2.46772,0.694479,2.46772,1.66356,6.61966e-05,0.0760269,0.04982,1.55817
10560,49.968,49.7912,49.8597,2.4652,0.69234,2.4652,1.65959,6.59964e-05,0.176797,0.05014,1.55693
10620,50.246,49.8,49.924,2.46263,0.69033,2.46263,1.65563,6.58718e-05,0.446048,0.04985,1.5557
10680,50.196,49.8069,49.9548,2.46003,0.6884,2.46003,1.65169,6.56884e-05,0.389069,0.05021,1.55447
10740,50.124,49.8134,49.959,2.4574,0.686401,2.4574,1.64775,6.55481e-05,0.310575,0.05008,1.55323
10800,50.195,49.8212,49.9774,2.45472,0.684372,2.45472,1.64382,6.54229e-05,0.373754,0.04977,1.552
10860,50.197,49.8308,49.9936,2.45201,0.68238,2.45201,1.6399,6.52784e-05,0.36621,0.04975,1.5506
10920,50.009,49.8415,49.9717,2.44927,0.680344,2.44927,1.63599,6.51241e-05,0.167481,0.04978,1.5492
10980,49.908,49.8531,49.9413,2.44649,0.67827,2.44649,1.63209,6.49407e-05,0.0549368,0.05005,1.5478
11040,50.136,49.8648,49.9674,2.44367,0.676278,2.44367,1.62819,6.47831e-05,0.2712,0.05015,1.5464
11100,50.081,49.8755,49.9774,2.44082,0.674304,2.44082,1.62431,6.46663e-05,0.205523,0.04987,1.545
11160,49.937,49.8846,49.9554,2.43793,0.672302,2.43793,1.62044,6.44864e-05,0.0524314,0.05017,1.5436
11220,49.797,49.8928,49.9175,2.43501,0.670194,2.43501,1.61657,6.43666e-05,0.138119,0.04978,1.5422
11280,50.123,49.9004,49.9547,2.43205,0.668225,2.43205,1.61271,6.41823e-05,0.222607,0.05015,1.5408
11340,49.881,49.9065,49.9379,2.42906,0.666281,2.42906,1.60887,6.40324e-05,0.0603821,0.05021,1.5394
11400,50.218,49.911,49.9831,2.42603,0.664373,2.42603,1.60503,6.38994e-05,0.307019,0.05014,1.538
11460,49.87,49.9147,49.9536,2.42298,0.662438,2.42298,1.6012,6.37603e-05,0.0886972,0.0501,1.5366
11520,49.811,49.9183,49.9191,2.41989,0.660407,2.41989,1.59738,6.35995e-05,0.129084,0.05017,1.5352
11580,50.166,49.9223,49.967,2.41677,0.658465,2.41677,1.59357,6.34967e-05,0.243707,0.04977,1.5338
11640,49.827,49.9256,49.9381,2.41362,0.656528,2.41362,1.58976,6.33441e-05,0.120952,0.04985,1.5324
11700,49.84,49.9279,49.916,2.41043,0.654518,2.41043,1.58596,6.31961e-05,0.0970148,0.04981,1.531
11760,50.05,49.9301,49.945,2.40722,0.652628,2.40722,1.58218,6.30364e-05,0.119933,0.05,1.5296
11820,50.187,49.9315,49.9887,2.40397,0.650853,2.40397,1.5784,6.28958e-05,0.255522,0.05012,1.5282
11880,49.848,49.9321,49.9525,2.4007,0.648982,2.4007,1.57463,6.27626e-05,0.112706,0.05007,1.5268
11940,49.905,49.9334,49.9376,2.3974,0.647058,2.3974,1.57087,6.26069e-05,0.0415458,0.05018,1.5254
12000,50.139,49.9356,49.9762,2.39406,0.64521,2.39406,1.56712,6.25071e-05,0.203389,0.04983,1.524
12060,50.236,49.9377,50.0188,2.3907,0.643489,2.3907,1.56337,6.23532e-05,0.298325,0.05012,1.5226
12120,50,49.9395,50.0004,2.38731,0.641679,2.38731,1.55963,6.22486e-05,0.0605316,0.04985,1.5212
12180,49.822,49.9423,49.9552,2.3839,0.639759,2.3839,1.5559,6.20997e-05,0.151965,0.04989,1.5198
12240,49.757,49.9467,49.9186,2.38045,0.637829,2.38045,1.55218,6.19313e-05,0.204667,0.0501,1.5184
12300,49.865,49.9509,49.9176,2.37698,0.635956,2.37698,1.54847,6.17763e-05,0.0907504,0.05024,1.517
12360,49.816,49.9531,49.9087,2.37348,0.634089,2.37348,1.54477,6.16552e-05,0.137471,0.05006,1.5156
12420,50.089,49.9529,49.9499,2.36995,0.632278,2.36995,1.54107,6.15504e-05,0.156311,0.04978,1.5142
12480,49.811,49.951,49.926,2.3664,0.63049,2.3664,1.53738,6.13886e-05,0.140045,0.05006,1.5128
12540,50.003,49.9487,49.9405,2.36282,0.628668,2.36282,1.5337,6.12834e-05,0.0681692,0.04977,1.5114
12600,50.097,49.9469,49.9715,2.35922,0.626982,2.35922,1.53003,6.1117e-05,0.155524,0.05019,1.51
12660,50.041,49.9453,49.9787,2.35559,0.625274,2.35559,1.52637,6.099e-05,0.0969503,0.0501,1.5089
12720,49.85,49.9447,49.9471,2.35194,0.623446,2.35194,1.52271,6.08682e-05,0.108717,0.04984,1.5078
12780,50.152,49.9456,49.9833,2.34827,0.621679,2.34827,1.51906,6.07292e-05,0.206448,0.0498,1.5067
12840,50.108,49.9471,50.0027,2.34458,0.61999,2.34458,1.51542,6.05898e-05,0.160944,0.04984,1.5056
12900,50.119,49.9487,50.0128,2.34086,0.618327,2.34086,1.51179,6.04147e-05,0.170326,0.05024,1.5045
12960,49.816,49.9512,49.9655,2.33713,0.616535,2.33713,1.50817,6.02958e-05,0.16687,0.04998,1.5034
13020,49.812,49.9549,49.9344,2.33337,0.614693,2.33337,1.50456,6.01268e-05,0.157066,0.05014,1.5023
13080,50.214,49.9588,49.9936,2.32959,0.612997,2.32959,1.50096,5.99975e-05,0.255232,0.05007,1.5012
13140,49.949,49.961,49.9834,2.32579,0.611312,2.32579,1.49736,5.9865e-05,0.0355264,0.05004,1.5001
13200,49.9,49.962,49.9609,2.32197,0.609519,2.32197,1.49377,5.9741e-05,0.0715666,0.04982,1.499
13260,49.994,49.9633,49.9681,2.31813,0.607809,2.31813,1.49019,5.95596e-05,0.0306719,0.05022,1.4979
13320,50.081,49.9647,49.9901,2.31427,0.606124,2.31427,1.48662,5.94574e-05,0.116327,0.0499,1.4968
13380,50.228,49.9655,50.03,2.31039,0.604517,2.31039,1.48306,5.93142e-05,0.262518,0.05004,1.4957
13440,49.893,49.9664,49.993,2.30649,0.602844,2.30649,1.4795,5.91724e-05,0.107626,0.0501,1.4946
13500,50.212,49.9684,50.0265,2.30258,0.601186,2.30258,1.47596,5.90415e-05,0.243557,0.05007,1.4935
13560,49.762,49.9717,49.9711,2.29864,0.599491,2.29864,1.47242,5.88873e-05,0.235204,0.05022,1.4924
13620,50.028,49.9751,49.9799,2.29469,0.597733,2.29469,1.46889,5.8785e-05,0.0529079,0.04982,1.4913
13680,50.067,49.9782,50.0003,2.29072,0.596098,2.29072,1.46537,5.86335e-05,0.0887854,0.05,1.4902
13740,49.803,49.98,49.9603,2.28674,0.594391,2.28674,1.46185,5.84988e-05,0.182938,0.04995,1.4891
13800,49.82,49.9811,49.9366,2.28274,0.592643,2.28274,1.45835,5.83497e-05,0.162501,0.04999,1.488
13860,49.96,49.9817,49.9512,2.27872,0.590947,2.27872,1.45485,5.82299e-05,0.0216886,0.04981,1.4869
13920,50.233,49.9808,50.0105,2.27468,0.589383,2.27468,1.45136,5.81034e-05,0.264387,0.04982,1.4858
13980,50.048,49.9786,50.012,2.27063,0.58783,2.27063,1.44788,5.79716e-05,0.0729411,0.04989,1.4847
14040,50.217,49.977,50.0399,2.26657,0.586275,2.26657,1.4444,5.78458e-05,0.240079,0.0499,1.4836
14100,50.152,49.9776,50.05,2.26249,0.584747,2.26249,1.44094,5.77173e-05,0.174383,0.04996,1.4825
14160,49.984,49.9802,50.024,2.25839,0.583155,2.25839,1.43748,5.75775e-05,0.0419568,0.05006,1.4814
14220,50.142,49.9845,50.0386,2.25429,0.581579,2.25429,1.43403,5.74487e-05,0.157496,0.05007,1.4803
14280,49.759,49.9895,49.9806,2.25016,0.579918,2.25016,1.43058,5.73238e-05,0.254746,0.04996,1.4792
14340,49.805,49.9941,49.9493,2.24603,0.578198,2.24603,1.42715,5.71813e-05,0.197963,0.04995,1.4781
14400,50.165,49.9974,50.0021,2.24187,0.576621,2.24187,1.42372,5.70628e-05,0.181983,0.04986,1.477
14460,49.9989,49.998,49.991,2.23771,0.575058,2.23771,1.4203,5.69182e-05,0.00914422,0.0499875,1.476
14520,49.9989,49.9968,49.9928,2.23353,0.573488,2.23353,1.41689,5.67865e-05,0.00736608,0.0499875,1.475
14580,49.9989,49.9956,49.9939,2.22935,0.571921,2.22935,1.41349,5.6655e-05,0.00632993,0.0499875,1.474
14640,49.9989,49.9947,49.9946,2.22515,0.57036,2.22515,1.41009,5.65238e-05,0.005697,0.0499875,1.473
14700,49.9989,49.9942,49.9951,2.22094,0.568803,2.22094,1.4067,5.6393e-05,0.00531743,0.0499875,1.472
14760,49.9989,49.994,49.9955,2.21672,0.567252,2.21672,1.40333,5.62626e-05,0.00511469,0.0499875,1.471
14820,49.9989,49.9939,49.9958,2.21248,0.565706,2.21248,1.39995,5.61327e-05,0.00504645,0.0499875,1.47
14880,49.9989,49.9939,49.996,2.20824,0.564167,2.20824,1.39659,5.60032e-05,0.00500778,0.0499875,1.469
14940,49.9989,49.994,49.9962,2.20399,0.562633,2.20399,1.39323,5.58741e-05,0.00490127,0.0499875,1.468
15000,49.9989,49.9942,49.9964,2.19973,0.561105,2.19973,1.38988,5.57456e-05,0.00475303,0.0499875,1.467
15060,49.9989,49.9944,49.9965,2.19546,0.559583,2.19546,1.38654,5.56175e-05,0.00458017,0.0499875,1.466
15120,49.9989,49.9945,49.9967,2.19118,0.558067,2.19118,1.38321,5.54899e-05,0.00439442,0.0499875,1.465
15180,49.9989,49.9947,49.9968,2.18689,0.556557,2.18689,1.37988,5.53627e-05,0.00420413,0.0499875,1.464
15240,49.9989,49.9949,49.9969,2.18259,0.555052,2.18259,1.37657,5.52361e-05,0.00401487,0.0499875,1.463
15300,49.9989,49.9951,49.997,2.17828,0.553554,2.17828,1.37326,5.51099e-05,0.00382926,0.0499875,1.462
15360,49.9989,49.9953,49.9971,2.17397,0.552062,2.17397,1.36995,5.49841e-05,0.00364931,0.0499875,1.461
15420,49.9989,49.9955,49.9972,2.16965,0.550575,2.16965,1.36666,5.48589e-05,0.00347481,0.0499875,1.46
15480,49.9989,49.9956,49.9973,2.16531,0.549094,2.16531,1.36337,5.47341e-05,0.00330719,0.0499875,1.459
15540,49.9989,49.9958,49.9973,2.16098,0.547619,2.16098,1.36009,5.46098e-05,0.00314586,0.0499875,1.458
15600,49.9989,49.9959,49.9974,2.15663,0.54615,2.15663,1.35682,5.44859e-05,0.00299168,0.0499875,1.457
15660,49.9989,49.9961,49.9975,2.15228,0.544687,2.15228,1.35355,5.43626e-05,0.00284448,0.0499875,1.456
15720,49.9989,49.9962,49.9976,2.14792,0.543229,2.14792,1.35029,5.42396e-05,0.0027043,0.0499875,1.455
15780,49.9989,49.9964,49.9976,2.14355,0.541777,2.14355,1.34704,5.41172e-05,0.00257084,0.0499875,1.454
15840,49.9989,49.9965,49.9977,2.13918,0.540331,2.13918,1.3438,5.39951e-05,0.00244384,0.0499875,1.453
15900,49.9989,49.9966,49.9978,2.1348,0.53889,2.1348,1.34056,5.38736e-05,0.00232288,0.0499875,1.452
15960,49.9989,49.9967,49.9978,2.13042,0.537455,2.13042,1.33733,5.37524e-05,0.0022079,0.0499875,1.451
16020,49.9989,49.9968,49.9979,2.12603,0.536025,2.12603,1.33411,5.36318e-05,0.00209843,0.0499875,1.45
16080,49.9989,49.9969,49.9979,2.12163,0.534601,2.12163,1.3309,5.35115e-05,0.00199392,0.0499875,1.449
16140,49.9989,49.997,49.998,2.11723,0.533183,2.11723,1.32769,5.33917e-05,0.00189416,0.0499875,1.448
16200,49.9989,49.9971,49.998,2.11283,0.531769,2.11283,1.32449,5.32723e-05,0.00179934,0.0499875,1.447
16260,49.9989,49.9972,49.9981,2.10842,0.530353,2.10842,1.3213,5.31439e-05,0.00170926,0.0499875,1.44623
16320,49.9989,49.9973,49.9981,2.10401,0.528937,2.10401,1.31811,5.30153e-05,0.00162361,0.0499875,1.44547
16380,49.9989,49.9974,49.9982,2.09959,0.527523,2.09959,1.31494,5.28869e-05,0.00154218,0.0499875,1.4447
16440,49.9989,49.9975,49.9982,2.09517,0.526112,2.09517,1.31177,5.27586e-05,0.00146474,0.0499875,1.44393
16500,49.9989,49.9975,49.9982,2.09075,0.524704,2.09075,1.30861,5.26306e-05,0.00139112,0.0499875,1.44317
16560,49.9989,49.9976,49.9983,2.08633,0.523301,2.08633,1.30545,5.25028e-05,0.00132111,0.0499875,1.4424
16620,49.9989,49.9977,49.9983,2.0819,0.521901,2.0819,1.30231,5.23754e-05,0.00125455,0.0499875,1.44163
16680,49.9989,49.9977,49.9983,2.07747,0.520506,2.07747,1.29917,5.22483e-05,0.00119126,0.0499875,1.44087
16740,49.9989,49.9978,49.9984,2.07304,0.519114,2.07304,1.29604,5.21216e-05,0.0011311,0.0499875,1.4401
16800,49.9989,49.9979,49.9984,2.06861,0.517728,2.06861,1.29291,5.19952e-05,0.0010739,0.0499875,1.43933
16860,49.9989,49.9979,49.9984,2.06418,0.516345,2.06418,1.2898,5.18692e-05,0.00101953,0.0499875,1.43857
16920,49.9989,49.998,49.9984,2.05974,0.514968,2.05974,1.28669,5.17435e-05,0.000967851,0.0499875,1.4378
16980,49.9989,49.998,49.9985,2.05531,0.513594,2.05531,1.28359,5.16182e-05,0.000918727,0.0499875,1.43703
17040,49.9989,49.9981,49.9985,2.05087,0.512225,2.05087,1.28049,5.14933e-05,0.000872038,0.0499875,1.43627
17100,49.9989,49.9981,49.9985,2.04644,0.510861,2.04644,1.27741,5.13687e-05,0.000827667,0.0499875,1.4355
17160,49.9989,49.9981,49.9985,2.042,0.509501,2.042,1.27433,5.12445e-05,0.000785501,0.0499875,1.43473
17220,49.9989,49.9982,49.9986,2.03756,0.508146,2.03756,1.27126,5.11207e-05,0.000745434,0.0499875,1.43397
17280,49.9989,49.9982,49.9986,2.03312,0.506796,2.03312,1.2682,5.09973e-05,0.000707363,0.0499875,1.4332
17340,49.9989,49.9983,49.9986,2.02868,0.50545,2.02868,1.26514,5.08742e-05,0.000671192,0.0499875,1.43243
17400,49.9989,49.9983,49.9986,2.02425,0.504108,2.02425,1.26209,5.07515e-05,0.000636828,0.0499875,1.43167
17460,49.9989,49.9983,49.9986,2.01981,0.502771,2.01981,1.25905,5.06292e-05,0.000604182,0.0499875,1.4309
17520,49.9989,49.9984,49.9986,2.01537,0.501439,2.01537,1.25602,5.05073e-05,0.00057317,0.0499875,1.43013
17580,49.9989,49.9984,49.9987,2.01093,0.500111,2.01093,1.25299,5.03858e-05,0.000543714,0.0499875,1.42937
17640,49.9989,49.9984,49.9987,2.0065,0.498788,2.0065,1.24997,5.02646e-05,0.000515736,0.0499875,1.4286
17700,49.9989,49.9984,49.9987,2.00206,0.497469,2.00206,1.24696,5.01438e-05,0.000489164,0.0499875,1.42783
17760,49.9989,49.9985,49.9987,1.99762,0.496154,1.99762,1.24395,5.00234e-05,0.000463931,0.0499875,1.42707
17820,49.9989,49.9985,49.9987,1.99319,0.494844,1.99319,1.24095,4.99033e-05,0.000439969,0.0499875,1.4263
17880,49.9989,49.9985,49.9987,1.98876,0.493539,1.98876,1.23796,4.97836e-05,0.000417216,0.0499875,1.42553
17940,49.9989,49.9985,49.9987,1.98433,0.492237,1.98433,1.23498,4.96643e-05,0.000395615,0.0499875,1.42477
18000,49.9989,49.9986,49.9987,1.9799,0.490941,1.9799,1.232,4.95453e-05,0.000375107,0.0499875,1.424
18060,49.9989,49.9986,49.9988,1.97547,0.489653,1.97547,1.22903,4.94318e-05,0.000355636,0.0499875,1.4231
18120,49.9989,49.9986,49.9988,1.97104,0.488372,1.97104,1.22607,4.9319e-05,0.000337149,0.0499875,1.4222
18180,49.9989,49.9986,49.9988,1.96661,0.487098,1.96661,1.22312,4.92068e-05,0.000319598,0.0499875,1.4213
18240,49.9989,49.9986,49.9988,1.96219,0.485828,1.96219,1.22017,4.9095e-05,0.000302938,0.0499875,1.4204
18300,49.9989,49.9986,49.9988,1.95776,0.484564,1.95776,1.21722,4.89837e-05,0.000287124,0.0499875,1.4195
18360,49.9989,49.9987,49.9988,1.95334,0.483305,1.95334,1.21429,4.88727e-05,0.000272114,0.0499875,1.4186
18420,49.9989,49.9987,49.9988,1.94892,0.482051,1.94892,1.21136,4.87622e-05,0.00025787,0.0499875,1.4177
18480,49.9989,49.9987,49.9988,1.9445,0.480802,1.9445,1.20844,4.86521e-05,0.000244353,0.0499875,1.4168
18540,49.9989,49.9987,49.9988,1.94008,0.479557,1.94008,1.20552,4.85424e-05,0.000231527,0.0499875,1.4159
18600,49.9989,49.9987,49.9988,1.93566,0.478317,1.93566,1.20261,4.8433e-05,0.000219357,0.0499875,1.415
18660,49.9989,49.9987,49.9988,1.93125,0.477081,1.93125,1.19971,4.8324e-05,0.000207811,0.0499875,1.4141
18720,49.9989,49.9987,49.9988,1.92684,0.475849,1.92684,1.19681,4.82153e-05,0.000196857,0.0499875,1.4132
18780,49.9989,49.9987,49.9988,1.92243,0.474622,1.92243,1.19392,4.8107e-05,0.000186467,0.0499875,1.4123
18840,49.9989,49.9988,49.9988,1.91802,0.473399,1.91802,1.19104,4.7999e-05,0.000176611,0.0499875,1.4114
18900,49.9989,49.9988,49.9989,1.91361,0.47218,1.91361,1.18816,4.78914e-05,0.000167264,0.0499875,1.4105
18960,49.9989,49.9988,49.9989,1.90921,0.470965,1.90921,1.18529,4.77841e-05,0.000158399,0.0499875,1.4096
19020,49.9989,49.9988,49.9989,1.90481,0.469754,1.90481,1.18243,4.76771e-05,0.000149992,0.0499875,1.4087
19080,49.9989,49.9988,49.9989,1.90041,0.468548,1.90041,1.17957,4.75704e-05,0.000142021,0.0499875,1.4078
19140,49.9989,49.9988,49.9989,1.89602,0.467345,1.89602,1.17672,4.74641e-05,0.000134463,0.0499875,1.4069
19200,49.9989,49.9988,49.9989,1.89162,0.466146,1.89162,1.17388,4.7358e-05,0.000127297,0.0499875,1.406
19260,49.9989,49.9988,49.9989,1.88724,0.464951,1.88724,1.17104,4.72523e-05,0.000120504,0.0499875,1.4051
19320,49.9989,49.9988,49.9989,1.88285,0.46376,1.88285,1.16821,4.71469e-05,0.000114064,0.0499875,1.4042
19380,49.9989,49.9988,49.9989,1.87847,0.462573,1.87847,1.16538,4.70418e-05,0.000107959,0.0499875,1.4033
19440,49.9989,49.9988,49.9989,1.87409,0.46139,1.87409,1.16256,4.6937e-05,0.000102174,0.0499875,1.4024
19500,49.9989,49.9988,49.9989,1.86971,0.46021,1.86971,1.15975,4.68324e-05,9.66911e-05,0.0499875,1.4015
19560,49.9989,49.9988,49.9989,1.86534,0.459034,1.86534,1.15694,4.67282e-05,9.1495e-05,0.0499875,1.4006
19620,49.9989,49.9988,49.9989,1.86097,0.457862,1.86097,1.15414,4.66242e-05,8.65718e-05,0.0499875,1.3997
19680,49.9989,49.9989,49.9989,1.8566,0.456694,1.8566,1.15135,4.65206e-05,8.19074e-05,0.0499875,1.3988
19740,49.9989,49.9989,49.9989,1.85224,0.455529,1.85224,1.14856,4.64172e-05,7.74882e-05,0.0499875,1.3979
19800,49.9989,49.9989,49.9989,1.84788,0.454368,1.84788,1.14578,4.63141e-05,7.33018e-05,0.0499875,1.397
19860,49.9989,49.9989,49.9989,1.84353,0.453206,1.84353,1.143,4.62064e-05,6.93363e-05,0.0499875,1.39623
19920,49.9989,49.9989,49.9989,1.83918,0.452044,1.83918,1.14023,4.60986e-05,6.55809e-05,0.0499875,1.39547
19980,49.9989,49.9989,49.9989,1.83483,0.450885,1.83483,1.13747,4.5991e-05,6.20247e-05,0.0499875,1.3947
20040,49.9989,49.9989,49.9989,1.8305,0.449728,1.8305,1.13471,4.58834e-05,5.86572e-05,0.0499875,1.39393
20100,49.9989,49.9989,49.9989,1.82616,0.448573,1.82616,1.13196,4.57761e-05,5.54687e-05,0.0499875,1.39317
20160,49.9989,49.9989,49.9989,1.82183,0.447422,1.82183,1.12922,4.5669e-05,5.24498e-05,0.0499875,1.3924
20220,49.9989,49.9989,49.9989,1.81751,0.446273,1.81751,1.12648,4.5562e-05,4.95917e-05,0.0499875,1.39163
20280,49.9989,49.9989,49.9989,1.81319,0.445127,1.81319,1.12375,4.54553e-05,4.6886e-05,0.0499875,1.39087
20340,49.9989,49.9989,49.9989,1.80887,0.443984,1.80887,1.12103,4.53488e-05,4.43248e-05,0.0499875,1.3901
20400,49.9989,49.9989,49.9989,1.80457,0.442844,1.80457,1.11831,4.52425e-05,4.19005e-05,0.0499875,1.38933
20460,49.9989,49.9989,49.9989,1.80026,0.441707,1.80026,1.1156,4.51365e-05,3.96058e-05,0.0499875,1.38857
20520,49.9989,49.9989,49.9989,1.79596,0.440573,1.79596,1.11289,4.50307e-05,3.74341e-05,0.0499875,1.3878
20580,49.9989,49.9989,49.9989,1.79167,0.439442,1.79167,1.1102,4.49251e-05,3.53789e-05,0.0499875,1.38703
20640,49.9989,49.9989,49.9989,1.78739,0.438314,1.78739,1.1075,4.48198e-05,3.34341e-05,0.0499875,1.38627
20700,49.9989,49.9989,49.9989,1.7831,0.437189,1.7831,1.10482,4.47147e-05,3.15938e-05,0.0499875,1.3855
20760,49.9989,49.9989,49.9989,1.77883,0.436067,1.77883,1.10214,4.46098e-05,2.98527e-05,0.0499875,1.38473
20820,49.9989,49.9989,49.9989,1.77456,0.434948,1.77456,1.09946,4.45052e-05,2.82054e-05,0.0499875,1.38397
20880,49.9989,49.9989,49.9989,1.7703,0.433833,1.7703,1.0968,4.44008e-05,2.66471e-05,0.0499875,1.3832
20940,49.9989,49.9989,49.9989,1.76604,0.43272,1.76604,1.09414,4.42967e-05,2.51731e-05,0.0499875,1.38243
21000,49.9989,49.9989,49.9989,1.76179,0.431611,1.76179,1.09148,4.41928e-05,2.37788e-05,0.0499875,1.38167
21060,49.9989,49.9989,49.9989,1.75754,0.430504,1.75754,1.08883,4.40891e-05,2.24601e-05,0.0499875,1.3809
21120,49.9989,49.9989,49.9989,1.7533,0.429401,1.7533,1.08619,4.39857e-05,2.1213e-05,0.0499875,1.38013
21180,49.9989,49.9989,49.9989,1.74907,0.428301,1.74907,1.08355,4.38825e-05,2.00336e-05,0.0499875,1.37937
21240,49.9989,49.9989,49.9989,1.74484,0.427203,1.74484,1.08092,4.37796e-05,1.89183e-05,0.0499875,1.3786
21300,49.9989,49.9989,49.9989,1.74062,0.426109,1.74062,1.0783,4.36769e-05,1.78639e-05,0.0499875,1.37783
21360,49.9989,49.9989,49.9989,1.7364,0.425018,1.7364,1.07568,4.35744e-05,1.68668e-05,0.0499875,1.37707
21420,49.9989,49.9989,49.9989,1.73219,0.423929,1.73219,1.07307,4.34721e-05,1.59242e-05,0.0499875,1.3763
21480,49.9989,49.9989,49.9989,1.72799,0.422844,1.72799,1.07047,4.33701e-05,1.50332e-05,0.0499875,1.37553
21540,49.9989,49.9989,49.9989,1.72379,0.421762,1.72379,1.06787,4.32683e-05,1.41912e-05,0.0499875,1.37477
21600,49.9989,49.9989,49.9989,1.7196,0.420682,1.7196,1.06527,4.31667e-05,1.33954e-05,0.0499875,1.374
21660,49.9989,49.9989,49.9989,1.71542,0.419601,1.71542,1.06269,4.30596e-05,1.26433e-05,0.0499875,1.3734
21720,49.9989,49.9989,49.9989,1.71124,0.418519,1.71124,1.06011,4.29523e-05,1.19327e-05,0.0499875,1.3728
21780,49.9989,49.9989,49.9989,1.70708,0.417438,1.70708,1.05753,4.28451e-05,1.12613e-05,0.0499875,1.3722
21840,49.9989,49.9989,49.9989,1.70291,0.416358,1.70291,1.05497,4.27379e-05,1.06271e-05,0.0499875,1.3716
21900,49.9989,49.9989,49.9989,1.69876,0.41528,1.69876,1.0524,4.26308e-05,1.00279e-05,0.0499875,1.371
21960,49.9989,49.9989,49.9989,1.69462,0.414205,1.69462,1.04985,4.25239e-05,9.46196e-06,0.0499875,1.3704
22020,49.9989,49.9989,49.9989,1.69048,0.413132,1.69048,1.0473,4.24172e-05,8.92736e-06,0.0499875,1.3698
22080,49.9989,49.9989,49.9989,1.68635,0.412061,1.68635,1.04476,4.23106e-05,8.42241e-06,0.0499875,1.3692
22140,49.9989,49.9989,49.9989,1.68223,0.410992,1.68223,1.04222,4.22042e-05,7.94551e-06,0.0499875,1.3686
22200,49.9989,49.9989,49.9989,1.67811,0.409926,1.67811,1.0397,4.2098e-05,7.49512e-06,0.0499875,1.368
22260,49.9989,49.9989,49.9989,1.67401,0.408862,1.67401,1.03717,4.1992e-05,7.06979e-06,0.0499875,1.3674
22320,49.9989,49.9989,49.9989,1.66991,0.407801,1.66991,1.03466,4.18862e-05,6.66816e-06,0.0499875,1.3668
22380,49.9989,49.9989,49.9989,1.66582,0.406742,1.66582,1.03215,4.17807e-05,6.28894e-06,0.0499875,1.3662
22440,49.9989,49.9989,49.9989,1.66173,0.405686,1.66173,1.02964,4.16753e-05,5.93089e-06,0.0499875,1.3656
22500,49.9989,49.9989,49.9989,1.65766,0.404633,1.65766,1.02715,4.15701e-05,5.59286e-06,0.0499875,1.365
22560,49.9989,49.9989,49.9989,1.65359,0.403582,1.65359,1.02465,4.14652e-05,5.27375e-06,0.0499875,1.3644
22620,49.9989,49.9989,49.9989,1.64953,0.402534,1.64953,1.02217,4.13605e-05,4.97251e-06,0.0499875,1.3638
22680,49.9989,49.9989,49.9989,1.64548,0.401488,1.64548,1.01969,4.1256e-05,4.68817e-06,0.0499875,1.3632
22740,49.9989,49.9989,49.9989,1.64144,0.400446,1.64144,1.01722,4.11517e-05,4.41979e-06,0.0499875,1.3626
22800,49.9989,49.9989,49.9989,1.6374,0.399405,1.6374,1.01475,4.10476e-05,4.16649e-06,0.0499875,1.362
22860,49.9989,49.9989,49.9989,1.63337,0.398368,1.63337,1.01229,4.09438e-05,3.92746e-06,0.0499875,1.3614
22920,49.9989,49.9989,49.9989,1.62936,0.397333,1.62936,1.00984,4.08402e-05,3.70188e-06,0.0499875,1.3608
22980,49.9989,49.9989,49.9989,1.62534,0.396301,1.62534,1.00739,4.07368e-05,3.48904e-06,0.0499875,1.3602
23040,49.9989,49.9989,49.9989,1.62134,0.395272,1.62134,1.00495,4.06336e-05,3.28821e-06,0.0499875,1.3596
23100,49.9989,49.9989,49.9989,1.61735,0.394245,1.61735,1.00252,4.05307e-05,3.09874e-06,0.0499875,1.359
23160,49.9989,49.9989,49.9989,1.61336,0.393221,1.61336,1.00009,4.0428e-05,2.92e-06,0.0499875,1.3584
23220,49.9989,49.9989,49.9989,1.60938,0.3922,1.60938,0.997665,4.03255e-05,2.75138e-06,0.0499875,1.3578
23280,49.9989,49.9989,49.9989,1.60541,0.391181,1.60541,0.995248,4.02232e-05,2.59232e-06,0.0499875,1.3572
23340,49.9989,49.9989,49.9989,1.60145,0.390165,1.60145,0.992838,4.01212e-05,2.44231e-06,0.0499875,1.3566
23400,49.9989,49.9989,49.9989,1.5975,0.389152,1.5975,0.990434,4.00194e-05,2.30082e-06,0.0499875,1.356
23460,49.9989,49.9989,49.9989,1.59355,0.388142,1.59355,0.988036,3.99189e-05,2.16739e-06,0.0499875,1.35537
23520,49.9989,49.9989,49.9989,1.58961,0.387136,1.58961,0.985644,3.98187e-05,2.04154e-06,0.0499875,1.35473
23580,49.9989,49.9989,49.9989,1.58568,0.386132,1.58568,0.983258,3.97187e-05,1.92288e-06,0.0499875,1.3541
23640,49.9989,49.9989,49.9989,1.58176,0.385132,1.58176,0.980877,3.96191e-05,1.81098e-06,0.0499875,1.35347
23700,49.9989,49.9989,49.9989,1.57785,0.384134,1.57785,0.978503,3.95196e-05,1.70548e-06,0.0499875,1.35283
23760,49.9989,49.9989,49.9989,1.57394,0.38314,1.57394,0.976135,3.94204e-05,1.60601e-06,0.0499875,1.3522
23820,49.9989,49.9989,49.9989,1.57005,0.382148,1.57005,0.973773,3.93215e-05,1.51225e-06,0.0499875,1.35157
23880,49.9989,49.9989,49.9989,1.56616,0.381158,1.56616,0.971416,3.92228e-05,1.42386e-06,0.0499875,1.35093
23940,49.9989,49.9989,49.9989,1.56228,0.380172,1.56228,0.969066,3.91243e-05,1.34054e-06,0.0499875,1.3503
24000,49.9989,49.9989,49.9989,1.5584,0.379188,1.5584,0.966722,3.9026e-05,1.26201e-06,0.0499875,1.34967
24060,49.9989,49.9989,49.9989,1.55454,0.378207,1.55454,0.964383,3.89279e-05,1.18801e-06,0.0499875,1.34903
24120,49.9989,49.9989,49.9989,1.55068,0.377228,1.55068,0.96205,3.88301e-05,1.11827e-06,0.0499875,1.3484
24180,49.9989,49.9989,49.9989,1.54684,0.376253,1.54684,0.959723,3.87325e-05,1.05256e-06,0.0499875,1.34777
24240,49.9989,49.9989,49.9989,1.543,0.375279,1.543,0.957402,3.86351e-05,9.90645e-07,0.0499875,1.34713
24300,49.9989,49.9989,49.9989,1.53916,0.374309,1.53916,0.955087,3.8538e-05,9.32292e-07,0.0499875,1.3465
24360,49.9989,49.9989,49.9989,1.53534,0.373341,1.53534,0.952778,3.8441e-05,8.77331e-07,0.0499875,1.34587
24420,49.9989,49.9989,49.9989,1.53153,0.372375,1.53153,0.950474,3.83443e-05,8.2553e-07,0.0499875,1.34523
24480,49.9989,49.9989,49.9989,1.52772,0.371413,1.52772,0.948176,3.82478e-05,7.76754e-07,0.0499875,1.3446
24540,49.9989,49.9989,49.9989,1.52392,0.370452,1.52392,0.945884,3.81515e-05,7.30791e-07,0.0499875,1.34397
24600,49.9989,49.9989,49.9989,1.52013,0.369495,1.52013,0.943598,3.80554e-05,6.87546e-07,0.0499875,1.34333
24660,49.9989,49.9989,49.9989,1.51635,0.36854,1.51635,0.941318,3.79596e-05,6.46827e-07,0.0499875,1.3427
24720,49.9989,49.9989,49.9989,1.51257,0.367587,1.51257,0.939043,3.78639e-05,6.08456e-07,0.0499875,1.34207
24780,49.9989,49.9989,49.9989,1.50881,0.366637,1.50881,0.936774,3.77685e-05,5.72312e-07,0.0499875,1.34143
24840,49.9989,49.9989,49.9989,1.50505,0.36569,1.50505,0.934511,3.76733e-05,5.38325e-07,0.0499875,1.3408
24900,49.9989,49.9989,49.9989,1.5013,0.364745,1.5013,0.932253,3.75783e-05,5.06304e-07,0.0499875,1.34017
24960,49.9989,49.9989,49.9989,1.49756,0.363802,1.49756,0.930001,3.74835e-05,4.76105e-07,0.0499875,1.33953
25020,49.9989,49.9989,49.9989,1.49383,0.362862,1.49383,0.927755,3.73889e-05,4.4773e-07,0.0499875,1.3389
25080,49.9989,49.9989,49.9989,1.49011,0.361925,1.49011,0.925515,3.72945e-05,4.21014e-07,0.0499875,1.33827
25140,49.9989,49.9989,49.9989,1.48639,0.36099,1.48639,0.92328,3.72003e-05,3.95835e-07,0.0499875,1.33763
25200,49.9989,49.9989,49.9989,1.48268,0.360057,1.48268,0.921051,3.71063e-05,3.72097e-07,0.0499875,1.337
25260,49.9989,49.9989,49.9989,1.47899,0.359124,1.47899,0.918827,3.70094e-05,3.49784e-07,0.0499875,1.33647
25320,49.9989,49.9989,49.9989,1.4753,0.358192,1.4753,0.91661,3.69125e-05,3.28786e-07,0.0499875,1.33593
25380,49.9989,49.9989,49.9989,1.47162,0.357261,1.47162,0.914398,3.68158e-05,3.0903e-07,0.0499875,1.3354
25440,49.9989,49.9989,49.9989,1.46794,0.356332,1.46794,0.912192,3.67191e-05,2.90444e-07,0.0499875,1.33487
25500,49.9989,49.9989,49.9989,1.46428,0.355405,1.46428,0.909991,3.66226e-05,2.72958e-07,0.0499875,1.33433
25560,49.9989,49.9989,49.9989,1.46063,0.354479,1.46063,0.907797,3.65262e-05,2.56509e-07,0.0499875,1.3338
25620,49.9989,49.9989,49.9989,1.45698,0.353556,1.45698,0.905608,3.643e-05,2.41035e-07,0.0499875,1.33327
25680,49.9989,49.9989,49.9989,1.45334,0.352635,1.45334,0.903425,3.6334e-05,2.2648e-07,0.0499875,1.33273
25740,49.9989,49.9989,49.9989,1.44972,0.351716,1.44972,0.901248,3.62382e-05,2.12791e-07,0.0499875,1.3322
25800,49.9989,49.9989,49.9989,1.4461,0.350799,1.4461,0.899077,3.61425e-05,1.99917e-07,0.0499875,1.33167
25860,49.9989,49.9989,49.9989,1.44249,0.349884,1.44249,0.896911,3.60471e-05,1.8781e-07,0.0499875,1.33113
25920,49.9989,49.9989,49.9989,1.43889,0.348972,1.43889,0.894751,3.59518e-05,1.76423e-07,0.0499875,1.3306
25980,49.9989,49.9989,49.9989,1.43529,0.348062,1.43529,0.892597,3.58567e-05,1.65717e-07,0.0499875,1.33007
26040,49.9989,49.9989,49.9989,1.43171,0.347154,1.43171,0.890448,3.57619e-05,1.5565e-07,0.0499875,1.32953
26100,49.9989,49.9989,49.9989,1.42814,0.346248,1.42814,0.888305,3.56672e-05,1.46185e-07,0.0499875,1.329
26160,49.9989,49.9989,49.9989,1.42457,0.345345,1.42457,0.886168,3.55727e-05,1.37285e-07,0.0499875,1.32847
26220,49.9989,49.9989,49.9989,1.42101,0.344443,1.42101,0.884037,3.54784e-05,1.28919e-07,0.0499875,1.32793
26280,49.9989,49.9989,49.9989,1.41747,0.343545,1.41747,0.881911,3.53843e-05,1.21055e-07,0.0499875,1.3274
26340,49.9989,49.9989,49.9989,1.41393,0.342648,1.41393,0.879791,3.52904e-05,1.13662e-07,0.0499875,1.32687
26400,49.9989,49.9989,49.9989,1.4104,0.341754,1.4104,0.877676,3.51967e-05,1.06715e-07,0.0499875,1.32633
26460,49.9989,49.9989,49.9989,1.40687,0.340862,1.40687,0.875567,3.51033e-05,1.00185e-07,0.0499875,1.3258
26520,49.9989,49.9989,49.9989,1.40336,0.339972,1.40336,0.873464,3.501e-05,9.40483e-08,0.0499875,1.32527
26580,49.9989,49.9989,49.9989,1.39986,0.339085,1.39986,0.871366,3.49169e-05,8.82819e-08,0.0499875,1.32473
26640,49.9989,49.9989,49.9989,1.39636,0.3382,1.39636,0.869274,3.4824e-05,8.28638e-08,0.0499875,1.3242
26700,49.9989,49.9989,49.9989,1.39287,0.337317,1.39287,0.867187,3.47314e-05,7.77732e-08,0.0499875,1.32367
26760,49.9989,49.9989,49.9989,1.3894,0.336437,1.3894,0.865106,3.46389e-05,7.29904e-08,0.0499875,1.32313
26820,49.9989,49.9989,49.9989,1.38593,0.335559,1.38593,0.86303,3.45466e-05,6.84973e-08,0.0499875,1.3226
26880,49.9989,49.9989,49.9989,1.38247,0.334683,1.38247,0.86096,3.44546e-05,6.42767e-08,0.0499875,1.32207
26940,49.9989,49.9989,49.9989,1.37902,0.333809,1.37902,0.858896,3.43627e-05,6.03121e-08,0.0499875,1.32153
27000,49.9989,49.9989,49.9989,1.37557,0.332938,1.37557,0.856837,3.4271e-05,5.65884e-08,0.0499875,1.321
27060,49.9989,49.9989,49.9989,1.37214,0.332064,1.37214,0.854783,3.41738e-05,5.30915e-08,0.0499875,1.32067
27120,49.9989,49.9989,49.9989,1.36872,0.331188,1.36872,0.852736,3.40763e-05,4.98082e-08,0.0499875,1.32033
27180,49.9989,49.9989,49.9989,1.3653,0.330313,1.3653,0.850694,3.39788e-05,4.6726e-08,0.0499875,1.32
27240,49.9989,49.9989,49.9989,1.3619,0.329438,1.3619,0.848658,3.38814e-05,4.38322e-08,0.0499875,1.31967
27300,49.9989,49.9989,49.9989,1.3585,0.328565,1.3585,0.846628,3.37841e-05,4.11156e-08,0.0499875,1.31933
27360,49.9989,49.9989,49.9989,1.35512,0.327694,1.35512,0.844604,3.36869e-05,3.85654e-08,0.0499875,1.319
27420,49.9989,49.9989,49.9989,1.35174,0.326824,1.35174,0.842586,3.35898e-05,3.61715e-08,0.0499875,1.31867
27480,49.9989,49.9989,49.9989,1.34838,0.325955,1.34838,0.840573,3.34929e-05,3.39246e-08,0.0499875,1.31833
27540,49.9989,49.9989,49.9989,1.34502,0.325089,1.34502,0.838567,3.33962e-05,3.18153e-08,0.0499875,1.318
27600,49.9989,49.9989,49.9989,1.34167,0.324224,1.34167,0.836566,3.32996e-05,2.98357e-08,0.0499875,1.31767
27660,49.9989,49.9989,49.9989,1.33834,0.323361,1.33834,0.834571,3.32033e-05,2.79778e-08,0.0499875,1.31733
27720,49.9989,49.9989,49.9989,1.33501,0.3225,1.33501,0.832582,3.31071e-05,2.62341e-08,0.0499875,1.317
27780,49.9989,49.9989,49.9989,1.33169,0.321642,1.33169,0.830598,3.30111e-05,2.45978e-08,0.0499875,1.31667
27840,49.9989,49.9989,49.9989,1.32838,0.320785,1.32838,0.82862,3.29154e-05,2.30622e-08,0.0499875,1.31633
27900,49.9989,49.9989,49.9989,1.32508,0.31993,1.32508,0.826648,3.28198e-05,2.16214e-08,0.0499875,1.316
27960,49.9989,49.9989,49.9989,1.32179,0.319078,1.32179,0.824682,3.27245e-05,2.02696e-08,0.0499875,1.31567
28020,49.9989,49.9989,49.9989,1.31851,0.318228,1.31851,0.822721,3.26293e-05,1.90013e-08,0.0499875,1.31533
28080,49.9989,49.9989,49.9989,1.31524,0.317379,1.31524,0.820766,3.25344e-05,1.78113e-08,0.0499875,1.315
28140,49.9989,49.9989,49.9989,1.31198,0.316533,1.31198,0.818817,3.24397e-05,1.6695e-08,0.0499875,1.31467
28200,49.9989,49.9989,49.9989,1.30873,0.31569,1.30873,0.816874,3.23452e-05,1.56478e-08,0.0499875,1.31433
28260,49.9989,49.9989,49.9989,1.30549,0.314848,1.30549,0.814936,3.22509e-05,1.46655e-08,0.0499875,1.314
28320,49.9989,49.9989,49.9989,1.30225,0.314009,1.30225,0.813003,3.21569e-05,1.37441e-08,0.0499875,1.31367
28380,49.9989,49.9989,49.9989,1.29903,0.313172,1.29903,0.811077,3.2063e-05,1.28798e-08,0.0499875,1.31333
28440,49.9989,49.9989,49.9989,1.29581,0.312337,1.29581,0.809156,3.19694e-05,1.20692e-08,0.0499875,1.313
28500,49.9989,49.9989,49.9989,1.29261,0.311504,1.29261,0.80724,3.1876e-05,1.13091e-08,0.0499875,1.31267
28560,49.9989,49.9989,49.9989,1.28941,0.310673,1.28941,0.805331,3.17829e-05,1.05962e-08,0.0499875,1.31233
28620,49.9989,49.9989,49.9989,1.28623,0.309845,1.28623,0.803427,3.169e-05,9.92782e-09,0.0499875,1.312
28680,49.9989,49.9989,49.9989,1.28305,0.309019,1.28305,0.801528,3.15973e-05,9.30117e-09,0.0499875,1.31167
28740,49.9989,49.9989,49.9989,1.27988,0.308196,1.27988,0.799635,3.15048e-05,8.71358e-09,0.0499875,1.31133
28800,49.9989,49.9989,49.9989,1.27672,0.307374,1.27672,0.797747,3.14126e-05,8.16271e-09,0.0499875,1.311
28860,49.9989,49.9989,49.9989,1.27357,0.306557,1.27357,0.795865,3.13224e-05,7.64624e-09,0.0499875,1.3106
28920,49.9989,49.9989,49.9989,1.27043,0.305743,1.27043,0.793989,3.12325e-05,7.16199e-09,0.0499875,1.3102
28980,49.9989,49.9989,49.9989,1.2673,0.304932,1.2673,0.792117,3.11429e-05,6.70798e-09,0.0499875,1.3098
29040,49.9989,49.9989,49.9989,1.26418,0.304123,1.26418,0.790251,3.10537e-05,6.28245e-09,0.0499875,1.3094
29100,49.9989,49.9989,49.9989,1.26106,0.303317,1.26106,0.788391,3.09647e-05,5.88352e-09,0.0499875,1.309
29160,49.9989,49.9989,49.9989,1.25795,0.302514,1.25795,0.786536,3.08759e-05,5.50966e-09,0.0499875,1.3086
29220,49.9989,49.9989,49.9989,1.25486,0.301713,1.25486,0.784686,3.07874e-05,5.15928e-09,0.0499875,1.3082
29280,49.9989,49.9989,49.9989,1.25177,0.300914,1.25177,0.782841,3.06991e-05,4.83084e-09,0.0499875,1.3078
29340,49.9989,49.9989,49.9989,1.24869,0.300118,1.24869,0.781002,3.06111e-05,4.52297e-09,0.0499875,1.3074
29400,49.9989,49.9989,49.9989,1.24562,0.299325,1.24562,0.779168,3.05233e-05,4.23455e-09,0.0499875,1.307
29460,49.9989,49.9989,49.9989,1.24256,0.298534,1.24256,0.777339,3.04358e-05,3.96426e-09,0.0499875,1.3066
29520,49.9989,49.9989,49.9989,1.2395,0.297745,1.2395,0.775516,3.03484e-05,3.71102e-09,0.0499875,1.3062
29580,49.9989,49.9989,49.9989,1.23646,0.296958,1.23646,0.773697,3.02614e-05,3.47382e-09,0.0499875,1.3058
29640,49.9989,49.9989,49.9989,1.23342,0.296174,1.23342,0.771884,3.01745e-05,3.2515e-09,0.0499875,1.3054
29700,49.9989,49.9989,49.9989,1.23039,0.295392,1.23039,0.770076,3.00879e-05,3.04328e-09,0.0499875,1.305
29760,49.9989,49.9989,49.9989,1.22737,0.294612,1.22737,0.768274,3.00015e-05,2.84825e-09,0.0499875,1.3046
29820,49.9989,49.9989,49.9989,1.22436,0.293835,1.22436,0.766476,2.99153e-05,2.66562e-09,0.0499875,1.3042
29880,49.9989,49.9989,49.9989,1.22136,0.29306,1.22136,0.764684,2.98294e-05,2.4944e-09,0.0499875,1.3038
29940,49.9989,49.9989,49.9989,1.21837,0.292287,1.21837,0.762897,2.97437e-05,2.33405e-09,0.0499875,1.3034
30000,49.9989,49.9989,49.9989,1.21538,0.291516,1.21538,0.761115,2.96582e-05,2.18392e-09,0.0499875,1.303
30060,49.9989,49.9989,49.9989,1.2124,0.290748,1.2124,0.759338,2.95729e-05,2.04329e-09,0.0499875,1.3026
30120,49.9989,49.9989,49.9989,1.20943,0.289982,1.20943,0.757566,2.94879e-05,1.9117e-09,0.0499875,1.3022
30180,49.9989,49.9989,49.9989,1.20647,0.289218,1.20647,0.755799,2.9403e-05,1.78841e-09,0.0499875,1.3018
30240,49.9989,49.9989,49.9989,1.20352,0.288456,1.20352,0.754037,2.93184e-05,1.67296e-09,0.0499875,1.3014
30300,49.9989,49.9989,49.9989,1.20058,0.287697,1.20058,0.752281,2.92341e-05,1.5649e-09,0.0499875,1.301
30360,49.9989,49.9989,49.9989,1.19765,0.28694,1.19765,0.750529,2.91499e-05,1.46372e-09,0.0499875,1.3006
30420,49.9989,49.9989,49.9989,1.19472,0.286185,1.19472,0.748783,2.9066e-05,1.3689e-09,0.0499875,1.3002
30480,49.9989,49.9989,49.9989,1.1918,0.285432,1.1918,0.747041,2.89822e-05,1.28034e-09,0.0499875,1.2998
30540,49.9989,49.9989,49.9989,1.18889,0.284681,1.18889,0.745305,2.88987e-05,1.19741e-09,0.0499875,1.2994
30600,49.9989,49.9989,49.9989,1.18599,0.283933,1.18599,0.743574,2.88155e-05,1.1197e-09,0.0499875,1.299
30660,49.9989,49.9989,49.9989,1.1831,0.283184,1.1831,0.741847,2.87291e-05,1.04711e-09,0.0499875,1.29873
30720,49.9989,49.9989,49.9989,1.18021,0.282434,1.18021,0.740126,2.86426e-05,9.79014e-10,0.0499875,1.29847
30780,49.9989,49.9989,49.9989,1.17734,0.281686,1.17734,0.73841,2.85563e-05,9.15406e-10,0.0499875,1.2982
30840,49.9989,49.9989,49.9989,1.17447,0.280939,1.17447,0.736699,2.847e-05,8.55891e-10,0.0499875,1.29793
30900,49.9989,49.9989,49.9989,1.17161,0.280193,1.17161,0.734994,2.8384e-05,8.00185e-10,0.0499875,1.29767
30960,49.9989,49.9989,49.9989,1.16876,0.27945,1.16876,0.733293,2.82981e-05,7.48059e-10,0.0499875,1.2974
31020,49.9989,49.9989,49.9989,1.16592,0.278708,1.16592,0.731598,2.82124e-05,6.99345e-10,0.0499875,1.29713
31080,49.9989,49.9989,49.9989,1.16309,0.277967,1.16309,0.729908,2.81268e-05,6.53756e-10,0.0499875,1.29687
31140,49.9989,49.9989,49.9989,1.16027,0.277229,1.16027,0.728223,2.80415e-05,6.11124e-10,0.0499875,1.2966
31200,49.9989,49.9989,49.9989,1.15746,0.276492,1.15746,0.726543,2.79564e-05,5.71106e-10,0.0499875,1.29633
31260,49.9989,49.9989,49.9989,1.15465,0.275758,1.15465,0.724868,2.78715e-05,5.33817e-10,0.0499875,1.29607
31320,49.9989,49.9989,49.9989,1.15185,0.275025,1.15185,0.723198,2.77867e-05,4.98972e-10,0.0499875,1.2958
31380,49.9989,49.9989,49.9989,1.14907,0.274295,1.14907,0.721534,2.77022e-05,4.66287e-10,0.0499875,1.29553
31440,49.9989,49.9989,49.9989,1.14629,0.273566,1.14629,0.719874,2.76179e-05,4.35818e-10,0.0499875,1.29527
31500,49.9989,49.9989,49.9989,1.14351,0.27284,1.14351,0.718219,2.75339e-05,4.07226e-10,0.0499875,1.295
31560,49.9989,49.9989,49.9989,1.14075,0.272115,1.14075,0.71657,2.745e-05,3.8051e-10,0.0499875,1.29473
31620,49.9989,49.9989,49.9989,1.138,0.271393,1.138,0.714925,2.73664e-05,3.55499e-10,0.0499875,1.29447
31680,49.9989,49.9989,49.9989,1.13525,0.270673,1.13525,0.713286,2.7283e-05,3.3225e-10,0.0499875,1.2942
31740,49.9989,49.9989,49.9989,1.13251,0.269954,1.13251,0.711651,2.71998e-05,3.10365e-10,0.0499875,1.29393
31800,49.9989,49.9989,49.9989,1.12978,0.269238,1.12978,0.710022,2.71168e-05,2.89958e-10,0.0499875,1.29367
31860,49.9989,49.9989,49.9989,1.12706,0.268524,1.12706,0.708397,2.7034e-05,2.70916e-10,0.0499875,1.2934
31920,49.9989,49.9989,49.9989,1.12435,0.267812,1.12435,0.706778,2.69515e-05,2.53067e-10,0.0499875,1.29313
31980,49.9989,49.9989,49.9989,1.12165,0.267102,1.12165,0.705163,2.68692e-05,2.36355e-10,0.0499875,1.29287
32040,49.9989,49.9989,49.9989,1.11895,0.266394,1.11895,0.703554,2.67871e-05,2.2078e-10,0.0499875,1.2926
32100,49.9989,49.9989,49.9989,1.11626,0.265688,1.11626,0.701949,2.67052e-05,2.06171e-10,0.0499875,1.29233
32160,49.9989,49.9989,49.9989,1.11359,0.264984,1.11359,0.700349,2.66236e-05,1.92529e-10,0.0499875,1.29207
32220,49.9989,49.9989,49.9989,1.11091,0.264283,1.11091,0.698754,2.65422e-05,1.79909e-10,0.0499875,1.2918
32280,49.9989,49.9989,49.9989,1.10825,0.263583,1.10825,0.697164,2.6461e-05,1.68029e-10,0.0499875,1.29153
32340,49.9989,49.9989,49.9989,1.1056,0.262886,1.1056,0.695579,2.63801e-05,1.56888e-10,0.0499875,1.29127
32400,49.9989,49.9989,49.9989,1.10295,0.26219,1.10295,0.693998,2.62993e-05,1.46485e-10,0.0499875,1.291
32460,49.9989,49.9989,49.9989,1.10031,0.261498,1.10031,0.692423,2.62204e-05,1.36765e-10,0.0499875,1.29067
32520,49.9989,49.9989,49.9989,1.09768,0.26081,1.09768,0.690852,2.61417e-05,1.2767e-10,0.0499875,1.29033
32580,49.9989,49.9989,49.9989,1.09506,0.260124,1.09506,0.689286,2.60634e-05,1.19257e-10,0.0499875,1.29
32640,49.9989,49.9989,49.9989,1.09244,0.25944,1.09244,0.687724,2.59853e-05,1.11356e-10,0.0499875,1.28967
32700,49.9989,49.9989,49.9989,1.08984,0.258759,1.08984,0.686167,2.59075e-05,1.0391e-10,0.0499875,1.28933
32760,49.9989,49.9989,49.9989,1.08724,0.25808,1.08724,0.684615,2.58299e-05,9.70317e-11,0.0499875,1.289
32820,49.9989,49.9989,49.9989,1.08465,0.257403,1.08465,0.683068,2.57526e-05,9.05516e-11,0.0499875,1.28867
32880,49.9989,49.9989,49.9989,1.08206,0.256729,1.08206,0.681525,2.56755e-05,8.44693e-11,0.0499875,1.28833
32940,49.9989,49.9989,49.9989,1.07949,0.256057,1.07949,0.679987,2.55987e-05,7.88987e-11,0.0499875,1.288
33000,49.9989,49.9989,49.9989,1.07692,0.255387,1.07692,0.678453,2.5522e-05,7.36122e-11,0.0499875,1.28767
33060,49.9989,49.9989,49.9989,1.07436,0.254719,1.07436,0.676924,2.54456e-05,6.87237e-11,0.0499875,1.28733
33120,49.9989,49.9989,49.9989,1.0718,0.254053,1.0718,0.6754,2.53695e-05,6.41194e-11,0.0499875,1.287
33180,49.9989,49.9989,49.9989,1.06926,0.253389,1.06926,0.67388,2.52935e-05,5.97993e-11,0.0499875,1.28667
33240,49.9989,49.9989,49.9989,1.06672,0.252728,1.06672,0.672364,2.52178e-05,5.58202e-11,0.0499875,1.28633
33300,49.9989,49.9989,49.9989,1.06419,0.252069,1.06419,0.670854,2.51423e-05,5.21254e-11,0.0499875,1.286
33360,49.9989,49.9989,49.9989,1.06166,0.251411,1.06166,0.669347,2.5067e-05,4.86011e-11,0.0499875,1.28567
33420,49.9989,49.9989,49.9989,1.05915,0.250756,1.05915,0.667846,2.49919e-05,4.54179e-11,0.0499875,1.28533
33480,49.9989,49.9989,49.9989,1.05664,0.250103,1.05664,0.666348,2.49171e-05,4.23483e-11,0.0499875,1.285
33540,49.9989,49.9989,49.9989,1.05414,0.249451,1.05414,0.664856,2.48424e-05,3.95062e-11,0.0499875,1.28467
33600,49.9989,49.9989,49.9989,1.05165,0.248802,1.05165,0.663367,2.4768e-05,3.68345e-11,0.0499875,1.28433
33660,49.9989,49.9989,49.9989,1.04916,0.248155,1.04916,0.661883,2.46938e-05,3.43903e-11,0.0499875,1.284
33720,49.9989,49.9989,49.9989,1.04668,0.24751,1.04668,0.660404,2.46198e-05,3.20597e-11,0.0499875,1.28367
33780,49.9989,49.9989,49.9989,1.04421,0.246867,1.04421,0.658929,2.4546e-05,2.98996e-11,0.0499875,1.28333
33840,49.9989,49.9989,49.9989,1.04175,0.246226,1.04175,0.657458,2.44725e-05,2.78533e-11,0.0499875,1.283
33900,49.9989,49.9989,49.9989,1.03929,0.245587,1.03929,0.655992,2.43991e-05,2.60343e-11,0.0499875,1.28267
33960,49.9989,49.9989,49.9989,1.03684,0.24495,1.03684,0.654531,2.4326e-05,2.42721e-11,0.0499875,1.28233
34020,49.9989,49.9989,49.9989,1.0344,0.244315,1.0344,0.653073,2.4253e-05,2.26237e-11,0.0499875,1.282
34080,49.9989,49.9989,49.9989,1.03197,0.243682,1.03197,0.65162,2.41803e-05,2.11458e-11,0.0499875,1.28167
34140,49.9989,49.9989,49.9989,1.02954,0.243051,1.02954,0.650172,2.41078e-05,1.96678e-11,0.0499875,1.28133
34200,49.9989,49.9989,49.9989,1.02712,0.242422,1.02712,0.648727,2.40355e-05,1.83604e-11,0.0499875,1.281
34260,49.9989,49.9989,49.9989,1.02471,0.241793,1.02471,0.647287,2.3962e-05,1.71099e-11,0.0499875,1.28073
34320,49.9989,49.9989,49.9989,1.0223,0.241165,1.0223,0.645852,2.38885e-05,1.5973e-11,0.0499875,1.28047
34380,49.9989,49.9989,49.9989,1.0199,0.240539,1.0199,0.644421,2.38152e-05,1.49498e-11,0.0499875,1.2802
34440,49.9989,49.9989,49.9989,1.01751,0.239915,1.01751,0.642994,2.37421e-05,1.38698e-11,0.0499875,1.27993
34500,49.9989,49.9989,49.9989,1.01513,0.239292,1.01513,0.641572,2.36692e-05,1.29035e-11,0.0499875,1.27967
34560,49.9989,49.9989,49.9989,1.01275,0.238671,1.01275,0.640154,2.35964e-05,1.20508e-11,0.0499875,1.2794
34620,49.9989,49.9989,49.9989,1.01039,0.238051,1.01039,0.63874,2.35239e-05,1.13118e-11,0.0499875,1.27913
34680,49.9989,49.9989,49.9989,1.00803,0.237433,1.00803,0.637331,2.34515e-05,1.0516e-11,0.0499875,1.27887
34740,49.9989,49.9989,49.9989,1.00567,0.236818,1.00567,0.635926,2.33793e-05,9.77707e-12,0.0499875,1.2786
34800,49.9989,49.9989,49.9989,1.00332,0.236204,1.00332,0.634525,2.33073e-05,9.09495e-12,0.0499875,1.27833
34860,49.9989,49.9989,49.9989,1.00099,0.235591,1.00099,0.633129,2.32356e-05,8.46967e-12,0.0499875,1.27807
34920,49.9989,49.9989,49.9989,0.998654,0.234981,0.998654,0.631737,2.3164e-05,7.95808e-12,0.0499875,1.2778
34980,49.9989,49.9989,49.9989,0.996329,0.234372,0.996329,0.630349,2.30926e-05,7.38964e-12,0.0499875,1.27753
35040,49.9989,49.9989,49.9989,0.994011,0.233766,0.994011,0.628966,2.30214e-05,6.87805e-12,0.0499875,1.27727
35100,49.9989,49.9989,49.9989,0.991701,0.233161,0.991701,0.627587,2.29505e-05,6.42331e-12,0.0499875,1.277
35160,49.9989,49.9989,49.9989,0.989397,0.232558,0.989397,0.626212,2.28797e-05,5.96856e-12,0.0499875,1.27673
35220,49.9989,49.9989,49.9989,0.987101,0.231957,0.987101,0.624841,2.28091e-05,5.57066e-12,0.0499875,1.27647
35280,49.9989,49.9989,49.9989,0.984812,0.231358,0.984812,0.623475,2.27388e-05,5.22959e-12,0.0499875,1.2762
35340,49.9989,49.9989,49.9989,0.98253,0.23076,0.98253,0.622112,2.26686e-05,4.88853e-12,0.0499875,1.27593
35400,49.9989,49.9989,49.9989,0.980255,0.230165,0.980255,0.620754,2.25987e-05,4.54747e-12,0.0499875,1.27567
35460,49.9989,49.9989,49.9989,0.977987,0.229571,0.977987,0.619401,2.25289e-05,4.26326e-12,0.0499875,1.2754
35520,49.9989,49.9989,49.9989,0.975726,0.228979,0.975726,0.618051,2.24594e-05,3.97904e-12,0.0499875,1.27513
35580,49.9989,49.9989,49.9989,0.973472,0.228389,0.973472,0.616705,2.239e-05,3.63798e-12,0.0499875,1.27487
35640,49.9989,49.9989,49.9989,0.971224,0.227801,0.971224,0.615364,2.23209e-05,3.46745e-12,0.0499875,1.2746
35700,49.9989,49.9989,49.9989,0.968984,0.227215,0.968984,0.614027,2.2252e-05,3.24007e-12,0.0499875,1.27433
35760,49.9989,49.9989,49.9989,0.966751,0.226631,0.966751,0.612694,2.21832e-05,2.95586e-12,0.0499875,1.27407
35820,49.9989,49.9989,49.9989,0.964525,0.226048,0.964525,0.611365,2.21147e-05,2.78533e-12,0.0499875,1.2738
35880,49.9989,49.9989,49.9989,0.962305,0.225468,0.962305,0.61004,2.20464e-05,2.6148e-12,0.0499875,1.27353
35940,49.9989,49.9989,49.9989,0.960092,0.224889,0.960092,0.608719,2.19783e-05,2.44427e-12,0.0499875,1.27327
36000,49.9989,49.9989,49.9989,0.957886,0.224312,0.957886,0.607403,2.19103e-05,2.27374e-12,0.0499875,1.273
36060,49.9989,49.9989,49.9989,0.955687,0.223736,0.955687,0.60609,2.1842e-05,2.16005e-12,0.0499875,1.27277
36120,49.9989,49.9989,49.9989,0.953495,0.223161,0.953495,0.604782,2.17738e-05,1.98952e-12,0.0499875,1.27253
36180,49.9989,49.9989,49.9989,0.95131,0.222589,0.95131,0.603477,2.17057e-05,1.87583e-12,0.0499875,1.2723
36240,49.9989,49.9989,49.9989,0.949131,0.222017,0.949131,0.602177,2.16378e-05,1.76215e-12,0.0499875,1.27207
36300,49.9989,49.9989,49.9989,0.94696,0.221448,0.94696,0.600881,2.15702e-05,1.64846e-12,0.0499875,1.27183
36360,49.9989,49.9989,49.9989,0.944795,0.22088,0.944795,0.599589,2.15027e-05,1.53477e-12,0.0499875,1.2716
36420,49.9989,49.9989,49.9989,0.942637,0.220314,0.942637,0.5983,2.14354e-05,1.42109e-12,0.0499875,1.27137
36480,49.9989,49.9989,49.9989,0.940486,0.21975,0.940486,0.597016,2.13683e-05,1.36424e-12,0.0499875,1.27113
36540,49.9989,49.9989,49.9989,0.938341,0.219187,0.938341,0.595736,2.13014e-05,1.19371e-12,0.0499875,1.2709
36600,49.9989,49.9989,49.9989,0.936203,0.218626,0.936203,0.59446,2.12347e-05,1.13687e-12,0.0499875,1.27067
36660,49.9989,49.9989,49.9989,0.934072,0.218067,0.934072,0.593188,2.11682e-05,1.08002e-12,0.0499875,1.27043
36720,49.9989,49.9989,49.9989,0.931948,0.21751,0.931948,0.59192,2.11019e-05,1.02318e-12,0.0499875,1.2702
36780,49.9989,49.9989,49.9989,0.92983,0.216955,0.92983,0.590656,2.10358e-05,9.66338e-13,0.0499875,1.26997
36840,49.9989,49.9989,49.9989,0.927719,0.216401,0.927719,0.589396,2.09699e-05,9.09495e-13,0.0499875,1.26973
36900,49.9989,49.9989,49.9989,0.925614,0.215849,0.925614,0.588139,2.09042e-05,8.52651e-13,0.0499875,1.2695
36960,49.9989,49.9989,49.9989,0.923516,0.215299,0.923516,0.586887,2.08387e-05,7.95808e-13,0.0499875,1.26927
37020,49.9989,49.9989,49.9989,0.921425,0.21475,0.921425,0.585639,2.07733e-05,7.38964e-13,0.0499875,1.26903
37080,49.9989,49.9989,49.9989,0.91934,0.214204,0.91934,0.584394,2.07082e-05,6.82121e-13,0.0499875,1.2688
37140,49.9989,49.9989,49.9989,0.917261,0.213659,0.917261,0.583154,2.06433e-05,6.25278e-13,0.0499875,1.26857
37200,49.9989,49.9989,49.9989,0.915189,0.213116,0.915189,0.581917,2.05786e-05,5.68434e-13,0.0499875,1.26833
37260,49.9989,49.9989,49.9989,0.913124,0.212575,0.913124,0.580684,2.05141e-05,5.68434e-13,0.0499875,1.2681
37320,49.9989,49.9989,49.9989,0.911065,0.212035,0.911065,0.579456,2.04498e-05,5.68434e-13,0.0499875,1.26787
37380,49.9989,49.9989,49.9989,0.909012,0.211497,0.909012,0.57823,2.03857e-05,4.54747e-13,0.0499875,1.26763
37440,49.9989,49.9989,49.9989,0.906966,0.210961,0.906966,0.577009,2.03218e-05,5.11591e-13,0.0499875,1.2674
37500,49.9989,49.9989,49.9989,0.904927,0.210427,0.904927,0.575792,2.0258e-05,4.54747e-13,0.0499875,1.26717
37560,49.9989,49.9989,49.9989,0.902893,0.209894,0.902893,0.574578,2.01945e-05,3.97904e-13,0.0499875,1.26693
37620,49.9989,49.9989,49.9989,0.900866,0.209364,0.900866,0.573368,2.01312e-05,4.54747e-13,0.0499875,1.2667
37680,49.9989,49.9989,49.9989,0.898846,0.208835,0.898846,0.572163,2.00681e-05,4.54747e-13,0.0499875,1.26647
37740,49.9989,49.9989,49.9989,0.896831,0.208307,0.896831,0.57096,2.00051e-05,3.97904e-13,0.0499875,1.26623
37800,49.9989,49.9989,49.9989,0.894823,0.207782,0.894823,0.569762,1.99424e-05,3.41061e-13,0.0499875,1.266
37860,49.9989,49.9989,49.9989,0.892822,0.207257,0.892822,0.568567,1.98792e-05,3.97904e-13,0.0499875,1.2658
37920,49.9989,49.9989,49.9989,0.890826,0.206734,0.890826,0.567376,1.98162e-05,3.41061e-13,0.0499875,1.2656
37980,49.9989,49.9989,49.9989,0.888837,0.206212,0.888837,0.566189,1.97534e-05,2.84217e-13,0.0499875,1.2654
38040,49.9989,49.9989,49.9989,0.886854,0.205692,0.886854,0.565006,1.96908e-05,2.84217e-13,0.0499875,1.2652
38100,49.9989,49.9989,49.9989,0.884878,0.205174,0.884878,0.563826,1.96283e-05,3.41061e-13,0.0499875,1.265
38160,49.9989,49.9989,49.9989,0.882908,0.204657,0.882908,0.562651,1.9566e-05,2.84217e-13,0.0499875,1.2648
38220,49.9989,49.9989,49.9989,0.880944,0.204142,0.880944,0.561478,1.95039e-05,2.84217e-13,0.0499875,1.2646
38280,49.9989,49.9989,49.9989,0.878986,0.203628,0.878986,0.56031,1.9442e-05,2.27374e-13,0.0499875,1.2644
38340,49.9989,49.9989,49.9989,0.877035,0.203116,0.877035,0.559145,1.93803e-05,1.7053e-13,0.0499875,1.2642
38400,49.9989,49.9989,49.9989,0.875089,0.202606,0.875089,0.557984,1.93188e-05,2.27374e-13,0.0499875,1.264
38460,49.9989,49.9989,49.9989,0.87315,0.202097,0.87315,0.556827,1.92574e-05,1.7053e-13,0.0499875,1.2638
38520,49.9989,49.9989,49.9989,0.871217,0.20159,0.871217,0.555674,1.91963e-05,2.27374e-13,0.0499875,1.2636
38580,49.9989,49.9989,49.9989,0.86929,0.201085,0.86929,0.554524,1.91353e-05,1.7053e-13,0.0499875,1.2634
38640,49.9989,49.9989,49.9989,0.867369,0.200581,0.867369,0.553377,1.90746e-05,1.7053e-13,0.0499875,1.2632
38700,49.9989,49.9989,49.9989,0.865455,0.200079,0.865455,0.552235,1.9014e-05,1.7053e-13,0.0499875,1.263
38760,49.9989,49.9989,49.9989,0.863546,0.199579,0.863546,0.551096,1.89536e-05,1.7053e-13,0.0499875,1.2628
38820,49.9989,49.9989,49.9989,0.861643,0.19908,0.861643,0.54996,1.88934e-05,1.7053e-13,0.0499875,1.2626
38880,49.9989,49.9989,49.9989,0.859747,0.198583,0.859747,0.548828,1.88334e-05,1.7053e-13,0.0499875,1.2624
38940,49.9989,49.9989,49.9989,0.857856,0.198088,0.857856,0.5477,1.87736e-05,1.7053e-13,0.0499875,1.2622
39000,49.9989,49.9989,49.9989,0.855972,0.197594,0.855972,0.546576,1.8714e-05,1.7053e-13,0.0499875,1.262
39060,49.9989,49.9989,49.9989,0.854093,0.197102,0.854093,0.545455,1.86546e-05,1.7053e-13,0.0499875,1.2618
39120,49.9989,49.9989,49.9989,0.85222,0.196612,0.85222,0.544337,1.85954e-05,1.7053e-13,0.0499875,1.2616
39180,49.9989,49.9989,49.9989,0.850353,0.196123,0.850353,0.543223,1.85363e-05,1.7053e-13,0.0499875,1.2614
39240,49.9989,49.9989,49.9989,0.848492,0.195636,0.848492,0.542113,1.84775e-05,1.7053e-13,0.0499875,1.2612
39300,49.9989,49.9989,49.9989,0.846637,0.195151,0.846637,0.541006,1.84188e-05,1.7053e-13,0.0499875,1.261
39360,49.9989,49.9989,49.9989,0.844788,0.194667,0.844788,0.539902,1.83604e-05,1.7053e-13,0.0499875,1.2608
39420,49.9989,49.9989,49.9989,0.842945,0.194185,0.842945,0.538803,1.83021e-05,1.13687e-13,0.0499875,1.2606
39480,49.9989,49.9989,49.9989,0.841107,0.193705,0.841107,0.537706,1.8244e-05,1.7053e-13,0.0499875,1.2604
39540,49.9989,49.9989,49.9989,0.839275,0.193226,0.839275,0.536613,1.81861e-05,1.13687e-13,0.0499875,1.2602
39600,49.9989,49.9989,49.9989,0.837449,0.192749,0.837449,0.535524,1.81284e-05,1.7053e-13,0.0499875,1.26
39660,49.9989,49.9989,49.9989,0.835629,0.192274,0.835629,0.534438,1.80714e-05,1.13687e-13,0.0499875,1.25977
39720,49.9989,49.9989,49.9989,0.833815,0.191801,0.833815,0.533355,1.80147e-05,1.13687e-13,0.0499875,1.25953
39780,49.9989,49.9989,49.9989,0.832006,0.19133,0.832006,0.532276,1.79582e-05,1.13687e-13,0.0499875,1.2593
39840,49.9989,49.9989,49.9989,0.830202,0.190861,0.830202,0.5312,1.79019e-05,1.7053e-13,0.0499875,1.25907
39900,49.9989,49.9989,49.9989,0.828404,0.190393,0.828404,0.530128,1.78458e-05,1.13687e-13,0.0499875,1.25883
39960,49.9989,49.9989,49.9989,0.826612,0.189927,0.826612,0.529059,1.77899e-05,1.13687e-13,0.0499875,1.2586
40020,49.9989,49.9989,49.9989,0.824826,0.189463,0.824826,0.527993,1.77341e-05,1.7053e-13,0.0499875,1.25837
40080,49.9989,49.9989,49.9989,0.823044,0.189,0.823044,0.526931,1.76786e-05,1.13687e-13,0.0499875,1.25813
40140,49.9989,49.9989,49.9989,0.821269,0.188539,0.821269,0.525872,1.76233e-05,1.13687e-13,0.0499875,1.2579
40200,49.9989,49.9989,49.9989,0.819499,0.18808,0.819499,0.524816,1.75681e-05,1.13687e-13,0.0499875,1.25767
40260,49.9989,49.9989,49.9989,0.817734,0.187622,0.817734,0.523763,1.75131e-05,1.13687e-13,0.0499875,1.25743
40320,49.9989,49.9989,49.9989,0.815975,0.187166,0.815975,0.522714,1.74583e-05,1.13687e-13,0.0499875,1.2572
40380,49.9989,49.9989,49.9989,0.814221,0.186712,0.814221,0.521668,1.74037e-05,1.13687e-13,0.0499875,1.25697
40440,49.9989,49.9989,49.9989,0.812473,0.186259,0.812473,0.520626,1.73493e-05,1.13687e-13,0.0499875,1.25673
40500,49.9989,49.9989,49.9989,0.81073,0.185808,0.81073,0.519586,1.72951e-05,1.13687e-13,0.0499875,1.2565
40560,49.9989,49.9989,49.9989,0.808992,0.185358,0.808992,0.51855,1.7241e-05,1.13687e-13,0.0499875,1.25627
40620,49.9989,49.9989,49.9989,0.80726,0.18491,0.80726,0.517518,1.71871e-05,1.13687e-13,0.0499875,1.25603
40680,49.9989,49.9989,49.9989,0.805533,0.184463,0.805533,0.516488,1.71334e-05,1.13687e-13,0.0499875,1.2558
40740,49.9989,49.9989,49.9989,0.803812,0.184018,0.803812,0.515462,1.70799e-05,1.13687e-13,0.0499875,1.25557
40800,49.9989,49.9989,49.9989,0.802096,0.183575,0.802096,0.514438,1.70265e-05,1.13687e-13,0.0499875,1.25533
40860,49.9989,49.9989,49.9989,0.800385,0.183133,0.800385,0.513418,1.69733e-05,1.13687e-13,0.0499875,1.2551
40920,49.9989,49.9989,49.9989,0.798679,0.182692,0.798679,0.512402,1.69203e-05,1.13687e-13,0.0499875,1.25487
40980,49.9989,49.9989,49.9989,0.796979,0.182254,0.796979,0.511388,1.68675e-05,1.13687e-13,0.0499875,1.25463
41040,49.9989,49.9989,49.9989,0.795284,0.181816,0.795284,0.510377,1.68149e-05,1.7053e-13,0.0499875,1.2544
41100,49.9989,49.9989,49.9989,0.793594,0.18138,0.793594,0.50937,1.67624e-05,1.7053e-13,0.0499875,1.25417
41160,49.9989,49.9989,49.9989,0.791909,0.180946,0.791909,0.508366,1.67101e-05,1.13687e-13,0.0499875,1.25393
41220,49.9989,49.9989,49.9989,0.79023,0.180513,0.79023,0.507365,1.6658e-05,1.13687e-13,0.0499875,1.2537
41280,49.9989,49.9989,49.9989,0.788556,0.180082,0.788556,0.506367,1.6606e-05,1.13687e-13,0.0499875,1.25347
41340,49.9989,49.9989,49.9989,0.786887,0.179652,0.786887,0.505372,1.65543e-05,1.13687e-13,0.0499875,1.25323
41400,49.9989,49.9989,49.9989,0.785223,0.179224,0.785223,0.50438,1.65026e-05,5.68434e-14,0.0499875,1.253
41460,49.9989,49.9989,49.9989,0.783564,0.178796,0.783564,0.503392,1.64502e-05,5.68434e-14,0.0499875,1.25283
41520,49.9989,49.9989,49.9989,0.781911,0.178369,0.781911,0.502406,1.63978e-05,5.68434e-14,0.0499875,1.25267
41580,49.9989,49.9989,49.9989,0.780262,0.177942,0.780262,0.501424,1.63455e-05,1.13687e-13,0.0499875,1.2525
41640,49.9989,49.9989,49.9989,0.77862,0.177517,0.77862,0.500445,1.62934e-05,1.13687e-13,0.0499875,1.25233
41700,49.9989,49.9989,49.9989,0.776982,0.177093,0.776982,0.499469,1.62414e-05,5.68434e-14,0.0499875,1.25217
41760,49.9989,49.9989,49.9989,0.775349,0.176671,0.775349,0.498496,1.61896e-05,1.13687e-13,0.0499875,1.252
41820,49.9989,49.9989,49.9989,0.773722,0.17625,0.773722,0.497526,1.61379e-05,1.13687e-13,0.0499875,1.25183
41880,49.9989,49.9989,49.9989,0.7721,0.17583,0.7721,0.496559,1.60864e-05,1.13687e-13,0.0499875,1.25167
41940,49.9989,49.9989,49.9989,0.770483,0.175411,0.770483,0.495596,1.6035e-05,1.13687e-13,0.0499875,1.2515
42000,49.9989,49.9989,49.9989,0.768871,0.174994,0.768871,0.494635,1.59838e-05,1.13687e-13,0.0499875,1.25133
42060,49.9989,49.9989,49.9989,0.767264,0.174579,0.767264,0.493678,1.59328e-05,5.68434e-14,0.0499875,1.25117
42120,49.9989,49.9989,49.9989,0.765663,0.174164,0.765663,0.492723,1.58819e-05,1.13687e-13,0.0499875,1.251
42180,49.9989,49.9989,49.9989,0.764066,0.173752,0.764066,0.491772,1.58312e-05,1.13687e-13,0.0499875,1.25083
42240,49.9989,49.9989,49.9989,0.762475,0.17334,0.762475,0.490824,1.57807e-05,1.13687e-13,0.0499875,1.25067
42300,49.9989,49.9989,49.9989,0.760888,0.17293,0.760888,0.489878,1.57303e-05,1.13687e-13,0.0499875,1.2505
42360,49.9989,49.9989,49.9989,0.759307,0.172521,0.759307,0.488936,1.56802e-05,1.13687e-13,0.0499875,1.25033
42420,49.9989,49.9989,49.9989,0.757731,0.172114,0.757731,0.487997,1.56301e-05,1.13687e-13,0.0499875,1.25017
42480,49.9989,49.9989,49.9989,0.756159,0.171708,0.756159,0.48706,1.55803e-05,1.7053e-13,0.0499875,1.25
42540,49.9989,49.9989,49.9989,0.754593,0.171304,0.754593,0.486127,1.55306e-05,1.13687e-13,0.0499875,1.24983
42600,49.9989,49.9989,49.9989,0.753032,0.170901,0.753032,0.485197,1.5481e-05,1.7053e-13,0.0499875,1.24967
42660,49.9989,49.9989,49.9989,0.751475,0.170499,0.751475,0.484269,1.54317e-05,1.13687e-13,0.0499875,1.2495
42720,49.9989,49.9989,49.9989,0.749924,0.170099,0.749924,0.483345,1.53825e-05,1.13687e-13,0.0499875,1.24933
42780,49.9989,49.9989,49.9989,0.748377,0.1697,0.748377,0.482423,1.53334e-05,1.13687e-13,0.0499875,1.24917
42840,49.9989,49.9989,49.9989,0.746835,0.169303,0.746835,0.481505,1.52846e-05,1.7053e-13,0.0499875,1.249
42900,49.9989,49.9989,49.9989,0.745298,0.168907,0.745298,0.480589,1.52359e-05,1.13687e-13,0.0499875,1.24883
42960,49.9989,49.9989,49.9989,0.743766,0.168512,0.743766,0.479677,1.51873e-05,1.13687e-13,0.0499875,1.24867
43020,49.9989,49.9989,49.9989,0.742239,0.168119,0.742239,0.478767,1.5139e-05,1.7053e-13,0.0499875,1.2485
43080,49.9989,49.9989,49.9989,0.740717,0.167727,0.740717,0.47786,1.50908e-05,1.13687e-13,0.0499875,1.24833
43140,49.9989,49.9989,49.9989,0.739199,0.167337,0.739199,0.476956,1.50427e-05,1.13687e-13,0.0499875,1.24817
43200,49.9989,49.9989,49.9989,0.737686,0.166947,0.737686,0.476055,1.49949e-05,1.13687e-13,0.0499875,1.248
43260,49.9989,49.9989,49.9989,0.736179,0.166559,0.736179,0.475156,1.49467e-05,1.13687e-13,0.0499875,1.24787
43320,49.9989,49.9989,49.9989,0.734675,0.166172,0.734675,0.474261,1.48986e-05,1.13687e-13,0.0499875,1.24773
43380,49.9989,49.9989,49.9989,0.733177,0.165786,0.733177,0.473369,1.48507e-05,1.13687e-13,0.0499875,1.2476
43440,49.9989,49.9989,49.9989,0.731684,0.165401,0.731684,0.472479,1.48029e-05,1.13687e-13,0.0499875,1.24747
43500,49.9989,49.9989,49.9989,0.730195,0.165017,0.730195,0.471592,1.47553e-05,1.13687e-13,0.0499875,1.24733
43560,49.9989,49.9989,49.9989,0.728711,0.164635,0.728711,0.470708,1.47078e-05,1.13687e-13,0.0499875,1.2472
43620,49.9989,49.9989,49.9989,0.727232,0.164254,0.727232,0.469827,1.46605e-05,1.13687e-13,0.0499875,1.24707
43680,49.9989,49.9989,49.9989,0.725757,0.163874,0.725757,0.468949,1.46134e-05,1.13687e-13,0.0499875,1.24693
43740,49.9989,49.9989,49.9989,0.724288,0.163496,0.724288,0.468074,1.45664e-05,1.13687e-13,0.0499875,1.2468
43800,49.9989,49.9989,49.9989,0.722823,0.163119,0.722823,0.467201,1.45195e-05,1.13687e-13,0.0499875,1.24667
43860,49.9989,49.9989,49.9989,0.721362,0.162743,0.721362,0.466331,1.44729e-05,1.13687e-13,0.0499875,1.24653
43920,49.9989,49.9989,49.9989,0.719906,0.162369,0.719906,0.465464,1.44264e-05,1.13687e-13,0.0499875,1.2464
43980,49.9989,49.9989,49.9989,0.718455,0.161996,0.718455,0.4646,1.438e-05,1.13687e-13,0.0499875,1.24627
44040,49.9989,49.9989,49.9989,0.717009,0.161624,0.717009,0.463739,1.43338e-05,1.13687e-13,0.0499875,1.24613
44100,49.9989,49.9989,49.9989,0.715567,0.161254,0.715567,0.46288,1.42878e-05,1.13687e-13,0.0499875,1.246
44160,49.9989,49.9989,49.9989,0.71413,0.160885,0.71413,0.462024,1.42419e-05,1.13687e-13,0.0499875,1.24587
44220,49.9989,49.9989,49.9989,0.712697,0.160517,0.712697,0.461171,1.41962e-05,1.13687e-13,0.0499875,1.24573
44280,49.9989,49.9989,49.9989,0.711269,0.16015,0.711269,0.460321,1.41506e-05,1.13687e-13,0.0499875,1.2456
44340,49.9989,49.9989,49.9989,0.709846,0.159785,0.709846,0.459473,1.41053e-05,1.13687e-13,0.0499875,1.24547
44400,49.9989,49.9989,49.9989,0.708427,0.159421,0.708427,0.458628,1.406e-05,1.13687e-13,0.0499875,1.24533
44460,49.9989,49.9989,49.9989,0.707012,0.159059,0.707012,0.457786,1.40149e-05,5.68434e-14,0.0499875,1.2452
44520,49.9989,49.9989,49.9989,0.705602,0.158698,0.705602,0.456946,1.397e-05,1.13687e-13,0.0499875,1.24507
44580,49.9989,49.9989,49.9989,0.704197,0.158338,0.704197,0.456109,1.39253e-05,1.13687e-13,0.0499875,1.24493
44640,49.9989,49.9989,49.9989,0.702796,0.157979,0.702796,0.455275,1.38807e-05,5.68434e-14,0.0499875,1.2448
44700,49.9989,49.9989,49.9989,0.701399,0.157622,0.701399,0.454444,1.38362e-05,1.13687e-13,0.0499875,1.24467
44760,49.9989,49.9989,49.9989,0.700007,0.157266,0.700007,0.453615,1.37919e-05,1.13687e-13,0.0499875,1.24453
44820,49.9989,49.9989,49.9989,0.698619,0.156911,0.698619,0.452789,1.37478e-05,1.13687e-13,0.0499875,1.2444
44880,49.9989,49.9989,49.9989,0.697236,0.156558,0.697236,0.451965,1.37038e-05,1.13687e-13,0.0499875,1.24427
44940,49.9989,49.9989,49.9989,0.695857,0.156206,0.695857,0.451144,1.366e-05,1.13687e-13,0.0499875,1.24413
45000,49.9989,49.9989,49.9989,0.694482,0.155855,0.694482,0.450326,1.36164e-05,1.13687e-13,0.0499875,1.244
45060,49.9989,49.9989,49.9989,0.693112,0.155505,0.693112,0.44951,1.35729e-05,1.13687e-13,0.0499875,1.24387
45120,49.9989,49.9989,49.9989,0.691746,0.155157,0.691746,0.448697,1.35295e-05,1.13687e-13,0.0499875,1.24373
45180,49.9989,49.9989,49.9989,0.690385,0.15481,0.690385,0.447887,1.34863e-05,1.7053e-13,0.0499875,1.2436
45240,49.9989,49.9989,49.9989,0.689028,0.154464,0.689028,0.447079,1.34433e-05,1.7053e-13,0.0499875,1.24347
45300,49.9989,49.9989,49.9989,0.687675,0.15412,0.687675,0.446274,1.34004e-05,1.13687e-13,0.0499875,1.24333
45360,49.9989,49.9989,49.9989,0.686326,0.153777,0.686326,0.445471,1.33577e-05,1.13687e-13,0.0499875,1.2432
45420,49.9989,49.9989,49.9989,0.684982,0.153435,0.684982,0.444671,1.33151e-05,1.7053e-13,0.0499875,1.24307
45480,49.9989,49.9989,49.9989,0.683641,0.153094,0.683641,0.443873,1.32727e-05,1.7053e-13,0.0499875,1.24293
45540,49.9989,49.9989,49.9989,0.682305,0.152755,0.682305,0.443078,1.32304e-05,1.13687e-13,0.0499875,1.2428
45600,49.9989,49.9989,49.9989,0.680974,0.152416,0.680974,0.442285,1.31883e-05,1.13687e-13,0.0499875,1.24267
45660,49.9989,49.9989,49.9989,0.679646,0.15208,0.679646,0.441495,1.31463e-05,1.7053e-13,0.0499875,1.24253
45720,49.9989,49.9989,49.9989,0.678323,0.151744,0.678323,0.440708,1.31045e-05,1.7053e-13,0.0499875,1.2424
45780,49.9989,49.9989,49.9989,0.677004,0.151409,0.677004,0.439923,1.30628e-05,1.13687e-13,0.0499875,1.24227
45840,49.9989,49.9989,49.9989,0.675689,0.151076,0.675689,0.43914,1.30213e-05,1.13687e-13,0.0499875,1.24213
45900,49.9989,49.9989,49.9989,0.674378,0.150744,0.674378,0.43836,1.29799e-05,1.7053e-13,0.0499875,1.242
45960,49.9989,49.9989,49.9989,0.673071,0.150413,0.673071,0.437583,1.29387e-05,1.7053e-13,0.0499875,1.24187
46020,49.9989,49.9989,49.9989,0.671768,0.150084,0.671768,0.436808,1.28976e-05,2.27374e-13,0.0499875,1.24173
46080,49.9989,49.9989,49.9989,0.67047,0.149756,0.67047,0.436035,1.28567e-05,2.27374e-13,0.0499875,1.2416
46140,49.9989,49.9989,49.9989,0.669175,0.149428,0.669175,0.435265,1.28159e-05,2.27374e-13,0.0499875,1.24147
46200,49.9989,49.9989,49.9989,0.667885,0.149103,0.667885,0.434497,1.27753e-05,1.7053e-13,0.0499875,1.24133
46260,49.9989,49.9989,49.9989,0.666599,0.148778,0.666599,0.433732,1.27348e-05,1.13687e-13,0.0499875,1.2412
46320,49.9989,49.9989,49.9989,0.665316,0.148454,0.665316,0.432969,1.26945e-05,1.7053e-13,0.0499875,1.24107
46380,49.9989,49.9989,49.9989,0.664038,0.148132,0.664038,0.432208,1.26543e-05,1.7053e-13,0.0499875,1.24093
46440,49.9989,49.9989,49.9989,0.662764,0.147811,0.662764,0.43145,1.26143e-05,1.7053e-13,0.0499875,1.2408
46500,49.9989,49.9989,49.9989,0.661494,0.147491,0.661494,0.430695,1.25744e-05,1.7053e-13,0.0499875,1.24067
46560,49.9989,49.9989,49.9989,0.660227,0.147172,0.660227,0.429941,1.25346e-05,1.7053e-13,0.0499875,1.24053
46620,49.9989,49.9989,49.9989,0.658965,0.146855,0.658965,0.42919,1.2495e-05,1.13687e-13,0.0499875,1.2404
46680,49.9989,49.9989,49.9989,0.657707,0.146539,0.657707,0.428442,1.24555e-05,1.7053e-13,0.0499875,1.24027
46740,49.9989,49.9989,49.9989,0.656452,0.146223,0.656452,0.427696,1.24162e-05,1.7053e-13,0.0499875,1.24013
46800,49.9989,49.9989,49.9989,0.655202,0.145909,0.655202,0.426952,1.2377e-05,1.7053e-13,0.0499875,1.24
46860,49.9989,49.9989,49.9989,0.653955,0.145597,0.653955,0.426211,1.2338e-05,1.7053e-13,0.0499875,1.23987
46920,49.9989,49.9989,49.9989,0.652712,0.145285,0.652712,0.425471,1.22991e-05,1.7053e-13,0.0499875,1.23973
46980,49.9989,49.9989,49.9989,0.651474,0.144974,0.651474,0.424735,1.22603e-05,1.13687e-13,0.0499875,1.2396
47040,49.9989,49.9989,49.9989,0.650239,0.144665,0.650239,0.424,1.22217e-05,1.13687e-13,0.0499875,1.23947
47100,49.9989,49.9989,49.9989,0.649007,0.144357,0.649007,0.423268,1.21832e-05,1.13687e-13,0.0499875,1.23933
47160,49.9989,49.9989,49.9989,0.64778,0.14405,0.64778,0.422538,1.21449e-05,1.7053e-13,0.0499875,1.2392
47220,49.9989,49.9989,49.9989,0.646557,0.143744,0.646557,0.421811,1.21067e-05,1.7053e-13,0.0499875,1.23907
47280,49.9989,49.9989,49.9989,0.645337,0.143439,0.645337,0.421085,1.20687e-05,1.7053e-13,0.0499875,1.23893
47340,49.9989,49.9989,49.9989,0.644121,0.143136,0.644121,0.420362,1.20307e-05,1.7053e-13,0.0499875,1.2388
47400,49.9989,49.9989,49.9989,0.642909,0.142833,0.642909,0.419642,1.1993e-05,1.7053e-13,0.0499875,1.23867
47460,49.9989,49.9989,49.9989,0.641701,0.142532,0.641701,0.418923,1.19553e-05,1.13687e-13,0.0499875,1.23853
47520,49.9989,49.9989,49.9989,0.640496,0.142231,0.640496,0.418207,1.19178e-05,1.13687e-13,0.0499875,1.2384
47580,49.9989,49.9989,49.9989,0.639296,0.141932,0.639296,0.417493,1.18805e-05,1.7053e-13,0.0499875,1.23827
47640,49.9989,49.9989,49.9989,0.638098,0.141634,0.638098,0.416781,1.18432e-05,1.7053e-13,0.0499875,1.23813
47700,49.9989,49.9989,49.9989,0.636905,0.141337,0.636905,0.416072,1.18061e-05,1.7053e-13,0.0499875,1.238
47760,49.9989,49.9989,49.9989,0.635715,0.141042,0.635715,0.415365,1.17692e-05,1.7053e-13,0.0499875,1.23787
47820,49.9989,49.9989,49.9989,0.63453,0.140747,0.63453,0.41466,1.17323e-05,1.13687e-13,0.0499875,1.23773
47880,49.9989,49.9989,49.9989,0.633347,0.140453,0.633347,0.413957,1.16957e-05,1.13687e-13,0.0499875,1.2376
47940,49.9989,49.9989,49.9989,0.632169,0.140161,0.632169,0.413256,1.16591e-05,1.13687e-13,0.0499875,1.23747
48000,49.9989,49.9989,49.9989,0.630994,0.13987,0.630994,0.412558,1.16227e-05,1.7053e-13,0.0499875,1.23733
48060,49.9989,49.9989,49.9989,0.629822,0.139579,0.629822,0.411861,1.15864e-05,1.7053e-13,0.0499875,1.2372
48120,49.9989,49.9989,49.9989,0.628655,0.13929,0.628655,0.411167,1.15502e-05,1.7053e-13,0.0499875,1.23707
48180,49.9989,49.9989,49.9989,0.627491,0.139002,0.627491,0.410475,1.15142e-05,1.7053e-13,0.0499875,1.23693
48240,49.9989,49.9989,49.9989,0.62633,0.138715,0.62633,0.409786,1.14783e-05,1.7053e-13,0.0499875,1.2368
48300,49.9989,49.9989,49.9989,0.625173,0.138429,0.625173,0.409098,1.14426e-05,1.7053e-13,0.0499875,1.23667
48360,49.9989,49.9989,49.9989,0.62402,0.138144,0.62402,0.408413,1.14069e-05,1.7053e-13,0.0499875,1.23653
48420,49.9989,49.9989,49.9989,0.62287,0.13786,0.62287,0.407729,1.13714e-05,1.13687e-13,0.0499875,1.2364
48480,49.9989,49.9989,49.9989,0.621724,0.137578,0.621724,0.407048,1.13361e-05,1.13687e-13,0.0499875,1.23627
48540,49.9989,49.9989,49.9989,0.620581,0.137296,0.620581,0.406369,1.13008e-05,1.13687e-13,0.0499875,1.23613
48600,49.9989,49.9989,49.9989,0.619442,0.137015,0.619442,0.405692,1.12657e-05,5.68434e-14,0.0499875,1.236
48660,49.9989,49.9989,49.9989,0.618306,0.136735,0.618306,0.405017,1.12304e-05,5.68434e-14,0.0499875,1.2359
48720,49.9989,49.9989,49.9989,0.617174,0.136456,0.617174,0.404344,1.11951e-05,1.13687e-13,0.0499875,1.2358
48780,49.9989,49.9989,49.9989,0.616046,0.136177,0.616046,0.403674,1.11599e-05,1.13687e-13,0.0499875,1.2357
48840,49.9989,49.9989,49.9989,0.614921,0.1359,0.614921,0.403005,1.11249e-05,5.68434e-14,0.0499875,1.2356
48900,49.9989,49.9989,49.9989,0.613799,0.135623,0.613799,0.402339,1.109e-05,1.7053e-13,0.0499875,1.2355
48960,49.9989,49.9989,49.9989,0.612681,0.135347,0.612681,0.401674,1.10552e-05,1.13687e-13,0.0499875,1.2354
49020,49.9989,49.9989,49.9989,0.611567,0.135073,0.611567,0.401012,1.10205e-05,5.68434e-14,0.0499875,1.2353
49080,49.9989,49.9989,49.9989,0.610456,0.134799,0.610456,0.400352,1.09859e-05,1.13687e-13,0.0499875,1.2352
49140,49.9989,49.9989,49.9989,0.609348,0.134526,0.609348,0.399694,1.09515e-05,1.13687e-13,0.0499875,1.2351
49200,49.9989,49.9989,49.9989,0.608244,0.134255,0.608244,0.399038,1.09172e-05,1.13687e-13,0.0499875,1.235
49260,49.9989,49.9989,49.9989,0.607143,0.133984,0.607143,0.398384,1.0883e-05,1.13687e-13,0.0499875,1.2349
49320,49.9989,49.9989,49.9989,0.606046,0.133714,0.606046,0.397732,1.08489e-05,5.68434e-14,0.0499875,1.2348
49380,49.9989,49.9989,49.9989,0.604952,0.133446,0.604952,0.397082,1.0815e-05,1.13687e-13,0.0499875,1.2347
49440,49.9989,49.9989,49.9989,0.603862,0.133178,0.603862,0.396434,1.07812e-05,5.68434e-14,0.0499875,1.2346
49500,49.9989,49.9989,49.9989,0.602775,0.132911,0.602775,0.395788,1.07475e-05,1.13687e-13,0.0499875,1.2345
49560,49.9989,49.9989,49.9989,0.601691,0.132646,0.601691,0.395144,1.07139e-05,1.13687e-13,0.0499875,1.2344
49620,49.9989,49.9989,49.9989,0.600611,0.132381,0.600611,0.394502,1.06805e-05,1.13687e-13,0.0499875,1.2343
49680,49.9989,49.9989,49.9989,0.599534,0.132117,0.599534,0.393862,1.06472e-05,5.68434e-14,0.0499875,1.2342
49740,49.9989,49.9989,49.9989,0.598461,0.131854,0.598461,0.393225,1.0614e-05,1.13687e-13,0.0499875,1.2341
49800,49.9989,49.9989,49.9989,0.59739,0.131593,0.59739,0.392589,1.05809e-05,1.13687e-13,0.0499875,1.234
49860,49.9989,49.9989,49.9989,0.596323,0.131332,0.596323,0.391955,1.0548e-05,1.13687e-13,0.0499875,1.2339
49920,49.9989,49.9989,49.9989,0.59526,0.131072,0.59526,0.391323,1.05151e-05,5.68434e-14,0.0499875,1.2338
49980,49.9989,49.9989,49.9989,0.594199,0.130813,0.594199,0.390693,1.04824e-05,1.13687e-13,0.0499875,1.2337
50040,49.9989,49.9989,49.9989,0.593142,0.130556,0.593142,0.390065,1.04498e-05,1.13687e-13,0.0499875,1.2336
50100,49.9989,49.9989,49.9989,0.592089,0.130299,0.592089,0.389439,1.04174e-05,1.13687e-13,0.0499875,1.2335
50160,49.9989,49.9989,49.9989,0.591038,0.130043,0.591038,0.388815,1.0385e-05,1.13687e-13,0.0499875,1.2334
50220,49.9989,49.9989,49.9989,0.589991,0.129788,0.589991,0.388193,1.03528e-05,1.13687e-13,0.0499875,1.2333
50280,49.9989,49.9989,49.9989,0.588947,0.129534,0.588947,0.387573,1.03207e-05,1.13687e-13,0.0499875,1.2332
50340,49.9989,49.9989,49.9989,0.587906,0.129281,0.587906,0.386954,1.02887e-05,5.68434e-14,0.0499875,1.2331
50400,49.9989,49.9989,49.9989,0.586868,0.129029,0.586868,0.386338,1.02568e-05,5.68434e-14,0.0499875,1.233
50460,49.9989,49.9989,49.9989,0.585834,0.128779,0.585834,0.385724,1.02254e-05,5.68434e-14,0.0499875,1.23287
50520,49.9989,49.9989,49.9989,0.584802,0.128529,0.584802,0.385111,1.01942e-05,1.13687e-13,0.0499875,1.23273
50580,49.9989,49.9989,49.9989,0.583774,0.128281,0.583774,0.3845,1.0163e-05,5.68434e-14,0.0499875,1.2326
50640,49.9989,49.9989,49.9989,0.582749,0.128034,0.582749,0.383891,1.01321e-05,1.13687e-13,0.0499875,1.23247
50700,49.9989,49.9989,49.9989,0.581727,0.127788,0.581727,0.383284,1.01012e-05,5.68434e-14,0.0499875,1.23233
50760,49.9989,49.9989,49.9989,0.580708,0.127543,0.580708,0.382679,1.00705e-05,5.68434e-14,0.0499875,1.2322
50820,49.9989,49.9989,49.9989,0.579692,0.127298,0.579692,0.382076,1.00398e-05,1.13687e-13,0.0499875,1.23207
50880,49.9989,49.9989,49.9989,0.57868,0.127055,0.57868,0.381474,1.00093e-05,1.13687e-13,0.0499875,1.23193
50940,49.9989,49.9989,49.9989,0.57767,0.126813,0.57767,0.380875,9.97896e-06,5.68434e-14,0.0499875,1.2318
51000,49.9989,49.9989,49.9989,0.576663,0.126572,0.576663,0.380277,9.94869e-06,1.13687e-13,0.0499875,1.23167
51060,49.9989,49.9989,49.9989,0.575659,0.126331,0.575659,0.379681,9.91853e-06,1.13687e-13,0.0499875,1.23153
51120,49.9989,49.9989,49.9989,0.574659,0.126092,0.574659,0.379087,9.88849e-06,1.13687e-13,0.0499875,1.2314
51180,49.9989,49.9989,49.9989,0.573661,0.125853,0.573661,0.378494,9.85857e-06,1.13687e-13,0.0499875,1.23127
51240,49.9989,49.9989,49.9989,0.572667,0.125616,0.572667,0.377904,9.82876e-06,1.7053e-13,0.0499875,1.23113
51300,49.9989,49.9989,49.9989,0.571675,0.125379,0.571675,0.377315,9.79905e-06,1.13687e-13,0.0499875,1.231
51360,49.9989,49.9989,49.9989,0.570686,0.125143,0.570686,0.376728,9.76946e-06,1.7053e-13,0.0499875,1.23087
51420,49.9989,49.9989,49.9989,0.569701,0.124908,0.569701,0.376143,9.73999e-06,1.13687e-13,0.0499875,1.23073
51480,49.9989,49.9989,49.9989,0.568718,0.124674,0.568718,0.375559,9.71062e-06,1.13687e-13,0.0499875,1.2306
51540,49.9989,49.9989,49.9989,0.567738,0.124441,0.567738,0.374977,9.68136e-06,1.7053e-13,0.0499875,1.23047
51600,49.9989,49.9989,49.9989,0.566761,0.124209,0.566761,0.374397,9.65221e-06,1.13687e-13,0.0499875,1.23033
51660,49.9989,49.9989,49.9989,0.565787,0.123978,0.565787,0.373819,9.62316e-06,1.13687e-13,0.0499875,1.2302
51720,49.9989,49.9989,49.9989,0.564816,0.123747,0.564816,0.373243,9.59423e-06,1.13687e-13,0.0499875,1.23007
51780,49.9989,49.9989,49.9989,0.563848,0.123518,0.563848,0.372668,9.5654e-06,5.68434e-14,0.0499875,1.22993
51840,49.9989,49.9989,49.9989,0.562883,0.123289,0.562883,0.372095,9.53668e-06,1.13687e-13,0.0499875,1.2298
51900,49.9989,49.9989,49.9989,0.561921,0.123061,0.561921,0.371523,9.50807e-06,1.13687e-13,0.0499875,1.22967
51960,49.9989,49.9989,49.9989,0.560961,0.122834,0.560961,0.370954,9.47956e-06,1.13687e-13,0.0499875,1.22953
52020,49.9989,49.9989,49.9989,0.560004,0.122608,0.560004,0.370386,9.45116e-06,1.13687e-13,0.0499875,1.2294
52080,49.9989,49.9989,49.9989,0.559051,0.122383,0.559051,0.36982,9.42287e-06,1.13687e-13,0.0499875,1.22927
52140,49.9989,49.9989,49.9989,0.5581,0.122158,0.5581,0.369255,9.39468e-06,1.13687e-13,0.0499875,1.22913
52200,49.9989,49.9989,49.9989,0.557152,0.121935,0.557152,0.368692,9.36658e-06,1.13687e-13,0.0499875,1.229
52260,49.9989,49.9989,49.9989,0.556207,0.121711,0.556207,0.368131,9.3383e-06,1.7053e-13,0.0499875,1.2289
52320,49.9989,49.9989,49.9989,0.555264,0.121489,0.555264,0.367572,9.31006e-06,5.68434e-14,0.0499875,1.2288
52380,49.9989,49.9989,49.9989,0.554325,0.121267,0.554325,0.367014,9.28191e-06,1.13687e-13,0.0499875,1.2287
52440,49.9989,49.9989,49.9989,0.553388,0.121046,0.553388,0.366458,9.25385e-06,5.68434e-14,0.0499875,1.2286
52500,49.9989,49.9989,49.9989,0.552454,0.120825,0.552454,0.365903,9.22589e-06,1.13687e-13,0.0499875,1.2285
52560,49.9989,49.9989,49.9989,0.551523,0.120605,0.551523,0.365351,9.19803e-06,2.27374e-13,0.0499875,1.2284
52620,49.9989,49.9989,49.9989,0.550595,0.120386,0.550595,0.3648,9.17026e-06,1.13687e-13,0.0499875,1.2283
52680,49.9989,49.9989,49.9989,0.54967,0.120168,0.54967,0.36425,9.14259e-06,5.68434e-14,0.0499875,1.2282
52740,49.9989,49.9989,49.9989,0.548747,0.119951,0.548747,0.363702,9.11503e-06,1.13687e-13,0.0499875,1.2281
52800,49.9989,49.9989,49.9989,0.547827,0.119735,0.547827,0.363156,9.08756e-06,1.13687e-13,0.0499875,1.228
52860,49.9989,49.9989,49.9989,0.54691,0.119519,0.54691,0.362612,9.06019e-06,5.68434e-14,0.0499875,1.2279
52920,49.9989,49.9989,49.9989,0.545996,0.119304,0.545996,0.362069,9.03292e-06,1.13687e-13,0.0499875,1.2278
52980,49.9989,49.9989,49.9989,0.545084,0.11909,0.545084,0.361528,9.00575e-06,1.13687e-13,0.0499875,1.2277
53040,49.9989,49.9989,49.9989,0.544175,0.118876,0.544175,0.360988,8.97868e-06,1.13687e-13,0.0499875,1.2276
53100,49.9989,49.9989,49.9989,0.543269,0.118664,0.543269,0.360451,8.95171e-06,1.13687e-13,0.0499875,1.2275
53160,49.9989,49.9989,49.9989,0.542366,0.118452,0.542366,0.359914,8.92484e-06,5.68434e-14,0.0499875,1.2274
53220,49.9989,49.9989,49.9989,0.541465,0.118241,0.541465,0.35938,8.89807e-06,1.13687e-13,0.0499875,1.2273
53280,49.9989,49.9989,49.9989,0.540567,0.118031,0.540567,0.358847,8.87139e-06,1.13687e-13,0.0499875,1.2272
53340,49.9989,49.9989,49.9989,0.539672,0.117822,0.539672,0.358315,8.84482e-06,1.13687e-13,0.0499875,1.2271
53400,49.9989,49.9989,49.9989,0.53878,0.117613,0.53878,0.357785,8.81834e-06,1.13687e-13,0.0499875,1.227
53460,49.9989,49.9989,49.9989,0.53789,0.117405,0.53789,0.357257,8.79196e-06,5.68434e-14,0.0499875,1.2269
53520,49.9989,49.9989,49.9989,0.537003,0.117198,0.537003,0.35673,8.76568e-06,1.13687e-13,0.0499875,1.2268
53580,49.9989,49.9989,49.9989,0.536118,0.116992,0.536118,0.356205,8.7395e-06,1.13687e-13,0.0499875,1.2267
53640,49.9989,49.9989,49.9989,0.535236,0.116787,0.535236,0.355681,8.71341e-06,1.13687e-13,0.0499875,1.2266
53700,49.9989,49.9989,49.9989,0.534357,0.116582,0.534357,0.355159,8.68742e-06,5.68434e-14,0.0499875,1.2265
53760,49.9989,49.9989,49.9989,0.53348,0.116378,0.53348,0.354639,8.66152e-06,1.13687e-13,0.0499875,1.2264
53820,49.9989,49.9989,49.9989,0.532606,0.116175,0.532606,0.35412,8.63572e-06,1.13687e-13,0.0499875,1.2263
53880,49.9989,49.9989,49.9989,0.531735,0.115973,0.531735,0.353603,8.61002e-06,1.13687e-13,0.0499875,1.2262
53940,49.9989,49.9989,49.9989,0.530866,0.115771,0.530866,0.353087,8.58442e-06,5.68434e-14,0.0499875,1.2261
54000,49.9989,49.9989,49.9989,0.529999,0.11557,0.529999,0.352572,8.5589e-06,1.13687e-13,0.0499875,1.226
54060,49.9989,49.9989,49.9989,0.529136,0.11537,0.529136,0.35206,8.53349e-06,1.13687e-13,0.0499875,1.2259
54120,49.9989,49.9989,49.9989,0.528275,0.115171,0.528275,0.351548,8.50816e-06,1.13687e-13,0.0499875,1.2258
54180,49.9989,49.9989,49.9989,0.527416,0.114972,0.527416,0.351039,8.48294e-06,5.68434e-14,0.0499875,1.2257
54240,49.9989,49.9989,49.9989,0.52656,0.114774,0.52656,0.35053,8.4578e-06,1.13687e-13,0.0499875,1.2256
54300,49.9989,49.9989,49.9989,0.525707,0.114577,0.525707,0.350024,8.43276e-06,1.13687e-13,0.0499875,1.2255
54360,49.9989,49.9989,49.9989,0.524856,0.114381,0.524856,0.349519,8.40781e-06,1.13687e-13,0.0499875,1.2254
54420,49.9989,49.9989,49.9989,0.524007,0.114185,0.524007,0.349015,8.38296e-06,5.68434e-14,0.0499875,1.2253
54480,49.9989,49.9989,49.9989,0.523161,0.11399,0.523161,0.348513,8.35819e-06,1.13687e-13,0.0499875,1.2252
54540,49.9989,49.9989,49.9989,0.522318,0.113796,0.522318,0.348012,8.33352e-06,1.13687e-13,0.0499875,1.2251
54600,49.9989,49.9989,49.9989,0.521477,0.113603,0.521477,0.347513,8.30894e-06,1.13687e-13,0.0499875,1.225
54660,49.9989,49.9989,49.9989,0.520639,0.11341,0.520639,0.347015,8.28445e-06,1.13687e-13,0.0499875,1.2249
54720,49.9989,49.9989,49.9989,0.519803,0.113218,0.519803,0.346518,8.26006e-06,1.13687e-13,0.0499875,1.2248
54780,49.9989,49.9989,49.9989,0.518969,0.113027,0.518969,0.346024,8.23575e-06,1.13687e-13,0.0499875,1.2247
54840,49.9989,49.9989,49.9989,0.518138,0.112837,0.518138,0.34553,8.21154e-06,1.7053e-13,0.0499875,1.2246
54900,49.9989,49.9989,49.9989,0.51731,0.112647,0.51731,0.345038,8.18741e-06,1.7053e-13,0.0499875,1.2245
54960,49.9989,49.9989,49.9989,0.516483,0.112458,0.516483,0.344548,8.16337e-06,1.7053e-13,0.0499875,1.2244
55020,49.9989,49.9989,49.9989,0.51566,0.112269,0.51566,0.344059,8.13943e-06,1.13687e-13,0.0499875,1.2243
55080,49.9989,49.9989,49.9989,0.514839,0.112082,0.514839,0.343571,8.11557e-06,1.13687e-13,0.0499875,1.2242
55140,49.9989,49.9989,49.9989,0.51402,0.111895,0.51402,0.343085,8.0918e-06,1.13687e-13,0.0499875,1.2241
55200,49.9989,49.9989,49.9989,0.513203,0.111709,0.513203,0.3426,8.06812e-06,1.13687e-13,0.0499875,1.224
55260,49.9989,49.9989,49.9989,0.512389,0.111523,0.512389,0.342117,8.04452e-06,1.13687e-13,0.0499875,1.2239
55320,49.9989,49.9989,49.9989,0.511577,0.111338,0.511577,0.341635,8.02102e-06,1.13687e-13,0.0499875,1.2238
55380,49.9989,49.9989,49.9989,0.510768,0.111154,0.510768,0.341154,7.9976e-06,1.13687e-13,0.0499875,1.2237
55440,49.9989,49.9989,49.9989,0.509961,0.110971,0.509961,0.340675,7.97427e-06,1.13687e-13,0.0499875,1.2236
55500,49.9989,49.9989,49.9989,0.509157,0.110788,0.509157,0.340197,7.95102e-06,1.7053e-13,0.0499875,1.2235
55560,49.9989,49.9989,49.9989,0.508355,0.110606,0.508355,0.339721,7.92786e-06,1.7053e-13,0.0499875,1.2234
55620,49.9989,49.9989,49.9989,0.507555,0.110425,0.507555,0.339246,7.90479e-06,1.7053e-13,0.0499875,1.2233
55680,49.9989,49.9989,49.9989,0.506757,0.110244,0.506757,0.338772,7.8818e-06,1.7053e-13,0.0499875,1.2232
55740,49.9989,49.9989,49.9989,0.505962,0.110064,0.505962,0.3383,7.8589e-06,1.13687e-13,0.0499875,1.2231
55800,49.9989,49.9989,49.9989,0.505169,0.109885,0.505169,0.337829,7.83608e-06,1.13687e-13,0.0499875,1.223
55860,49.9989,49.9989,49.9989,0.504379,0.109706,0.504379,0.33736,7.81308e-06,1.13687e-13,0.0499875,1.22293
55920,49.9989,49.9989,49.9989,0.50359,0.109527,0.50359,0.336891,7.79012e-06,1.13687e-13,0.0499875,1.22287
55980,49.9989,49.9989,49.9989,0.502805,0.109349,0.502805,0.336425,7.76724e-06,1.13687e-13,0.0499875,1.2228
56040,49.9989,49.9989,49.9989,0.502021,0.109171,0.502021,0.335959,7.74442e-06,1.13687e-13,0.0499875,1.22273
56100,49.9989,49.9989,49.9989,0.50124,0.108994,0.50124,0.335495,7.72169e-06,1.13687e-13,0.0499875,1.22267
56160,49.9989,49.9989,49.9989,0.500461,0.108818,0.500461,0.335033,7.69903e-06,1.13687e-13,0.0499875,1.2226
56220,49.9989,49.9989,49.9989,0.499685,0.108642,0.499685,0.334572,7.67646e-06,1.13687e-13,0.0499875,1.22253
56280,49.9989,49.9989,49.9989,0.49891,0.108467,0.49891,0.334112,7.65396e-06,1.13687e-13,0.0499875,1.22247
56340,49.9989,49.9989,49.9989,0.498138,0.108293,0.498138,0.333653,7.63155e-06,1.13687e-13,0.0499875,1.2224
56400,49.9989,49.9989,49.9989,0.497369,0.108119,0.497369,0.333196,7.60922e-06,1.13687e-13,0.0499875,1.22233
56460,49.9989,49.9989,49.9989,0.496601,0.107946,0.496601,0.33274,7.58696e-06,5.68434e-14,0.0499875,1.22227
56520,49.9989,49.9989,49.9989,0.495836,0.107773,0.495836,0.332285,7.56479e-06,1.13687e-13,0.0499875,1.2222
56580,49.9989,49.9989,49.9989,0.495073,0.107601,0.495073,0.331832,7.54271e-06,1.13687e-13,0.0499875,1.22213
56640,49.9989,49.9989,49.9989,0.494312,0.10743,0.494312,0.33138,7.5207e-06,1.13687e-13,0.0499875,1.22207
56700,49.9989,49.9989,49.9989,0.493554,0.107259,0.493554,0.33093,7.49877e-06,1.13687e-13,0.0499875,1.222
56760,49.9989,49.9989,49.9989,0.492798,0.107089,0.492798,0.33048,7.47693e-06,1.13687e-13,0.0499875,1.22193
56820,49.9989,49.9989,49.9989,0.492044,0.10692,0.492044,0.330032,7.45516e-06,1.13687e-13,0.0499875,1.22187
56880,49.9989,49.9989,49.9989,0.491292,0.106751,0.491292,0.329586,7.43348e-06,1.13687e-13,0.0499875,1.2218
56940,49.9989,49.9989,49.9989,0.490542,0.106583,0.490542,0.32914,7.41187e-06,1.13687e-13,0.0499875,1.22173
57000,49.9989,49.9989,49.9989,0.489795,0.106416,0.489795,0.328696,7.39035e-06,1.13687e-13,0.0499875,1.22167
57060,49.9989,49.9989,49.9989,0.48905,0.106249,0.48905,0.328254,7.3689e-06,5.68434e-14,0.0499875,1.2216
57120,49.9989,49.9989,49.9989,0.488307,0.106083,0.488307,0.327812,7.34754e-06,1.13687e-13,0.0499875,1.22153
57180,49.9989,49.9989,49.9989,0.487566,0.105917,0.487566,0.327372,7.32625e-06,1.13687e-13,0.0499875,1.22147
57240,49.9989,49.9989,49.9989,0.486827,0.105752,0.486827,0.326933,7.30505e-06,5.68434e-14,0.0499875,1.2214
57300,49.9989,49.9989,49.9989,0.486091,0.105588,0.486091,0.326495,7.28392e-06,1.13687e-13,0.0499875,1.22133
57360,49.9989,49.9989,49.9989,0.485357,0.105424,0.485357,0.326059,7.26287e-06,1.13687e-13,0.0499875,1.22127
57420,49.9989,49.9989,49.9989,0.484624,0.105261,0.484624,0.325624,7.2419e-06,5.68434e-14,0.0499875,1.2212
57480,49.9989,49.9989,49.9989,0.483894,0.105099,0.483894,0.32519,7.22101e-06,1.13687e-13,0.0499875,1.22113
57540,49.9989,49.9989,49.9989,0.483166,0.104937,0.483166,0.324757,7.2002e-06,1.13687e-13,0.0499875,1.22107
57600,49.9989,49.9989,49.9989,0.482441,0.104776,0.482441,0.324326,7.17946e-06,1.13687e-13,0.0499875,1.221
57660,49.9989,49.9989,49.9989,0.481717,0.104615,0.481717,0.323896,7.1588e-06,1.13687e-13,0.0499875,1.22093
57720,49.9989,49.9989,49.9989,0.480995,0.104455,0.480995,0.323467,7.13822e-06,5.68434e-14,0.0499875,1.22087
57780,49.9989,49.9989,49.9989,0.480276,0.104296,0.480276,0.323039,7.11771e-06,1.13687e-13,0.0499875,1.2208
57840,49.9989,49.9989,49.9989,0.479558,0.104137,0.479558,0.322613,7.09728e-06,1.13687e-13,0.0499875,1.22073
57900,49.9989,49.9989,49.9989,0.478843,0.103979,0.478843,0.322187,7.07693e-06,1.13687e-13,0.0499875,1.22067
57960,49.9989,49.9989,49.9989,0.47813,0.103821,0.47813,0.321763,7.05665e-06,1.13687e-13,0.0499875,1.2206
58020,49.9989,49.9989,49.9989,0.477418,0.103664,0.477418,0.321341,7.03645e-06,5.68434e-14,0.0499875,1.22053
58080,49.9989,49.9989,49.9989,0.476709,0.103507,0.476709,0.320919,7.01632e-06,1.13687e-13,0.0499875,1.22047
58140,49.9989,49.9989,49.9989,0.476002,0.103352,0.476002,0.320499,6.99627e-06,1.13687e-13,0.0499875,1.2204
58200,49.9989,49.9989,49.9989,0.475297,0.103196,0.475297,0.320079,6.97629e-06,1.13687e-13,0.0499875,1.22033
58260,49.9989,49.9989,49.9989,0.474594,0.103042,0.474594,0.319662,6.95638e-06,5.68434e-14,0.0499875,1.22027
58320,49.9989,49.9989,49.9989,0.473893,0.102887,0.473893,0.319245,6.93655e-06,5.68434e-14,0.0499875,1.2202
58380,49.9989,49.9989,49.9989,0.473194,0.102734,0.473194,0.318829,6.9168e-06,1.13687e-13,0.0499875,1.22013
58440,49.9989,49.9989,49.9989,0.472497,0.102581,0.472497,0.318415,6.89711e-06,1.13687e-13,0.0499875,1.22007
58500,49.9989,49.9989,49.9989,0.471802,0.102429,0.471802,0.318001,6.87751e-06,1.7053e-13,0.0499875,1.22
58560,49.9989,49.9989,49.9989,0.471109,0.102277,0.471109,0.317589,6.85797e-06,1.13687e-13,0.0499875,1.21993
58620,49.9989,49.9989,49.9989,0.470418,0.102125,0.470418,0.317179,6.8385e-06,5.68434e-14,0.0499875,1.21987
58680,49.9989,49.9989,49.9989,0.469729,0.101975,0.469729,0.316769,6.81911e-06,1.13687e-13,0.0499875,1.2198
58740,49.9989,49.9989,49.9989,0.469042,0.101825,0.469042,0.31636,6.79979e-06,1.13687e-13,0.0499875,1.21973
58800,49.9989,49.9989,49.9989,0.468357,0.101675,0.468357,0.315953,6.78054e-06,1.13687e-13,0.0499875,1.21967
58860,49.9989,49.9989,49.9989,0.467674,0.101526,0.467674,0.315547,6.76137e-06,1.13687e-13,0.0499875,1.2196
58920,49.9989,49.9989,49.9989,0.466993,0.101378,0.466993,0.315141,6.74226e-06,1.13687e-13,0.0499875,1.21953
58980,49.9989,49.9989,49.9989,0.466314,0.10123,0.466314,0.314737,6.72322e-06,1.13687e-13,0.0499875,1.21947
59040,49.9989,49.9989,49.9989,0.465637,0.101082,0.465637,0.314335,6.70426e-06,1.13687e-13,0.0499875,1.2194
59100,49.9989,49.9989,49.9989,0.464961,0.100936,0.464961,0.313933,6.68536e-06,1.13687e-13,0.0499875,1.21933
59160,49.9989,49.9989,49.9989,0.464288,0.100789,0.464288,0.313532,6.66654e-06,1.13687e-13,0.0499875,1.21927
59220,49.9989,49.9989,49.9989,0.463617,0.100644,0.463617,0.313133,6.64778e-06,1.13687e-13,0.0499875,1.2192
59280,49.9989,49.9989,49.9989,0.462947,0.100499,0.462947,0.312735,6.6291e-06,1.13687e-13,0.0499875,1.21913
59340,49.9989,49.9989,49.9989,0.462279,0.100354,0.462279,0.312337,6.61048e-06,1.13687e-13,0.0499875,1.21907
59400,49.9989,49.9989,49.9989,0.461614,0.10021,0.461614,0.311941,6.59192e-06,1.13687e-13,0.0499875,1.219
59460,49.9989,49.9989,49.9989,0.46095,0.100066,0.46095,0.311546,6.57322e-06,1.13687e-13,0.0499875,1.21897
59520,49.9989,49.9989,49.9989,0.460288,0.0999222,0.460288,0.311153,6.55454e-06,1.13687e-13,0.0499875,1.21893
59580,49.9989,49.9989,49.9989,0.459628,0.099779,0.459628,0.31076,6.53592e-06,1.13687e-13,0.0499875,1.2189
59640,49.9989,49.9989,49.9989,0.45897,0.0996362,0.45897,0.310368,6.51735e-06,1.13687e-13,0.0499875,1.21887
59700,49.9989,49.9989,49.9989,0.458314,0.0994939,0.458314,0.309978,6.49885e-06,1.13687e-13,0.0499875,1.21883
59760,49.9989,49.9989,49.9989,0.45766,0.0993521,0.45766,0.309588,6.48042e-06,1.13687e-13,0.0499875,1.2188
59820,49.9989,49.9989,49.9989,0.457007,0.0992108,0.457007,0.3092,6.46205e-06,1.7053e-13,0.0499875,1.21877
59880,49.9989,49.9989,49.9989,0.456357,0.0990701,0.456357,0.308813,6.44374e-06,1.13687e-13,0.0499875,1.21873
59940,49.9989,49.9989,49.9989,0.455708,0.0989298,0.455708,0.308427,6.4255e-06,1.13687e-13,0.0499875,1.2187
60000,49.9989,49.9989,49.9989,0.455061,0.09879,0.455061,0.308042,6.40733e-06,1.7053e-13,0.0499875,1.21867
60060,49.9989,49.9989,49.9989,0.454416,0.0986508,0.454416,0.307658,6.38922e-06,1.13687e-13,0.0499875,1.21863
60120,49.9989,49.9989,49.9989,0.453773,0.098512,0.453773,0.307275,6.37118e-06,1.13687e-13,0.0499875,1.2186
60180,49.9989,49.9989,49.9989,0.453132,0.0983738,0.453132,0.306894,6.3532e-06,5.68434e-14,0.0499875,1.21857
60240,49.9989,49.9989,49.9989,0.452493,0.098236,0.452493,0.306513,6.33529e-06,1.13687e-13,0.0499875,1.21853
60300,49.9989,49.9989,49.9989,0.451855,0.0980988,0.451855,0.306133,6.31744e-06,1.13687e-13,0.0499875,1.2185
60360,49.9989,49.9989,49.9989,0.45122,0.0979621,0.45122,0.305755,6.29966e-06,5.68434e-14,0.0499875,1.21847
60420,49.9989,49.9989,49.9989,0.450586,0.0978259,0.450586,0.305377,6.28195e-06,1.13687e-13,0.0499875,1.21843
60480,49.9989,49.9989,49.9989,0.449954,0.0976902,0.449954,0.305001,6.2643e-06,1.13687e-13,0.0499875,1.2184
60540,49.9989,49.9989,49.9989,0.449323,0.097555,0.449323,0.304626,6.24672e-06,5.68434e-14,0.0499875,1.21837
60600,49.9989,49.9989,49.9989,0.448695,0.0974203,0.448695,0.304251,6.2292e-06,1.13687e-13,0.0499875,1.21833
60660,49.9989,49.9989,49.9989,0.448068,0.0972861,0.448068,0.303878,6.21175e-06,1.13687e-13,0.0499875,1.2183
60720,49.9989,49.9989,49.9989,0.447443,0.0971524,0.447443,0.303506,6.19436e-06,5.68434e-14,0.0499875,1.21827
60780,49.9989,49.9989,49.9989,0.44682,0.0970192,0.44682,0.303135,6.17703e-06,1.13687e-13,0.0499875,1.21823
60840,49.9989,49.9989,49.9989,0.446199,0.0968865,0.446199,0.302765,6.15977e-06,1.13687e-13,0.0499875,1.2182
60900,49.9989,49.9989,49.9989,0.445579,0.0967543,0.445579,0.302396,6.14257e-06,5.68434e-14,0.0499875,1.21817
60960,49.9989,49.9989,49.9989,0.444961,0.0966226,0.444961,0.302028,6.12544e-06,1.13687e-13,0.0499875,1.21813
61020,49.9989,49.9989,49.9989,0.444345,0.0964913,0.444345,0.301661,6.10837e-06,1.13687e-13,0.0499875,1.2181
61080,49.9989,49.9989,49.9989,0.443731,0.0963606,0.443731,0.301295,6.09137e-06,1.13687e-13,0.0499875,1.21807
61140,49.9989,49.9989,49.9989,0.443119,0.0962304,0.443119,0.30093,6.07442e-06,1.13687e-13,0.0499875,1.21803
61200,49.9989,49.9989,49.9989,0.442508,0.0961006,0.442508,0.300566,6.05755e-06,5.68434e-14,0.0499875,1.218
61260,49.9989,49.9989,49.9989,0.441899,0.0959717,0.441899,0.300203,6.04094e-06,5.68434e-14,0.0499875,1.21793
61320,49.9989,49.9989,49.9989,0.441291,0.0958435,0.441291,0.299841,6.02443e-06,5.68434e-14,0.0499875,1.21787
61380,49.9989,49.9989,49.9989,0.440685,0.0957159,0.440685,0.29948,6.00799e-06,5.68434e-14,0.0499875,1.2178
61440,49.9989,49.9989,49.9989,0.440081,0.0955888,0.440081,0.29912,5.99162e-06,1.13687e-13,0.0499875,1.21773
61500,49.9989,49.9989,49.9989,0.439479,0.0954622,0.439479,0.298761,5.97532e-06,1.13687e-13,0.0499875,1.21767
61560,49.9989,49.9989,49.9989,0.438878,0.0953362,0.438878,0.298403,5.95909e-06,1.13687e-13,0.0499875,1.2176
61620,49.9989,49.9989,49.9989,0.438279,0.0952106,0.438279,0.298046,5.94291e-06,1.13687e-13,0.0499875,1.21753
61680,49.9989,49.9989,49.9989,0.437682,0.0950856,0.437682,0.29769,5.9268e-06,1.13687e-13,0.0499875,1.21747
61740,49.9989,49.9989,49.9989,0.437086,0.0949609,0.437086,0.297334,5.91075e-06,5.68434e-14,0.0499875,1.2174
61800,49.9989,49.9989,49.9989,0.436492,0.0948368,0.436492,0.29698,5.89476e-06,1.13687e-13,0.0499875,1.21733
61860,49.9989,49.9989,49.9989,0.435899,0.0947132,0.435899,0.296627,5.87883e-06,1.13687e-13,0.0499875,1.21727
61920,49.9989,49.9989,49.9989,0.435308,0.09459,0.435308,0.296275,5.86295e-06,1.13687e-13,0.0499875,1.2172
61980,49.9989,49.9989,49.9989,0.434719,0.0944672,0.434719,0.295923,5.84714e-06,1.13687e-13,0.0499875,1.21713
62040,49.9989,49.9989,49.9989,0.434131,0.0943449,0.434131,0.295573,5.83138e-06,1.13687e-13,0.0499875,1.21707
62100,49.9989,49.9989,49.9989,0.433545,0.0942231,0.433545,0.295224,5.81569e-06,1.13687e-13,0.0499875,1.217
62160,49.9989,49.9989,49.9989,0.432961,0.0941017,0.432961,0.294875,5.80005e-06,1.13687e-13,0.0499875,1.21693
62220,49.9989,49.9989,49.9989,0.432378,0.0939808,0.432378,0.294528,5.78446e-06,1.13687e-13,0.0499875,1.21687
62280,49.9989,49.9989,49.9989,0.431797,0.0938603,0.431797,0.294181,5.76894e-06,5.68434e-14,0.0499875,1.2168
62340,49.9989,49.9989,49.9989,0.431217,0.0937403,0.431217,0.293835,5.75347e-06,1.13687e-13,0.0499875,1.21673
62400,49.9989,49.9989,49.9989,0.430639,0.0936207,0.430639,0.293491,5.73805e-06,1.13687e-13,0.0499875,1.21667
62460,49.9989,49.9989,49.9989,0.430063,0.0935015,0.430063,0.293147,5.7227e-06,1.13687e-13,0.0499875,1.2166
62520,49.9989,49.9989,49.9989,0.429488,0.0933828,0.429488,0.292804,5.7074e-06,1.13687e-13,0.0499875,1.21653
62580,49.9989,49.9989,49.9989,0.428915,0.0932645,0.428915,0.292462,5.69215e-06,1.13687e-13,0.0499875,1.21647
62640,49.9989,49.9989,49.9989,0.428343,0.0931466,0.428343,0.292121,5.67696e-06,1.13687e-13,0.0499875,1.2164
62700,49.9989,49.9989,49.9989,0.427773,0.0930292,0.427773,0.291781,5.66182e-06,5.68434e-14,0.0499875,1.21633
62760,49.9989,49.9989,49.9989,0.427204,0.0929122,0.427204,0.291441,5.64674e-06,1.13687e-13,0.0499875,1.21627
62820,49.9989,49.9989,49.9989,0.426637,0.0927956,0.426637,0.291103,5.63172e-06,1.13687e-13,0.0499875,1.2162
62880,49.9989,49.9989,49.9989,0.426071,0.0926795,0.426071,0.290766,5.61674e-06,1.13687e-13,0.0499875,1.21613
62940,49.9989,49.9989,49.9989,0.425507,0.0925637,0.425507,0.290429,5.60182e-06,5.68434e-14,0.0499875,1.21607
63000,49.9989,49.9989,49.9989,0.424945,0.0924484,0.424945,0.290093,5.58696e-06,1.13687e-13,0.0499875,1.216
63060,49.9989,49.9989,49.9989,0.424384,0.0923335,0.424384,0.289759,5.57215e-06,1.13687e-13,0.0499875,1.21593
63120,49.9989,49.9989,49.9989,0.423825,0.0922191,0.423825,0.289425,5.55739e-06,1.13687e-13,0.0499875,1.21587
63180,49.9989,49.9989,49.9989,0.423267,0.092105,0.423267,0.289092,5.54268e-06,5.68434e-14,0.0499875,1.2158
63240,49.9989,49.9989,49.9989,0.42271,0.0919914,0.42271,0.28876,5.52803e-06,1.13687e-13,0.0499875,1.21573
63300,49.9989,49.9989,49.9989,0.422155,0.0918781,0.422155,0.288428,5.51343e-06,1.13687e-13,0.0499875,1.21567
63360,49.9989,49.9989,49.9989,0.421602,0.0917653,0.421602,0.288098,5.49888e-06,1.13687e-13,0.0499875,1.2156
63420,49.9989,49.9989,49.9989,0.42105,0.0916529,0.42105,0.287769,5.48439e-06,1.13687e-13,0.0499875,1.21553
63480,49.9989,49.9989,49.9989,0.420499,0.0915409,0.420499,0.28744,5.46994e-06,1.13687e-13,0.0499875,1.21547
63540,49.9989,49.9989,49.9989,0.41995,0.0914293,0.41995,0.287112,5.45555e-06,1.13687e-13,0.0499875,1.2154
63600,49.9989,49.9989,49.9989,0.419403,0.091318,0.419403,0.286785,5.44121e-06,1.7053e-13,0.0499875,1.21533
63660,49.9989,49.9989,49.9989,0.418857,0.0912072,0.418857,0.286459,5.42692e-06,1.7053e-13,0.0499875,1.21527
63720,49.9989,49.9989,49.9989,0.418312,0.0910968,0.418312,0.286134,5.41268e-06,1.7053e-13,0.0499875,1.2152
63780,49.9989,49.9989,49.9989,0.417769,0.0909868,0.417769,0.28581,5.39849e-06,1.13687e-13,0.0499875,1.21513
63840,49.9989,49.9989,49.9989,0.417228,0.0908772,0.417228,0.285486,5.38435e-06,1.13687e-13,0.0499875,1.21507
63900,49.9989,49.9989,49.9989,0.416688,0.090768,0.416688,0.285164,5.37026e-06,1.13687e-13,0.0499875,1.215
63960,49.9989,49.9989,49.9989,0.416149,0.0906591,0.416149,0.284842,5.35622e-06,1.7053e-13,0.0499875,1.21493
64020,49.9989,49.9989,49.9989,0.415612,0.0905507,0.415612,0.284521,5.34224e-06,1.7053e-13,0.0499875,1.21487
64080,49.9989,49.9989,49.9989,0.415076,0.0904426,0.415076,0.284201,5.3283e-06,1.13687e-13,0.0499875,1.2148
64140,49.9989,49.9989,49.9989,0.414541,0.090335,0.414541,0.283881,5.31441e-06,1.13687e-13,0.0499875,1.21473
64200,49.9989,49.9989,49.9989,0.414008,0.0902277,0.414008,0.283563,5.30057e-06,1.13687e-13,0.0499875,1.21467
64260,49.9989,49.9989,49.9989,0.413477,0.0901208,0.413477,0.283245,5.28678e-06,1.7053e-13,0.0499875,1.2146
64320,49.9989,49.9989,49.9989,0.412947,0.0900143,0.412947,0.282929,5.27303e-06,1.7053e-13,0.0499875,1.21453
64380,49.9989,49.9989,49.9989,0.412418,0.0899081,0.412418,0.282613,5.25934e-06,1.7053e-13,0.0499875,1.21447
64440,49.9989,49.9989,49.9989,0.41189,0.0898024,0.41189,0.282297,5.2457e-06,1.13687e-13,0.0499875,1.2144
64500,49.9989,49.9989,49.9989,0.411365,0.089697,0.411365,0.281983,5.2321e-06,1.13687e-13,0.0499875,1.21433
64560,49.9989,49.9989,49.9989,0.41084,0.089592,0.41084,0.28167,5.21855e-06,1.13687e-13,0.0499875,1.21427
64620,49.9989,49.9989,49.9989,0.410317,0.0894873,0.410317,0.281357,5.20505e-06,1.7053e-13,0.0499875,1.2142
64680,49.9989,49.9989,49.9989,0.409795,0.0893831,0.409795,0.281045,5.19159e-06,1.7053e-13,0.0499875,1.21413
64740,49.9989,49.9989,49.9989,0.409275,0.0892792,0.409275,0.280734,5.17819e-06,1.7053e-13,0.0499875,1.21407
64800,49.9989,49.9989,49.9989,0.408756,0.0891756,0.408756,0.280424,5.16482e-06,1.13687e-13,0.0499875,1.214
64860,49.9989,49.9989,49.9989,0.408238,0.0890722,0.408238,0.280114,5.15133e-06,1.13687e-13,0.0499875,1.21397
64920,49.9989,49.9989,49.9989,0.407722,0.0889687,0.407722,0.279805,5.13784e-06,1.7053e-13,0.0499875,1.21393
64980,49.9989,49.9989,49.9989,0.407207,0.0888656,0.407207,0.279498,5.12439e-06,1.13687e-13,0.0499875,1.2139
65040,49.9989,49.9989,49.9989,0.406694,0.0887629,0.406694,0.279191,5.11098e-06,1.13687e-13,0.0499875,1.21387
65100,49.9989,49.9989,49.9989,0.406182,0.0886604,0.406182,0.278884,5.09762e-06,1.13687e-13,0.0499875,1.21383
65160,49.9989,49.9989,49.9989,0.405671,0.0885583,0.405671,0.278579,5.0843e-06,1.13687e-13,0.0499875,1.2138
65220,49.9989,49.9989,49.9989,0.405162,0.0884565,0.405162,0.278274,5.07102e-06,1.13687e-13,0.0499875,1.21377
65280,49.9989,49.9989,49.9989,0.404654,0.0883551,0.404654,0.27797,5.05779e-06,5.68434e-14,0.0499875,1.21373
65340,49.9989,49.9989,49.9989,0.404147,0.088254,0.404147,0.277667,5.0446e-06,1.13687e-13,0.0499875,1.2137
65400,49.9989,49.9989,49.9989,0.403642,0.0881533,0.403642,0.277365,5.03146e-06,1.13687e-13,0.0499875,1.21367
65460,49.9989,49.9989,49.9989,0.403138,0.0880529,0.403138,0.277063,5.01836e-06,1.13687e-13,0.0499875,1.21363
65520,49.9989,49.9989,49.9989,0.402636,0.0879528,0.402636,0.276763,5.00531e-06,1.13687e-13,0.0499875,1.2136
65580,49.9989,49.9989,49.9989,0.402134,0.0878532,0.402134,0.276463,4.99231e-06,1.13687e-13,0.0499875,1.21357
65640,49.9989,49.9989,49.9989,0.401635,0.0877538,0.401635,0.276164,4.97935e-06,1.13687e-13,0.0499875,1.21353
65700,49.9989,49.9989,49.9989,0.401136,0.0876548,0.401136,0.275865,4.96643e-06,1.13687e-13,0.0499875,1.2135
65760,49.9989,49.9989,49.9989,0.400639,0.0875562,0.400639,0.275568,4.95356e-06,5.68434e-14,0.0499875,1.21347
65820,49.9989,49.9989,49.9989,0.400143,0.0874579,0.400143,0.275271,4.94074e-06,1.13687e-13,0.0499875,1.21343
65880,49.9989,49.9989,49.9989,0.399649,0.08736,0.399649,0.274975,4.92796e-06,5.68434e-14,0.0499875,1.2134
65940,49.9989,49.9989,49.9989,0.399155,0.0872624,0.399155,0.27468,4.91522e-06,1.13687e-13,0.0499875,1.21337
66000,49.9989,49.9989,49.9989,0.398663,0.0871651,0.398663,0.274385,4.90253e-06,1.13687e-13,0.0499875,1.21333
66060,49.9989,49.9989,49.9989,0.398173,0.0870682,0.398173,0.274091,4.88989e-06,1.13687e-13,0.0499875,1.2133
66120,49.9989,49.9989,49.9989,0.397684,0.0869716,0.397684,0.273798,4.87729e-06,5.68434e-14,0.0499875,1.21327
66180,49.9989,49.9989,49.9989,0.397196,0.0868754,0.397196,0.273506,4.86473e-06,1.13687e-13,0.0499875,1.21323
66240,49.9989,49.9989,49.9989,0.396709,0.0867795,0.396709,0.273214,4.85222e-06,1.13687e-13,0.0499875,1.2132
66300,49.9989,49.9989,49.9989,0.396223,0.0866839,0.396223,0.272924,4.83975e-06,1.13687e-13,0.0499875,1.21317
66360,49.9989,49.9989,49.9989,0.395739,0.0865887,0.395739,0.272634,4.82732e-06,5.68434e-14,0.0499875,1.21313
66420,49.9989,49.9989,49.9989,0.395257,0.0864938,0.395257,0.272344,4.81494e-06,1.13687e-13,0.0499875,1.2131
66480,49.9989,49.9989,49.9989,0.394775,0.0863992,0.394775,0.272056,4.8026e-06,1.13687e-13,0.0499875,1.21307
66540,49.9989,49.9989,49.9989,0.394295,0.086305,0.394295,0.271768,4.7903e-06,1.13687e-13,0.0499875,1.21303
66600,49.9989,49.9989,49.9989,0.393816,0.0862111,0.393816,0.271481,4.77805e-06,5.68434e-14,0.0499875,1.213
66660,49.9989,49.9989,49.9989,0.393338,0.0861176,0.393338,0.271195,4.76584e-06,1.13687e-13,0.0499875,1.21297
66720,49.9989,49.9989,49.9989,0.392861,0.0860243,0.392861,0.270909,4.75367e-06,1.13687e-13,0.0499875,1.21293
66780,49.9989,49.9989,49.9989,0.392386,0.0859314,0.392386,0.270624,4.74155e-06,1.13687e-13,0.0499875,1.2129
66840,49.9989,49.9989,49.9989,0.391912,0.0858389,0.391912,0.27034,4.72947e-06,1.13687e-13,0.0499875,1.21287
66900,49.9989,49.9989,49.9989,0.391439,0.0857466,0.391439,0.270057,4.71743e-06,1.13687e-13,0.0499875,1.21283
66960,49.9989,49.9989,49.9989,0.390968,0.0856547,0.390968,0.269774,4.70543e-06,1.13687e-13,0.0499875,1.2128
67020,49.9989,49.9989,49.9989,0.390497,0.0855631,0.390497,0.269492,4.69347e-06,1.13687e-13,0.0499875,1.21277
67080,49.9989,49.9989,49.9989,0.390028,0.0854718,0.390028,0.269211,4.68156e-06,1.7053e-13,0.0499875,1.21273
67140,49.9989,49.9989,49.9989,0.389561,0.0853808,0.389561,0.26893,4.66968e-06,1.7053e-13,0.0499875,1.2127
67200,49.9989,49.9989,49.9989,0.389094,0.0852902,0.389094,0.26865,4.65785e-06,1.13687e-13,0.0499875,1.21267
67260,49.9989,49.9989,49.9989,0.388629,0.0851998,0.388629,0.268371,4.64606e-06,1.13687e-13,0.0499875,1.21263
67320,49.9989,49.9989,49.9989,0.388164,0.0851098,0.388164,0.268093,4.63431e-06,1.13687e-13,0.0499875,1.2126
67380,49.9989,49.9989,49.9989,0.387701,0.0850201,0.387701,0.267815,4.6226e-06,1.7053e-13,0.0499875,1.21257
67440,49.9989,49.9989,49.9989,0.38724,0.0849308,0.38724,0.267538,4.61094e-06,1.7053e-13,0.0499875,1.21253
67500,49.9989,49.9989,49.9989,0.386779,0.0848417,0.386779,0.267262,4.59931e-06,1.13687e-13,0.0499875,1.2125
67560,49.9989,49.9989,49.9989,0.38632,0.0847529,0.38632,0.266986,4.58772e-06,1.13687e-13,0.0499875,1.21247
67620,49.9989,49.9989,49.9989,0.385861,0.0846645,0.385861,0.266711,4.57618e-06,1.13687e-13,0.0499875,1.21243
67680,49.9989,49.9989,49.9989,0.385404,0.0845763,0.385404,0.266437,4.56467e-06,1.7053e-13,0.0499875,1.2124
67740,49.9989,49.9989,49.9989,0.384949,0.0844885,0.384949,0.266164,4.5532e-06,1.7053e-13,0.0499875,1.21237
67800,49.9989,49.9989,49.9989,0.384494,0.0844009,0.384494,0.265891,4.54177e-06,1.7053e-13,0.0499875,1.21233
67860,49.9989,49.9989,49.9989,0.384041,0.0843137,0.384041,0.265619,4.53039e-06,1.7053e-13,0.0499875,1.2123
67920,49.9989,49.9989,49.9989,0.383588,0.0842268,0.383588,0.265347,4.51904e-06,1.13687e-13,0.0499875,1.21227
67980,49.9989,49.9989,49.9989,0.383137,0.0841402,0.383137,0.265076,4.50773e-06,1.13687e-13,0.0499875,1.21223
68040,49.9989,49.9989,49.9989,0.382687,0.0840539,0.382687,0.264806,4.49646e-06,1.7053e-13,0.0499875,1.2122
68100,49.9989,49.9989,49.9989,0.382239,0.0839678,0.382239,0.264537,4.48523e-06,1.7053e-13,0.0499875,1.21217
68160,49.9989,49.9989,49.9989,0.381791,0.0838821,0.381791,0.264268,4.47404e-06,1.7053e-13,0.0499875,1.21213
68220,49.9989,49.9989,49.9989,0.381344,0.0837967,0.381344,0.264,4.46288e-06,1.13687e-13,0.0499875,1.2121
68280,49.9989,49.9989,49.9989,0.380899,0.0837115,0.380899,0.263732,4.45177e-06,1.13687e-13,0.0499875,1.21207
68340,49.9989,49.9989,49.9989,0.380455,0.0836267,0.380455,0.263466,4.44069e-06,1.13687e-13,0.0499875,1.21203
68400,49.9989,49.9989,49.9989,0.380012,0.0835422,0.380012,0.2632,4.42965e-06,1.7053e-13,0.0499875,1.212
68460,49.9989,49.9989,49.9989,0.37957,0.0834579,0.37957,0.262934,4.41865e-06,1.7053e-13,0.0499875,1.21197
68520,49.9989,49.9989,49.9989,0.379129,0.083374,0.379129,0.262669,4.40769e-06,1.7053e-13,0.0499875,1.21193
68580,49.9989,49.9989,49.9989,0.37869,0.0832903,0.37869,0.262405,4.39676e-06,1.13687e-13,0.0499875,1.2119
68640,49.9989,49.9989,49.9989,0.378251,0.0832069,0.378251,0.262142,4.38588e-06,1.13687e-13,0.0499875,1.21187
68700,49.9989,49.9989,49.9989,0.377814,0.0831238,0.377814,0.261879,4.37503e-06,1.13687e-13,0.0499875,1.21183
68760,49.9989,49.9989,49.9989,0.377377,0.083041,0.377377,0.261617,4.36421e-06,1.7053e-13,0.0499875,1.2118
68820,49.9989,49.9989,49.9989,0.376942,0.0829585,0.376942,0.261355,4.35344e-06,1.7053e-13,0.0499875,1.21177
68880,49.9989,49.9989,49.9989,0.376508,0.0828762,0.376508,0.261094,4.3427e-06,2.27374e-13,0.0499875,1.21173
68940,49.9989,49.9989,49.9989,0.376075,0.0827943,0.376075,0.260834,4.332e-06,2.27374e-13,0.0499875,1.2117
69000,49.9989,49.9989,49.9989,0.375643,0.0827126,0.375643,0.260574,4.32133e-06,2.27374e-13,0.0499875,1.21167
69060,49.9989,49.9989,49.9989,0.375213,0.0826312,0.375213,0.260315,4.3107e-06,2.27374e-13,0.0499875,1.21163
69120,49.9989,49.9989,49.9989,0.374783,0.0825501,0.374783,0.260057,4.30011e-06,2.27374e-13,0.0499875,1.2116
69180,49.9989,49.9989,49.9989,0.374355,0.0824693,0.374355,0.259799,4.28955e-06,1.7053e-13,0.0499875,1.21157
69240,49.9989,49.9989,49.9989,0.373927,0.0823887,0.373927,0.259542,4.27903e-06,1.7053e-13,0.0499875,1.21153
69300,49.9989,49.9989,49.9989,0.373501,0.0823084,0.373501,0.259286,4.26854e-06,1.13687e-13,0.0499875,1.2115
69360,49.9989,49.9989,49.9989,0.373075,0.0822284,0.373075,0.25903,4.25809e-06,1.7053e-13,0.0499875,1.21147
69420,49.9989,49.9989,49.9989,0.372651,0.0821487,0.372651,0.258775,4.24768e-06,1.7053e-13,0.0499875,1.21143
69480,49.9989,49.9989,49.9989,0.372228,0.0820692,0.372228,0.25852,4.2373e-06,1.7053e-13,0.0499875,1.2114
69540,49.9989,49.9989,49.9989,0.371806,0.08199,0.371806,0.258267,4.22696e-06,1.7053e-13,0.0499875,1.21137
69600,49.9989,49.9989,49.9989,0.371385,0.0819111,0.371385,0.258013,4.21665e-06,1.7053e-13,0.0499875,1.21133
69660,49.9989,49.9989,49.9989,0.370965,0.0818324,0.370965,0.257761,4.20637e-06,1.7053e-13,0.0499875,1.2113
69720,49.9989,49.9989,49.9989,0.370546,0.081754,0.370546,0.257508,4.19614e-06,1.13687e-13,0.0499875,1.21127
69780,49.9989,49.9989,49.9989,0.370128,0.0816759,0.370128,0.257257,4.18593e-06,1.13687e-13,0.0499875,1.21123
69840,49.9989,49.9989,49.9989,0.369711,0.0815981,0.369711,0.257006,4.17576e-06,1.13687e-13,0.0499875,1.2112
69900,49.9989,49.9989,49.9989,0.369296,0.0815205,0.369296,0.256756,4.16563e-06,1.13687e-13,0.0499875,1.21117
69960,49.9989,49.9989,49.9989,0.368881,0.0814431,0.368881,0.256506,4.15553e-06,1.7053e-13,0.0499875,1.21113
70020,49.9989,49.9989,49.9989,0.368467,0.0813661,0.368467,0.256257,4.14546e-06,1.7053e-13,0.0499875,1.2111
70080,49.9989,49.9989,49.9989,0.368055,0.0812893,0.368055,0.256009,4.13543e-06,1.7053e-13,0.0499875,1.21107
70140,49.9989,49.9989,49.9989,0.367643,0.0812127,0.367643,0.255761,4.12543e-06,1.7053e-13,0.0499875,1.21103
70200,49.9989,49.9989,49.9989,0.367233,0.0811365,0.367233,0.255514,4.11546e-06,1.7053e-13,0.0499875,1.211
70260,49.9989,49.9989,49.9989,0.366823,0.0810604,0.366823,0.255267,4.10553e-06,1.7053e-13,0.0499875,1.21097
70320,49.9989,49.9989,49.9989,0.366415,0.0809847,0.366415,0.255021,4.09563e-06,1.13687e-13,0.0499875,1.21093
70380,49.9989,49.9989,49.9989,0.366007,0.0809091,0.366007,0.254776,4.08577e-06,1.13687e-13,0.0499875,1.2109
70440,49.9989,49.9989,49.9989,0.365601,0.0808339,0.365601,0.254531,4.07594e-06,1.13687e-13,0.0499875,1.21087
70500,49.9989,49.9989,49.9989,0.365195,0.0807589,0.365195,0.254287,4.06614e-06,1.13687e-13,0.0499875,1.21083
70560,49.9989,49.9989,49.9989,0.364791,0.0806841,0.364791,0.254043,4.05637e-06,1.13687e-13,0.0499875,1.2108
70620,49.9989,49.9989,49.9989,0.364387,0.0806096,0.364387,0.2538,4.04664e-06,1.13687e-13,0.0499875,1.21077
70680,49.9989,49.9989,49.9989,0.363985,0.0805354,0.363985,0.253557,4.03694e-06,1.7053e-13,0.0499875,1.21073
70740,49.9989,49.9989,49.9989,0.363583,0.0804614,0.363583,0.253315,4.02727e-06,1.7053e-13,0.0499875,1.2107
70800,49.9989,49.9989,49.9989,0.363183,0.0803876,0.363183,0.253074,4.01763e-06,1.7053e-13,0.0499875,1.21067
70860,49.9989,49.9989,49.9989,0.362784,0.0803141,0.362784,0.252833,4.00803e-06,1.7053e-13,0.0499875,1.21063
70920,49.9989,49.9989,49.9989,0.362385,0.0802409,0.362385,0.252593,3.99846e-06,1.13687e-13,0.0499875,1.2106
70980,49.9989,49.9989,49.9989,0.361988,0.0801679,0.361988,0.252353,3.98892e-06,1.13687e-13,0.0499875,1.21057
71040,49.9989,49.9989,49.9989,0.361591,0.0800951,0.361591,0.252114,3.97941e-06,1.13687e-13,0.0499875,1.21053
71100,49.9989,49.9989,49.9989,0.361196,0.0800226,0.361196,0.251876,3.96993e-06,1.13687e-13,0.0499875,1.2105
71160,49.9989,49.9989,49.9989,0.360801,0.0799503,0.360801,0.251638,3.96049e-06,1.7053e-13,0.0499875,1.21047
71220,49.9989,49.9989,49.9989,0.360408,0.0798783,0.360408,0.251401,3.95108e-06,1.7053e-13,0.0499875,1.21043
71280,49.9989,49.9989,49.9989,0.360015,0.0798065,0.360015,0.251164,3.94169e-06,1.7053e-13,0.0499875,1.2104
71340,49.9989,49.9989,49.9989,0.359623,0.0797349,0.359623,0.250928,3.93234e-06,1.7053e-13,0.0499875,1.21037
71400,49.9989,49.9989,49.9989,0.359233,0.0796636,0.359233,0.250692,3.92302e-06,1.7053e-13,0.0499875,1.21033
71460,49.9989,49.9989,49.9989,0.358843,0.0795925,0.358843,0.250457,3.91374e-06,1.7053e-13,0.0499875,1.2103
71520,49.9989,49.9989,49.9989,0.358454,0.0795217,0.358454,0.250222,3.90448e-06,1.7053e-13,0.0499875,1.21027
71580,49.9989,49.9989,49.9989,0.358067,0.0794511,0.358067,0.249988,3.89525e-06,1.7053e-13,0.0499875,1.21023
71640,49.9989,49.9989,49.9989,0.35768,0.0793807,0.35768,0.249755,3.88605e-06,1.13687e-13,0.0499875,1.2102
71700,49.9989,49.9989,49.9989,0.357294,0.0793105,0.357294,0.249522,3.87689e-06,1.13687e-13,0.0499875,1.21017
71760,49.9989,49.9989,49.9989,0.356909,0.0792406,0.356909,0.24929,3.86775e-06,1.7053e-13,0.0499875,1.21013
71820,49.9989,49.9989,49.9989,0.356525,0.079171,0.356525,0.249058,3.85865e-06,1.7053e-13,0.0499875,1.2101
71880,49.9989,49.9989,49.9989,0.356142,0.0791015,0.356142,0.248827,3.84957e-06,1.7053e-13,0.0499875,1.21007
71940,49.9989,49.9989,49.9989,0.35576,0.0790323,0.35576,0.248596,3.84052e-06,1.7053e-13,0.0499875,1.21003
72000,49.9989,49.9989,49.9989,0.355379,0.0789633,0.355379,0.248366,3.83151e-06,2.27374e-13,0.0499875,1.21
72060,49.9989,49.9989,49.9989,0.354998,0.0788946,0.354998,0.248136,3.82252e-06,2.27374e-13,0.0499875,1.20997
72120,49.9989,49.9989,49.9989,0.354619,0.078826,0.354619,0.247907,3.81356e-06,2.27374e-13,0.0499875,1.20993
72180,49.9989,49.9989,49.9989,0.354241,0.0787577,0.354241,0.247678,3.80464e-06,1.7053e-13,0.0499875,1.2099
72240,49.9989,49.9989,49.9989,0.353863,0.0786897,0.353863,0.24745,3.79574e-06,1.7053e-13,0.0499875,1.20987
72300,49.9989,49.9989,49.9989,0.353486,0.0786218,0.353486,0.247223,3.78687e-06,1.13687e-13,0.0499875,1.20983
72360,49.9989,49.9989,49.9989,0.353111,0.0785542,0.353111,0.246996,3.77803e-06,1.7053e-13,0.0499875,1.2098
72420,49.9989,49.9989,49.9989,0.352736,0.0784868,0.352736,0.24677,3.76922e-06,1.7053e-13,0.0499875,1.20977
72480,49.9989,49.9989,49.9989,0.352362,0.0784196,0.352362,0.246544,3.76044e-06,1.7053e-13,0.0499875,1.20973
72540,49.9989,49.9989,49.9989,0.351989,0.0783526,0.351989,0.246318,3.75168e-06,1.7053e-13,0.0499875,1.2097
72600,49.9989,49.9989,49.9989,0.351617,0.0782859,0.351617,0.246094,3.74296e-06,1.7053e-13,0.0499875,1.20967
72660,49.9989,49.9989,49.9989,0.351246,0.0782194,0.351246,0.245869,3.73426e-06,1.7053e-13,0.0499875,1.20963
72720,49.9989,49.9989,49.9989,0.350876,0.078153,0.350876,0.245645,3.7256e-06,1.7053e-13,0.0499875,1.2096
72780,49.9989,49.9989,49.9989,0.350506,0.078087,0.350506,0.245422,3.71696e-06,1.7053e-13,0.0499875,1.20957
72840,49.9989,49.9989,49.9989,0.350138,0.0780211,0.350138,0.245199,3.70835e-06,1.13687e-13,0.0499875,1.20953
72900,49.9989,49.9989,49.9989,0.34977,0.0779554,0.34977,0.244977,3.69976e-06,1.13687e-13,0.0499875,1.2095
72960,49.9989,49.9989,49.9989,0.349404,0.07789,0.349404,0.244755,3.69121e-06,1.13687e-13,0.0499875,1.20947
73020,49.9989,49.9989,49.9989,0.349038,0.0778248,0.349038,0.244534,3.68268e-06,1.7053e-13,0.0499875,1.20943
73080,49.9989,49.9989,49.9989,0.348673,0.0777597,0.348673,0.244313,3.67418e-06,1.7053e-13,0.0499875,1.2094
73140,49.9989,49.9989,49.9989,0.348309,0.0776949,0.348309,0.244093,3.66571e-06,1.7053e-13,0.0499875,1.20937
73200,49.9989,49.9989,49.9989,0.347946,0.0776304,0.347946,0.243874,3.65726e-06,1.7053e-13,0.0499875,1.20933
73260,49.9989,49.9989,49.9989,0.347584,0.077566,0.347584,0.243654,3.64885e-06,2.27374e-13,0.0499875,1.2093
73320,49.9989,49.9989,49.9989,0.347222,0.0775018,0.347222,0.243436,3.64046e-06,1.7053e-13,0.0499875,1.20927
73380,49.9989,49.9989,49.9989,0.346861,0.0774378,0.346861,0.243218,3.63209e-06,1.7053e-13,0.0499875,1.20923
73440,49.9989,49.9989,49.9989,0.346502,0.0773741,0.346502,0.243,3.62376e-06,1.13687e-13,0.0499875,1.2092
73500,49.9989,49.9989,49.9989,0.346143,0.0773105,0.346143,0.242783,3.61545e-06,1.13687e-13,0.0499875,1.20917
73560,49.9989,49.9989,49.9989,0.345785,0.0772472,0.345785,0.242566,3.60717e-06,1.7053e-13,0.0499875,1.20913
73620,49.9989,49.9989,49.9989,0.345428,0.0771841,0.345428,0.24235,3.59891e-06,1.7053e-13,0.0499875,1.2091
73680,49.9989,49.9989,49.9989,0.345071,0.0771211,0.345071,0.242134,3.59068e-06,1.7053e-13,0.0499875,1.20907
73740,49.9989,49.9989,49.9989,0.344716,0.0770584,0.344716,0.241919,3.58248e-06,2.27374e-13,0.0499875,1.20903
73800,49.9989,49.9989,49.9989,0.344361,0.0769959,0.344361,0.241704,3.57431e-06,2.27374e-13,0.0499875,1.209
73860,49.9989,49.9989,49.9989,0.344008,0.0769336,0.344008,0.24149,3.56616e-06,2.27374e-13,0.0499875,1.20897
73920,49.9989,49.9989,49.9989,0.343655,0.0768714,0.343655,0.241276,3.55803e-06,1.7053e-13,0.0499875,1.20893
73980,49.9989,49.9989,49.9989,0.343303,0.0768095,0.343303,0.241063,3.54994e-06,1.7053e-13,0.0499875,1.2089
74040,49.9989,49.9989,49.9989,0.342951,0.0767478,0.342951,0.24085,3.54187e-06,1.13687e-13,0.0499875,1.20887
74100,49.9989,49.9989,49.9989,0.342601,0.0766863,0.342601,0.240638,3.53382e-06,1.13687e-13,0.0499875,1.20883
74160,49.9989,49.9989,49.9989,0.342251,0.076625,0.342251,0.240426,3.5258e-06,1.13687e-13,0.0499875,1.2088
74220,49.9989,49.9989,49.9989,0.341903,0.0765638,0.341903,0.240215,3.51781e-06,1.7053e-13,0.0499875,1.20877
74280,49.9989,49.9989,49.9989,0.341555,0.0765029,0.341555,0.240004,3.50984e-06,1.7053e-13,0.0499875,1.20873
74340,49.9989,49.9989,49.9989,0.341208,0.0764422,0.341208,0.239794,3.5019e-06,1.7053e-13,0.0499875,1.2087
74400,49.9989,49.9989,49.9989,0.340861,0.0763816,0.340861,0.239584,3.49398e-06,2.27374e-13,0.0499875,1.20867
74460,49.9989,49.9989,49.9989,0.340516,0.0763213,0.340516,0.239375,3.48609e-06,2.27374e-13,0.0499875,1.20863
74520,49.9989,49.9989,49.9989,0.340171,0.0762612,0.340171,0.239166,3.47822e-06,1.7053e-13,0.0499875,1.2086
74580,49.9989,49.9989,49.9989,0.339827,0.0762012,0.339827,0.238957,3.47038e-06,1.7053e-13,0.0499875,1.20857
74640,49.9989,49.9989,49.9989,0.339484,0.0761414,0.339484,0.238749,3.46256e-06,1.13687e-13,0.0499875,1.20853
74700,49.9989,49.9989,49.9989,0.339142,0.0760819,0.339142,0.238542,3.45477e-06,1.13687e-13,0.0499875,1.2085
74760,49.9989,49.9989,49.9989,0.3388,0.0760225,0.3388,0.238335,3.447e-06,1.7053e-13,0.0499875,1.20847
74820,49.9989,49.9989,49.9989,0.33846,0.0759633,0.33846,0.238128,3.43926e-06,1.7053e-13,0.0499875,1.20843
74880,49.9989,49.9989,49.9989,0.33812,0.0759043,0.33812,0.237922,3.43154e-06,1.7053e-13,0.0499875,1.2084
74940,49.9989,49.9989,49.9989,0.337781,0.0758455,0.337781,0.237716,3.42385e-06,1.7053e-13,0.0499875,1.20837
75000,49.9989,49.9989,49.9989,0.337443,0.0757868,0.337443,0.237511,3.41618e-06,1.7053e-13,0.0499875,1.20833
75060,49.9989,49.9989,49.9989,0.337105,0.0757284,0.337105,0.237306,3.40854e-06,1.7053e-13,0.0499875,1.2083
75120,49.9989,49.9989,49.9989,0.336769,0.0756701,0.336769,0.237102,3.40092e-06,1.7053e-13,0.0499875,1.20827
75180,49.9989,49.9989,49.9989,0.336433,0.0756121,0.336433,0.236898,3.39332e-06,1.7053e-13,0.0499875,1.20823
75240,49.9989,49.9989,49.9989,0.336097,0.0755542,0.336097,0.236695,3.38575e-06,1.13687e-13,0.0499875,1.2082
75300,49.9989,49.9989,49.9989,0.335763,0.0754965,0.335763,0.236492,3.3782e-06,1.13687e-13,0.0499875,1.20817
75360,49.9989,49.9989,49.9989,0.33543,0.075439,0.33543,0.236289,3.37068e-06,1.7053e-13,0.0499875,1.20813
75420,49.9989,49.9989,49.9989,0.335097,0.0753816,0.335097,0.236087,3.36318e-06,1.7053e-13,0.0499875,1.2081
75480,49.9989,49.9989,49.9989,0.334765,0.0753245,0.334765,0.235886,3.3557e-06,1.7053e-13,0.0499875,1.20807
75540,49.9989,49.9989,49.9989,0.334434,0.0752675,0.334434,0.235685,3.34825e-06,1.7053e-13,0.0499875,1.20803
75600,49.9989,49.9989,49.9989,0.334103,0.0752107,0.334103,0.235484,3.34082e-06,1.7053e-13,0.0499875,1.208
75660,49.9989,49.9989,49.9989,0.333773,0.0751541,0.333773,0.235284,3.33341e-06,1.7053e-13,0.0499875,1.20797
75720,49.9989,49.9989,49.9989,0.333444,0.0750977,0.333444,0.235084,3.32603e-06,1.7053e-13,0.0499875,1.20793
75780,49.9989,49.9989,49.9989,0.333116,0.0750414,0.333116,0.234885,3.31867e-06,1.7053e-13,0.0499875,1.2079
75840,49.9989,49.9989,49.9989,0.332789,0.0749853,0.332789,0.234686,3.31133e-06,1.13687e-13,0.0499875,1.20787
75900,49.9989,49.9989,49.9989,0.332462,0.0749294,0.332462,0.234487,3.30401e-06,1.13687e-13,0.0499875,1.20783
75960,49.9989,49.9989,49.9989,0.332136,0.0748737,0.332136,0.234289,3.29672e-06,1.7053e-13,0.0499875,1.2078
76020,49.9989,49.9989,49.9989,0.331811,0.0748181,0.331811,0.234092,3.28946e-06,1.7053e-13,0.0499875,1.20777
76080,49.9989,49.9989,49.9989,0.331487,0.0747628,0.331487,0.233895,3.28221e-06,1.7053e-13,0.0499875,1.20773
76140,49.9989,49.9989,49.9989,0.331163,0.0747076,0.331163,0.233698,3.27499e-06,1.7053e-13,0.0499875,1.2077
76200,49.9989,49.9989,49.9989,0.33084,0.0746525,0.33084,0.233502,3.26779e-06,1.7053e-13,0.0499875,1.20767
76260,49.9989,49.9989,49.9989,0.330518,0.0745977,0.330518,0.233306,3.26061e-06,1.7053e-13,0.0499875,1.20763
76320,49.9989,49.9989,49.9989,0.330196,0.074543,0.330196,0.23311,3.25345e-06,1.7053e-13,0.0499875,1.2076
76380,49.9989,49.9989,49.9989,0.329876,0.0744885,0.329876,0.232915,3.24632e-06,1.7053e-13,0.0499875,1.20757
76440,49.9989,49.9989,49.9989,0.329556,0.0744341,0.329556,0.232721,3.23921e-06,1.13687e-13,0.0499875,1.20753
76500,49.9989,49.9989,49.9989,0.329236,0.07438,0.329236,0.232527,3.23212e-06,1.13687e-13,0.0499875,1.2075
76560,49.9989,49.9989,49.9989,0.328918,0.0743259,0.328918,0.232333,3.22505e-06,1.7053e-13,0.0499875,1.20747
76620,49.9989,49.9989,49.9989,0.3286,0.0742721,0.3286,0.23214,3.21801e-06,1.7053e-13,0.0499875,1.20743
76680,49.9989,49.9989,49.9989,0.328283,0.0742184,0.328283,0.231947,3.21099e-06,1.7053e-13,0.0499875,1.2074
76740,49.9989,49.9989,49.9989,0.327967,0.0741649,0.327967,0.231754,3.20398e-06,1.7053e-13,0.0499875,1.20737
76800,49.9989,49.9989,49.9989,0.327651,0.0741116,0.327651,0.231562,3.19701e-06,1.7053e-13,0.0499875,1.20733
76860,49.9989,49.9989,49.9989,0.327336,0.0740584,0.327336,0.231371,3.19005e-06,1.7053e-13,0.0499875,1.2073
76920,49.9989,49.9989,49.9989,0.327022,0.0740054,0.327022,0.231179,3.18311e-06,1.7053e-13,0.0499875,1.20727
76980,49.9989,49.9989,49.9989,0.326708,0.0739526,0.326708,0.230989,3.1762e-06,1.13687e-13,0.0499875,1.20723
77040,49.9989,49.9989,49.9989,0.326396,0.0738999,0.326396,0.230798,3.1693e-06,1.13687e-13,0.0499875,1.2072
77100,49.9989,49.9989,49.9989,0.326083,0.0738474,0.326083,0.230608,3.16243e-06,1.13687e-13,0.0499875,1.20717
77160,49.9989,49.9989,49.9989,0.325772,0.0737951,0.325772,0.230419,3.15558e-06,1.7053e-13,0.0499875,1.20713
77220,49.9989,49.9989,49.9989,0.325461,0.0737429,0.325461,0.23023,3.14875e-06,1.7053e-13,0.0499875,1.2071
77280,49.9989,49.9989,49.9989,0.325152,0.0736909,0.325152,0.230041,3.14194e-06,1.7053e-13,0.0499875,1.20707
77340,49.9989,49.9989,49.9989,0.324842,0.073639,0.324842,0.229853,3.13515e-06,1.7053e-13,0.0499875,1.20703
77400,49.9989,49.9989,49.9989,0.324534,0.0735873,0.324534,0.229665,3.12839e-06,2.27374e-13,0.0499875,1.207
77460,49.9989,49.9989,49.9989,0.324226,0.0735358,0.324226,0.229477,3.12164e-06,2.27374e-13,0.0499875,1.20697
77520,49.9989,49.9989,49.9989,0.323919,0.0734844,0.323919,0.22929,3.11491e-06,1.7053e-13,0.0499875,1.20693
77580,49.9989,49.9989,49.9989,0.323612,0.0734332,0.323612,0.229103,3.10821e-06,1.7053e-13,0.0499875,1.2069
77640,49.9989,49.9989,49.9989,0.323306,0.0733821,0.323306,0.228917,3.10152e-06,1.7053e-13,0.0499875,1.20687
77700,49.9989,49.9989,49.9989,0.323001,0.0733312,0.323001,0.228731,3.09486e-06,1.13687e-13,0.0499875,1.20683
77760,49.9989,49.9989,49.9989,0.322697,0.0732804,0.322697,0.228546,3.08822e-06,1.7053e-13,0.0499875,1.2068
77820,49.9989,49.9989,49.9989,0.322393,0.0732298,0.322393,0.228361,3.08159e-06,1.7053e-13,0.0499875,1.20677
77880,49.9989,49.9989,49.9989,0.32209,0.0731794,0.32209,0.228176,3.07499e-06,2.27374e-13,0.0499875,1.20673
77940,49.9989,49.9989,49.9989,0.321788,0.0731291,0.321788,0.227992,3.06841e-06,2.27374e-13,0.0499875,1.2067
78000,49.9989,49.9989,49.9989,0.321486,0.073079,0.321486,0.227808,3.06185e-06,2.27374e-13,0.0499875,1.20667
78060,49.9989,49.9989,49.9989,0.321185,0.073029,0.321185,0.227624,3.0553e-06,2.27374e-13,0.0499875,1.20663
78120,49.9989,49.9989,49.9989,0.320885,0.0729792,0.320885,0.227441,3.04878e-06,2.27374e-13,0.0499875,1.2066
78180,49.9989,49.9989,49.9989,0.320585,0.0729295,0.320585,0.227258,3.04228e-06,1.7053e-13,0.0499875,1.20657
78240,49.9989,49.9989,49.9989,0.320286,0.07288,0.320286,0.227076,3.0358e-06,1.13687e-13,0.0499875,1.20653
78300,49.9989,49.9989,49.9989,0.319988,0.0728306,0.319988,0.226894,3.02933e-06,1.13687e-13,0.0499875,1.2065
78360,49.9989,49.9989,49.9989,0.31969,0.0727814,0.31969,0.226713,3.02289e-06,1.7053e-13,0.0499875,1.20647
78420,49.9989,49.9989,49.9989,0.319393,0.0727323,0.319393,0.226531,3.01646e-06,1.7053e-13,0.0499875,1.20643
78480,49.9989,49.9989,49.9989,0.319097,0.0726834,0.319097,0.226351,3.01006e-06,1.7053e-13,0.0499875,1.2064
78540,49.9989,49.9989,49.9989,0.318801,0.0726346,0.318801,0.22617,3.00367e-06,2.27374e-13,0.0499875,1.20637
78600,49.9989,49.9989,49.9989,0.318506,0.072586,0.318506,0.22599,2.99731e-06,2.27374e-13,0.0499875,1.20633
78660,49.9989,49.9989,49.9989,0.318212,0.0725375,0.318212,0.22581,2.99096e-06,2.27374e-13,0.0499875,1.2063
78720,49.9989,49.9989,49.9989,0.317918,0.0724892,0.317918,0.225631,2.98464e-06,2.27374e-13,0.0499875,1.20627
78780,49.9989,49.9989,49.9989,0.317625,0.072441,0.317625,0.225452,2.97833e-06,1.7053e-13,0.0499875,1.20623
78840,49.9989,49.9989,49.9989,0.317332,0.072393,0.317332,0.225274,2.97204e-06,1.13687e-13,0.0499875,1.2062
78900,49.9989,49.9989,49.9989,0.317041,0.0723451,0.317041,0.225096,2.96577e-06,1.13687e-13,0.0499875,1.20617
78960,49.9989,49.9989,49.9989,0.316749,0.0722974,0.316749,0.224918,2.95952e-06,1.7053e-13,0.0499875,1.20613
79020,49.9989,49.9989,49.9989,0.316459,0.0722498,0.316459,0.224741,2.95328e-06,1.13687e-13,0.0499875,1.2061
79080,49.9989,49.9989,49.9989,0.316169,0.0722023,0.316169,0.224563,2.94707e-06,1.13687e-13,0.0499875,1.20607
79140,49.9989,49.9989,49.9989,0.31588,0.072155,0.31588,0.224387,2.94087e-06,1.7053e-13,0.0499875,1.20603
79200,49.9989,49.9989,49.9989,0.315591,0.0721078,0.315591,0.224211,2.9347e-06,1.13687e-13,0.0499875,1.206
79260,49.9989,49.9989,49.9989,0.315303,0.0720605,0.315303,0.224035,2.92842e-06,1.13687e-13,0.0499875,1.206
79320,49.9989,49.9989,49.9989,0.315016,0.0720132,0.315016,0.223859,2.92215e-06,1.7053e-13,0.0499875,1.206
79380,49.9989,49.9989,49.9989,0.314729,0.071966,0.314729,0.223684,2.91589e-06,2.27374e-13,0.0499875,1.206
79440,49.9989,49.9989,49.9989,0.314443,0.071919,0.314443,0.223509,2.90964e-06,1.7053e-13,0.0499875,1.206
79500,49.9989,49.9989,49.9989,0.314158,0.071872,0.314158,0.223335,2.90341e-06,1.13687e-13,0.0499875,1.206
79560,49.9989,49.9989,49.9989,0.313873,0.0718252,0.313873,0.223161,2.8972e-06,3.41061e-13,0.0499875,1.206
79620,49.9989,49.9989,49.9989,0.313589,0.0717785,0.313589,0.222987,2.89101e-06,1.13687e-13,0.0499875,1.206
79680,49.9989,49.9989,49.9989,0.313306,0.071732,0.313306,0.222814,2.88483e-06,5.68434e-14,0.0499875,1.206
79740,49.9989,49.9989,49.9989,0.313023,0.0716856,0.313023,0.222641,2.87867e-06,1.13687e-13,0.0499875,1.206
79800,49.9989,49.9989,49.9989,0.312741,0.0716393,0.312741,0.222468,2.87254e-06,1.13687e-13,0.0499875,1.206
79860,49.9989,49.9989,49.9989,0.312459,0.0715931,0.312459,0.222296,2.86641e-06,5.68434e-14,0.0499875,1.206
79920,49.9989,49.9989,49.9989,0.312178,0.0715471,0.312178,0.222125,2.86031e-06,1.13687e-13,0.0499875,1.206
79980,49.9989,49.9989,49.9989,0.311898,0.0715013,0.311898,0.221953,2.85423e-06,1.13687e-13,0.0499875,1.206
80040,49.9989,49.9989,49.9989,0.311618,0.0714555,0.311618,0.221782,2.84816e-06,1.13687e-13,0.0499875,1.206
80100,49.9989,49.9989,49.9989,0.311339,0.07141,0.311339,0.221611,2.84211e-06,1.13687e-13,0.0499875,1.206
80160,49.9989,49.9989,49.9989,0.311061,0.0713645,0.311061,0.221441,2.83608e-06,1.13687e-13,0.0499875,1.206
80220,49.9989,49.9989,49.9989,0.310783,0.0713192,0.310783,0.221271,2.83007e-06,5.68434e-14,0.0499875,1.206
80280,49.9989,49.9989,49.9989,0.310506,0.071274,0.310506,0.221101,2.82408e-06,1.13687e-13,0.0499875,1.206
80340,49.9989,49.9989,49.9989,0.310229,0.071229,0.310229,0.220932,2.8181e-06,1.13687e-13,0.0499875,1.206
80400,49.9989,49.9989,49.9989,0.309953,0.0711841,0.309953,0.220763,2.81214e-06,5.68434e-14,0.0499875,1.206
80460,49.9989,49.9989,49.9989,0.309678,0.0711393,0.309678,0.220595,2.8062e-06,1.13687e-13,0.0499875,1.206
80520,49.9989,49.9989,49.9989,0.309403,0.0710947,0.309403,0.220426,2.80028e-06,1.13687e-13,0.0499875,1.206
80580,49.9989,49.9989,49.9989,0.309129,0.0710501,0.309129,0.220259,2.79438e-06,1.13687e-13,0.0499875,1.206
80640,49.9989,49.9989,49.9989,0.308856,0.0710058,0.308856,0.220091,2.78849e-06,1.13687e-13,0.0499875,1.206
80700,49.9989,49.9989,49.9989,0.308583,0.0709615,0.308583,0.219924,2.78262e-06,1.13687e-13,0.0499875,1.206
80760,49.9989,49.9989,49.9989,0.30831,0.0709174,0.30831,0.219757,2.77677e-06,1.13687e-13,0.0499875,1.206
80820,49.9989,49.9989,49.9989,0.308039,0.0708735,0.308039,0.219591,2.77094e-06,1.13687e-13,0.0499875,1.206
80880,49.9989,49.9989,49.9989,0.307767,0.0708296,0.307767,0.219425,2.76512e-06,1.13687e-13,0.0499875,1.206
80940,49.9989,49.9989,49.9989,0.307497,0.0707859,0.307497,0.219259,2.75932e-06,5.68434e-14,0.0499875,1.206
81000,49.9989,49.9989,49.9989,0.307227,0.0707424,0.307227,0.219094,2.75355e-06,1.13687e-13,0.0499875,1.206
81060,49.9989,49.9989,49.9989,0.306958,0.0706992,0.306958,0.218929,2.74789e-06,1.13687e-13,0.0499875,1.20597
81120,49.9989,49.9989,49.9989,0.306689,0.0706562,0.306689,0.218764,2.74227e-06,5.68434e-14,0.0499875,1.20593
81180,49.9989,49.9989,49.9989,0.306421,0.0706135,0.306421,0.218599,2.73667e-06,5.68434e-14,0.0499875,1.2059
81240,49.9989,49.9989,49.9989,0.306153,0.0705709,0.306153,0.218435,2.73109e-06,1.13687e-13,0.0499875,1.20587
81300,49.9989,49.9989,49.9989,0.305886,0.0705284,0.305886,0.218272,2.72554e-06,1.13687e-13,0.0499875,1.20583
81360,49.9989,49.9989,49.9989,0.305619,0.0704861,0.305619,0.218108,2.71999e-06,5.68434e-14,0.0499875,1.2058
81420,49.9989,49.9989,49.9989,0.305353,0.0704439,0.305353,0.217945,2.71447e-06,1.13687e-13,0.0499875,1.20577
81480,49.9989,49.9989,49.9989,0.305088,0.0704018,0.305088,0.217783,2.70896e-06,1.13687e-13,0.0499875,1.20573
81540,49.9989,49.9989,49.9989,0.304823,0.0703599,0.304823,0.21762,2.70347e-06,1.13687e-13,0.0499875,1.2057
81600,49.9989,49.9989,49.9989,0.304559,0.0703181,0.304559,0.217458,2.698e-06,5.68434e-14,0.0499875,1.20567
81660,49.9989,49.9989,49.9989,0.304295,0.0702764,0.304295,0.217296,2.69254e-06,1.13687e-13,0.0499875,1.20563
81720,49.9989,49.9989,49.9989,0.304032,0.0702348,0.304032,0.217135,2.6871e-06,1.13687e-13,0.0499875,1.2056
81780,49.9989,49.9989,49.9989,0.30377,0.0701934,0.30377,0.216974,2.68167e-06,1.13687e-13,0.0499875,1.20557
81840,49.9989,49.9989,49.9989,0.303508,0.0701521,0.303508,0.216813,2.67627e-06,1.13687e-13,0.0499875,1.20553
81900,49.9989,49.9989,49.9989,0.303246,0.0701109,0.303246,0.216653,2.67087e-06,1.13687e-13,0.0499875,1.2055
81960,49.9989,49.9989,49.9989,0.302985,0.0700698,0.302985,0.216493,2.6655e-06,5.68434e-14,0.0499875,1.20547
82020,49.9989,49.9989,49.9989,0.302725,0.0700289,0.302725,0.216333,2.66013e-06,1.13687e-13,0.0499875,1.20543
82080,49.9989,49.9989,49.9989,0.302465,0.0699881,0.302465,0.216174,2.65479e-06,1.13687e-13,0.0499875,1.2054
82140,49.9989,49.9989,49.9989,0.302206,0.0699474,0.302206,0.216014,2.64946e-06,1.13687e-13,0.0499875,1.20537
82200,49.9989,49.9989,49.9989,0.301947,0.0699068,0.301947,0.215856,2.64414e-06,1.13687e-13,0.0499875,1.20533
82260,49.9989,49.9989,49.9989,0.301689,0.0698663,0.301689,0.215697,2.63885e-06,1.13687e-13,0.0499875,1.2053
82320,49.9989,49.9989,49.9989,0.301432,0.0698259,0.301432,0.215539,2.63356e-06,1.13687e-13,0.0499875,1.20527
82380,49.9989,49.9989,49.9989,0.301174,0.0697857,0.301174,0.215381,2.62829e-06,1.13687e-13,0.0499875,1.20523
82440,49.9989,49.9989,49.9989,0.300918,0.0697456,0.300918,0.215224,2.62304e-06,1.13687e-13,0.0499875,1.2052
82500,49.9989,49.9989,49.9989,0.300662,0.0697056,0.300662,0.215066,2.6178e-06,1.13687e-13,0.0499875,1.20517
82560,49.9989,49.9989,49.9989,0.300406,0.0696657,0.300406,0.214909,2.61258e-06,1.13687e-13,0.0499875,1.20513
82620,49.9989,49.9989,49.9989,0.300152,0.069626,0.300152,0.214753,2.60737e-06,5.68434e-14,0.0499875,1.2051
82680,49.9989,49.9989,49.9989,0.299897,0.0695863,0.299897,0.214597,2.60218e-06,1.13687e-13,0.0499875,1.20507
82740,49.9989,49.9989,49.9989,0.299643,0.0695468,0.299643,0.214441,2.597e-06,5.68434e-14,0.0499875,1.20503
82800,49.9989,49.9989,49.9989,0.29939,0.0695073,0.29939,0.214285,2.59184e-06,5.68434e-14,0.0499875,1.205
82860,49.9989,49.9989,49.9989,0.299137,0.0694678,0.299137,0.21413,2.58659e-06,5.68434e-14,0.0499875,1.205
82920,49.9989,49.9989,49.9989,0.298885,0.0694282,0.298885,0.213975,2.58133e-06,1.13687e-13,0.0499875,1.205
82980,49.9989,49.9989,49.9989,0.298633,0.0693887,0.298633,0.21382,2.57609e-06,1.13687e-13,0.0499875,1.205
83040,49.9989,49.9989,49.9989,0.298382,0.0693493,0.298382,0.213665,2.57086e-06,1.13687e-13,0.0499875,1.205
83100,49.9989,49.9989,49.9989,0.298131,0.06931,0.298131,0.213511,2.56564e-06,1.13687e-13,0.0499875,1.205
83160,49.9989,49.9989,49.9989,0.297881,0.0692708,0.297881,0.213358,2.56044e-06,1.13687e-13,0.0499875,1.205
83220,49.9989,49.9989,49.9989,0.297632,0.0692318,0.297632,0.213204,2.55525e-06,5.68434e-14,0.0499875,1.205
83280,49.9989,49.9989,49.9989,0.297383,0.0691928,0.297383,0.213051,2.55007e-06,5.68434e-14,0.0499875,1.205
83340,49.9989,49.9989,49.9989,0.297134,0.0691539,0.297134,0.212898,2.54491e-06,1.13687e-13,0.0499875,1.205
83400,49.9989,49.9989,49.9989,0.296886,0.0691152,0.296886,0.212745,2.53977e-06,5.68434e-14,0.0499875,1.205
83460,49.9989,49.9989,49.9989,0.296639,0.0690765,0.296639,0.212593,2.53463e-06,1.13687e-13,0.0499875,1.205
83520,49.9989,49.9989,49.9989,0.296392,0.069038,0.296392,0.212441,2.52952e-06,1.13687e-13,0.0499875,1.205
83580,49.9989,49.9989,49.9989,0.296145,0.0689995,0.296145,0.21229,2.52442e-06,1.13687e-13,0.0499875,1.205
83640,49.9989,49.9989,49.9989,0.295899,0.0689612,0.295899,0.212138,2.51933e-06,5.68434e-14,0.0499875,1.205
83700,49.9989,49.9989,49.9989,0.295654,0.068923,0.295654,0.211987,2.51425e-06,1.13687e-13,0.0499875,1.205
83760,49.9989,49.9989,49.9989,0.295409,0.0688849,0.295409,0.211837,2.5092e-06,1.13687e-13,0.0499875,1.205
83820,49.9989,49.9989,49.9989,0.295165,0.0688469,0.295165,0.211686,2.50415e-06,5.68434e-14,0.0499875,1.205
83880,49.9989,49.9989,49.9989,0.294921,0.0688091,0.294921,0.211536,2.49912e-06,1.13687e-13,0.0499875,1.205
83940,49.9989,49.9989,49.9989,0.294678,0.0687713,0.294678,0.211386,2.49411e-06,1.13687e-13,0.0499875,1.205
84000,49.9989,49.9989,49.9989,0.294435,0.0687336,0.294435,0.211237,2.48911e-06,1.13687e-13,0.0499875,1.205
84060,49.9989,49.9989,49.9989,0.294193,0.0686961,0.294193,0.211088,2.48412e-06,1.13687e-13,0.0499875,1.205
84120,49.9989,49.9989,49.9989,0.293951,0.0686586,0.293951,0.210939,2.47915e-06,1.13687e-13,0.0499875,1.205
84180,49.9989,49.9989,49.9989,0.29371,0.0686213,0.29371,0.21079,2.47419e-06,1.13687e-13,0.0499875,1.205
84240,49.9989,49.9989,49.9989,0.293469,0.0685841,0.293469,0.210642,2.46925e-06,5.68434e-14,0.0499875,1.205
84300,49.9989,49.9989,49.9989,0.293229,0.068547,0.293229,0.210494,2.46432e-06,1.13687e-13,0.0499875,1.205
84360,49.9989,49.9989,49.9989,0.292989,0.0685099,0.292989,0.210346,2.45941e-06,1.13687e-13,0.0499875,1.205
84420,49.9989,49.9989,49.9989,0.29275,0.068473,0.29275,0.210199,2.45451e-06,1.13687e-13,0.0499875,1.205
84480,49.9989,49.9989,49.9989,0.292511,0.0684362,0.292511,0.210052,2.44962e-06,1.13687e-13,0.0499875,1.205
84540,49.9989,49.9989,49.9989,0.292273,0.0683995,0.292273,0.209905,2.44475e-06,1.13687e-13,0.0499875,1.205
84600,49.9989,49.9989,49.9989,0.292035,0.0683629,0.292035,0.209758,2.43989e-06,5.68434e-14,0.0499875,1.205
84660,49.9989,49.9989,49.9989,0.291798,0.0683267,0.291798,0.209612,2.43514e-06,5.68434e-14,0.0499875,1.20497
84720,49.9989,49.9989,49.9989,0.291561,0.0682907,0.291561,0.209466,2.43043e-06,5.68434e-14,0.0499875,1.20493
84780,49.9989,49.9989,49.9989,0.291324,0.0682548,0.291324,0.20932,2.42573e-06,5.68434e-14,0.0499875,1.2049
84840,49.9989,49.9989,49.9989,0.291089,0.068219,0.291089,0.209175,2.42105e-06,5.68434e-14,0.0499875,1.20487
84900,49.9989,49.9989,49.9989,0.290853,0.0681834,0.290853,0.20903,2.41638e-06,1.13687e-13,0.0499875,1.20483
84960,49.9989,49.9989,49.9989,0.290618,0.0681478,0.290618,0.208885,2.41172e-06,5.68434e-14,0.0499875,1.2048
85020,49.9989,49.9989,49.9989,0.290384,0.0681124,0.290384,0.20874,2.40709e-06,1.13687e-13,0.0499875,1.20477
85080,49.9989,49.9989,49.9989,0.29015,0.0680771,0.29015,0.208596,2.40246e-06,1.13687e-13,0.0499875,1.20473
85140,49.9989,49.9989,49.9989,0.289917,0.0680418,0.289917,0.208452,2.39785e-06,5.68434e-14,0.0499875,1.2047
85200,49.9989,49.9989,49.9989,0.289684,0.0680067,0.289684,0.208308,2.39325e-06,1.13687e-13,0.0499875,1.20467
85260,49.9989,49.9989,49.9989,0.289451,0.0679717,0.289451,0.208165,2.38866e-06,5.68434e-14,0.0499875,1.20463
85320,49.9989,49.9989,49.9989,0.289219,0.0679368,0.289219,0.208022,2.38409e-06,1.13687e-13,0.0499875,1.2046
85380,49.9989,49.9989,49.9989,0.288988,0.0679019,0.288988,0.207879,2.37953e-06,1.13687e-13,0.0499875,1.20457
85440,49.9989,49.9989,49.9989,0.288756,0.0678672,0.288756,0.207736,2.37498e-06,5.68434e-14,0.0499875,1.20453
85500,49.9989,49.9989,49.9989,0.288526,0.0678326,0.288526,0.207594,2.37045e-06,1.13687e-13,0.0499875,1.2045
85560,49.9989,49.9989,49.9989,0.288296,0.067798,0.288296,0.207452,2.36593e-06,1.13687e-13,0.0499875,1.20447
85620,49.9989,49.9989,49.9989,0.288066,0.0677636,0.288066,0.20731,2.36142e-06,1.13687e-13,0.0499875,1.20443
85680,49.9989,49.9989,49.9989,0.287837,0.0677293,0.287837,0.207168,2.35692e-06,1.13687e-13,0.0499875,1.2044
85740,49.9989,49.9989,49.9989,0.287608,0.067695,0.287608,0.207027,2.35244e-06,1.13687e-13,0.0499875,1.20437
85800,49.9989,49.9989,49.9989,0.287379,0.0676609,0.287379,0.206886,2.34797e-06,1.13687e-13,0.0499875,1.20433
85860,49.9989,49.9989,49.9989,0.287152,0.0676268,0.287152,0.206745,2.34351e-06,1.13687e-13,0.0499875,1.2043
85920,49.9989,49.9989,49.9989,0.286924,0.0675929,0.286924,0.206605,2.33906e-06,1.13687e-13,0.0499875,1.20427
85980,49.9989,49.9989,49.9989,0.286697,0.067559,0.286697,0.206465,2.33463e-06,1.13687e-13,0.0499875,1.20423
86040,49.9989,49.9989,49.9989,0.286471,0.0675253,0.286471,0.206325,2.33021e-06,5.68434e-14,0.0499875,1.2042
86100,49.9989,49.9989,49.9989,0.286244,0.0674916,0.286244,0.206185,2.3258e-06,1.13687e-13,0.0499875,1.20417
86160,49.9989,49.9989,49.9989,0.286019,0.067458,0.286019,0.206046,2.3214e-06,1.13687e-13,0.0499875,1.20413
86220,49.9989,49.9989,49.9989,0.285794,0.0674245,0.285794,0.205906,2.31701e-06,1.13687e-13,0.0499875,1.2041
86280,49.9989,49.9989,49.9989,0.285569,0.0673911,0.285569,0.205768,2.31264e-06,1.13687e-13,0.0499875,1.20407
86340,49.9989,49.9989,49.9989,0.285345,0.0673578,0.285345,0.205629,2.30828e-06,1.13687e-13,0.0499875,1.20403
86400,49.9989,49.9989,49.9989,0.285121,0.0673246,0.285121,0.205491,2.30393e-06,5.68434e-14,0.0499875,1.204
86460,49.9989,49.9989,49.9989,0.284897,0.0672913,0.284897,0.205353,2.2995e-06,5.68434e-14,0.0499875,1.204
86520,49.9989,49.9989,49.9989,0.284674,0.0672579,0.284674,0.205215,2.29506e-06,5.68434e-14,0.0499875,1.204
86580,49.9989,49.9989,49.9989,0.284452,0.0672246,0.284452,0.205077,2.29064e-06,5.68434e-14,0.0499875,1.204
86640,49.9989,49.9989,49.9989,0.28423,0.0671914,0.28423,0.20494,2.28622e-06,1.13687e-13,0.0499875,1.204
86700,49.9989,49.9989,49.9989,0.284008,0.0671582,0.284008,0.204803,2.28182e-06,1.13687e-13,0.0499875,1.204
86760,49.9989,49.9989,49.9989,0.283787,0.0671251,0.283787,0.204666,2.27742e-06,1.13687e-13,0.0499875,1.204
86820,49.9989,49.9989,49.9989,0.283567,0.0670922,0.283567,0.204529,2.27304e-06,1.13687e-13,0.0499875,1.204
86880,49.9989,49.9989,49.9989,0.283346,0.0670593,0.283346,0.204393,2.26867e-06,5.68434e-14,0.0499875,1.204
86940,49.9989,49.9989,49.9989,0.283126,0.0670265,0.283126,0.204257,2.26431e-06,1.13687e-13,0.0499875,1.204
87000,49.9989,49.9989,49.9989,0.282907,0.0669938,0.282907,0.204121,2.25996e-06,5.68434e-14,0.0499875,1.204
87060,49.9989,49.9989,49.9989,0.282688,0.0669611,0.282688,0.203986,2.25563e-06,1.13687e-13,0.0499875,1.204
87120,49.9989,49.9989,49.9989,0.28247,0.0669286,0.28247,0.203851,2.2513e-06,5.68434e-14,0.0499875,1.204
87180,49.9989,49.9989,49.9989,0.282252,0.0668961,0.282252,0.203716,2.24699e-06,1.13687e-13,0.0499875,1.204
87240,49.9989,49.9989,49.9989,0.282034,0.0668638,0.282034,0.203581,2.24269e-06,1.13687e-13,0.0499875,1.204
87300,49.9989,49.9989,49.9989,0.281817,0.0668315,0.281817,0.203447,2.2384e-06,1.13687e-13,0.0499875,1.204
87360,49.9989,49.9989,49.9989,0.2816,0.0667993,0.2816,0.203313,2.23412e-06,1.13687e-13,0.0499875,1.204
87420,49.9989,49.9989,49.9989,0.281384,0.0667672,0.281384,0.203179,2.22986e-06,1.13687e-13,0.0499875,1.204
87480,49.9989,49.9989,49.9989,0.281168,0.0667352,0.281168,0.203045,2.22561e-06,1.13687e-13,0.0499875,1.204
87540,49.9989,49.9989,49.9989,0.280953,0.0667033,0.280953,0.202912,2.22136e-06,1.13687e-13,0.0499875,1.204
87600,49.9989,49.9989,49.9989,0.280738,0.0666715,0.280738,0.202778,2.21713e-06,1.13687e-13,0.0499875,1.204
87660,49.9989,49.9989,49.9989,0.280523,0.0666397,0.280523,0.202646,2.21292e-06,1.13687e-13,0.0499875,1.204
87720,49.9989,49.9989,49.9989,0.280309,0.0666081,0.280309,0.202513,2.20871e-06,5.68434e-14,0.0499875,1.204
87780,49.9989,49.9989,49.9989,0.280095,0.0665765,0.280095,0.20238,2.20451e-06,1.13687e-13,0.0499875,1.204
87840,49.9989,49.9989,49.9989,0.279882,0.066545,0.279882,0.202248,2.20033e-06,1.13687e-13,0.0499875,1.204
87900,49.9989,49.9989,49.9989,0.279669,0.0665136,0.279669,0.202116,2.19616e-06,5.68434e-14,0.0499875,1.204
87960,49.9989,49.9989,49.9989,0.279457,0.0664823,0.279457,0.201985,2.192e-06,1.13687e-13,0.0499875,1.204
88020,49.9989,49.9989,49.9989,0.279245,0.0664511,0.279245,0.201853,2.18785e-06,1.13687e-13,0.0499875,1.204
88080,49.9989,49.9989,49.9989,0.279033,0.06642,0.279033,0.201722,2.18371e-06,1.13687e-13,0.0499875,1.204
88140,49.9989,49.9989,49.9989,0.278822,0.0663889,0.278822,0.201591,2.17959e-06,1.13687e-13,0.0499875,1.204
88200,49.9989,49.9989,49.9989,0.278611,0.066358,0.278611,0.201461,2.17547e-06,1.13687e-13,0.0499875,1.204
88260,49.9989,49.9989,49.9989,0.278401,0.0663273,0.278401,0.20133,2.17146e-06,1.13687e-13,0.0499875,1.20397
88320,49.9989,49.9989,49.9989,0.278191,0.0662968,0.278191,0.2012,2.16747e-06,1.13687e-13,0.0499875,1.20393
88380,49.9989,49.9989,49.9989,0.277982,0.0662665,0.277982,0.20107,2.16349e-06,1.13687e-13,0.0499875,1.2039
88440,49.9989,49.9989,49.9989,0.277773,0.0662362,0.277773,0.200941,2.15953e-06,1.13687e-13,0.0499875,1.20387
88500,49.9989,49.9989,49.9989,0.277564,0.0662061,0.277564,0.200811,2.15558e-06,1.13687e-13,0.0499875,1.20383
88560,49.9989,49.9989,49.9989,0.277356,0.066176,0.277356,0.200682,2.15164e-06,5.68434e-14,0.0499875,1.2038
88620,49.9989,49.9989,49.9989,0.277148,0.066146,0.277148,0.200553,2.14772e-06,1.13687e-13,0.0499875,1.20377
88680,49.9989,49.9989,49.9989,0.27694,0.0661161,0.27694,0.200424,2.1438e-06,5.68434e-14,0.0499875,1.20373
88740,49.9989,49.9989,49.9989,0.276733,0.0660863,0.276733,0.200296,2.1399e-06,5.68434e-14,0.0499875,1.2037
88800,49.9989,49.9989,49.9989,0.276526,0.0660565,0.276526,0.200167,2.136e-06,5.68434e-14,0.0499875,1.20367
88860,49.9989,49.9989,49.9989,0.27632,0.0660269,0.27632,0.200039,2.13212e-06,5.68434e-14,0.0499875,1.20363
88920,49.9989,49.9989,49.9989,0.276114,0.0659973,0.276114,0.199911,2.12825e-06,5.68434e-14,0.0499875,1.2036
88980,49.9989,49.9989,49.9989,0.275909,0.0659678,0.275909,0.199784,2.12438e-06,5.68434e-14,0.0499875,1.20357
89040,49.9989,49.9989,49.9989,0.275703,0.0659384,0.275703,0.199657,2.12053e-06,1.13687e-13,0.0499875,1.20353
89100,49.9989,49.9989,49.9989,0.275499,0.065909,0.275499,0.199529,2.11669e-06,1.13687e-13,0.0499875,1.2035
89160,49.9989,49.9989,49.9989,0.275294,0.0658798,0.275294,0.199403,2.11286e-06,1.13687e-13,0.0499875,1.20347
89220,49.9989,49.9989,49.9989,0.27509,0.0658506,0.27509,0.199276,2.10904e-06,5.68434e-14,0.0499875,1.20343
89280,49.9989,49.9989,49.9989,0.274887,0.0658215,0.274887,0.199149,2.10523e-06,1.13687e-13,0.0499875,1.2034
89340,49.9989,49.9989,49.9989,0.274684,0.0657925,0.274684,0.199023,2.10143e-06,1.13687e-13,0.0499875,1.20337
89400,49.9989,49.9989,49.9989,0.274481,0.0657635,0.274481,0.198897,2.09764e-06,1.13687e-13,0.0499875,1.20333
89460,49.9989,49.9989,49.9989,0.274278,0.0657346,0.274278,0.198772,2.09386e-06,1.13687e-13,0.0499875,1.2033
89520,49.9989,49.9989,49.9989,0.274076,0.0657059,0.274076,0.198646,2.09009e-06,5.68434e-14,0.0499875,1.20327
89580,49.9989,49.9989,49.9989,0.273875,0.0656771,0.273875,0.198521,2.08633e-06,1.13687e-13,0.0499875,1.20323
89640,49.9989,49.9989,49.9989,0.273673,0.0656485,0.273673,0.198396,2.08258e-06,1.13687e-13,0.0499875,1.2032
89700,49.9989,49.9989,49.9989,0.273472,0.0656199,0.273472,0.198271,2.07883e-06,1.13687e-13,0.0499875,1.20317
89760,49.9989,49.9989,49.9989,0.273272,0.0655915,0.273272,0.198146,2.0751e-06,5.68434e-14,0.0499875,1.20313
89820,49.9989,49.9989,49.9989,0.273072,0.065563,0.273072,0.198022,2.07138e-06,1.13687e-13,0.0499875,1.2031
89880,49.9989,49.9989,49.9989,0.272872,0.0655347,0.272872,0.197898,2.06767e-06,1.13687e-13,0.0499875,1.20307
89940,49.9989,49.9989,49.9989,0.272673,0.0655064,0.272673,0.197774,2.06396e-06,1.13687e-13,0.0499875,1.20303
90000,49.9989,49.9989,49.9989,0.272474,0.0654782,0.272474,0.19765,2.06027e-06,5.68434e-14,0.0499875,1.203
90060,49.9989,49.9989,49.9989,0.272275,0.0654499,0.272275,0.197526,2.05651e-06,5.68434e-14,0.0499875,1.203
90120,49.9989,49.9989,49.9989,0.272077,0.0654216,0.272077,0.197403,2.05274e-06,5.68434e-14,0.0499875,1.203
90180,49.9989,49.9989,49.9989,0.271879,0.0653933,0.271879,0.19728,2.04898e-06,5.68434e-14,0.0499875,1.203
90240,49.9989,49.9989,49.9989,0.271682,0.065365,0.271682,0.197157,2.04522e-06,5.68434e-14,0.0499875,1.203
90300,49.9989,49.9989,49.9989,0.271484,0.0653369,0.271484,0.197035,2.04147e-06,5.68434e-14,0.0499875,1.203
90360,49.9989,49.9989,49.9989,0.271288,0.0653088,0.271288,0.196912,2.03773e-06,1.13687e-13,0.0499875,1.203
90420,49.9989,49.9989,49.9989,0.271091,0.0652807,0.271091,0.19679,2.03401e-06,1.7053e-13,0.0499875,1.203
90480,49.9989,49.9989,49.9989,0.270895,0.0652528,0.270895,0.196668,2.03029e-06,1.13687e-13,0.0499875,1.203
90540,49.9989,49.9989,49.9989,0.2707,0.0652249,0.2707,0.196547,2.02658e-06,1.13687e-13,0.0499875,1.203
90600,49.9989,49.9989,49.9989,0.270505,0.065197,0.270505,0.196425,2.02288e-06,1.13687e-13,0.0499875,1.203
90660,49.9989,49.9989,49.9989,0.27031,0.0651693,0.27031,0.196304,2.01918e-06,1.13687e-13,0.0499875,1.203
90720,49.9989,49.9989,49.9989,0.270115,0.0651416,0.270115,0.196183,2.0155e-06,1.13687e-13,0.0499875,1.203
90780,49.9989,49.9989,49.9989,0.269921,0.065114,0.269921,0.196062,2.01183e-06,1.13687e-13,0.0499875,1.203
90840,49.9989,49.9989,49.9989,0.269728,0.0650865,0.269728,0.195941,2.00817e-06,1.13687e-13,0.0499875,1.203
90900,49.9989,49.9989,49.9989,0.269534,0.065059,0.269534,0.195821,2.00452e-06,5.68434e-14,0.0499875,1.203
90960,49.9989,49.9989,49.9989,0.269341,0.0650316,0.269341,0.195701,2.00087e-06,1.13687e-13,0.0499875,1.203
91020,49.9989,49.9989,49.9989,0.269149,0.0650043,0.269149,0.195581,1.99724e-06,1.13687e-13,0.0499875,1.203
91080,49.9989,49.9989,49.9989,0.268957,0.0649771,0.268957,0.195461,1.99362e-06,1.13687e-13,0.0499875,1.203
91140,49.9989,49.9989,49.9989,0.268765,0.0649499,0.268765,0.195342,1.99e-06,5.68434e-14,0.0499875,1.203
91200,49.9989,49.9989,49.9989,0.268573,0.0649228,0.268573,0.195222,1.9864e-06,1.13687e-13,0.0499875,1.203
91260,49.9989,49.9989,49.9989,0.268382,0.0648957,0.268382,0.195103,1.9828e-06,1.13687e-13,0.0499875,1.203
91320,49.9989,49.9989,49.9989,0.268191,0.0648688,0.268191,0.194984,1.97922e-06,1.13687e-13,0.0499875,1.203
91380,49.9989,49.9989,49.9989,0.268001,0.0648419,0.268001,0.194866,1.97564e-06,5.68434e-14,0.0499875,1.203
91440,49.9989,49.9989,49.9989,0.267811,0.0648151,0.267811,0.194747,1.97208e-06,1.13687e-13,0.0499875,1.203
91500,49.9989,49.9989,49.9989,0.267621,0.0647883,0.267621,0.194629,1.96852e-06,1.13687e-13,0.0499875,1.203
91560,49.9989,49.9989,49.9989,0.267432,0.0647617,0.267432,0.194511,1.96497e-06,1.13687e-13,0.0499875,1.203
91620,49.9989,49.9989,49.9989,0.267243,0.064735,0.267243,0.194393,1.96143e-06,5.68434e-14,0.0499875,1.203
91680,49.9989,49.9989,49.9989,0.267054,0.0647085,0.267054,0.194276,1.9579e-06,1.13687e-13,0.0499875,1.203
91740,49.9989,49.9989,49.9989,0.266866,0.064682,0.266866,0.194158,1.95438e-06,1.13687e-13,0.0499875,1.203
91800,49.9989,49.9989,49.9989,0.266678,0.0646556,0.266678,0.194041,1.95087e-06,1.13687e-13,0.0499875,1.203
91860,49.9989,49.9989,49.9989,0.266491,0.0646293,0.266491,0.193924,1.94737e-06,1.13687e-13,0.0499875,1.203
91920,49.9989,49.9989,49.9989,0.266304,0.0646031,0.266304,0.193807,1.94388e-06,1.13687e-13,0.0499875,1.203
91980,49.9989,49.9989,49.9989,0.266117,0.0645769,0.266117,0.193691,1.94039e-06,1.13687e-13,0.0499875,1.203
92040,49.9989,49.9989,49.9989,0.26593,0.0645507,0.26593,0.193575,1.93692e-06,1.13687e-13,0.0499875,1.203
92100,49.9989,49.9989,49.9989,0.265744,0.0645247,0.265744,0.193459,1.93345e-06,1.13687e-13,0.0499875,1.203
92160,49.9989,49.9989,49.9989,0.265558,0.0644987,0.265558,0.193343,1.93e-06,1.13687e-13,0.0499875,1.203
92220,49.9989,49.9989,49.9989,0.265373,0.0644728,0.265373,0.193227,1.92655e-06,1.13687e-13,0.0499875,1.203
92280,49.9989,49.9989,49.9989,0.265188,0.0644469,0.265188,0.193111,1.92311e-06,1.13687e-13,0.0499875,1.203
92340,49.9989,49.9989,49.9989,0.265003,0.0644212,0.265003,0.192996,1.91968e-06,5.68434e-14,0.0499875,1.203
92400,49.9989,49.9989,49.9989,0.264819,0.0643954,0.264819,0.192881,1.91626e-06,1.13687e-13,0.0499875,1.203
92460,49.9989,49.9989,49.9989,0.264635,0.0643698,0.264635,0.192766,1.91285e-06,1.13687e-13,0.0499875,1.203
92520,49.9989,49.9989,49.9989,0.264451,0.0643442,0.264451,0.192652,1.90945e-06,1.13687e-13,0.0499875,1.203
92580,49.9989,49.9989,49.9989,0.264268,0.0643187,0.264268,0.192537,1.90606e-06,1.13687e-13,0.0499875,1.203
92640,49.9989,49.9989,49.9989,0.264085,0.0642933,0.264085,0.192423,1.90267e-06,1.13687e-13,0.0499875,1.203
92700,49.9989,49.9989,49.9989,0.263902,0.0642679,0.263902,0.192309,1.8993e-06,1.13687e-13,0.0499875,1.203
92760,49.9989,49.9989,49.9989,0.26372,0.0642426,0.26372,0.192195,1.89593e-06,5.68434e-14,0.0499875,1.203
92820,49.9989,49.9989,49.9989,0.263538,0.0642173,0.263538,0.192081,1.89257e-06,5.68434e-14,0.0499875,1.203
92880,49.9989,49.9989,49.9989,0.263356,0.0641921,0.263356,0.191968,1.88922e-06,1.13687e-13,0.0499875,1.203
92940,49.9989,49.9989,49.9989,0.263175,0.064167,0.263175,0.191855,1.88588e-06,1.13687e-13,0.0499875,1.203
93000,49.9989,49.9989,49.9989,0.262994,0.064142,0.262994,0.191741,1.88255e-06,1.13687e-13,0.0499875,1.203
93060,49.9989,49.9989,49.9989,0.262813,0.064117,0.262813,0.191629,1.87923e-06,1.13687e-13,0.0499875,1.203
93120,49.9989,49.9989,49.9989,0.262633,0.0640921,0.262633,0.191516,1.87591e-06,1.13687e-13,0.0499875,1.203
93180,49.9989,49.9989,49.9989,0.262453,0.0640672,0.262453,0.191404,1.87261e-06,1.13687e-13,0.0499875,1.203
93240,49.9989,49.9989,49.9989,0.262273,0.0640424,0.262273,0.191291,1.86931e-06,5.68434e-14,0.0499875,1.203
93300,49.9989,49.9989,49.9989,0.262094,0.0640177,0.262094,0.191179,1.86602e-06,1.13687e-13,0.0499875,1.203
93360,49.9989,49.9989,49.9989,0.261915,0.063993,0.261915,0.191067,1.86274e-06,1.13687e-13,0.0499875,1.203
93420,49.9989,49.9989,49.9989,0.261737,0.0639684,0.261737,0.190956,1.85947e-06,1.13687e-13,0.0499875,1.203
93480,49.9989,49.9989,49.9989,0.261558,0.0639439,0.261558,0.190844,1.8562e-06,1.13687e-13,0.0499875,1.203
93540,49.9989,49.9989,49.9989,0.26138,0.0639194,0.26138,0.190733,1.85295e-06,1.13687e-13,0.0499875,1.203
93600,49.9989,49.9989,49.9989,0.261203,0.063895,0.261203,0.190622,1.8497e-06,1.13687e-13,0.0499875,1.203
93660,49.9989,49.9989,49.9989,0.261025,0.0638706,0.261025,0.190511,1.84646e-06,1.13687e-13,0.0499875,1.203
93720,49.9989,49.9989,49.9989,0.260848,0.0638463,0.260848,0.1904,1.84323e-06,5.68434e-14,0.0499875,1.203
93780,49.9989,49.9989,49.9989,0.260672,0.0638221,0.260672,0.19029,1.84001e-06,1.13687e-13,0.0499875,1.203
93840,49.9989,49.9989,49.9989,0.260495,0.063798,0.260495,0.190179,1.8368e-06,1.13687e-13,0.0499875,1.203
93900,49.9989,49.9989,49.9989,0.260319,0.0637739,0.260319,0.190069,1.83359e-06,1.13687e-13,0.0499875,1.203
93960,49.9989,49.9989,49.9989,0.260144,0.0637498,0.260144,0.189959,1.83039e-06,1.13687e-13,0.0499875,1.203
94020,49.9989,49.9989,49.9989,0.259968,0.0637258,0.259968,0.18985,1.8272e-06,1.13687e-13,0.0499875,1.203
94080,49.9989,49.9989,49.9989,0.259793,0.0637019,0.259793,0.18974,1.82402e-06,1.13687e-13,0.0499875,1.203
94140,49.9989,49.9989,49.9989,0.259619,0.0636781,0.259619,0.189631,1.82085e-06,1.13687e-13,0.0499875,1.203
94200,49.9989,49.9989,49.9989,0.259444,0.0636543,0.259444,0.189522,1.81769e-06,1.13687e-13,0.0499875,1.203
94260,49.9989,49.9989,49.9989,0.25927,0.0636305,0.25927,0.189413,1.81453e-06,1.13687e-13,0.0499875,1.203
94320,49.9989,49.9989,49.9989,0.259096,0.0636069,0.259096,0.189304,1.81138e-06,1.13687e-13,0.0499875,1.203
94380,49.9989,49.9989,49.9989,0.258923,0.0635833,0.258923,0.189195,1.80824e-06,1.13687e-13,0.0499875,1.203
94440,49.9989,49.9989,49.9989,0.25875,0.0635597,0.25875,0.189087,1.80511e-06,1.13687e-13,0.0499875,1.203
94500,49.9989,49.9989,49.9989,0.258577,0.0635362,0.258577,0.188979,1.80199e-06,1.13687e-13,0.0499875,1.203
94560,49.9989,49.9989,49.9989,0.258404,0.0635128,0.258404,0.188871,1.79887e-06,1.13687e-13,0.0499875,1.203
94620,49.9989,49.9989,49.9989,0.258232,0.0634894,0.258232,0.188763,1.79576e-06,1.13687e-13,0.0499875,1.203
94680,49.9989,49.9989,49.9989,0.25806,0.0634661,0.25806,0.188655,1.79266e-06,1.13687e-13,0.0499875,1.203
94740,49.9989,49.9989,49.9989,0.257889,0.0634429,0.257889,0.188548,1.78957e-06,1.13687e-13,0.0499875,1.203
94800,49.9989,49.9989,49.9989,0.257718,0.0634197,0.257718,0.18844,1.78648e-06,1.13687e-13,0.0499875,1.203
94860,49.9989,49.9989,49.9989,0.257547,0.0633965,0.257547,0.188333,1.78341e-06,1.13687e-13,0.0499875,1.203
94920,49.9989,49.9989,49.9989,0.257376,0.0633735,0.257376,0.188226,1.78034e-06,1.13687e-13,0.0499875,1.203
94980,49.9989,49.9989,49.9989,0.257206,0.0633504,0.257206,0.18812,1.77728e-06,1.13687e-13,0.0499875,1.203
95040,49.9989,49.9989,49.9989,0.257036,0.0633275,0.257036,0.188013,1.77422e-06,1.13687e-13,0.0499875,1.203
95100,49.9989,49.9989,49.9989,0.256866,0.0633046,0.256866,0.187907,1.77118e-06,1.13687e-13,0.0499875,1.203
95160,49.9989,49.9989,49.9989,0.256697,0.0632817,0.256697,0.187801,1.76814e-06,1.7053e-13,0.0499875,1.203
95220,49.9989,49.9989,49.9989,0.256527,0.063259,0.256527,0.187695,1.76511e-06,1.7053e-13,0.0499875,1.203
95280,49.9989,49.9989,49.9989,0.256359,0.0632362,0.256359,0.187589,1.76209e-06,1.7053e-13,0.0499875,1.203
95340,49.9989,49.9989,49.9989,0.25619,0.0632136,0.25619,0.187483,1.75907e-06,1.13687e-13,0.0499875,1.203
95400,49.9989,49.9989,49.9989,0.256022,0.063191,0.256022,0.187378,1.75607e-06,5.68434e-14,0.0499875,1.203
95460,49.9989,49.9989,49.9989,0.255854,0.0631686,0.255854,0.187272,1.75314e-06,1.13687e-13,0.0499875,1.20297
95520,49.9989,49.9989,49.9989,0.255687,0.0631464,0.255687,0.187167,1.75023e-06,1.13687e-13,0.0499875,1.20293
95580,49.9989,49.9989,49.9989,0.255519,0.0631242,0.255519,0.187062,1.74733e-06,1.13687e-13,0.0499875,1.2029
95640,49.9989,49.9989,49.9989,0.255352,0.0631021,0.255352,0.186958,1.74445e-06,1.13687e-13,0.0499875,1.20287
95700,49.9989,49.9989,49.9989,0.255186,0.0630801,0.255186,0.186853,1.74157e-06,1.13687e-13,0.0499875,1.20283
95760,49.9989,49.9989,49.9989,0.255019,0.0630582,0.255019,0.186749,1.73869e-06,1.13687e-13,0.0499875,1.2028
95820,49.9989,49.9989,49.9989,0.254853,0.0630363,0.254853,0.186644,1.73583e-06,1.13687e-13,0.0499875,1.20277
95880,49.9989,49.9989,49.9989,0.254687,0.0630144,0.254687,0.18654,1.73297e-06,5.68434e-14,0.0499875,1.20273
95940,49.9989,49.9989,49.9989,0.254522,0.0629926,0.254522,0.186437,1.73012e-06,5.68434e-14,0.0499875,1.2027
96000,49.9989,49.9989,49.9989,0.254356,0.0629709,0.254356,0.186333,1.72728e-06,1.13687e-13,0.0499875,1.20267
96060,49.9989,49.9989,49.9989,0.254191,0.0629492,0.254191,0.186229,1.72444e-06,5.68434e-14,0.0499875,1.20263
96120,49.9989,49.9989,49.9989,0.254027,0.0629276,0.254027,0.186126,1.72161e-06,1.13687e-13,0.0499875,1.2026
96180,49.9989,49.9989,49.9989,0.253862,0.062906,0.253862,0.186023,1.71879e-06,1.13687e-13,0.0499875,1.20257
96240,49.9989,49.9989,49.9989,0.253698,0.0628845,0.253698,0.18592,1.71597e-06,1.13687e-13,0.0499875,1.20253
96300,49.9989,49.9989,49.9989,0.253534,0.0628631,0.253534,0.185817,1.71317e-06,5.68434e-14,0.0499875,1.2025
96360,49.9989,49.9989,49.9989,0.253371,0.0628416,0.253371,0.185714,1.71037e-06,1.13687e-13,0.0499875,1.20247
96420,49.9989,49.9989,49.9989,0.253207,0.0628203,0.253207,0.185611,1.70757e-06,1.13687e-13,0.0499875,1.20243
96480,49.9989,49.9989,49.9989,0.253044,0.062799,0.253044,0.185509,1.70478e-06,1.13687e-13,0.0499875,1.2024
96540,49.9989,49.9989,49.9989,0.252882,0.0627777,0.252882,0.185407,1.702e-06,5.68434e-14,0.0499875,1.20237
96600,49.9989,49.9989,49.9989,0.252719,0.0627565,0.252719,0.185305,1.69923e-06,1.13687e-13,0.0499875,1.20233
96660,49.9989,49.9989,49.9989,0.252557,0.0627354,0.252557,0.185203,1.69646e-06,1.13687e-13,0.0499875,1.2023
96720,49.9989,49.9989,49.9989,0.252395,0.0627143,0.252395,0.185101,1.6937e-06,1.13687e-13,0.0499875,1.20227
96780,49.9989,49.9989,49.9989,0.252234,0.0626933,0.252234,0.185,1.69095e-06,1.13687e-13,0.0499875,1.20223
96840,49.9989,49.9989,49.9989,0.252072,0.0626723,0.252072,0.184898,1.6882e-06,5.68434e-14,0.0499875,1.2022
96900,49.9989,49.9989,49.9989,0.251911,0.0626513,0.251911,0.184797,1.68546e-06,1.13687e-13,0.0499875,1.20217
96960,49.9989,49.9989,49.9989,0.25175,0.0626304,0.25175,0.184696,1.68273e-06,1.13687e-13,0.0499875,1.20213
97020,49.9989,49.9989,49.9989,0.25159,0.0626096,0.25159,0.184595,1.68e-06,1.13687e-13,0.0499875,1.2021
97080,49.9989,49.9989,49.9989,0.25143,0.0625888,0.25143,0.184495,1.67728e-06,1.13687e-13,0.0499875,1.20207
97140,49.9989,49.9989,49.9989,0.25127,0.0625681,0.25127,0.184394,1.67457e-06,1.13687e-13,0.0499875,1.20203
97200,49.9989,49.9989,49.9989,0.25111,0.0625474,0.25111,0.184294,1.67185e-06,5.68434e-14,0.0499875,1.202
97260,49.9989,49.9989,49.9989,0.250951,0.0625266,0.250951,0.184193,1.66909e-06,5.68434e-14,0.0499875,1.202
97320,49.9989,49.9989,49.9989,0.250792,0.0625057,0.250792,0.184093,1.66631e-06,5.68434e-14,0.0499875,1.202
97380,49.9989,49.9989,49.9989,0.250633,0.0624849,0.250633,0.183993,1.66354e-06,5.68434e-14,0.0499875,1.202
97440,49.9989,49.9989,49.9989,0.250474,0.0624641,0.250474,0.183894,1.66077e-06,5.68434e-14,0.0499875,1.202
97500,49.9989,49.9989,49.9989,0.250316,0.0624434,0.250316,0.183794,1.65801e-06,5.68434e-14,0.0499875,1.202
97560,49.9989,49.9989,49.9989,0.250158,0.0624227,0.250158,0.183695,1.65526e-06,1.13687e-13,0.0499875,1.202
97620,49.9989,49.9989,49.9989,0.25,0.062402,0.25,0.183595,1.65251e-06,1.13687e-13,0.0499875,1.202
97680,49.9989,49.9989,49.9989,0.249843,0.0623814,0.249843,0.183496,1.64977e-06,5.68434e-14,0.0499875,1.202
97740,49.9989,49.9989,49.9989,0.249686,0.0623609,0.249686,0.183397,1.64703e-06,5.68434e-14,0.0499875,1.202
97800,49.9989,49.9989,49.9989,0.249529,0.0623404,0.249529,0.183299,1.64431e-06,5.68434e-14,0.0499875,1.202
97860,49.9989,49.9989,49.9989,0.249372,0.0623199,0.249372,0.1832,1.64158e-06,5.68434e-14,0.0499875,1.202
97920,49.9989,49.9989,49.9989,0.249216,0.0622995,0.249216,0.183102,1.63887e-06,5.68434e-14,0.0499875,1.202
97980,49.9989,49.9989,49.9989,0.24906,0.0622792,0.24906,0.183004,1.63616e-06,1.13687e-13,0.0499875,1.202
98040,49.9989,49.9989,49.9989,0.248904,0.0622589,0.248904,0.182905,1.63346e-06,1.13687e-13,0.0499875,1.202
98100,49.9989,49.9989,49.9989,0.248748,0.0622386,0.248748,0.182807,1.63076e-06,1.13687e-13,0.0499875,1.202
98160,49.9989,49.9989,49.9989,0.248593,0.0622184,0.248593,0.18271,1.62807e-06,5.68434e-14,0.0499875,1.202
98220,49.9989,49.9989,49.9989,0.248438,0.0621983,0.248438,0.182612,1.62539e-06,1.13687e-13,0.0499875,1.202
98280,49.9989,49.9989,49.9989,0.248283,0.0621781,0.248283,0.182515,1.62271e-06,1.13687e-13,0.0499875,1.202
98340,49.9989,49.9989,49.9989,0.248129,0.0621581,0.248129,0.182417,1.62004e-06,1.13687e-13,0.0499875,1.202
98400,49.9989,49.9989,49.9989,0.247974,0.0621381,0.247974,0.18232,1.61738e-06,5.68434e-14,0.0499875,1.202
98460,49.9989,49.9989,49.9989,0.247821,0.0621181,0.247821,0.182223,1.61472e-06,1.13687e-13,0.0499875,1.202
98520,49.9989,49.9989,49.9989,0.247667,0.0620982,0.247667,0.182127,1.61207e-06,1.13687e-13,0.0499875,1.202
98580,49.9989,49.9989,49.9989,0.247513,0.0620783,0.247513,0.18203,1.60942e-06,1.13687e-13,0.0499875,1.202
98640,49.9989,49.9989,49.9989,0.24736,0.0620585,0.24736,0.181933,1.60678e-06,1.13687e-13,0.0499875,1.202
98700,49.9989,49.9989,49.9989,0.247207,0.0620387,0.247207,0.181837,1.60415e-06,1.13687e-13,0.0499875,1.202
98760,49.9989,49.9989,49.9989,0.247055,0.062019,0.247055,0.181741,1.60153e-06,1.13687e-13,0.0499875,1.202
98820,49.9989,49.9989,49.9989,0.246903,0.0619993,0.246903,0.181645,1.59891e-06,1.13687e-13,0.0499875,1.202
98880,49.9989,49.9989,49.9989,0.24675,0.0619797,0.24675,0.181549,1.59629e-06,5.68434e-14,0.0499875,1.202
98940,49.9989,49.9989,49.9989,0.246599,0.0619601,0.246599,0.181453,1.59369e-06,1.13687e-13,0.0499875,1.202
99000,49.9989,49.9989,49.9989,0.246447,0.0619406,0.246447,0.181358,1.59109e-06,1.13687e-13,0.0499875,1.202
99060,49.9989,49.9989,49.9989,0.246296,0.0619211,0.246296,0.181262,1.58849e-06,1.13687e-13,0.0499875,1.202
99120,49.9989,49.9989,49.9989,0.246145,0.0619017,0.246145,0.181167,1.58591e-06,1.13687e-13,0.0499875,1.202
99180,49.9989,49.9989,49.9989,0.245994,0.0618823,0.245994,0.181072,1.58332e-06,1.13687e-13,0.0499875,1.202
99240,49.9989,49.9989,49.9989,0.245843,0.0618629,0.245843,0.180977,1.58075e-06,1.13687e-13,0.0499875,1.202
99300,49.9989,49.9989,49.9989,0.245693,0.0618436,0.245693,0.180882,1.57818e-06,1.13687e-13,0.0499875,1.202
99360,49.9989,49.9989,49.9989,0.245543,0.0618244,0.245543,0.180788,1.57562e-06,5.68434e-14,0.0499875,1.202
99420,49.9989,49.9989,49.9989,0.245393,0.0618052,0.245393,0.180693,1.57306e-06,1.13687e-13,0.0499875,1.202
99480,49.9989,49.9989,49.9989,0.245244,0.061786,0.245244,0.180599,1.57051e-06,1.13687e-13,0.0499875,1.202
99540,49.9989,49.9989,49.9989,0.245095,0.0617669,0.245095,0.180505,1.56797e-06,1.13687e-13,0.0499875,1.202
99600,49.9989,49.9989,49.9989,0.244946,0.0617478,0.244946,0.180411,1.56543e-06,1.13687e-13,0.0499875,1.202
99660,49.9989,49.9989,49.9989,0.244797,0.0617288,0.244797,0.180317,1.5629e-06,1.13687e-13,0.0499875,1.202
99720,49.9989,49.9989,49.9989,0.244649,0.0617098,0.244649,0.180223,1.56037e-06,1.13687e-13,0.0499875,1.202
99780,49.9989,49.9989,49.9989,0.2445,0.0616909,0.2445,0.18013,1.55785e-06,5.68434e-14,0.0499875,1.202
99840,49.9989,49.9989,49.9989,0.244352,0.061672,0.244352,0.180036,1.55533e-06,5.68434e-14,0.0499875,1.202
99900,49.9989,49.9989,49.9989,0.244205,0.0616531,0.244205,0.179943,1.55283e-06,1.13687e-13,0.0499875,1.202
99960,49.9989,49.9989,49.9989,0.244057,0.0616344,0.244057,0.17985,1.55032e-06,1.13687e-13,0.0499875,1.202
100020,49.9989,49.9989,49.9989,0.24391,0.0616156,0.24391,0.179757,1.54783e-06,1.13687e-13,0.0499875,1.202
100080,49.9989,49.9989,49.9989,0.243763,0.0615969,0.243763,0.179664,1.54534e-06,1.13687e-13,0.0499875,1.202
100140,49.9989,49.9989,49.9989,0.243616,0.0615782,0.243616,0.179572,1.54285e-06,1.13687e-13,0.0499875,1.202
100200,49.9989,49.9989,49.9989,0.24347,0.0615596,0.24347,0.179479,1.54038e-06,1.13687e-13,0.0499875,1.202
100260,49.9989,49.9989,49.9989,0.243324,0.061541,0.243324,0.179387,1.5379e-06,5.68434e-14,0.0499875,1.202
100320,49.9989,49.9989,49.9989,0.243178,0.0615225,0.243178,0.179295,1.53544e-06,1.13687e-13,0.0499875,1.202
100380,49.9989,49.9989,49.9989,0.243032,0.061504,0.243032,0.179203,1.53298e-06,1.13687e-13,0.0499875,1.202
100440,49.9989,49.9989,49.9989,0.242886,0.0614856,0.242886,0.179111,1.53052e-06,1.13687e-13,0.0499875,1.202
100500,49.9989,49.9989,49.9989,0.242741,0.0614672,0.242741,0.179019,1.52807e-06,1.13687e-13,0.0499875,1.202
100560,49.9989,49.9989,49.9989,0.242596,0.0614488,0.242596,0.178927,1.52563e-06,1.13687e-13,0.0499875,1.202
100620,49.9989,49.9989,49.9989,0.242451,0.0614305,0.242451,0.178836,1.52319e-06,1.13687e-13,0.0499875,1.202
100680,49.9989,49.9989,49.9989,0.242307,0.0614123,0.242307,0.178744,1.52076e-06,1.13687e-13,0.0499875,1.202
100740,49.9989,49.9989,49.9989,0.242163,0.061394,0.242163,0.178653,1.51833e-06,5.68434e-14,0.0499875,1.202
100800,49.9989,49.9989,49.9989,0.242019,0.0613758,0.242019,0.178562,1.51591e-06,1.13687e-13,0.0499875,1.202
100860,49.9989,49.9989,49.9989,0.241875,0.0613577,0.241875,0.178471,1.5135e-06,1.13687e-13,0.0499875,1.202
100920,49.9989,49.9989,49.9989,0.241731,0.0613396,0.241731,0.178381,1.51109e-06,1.13687e-13,0.0499875,1.202
100980,49.9989,49.9989,49.9989,0.241588,0.0613216,0.241588,0.17829,1.50869e-06,1.13687e-13,0.0499875,1.202
101040,49.9989,49.9989,49.9989,0.241445,0.0613036,0.241445,0.1782,1.50629e-06,1.13687e-13,0.0499875,1.202
101100,49.9989,49.9989,49.9989,0.241302,0.0612856,0.241302,0.178109,1.5039e-06,1.13687e-13,0.0499875,1.202
101160,49.9989,49.9989,49.9989,0.24116,0.0612677,0.24116,0.178019,1.50151e-06,1.13687e-13,0.0499875,1.202
101220,49.9989,49.9989,49.9989,0.241017,0.0612498,0.241017,0.177929,1.49913e-06,1.13687e-13,0.0499875,1.202
101280,49.9989,49.9989,49.9989,0.240875,0.0612319,0.240875,0.177839,1.49676e-06,1.13687e-13,0.0499875,1.202
101340,49.9989,49.9989,49.9989,0.240733,0.0612141,0.240733,0.17775,1.49439e-06,1.13687e-13,0.0499875,1.202
101400,49.9989,49.9989,49.9989,0.240592,0.0611964,0.240592,0.17766,1.49203e-06,1.7053e-13,0.0499875,1.202
101460,49.9989,49.9989,49.9989,0.24045,0.0611787,0.24045,0.17757,1.48967e-06,1.7053e-13,0.0499875,1.202
101520,49.9989,49.9989,49.9989,0.240309,0.061161,0.240309,0.177481,1.48732e-06,1.7053e-13,0.0499875,1.202
101580,49.9989,49.9989,49.9989,0.240168,0.0611434,0.240168,0.177392,1.48497e-06,1.13687e-13,0.0499875,1.202
101640,49.9989,49.9989,49.9989,0.240028,0.0611258,0.240028,0.177303,1.48263e-06,1.13687e-13,0.0499875,1.202
101700,49.9989,49.9989,49.9989,0.239887,0.0611082,0.239887,0.177214,1.48029e-06,1.13687e-13,0.0499875,1.202
101760,49.9989,49.9989,49.9989,0.239747,0.0610907,0.239747,0.177125,1.47796e-06,1.13687e-13,0.0499875,1.202
101820,49.9989,49.9989,49.9989,0.239607,0.0610733,0.239607,0.177037,1.47564e-06,1.13687e-13,0.0499875,1.202
101880,49.9989,49.9989,49.9989,0.239467,0.0610558,0.239467,0.176948,1.47332e-06,1.13687e-13,0.0499875,1.202
101940,49.9989,49.9989,49.9989,0.239328,0.0610384,0.239328,0.17686,1.471e-06,1.13687e-13,0.0499875,1.202
102000,49.9989,49.9989,49.9989,0.239188,0.0610211,0.239188,0.176772,1.46869e-06,1.13687e-13,0.0499875,1.202
102060,49.9989,49.9989,49.9989,0.239049,0.0610038,0.239049,0.176684,1.46639e-06,1.13687e-13,0.0499875,1.202
102120,49.9989,49.9989,49.9989,0.23891,0.0609865,0.23891,0.176596,1.46409e-06,1.13687e-13,0.0499875,1.202
102180,49.9989,49.9989,49.9989,0.238772,0.0609693,0.238772,0.176508,1.4618e-06,1.13687e-13,0.0499875,1.202
102240,49.9989,49.9989,49.9989,0.238633,0.0609521,0.238633,0.17642,1.45951e-06,1.13687e-13,0.0499875,1.202
102300,49.9989,49.9989,49.9989,0.238495,0.060935,0.238495,0.176333,1.45723e-06,1.13687e-13,0.0499875,1.202
102360,49.9989,49.9989,49.9989,0.238357,0.0609179,0.238357,0.176245,1.45495e-06,1.13687e-13,0.0499875,1.202
102420,49.9989,49.9989,49.9989,0.23822,0.0609008,0.23822,0.176158,1.45268e-06,1.13687e-13,0.0499875,1.202
102480,49.9989,49.9989,49.9989,0.238082,0.0608838,0.238082,0.176071,1.45042e-06,1.13687e-13,0.0499875,1.202
102540,49.9989,49.9989,49.9989,0.237945,0.0608668,0.237945,0.175984,1.44816e-06,1.13687e-13,0.0499875,1.202
102600,49.9989,49.9989,49.9989,0.237808,0.0608499,0.237808,0.175897,1.4459e-06,1.13687e-13,0.0499875,1.202
102660,49.9989,49.9989,49.9989,0.237671,0.060833,0.237671,0.175811,1.44365e-06,1.13687e-13,0.0499875,1.202
102720,49.9989,49.9989,49.9989,0.237535,0.0608161,0.237535,0.175724,1.44141e-06,1.13687e-13,0.0499875,1.202
102780,49.9989,49.9989,49.9989,0.237398,0.0607993,0.237398,0.175638,1.43917e-06,1.13687e-13,0.0499875,1.202
102840,49.9989,49.9989,49.9989,0.237262,0.0607825,0.237262,0.175551,1.43693e-06,1.13687e-13,0.0499875,1.202
102900,49.9989,49.9989,49.9989,0.237126,0.0607657,0.237126,0.175465,1.4347e-06,1.13687e-13,0.0499875,1.202
102960,49.9989,49.9989,49.9989,0.236991,0.060749,0.236991,0.175379,1.43248e-06,1.13687e-13,0.0499875,1.202
103020,49.9989,49.9989,49.9989,0.236855,0.0607324,0.236855,0.175293,1.43026e-06,1.13687e-13,0.0499875,1.202
103080,49.9989,49.9989,49.9989,0.23672,0.0607157,0.23672,0.175208,1.42804e-06,1.13687e-13,0.0499875,1.202
103140,49.9989,49.9989,49.9989,0.236585,0.0606991,0.236585,0.175122,1.42584e-06,1.13687e-13,0.0499875,1.202
103200,49.9989,49.9989,49.9989,0.23645,0.0606826,0.23645,0.175037,1.42363e-06,1.13687e-13,0.0499875,1.202
103260,49.9989,49.9989,49.9989,0.236316,0.0606661,0.236316,0.174951,1.42143e-06,1.13687e-13,0.0499875,1.202
103320,49.9989,49.9989,49.9989,0.236181,0.0606496,0.236181,0.174866,1.41924e-06,1.13687e-13,0.0499875,1.202
103380,49.9989,49.9989,49.9989,0.236047,0.0606331,0.236047,0.174781,1.41705e-06,1.13687e-13,0.0499875,1.202
103440,49.9989,49.9989,49.9989,0.235913,0.0606167,0.235913,0.174696,1.41487e-06,1.13687e-13,0.0499875,1.202
103500,49.9989,49.9989,49.9989,0.235779,0.0606004,0.235779,0.174611,1.41269e-06,1.13687e-13,0.0499875,1.202
103560,49.9989,49.9989,49.9989,0.235646,0.060584,0.235646,0.174526,1.41051e-06,1.13687e-13,0.0499875,1.202
103620,49.9989,49.9989,49.9989,0.235513,0.0605677,0.235513,0.174442,1.40835e-06,1.13687e-13,0.0499875,1.202
103680,49.9989,49.9989,49.9989,0.23538,0.0605515,0.23538,0.174357,1.40618e-06,1.13687e-13,0.0499875,1.202
103740,49.9989,49.9989,49.9989,0.235247,0.0605353,0.235247,0.174273,1.40402e-06,1.13687e-13,0.0499875,1.202
103800,49.9989,49.9989,49.9989,0.235114,0.0605191,0.235114,0.174189,1.40187e-06,1.13687e-13,0.0499875,1.202
103860,49.9989,49.9989,49.9989,0.234982,0.0605029,0.234982,0.174105,1.39972e-06,1.13687e-13,0.0499875,1.202
103920,49.9989,49.9989,49.9989,0.23485,0.0604868,0.23485,0.174021,1.39758e-06,1.13687e-13,0.0499875,1.202
103980,49.9989,49.9989,49.9989,0.234718,0.0604708,0.234718,0.173937,1.39544e-06,1.13687e-13,0.0499875,1.202
104040,49.9989,49.9989,49.9989,0.234586,0.0604547,0.234586,0.173854,1.3933e-06,1.13687e-13,0.0499875,1.202
104100,49.9989,49.9989,49.9989,0.234454,0.0604387,0.234454,0.17377,1.39118e-06,1.13687e-13,0.0499875,1.202
104160,49.9989,49.9989,49.9989,0.234323,0.0604228,0.234323,0.173687,1.38905e-06,1.13687e-13,0.0499875,1.202
104220,49.9989,49.9989,49.9989,0.234192,0.0604069,0.234192,0.173603,1.38693e-06,1.13687e-13,0.0499875,1.202
104280,49.9989,49.9989,49.9989,0.234061,0.060391,0.234061,0.17352,1.38482e-06,1.13687e-13,0.0499875,1.202
104340,49.9989,49.9989,49.9989,0.23393,0.0603751,0.23393,0.173437,1.38271e-06,1.13687e-13,0.0499875,1.202
104400,49.9989,49.9989,49.9989,0.2338,0.0603593,0.2338,0.173354,1.3806e-06,5.68434e-14,0.0499875,1.202
104460,49.9989,49.9989,49.9989,0.233669,0.0603437,0.233669,0.173271,1.37856e-06,1.13687e-13,0.0499875,1.20197
104520,49.9989,49.9989,49.9989,0.233539,0.0603282,0.233539,0.173189,1.37653e-06,5.68434e-14,0.0499875,1.20193
104580,49.9989,49.9989,49.9989,0.233409,0.0603127,0.233409,0.173106,1.37451e-06,1.13687e-13,0.0499875,1.2019
104640,49.9989,49.9989,49.9989,0.23328,0.0602973,0.23328,0.173024,1.3725e-06,1.13687e-13,0.0499875,1.20187
104700,49.9989,49.9989,49.9989,0.23315,0.0602819,0.23315,0.172942,1.37049e-06,1.13687e-13,0.0499875,1.20183
104760,49.9989,49.9989,49.9989,0.233021,0.0602665,0.233021,0.172859,1.36848e-06,1.13687e-13,0.0499875,1.2018
104820,49.9989,49.9989,49.9989,0.232892,0.0602512,0.232892,0.172777,1.36648e-06,1.13687e-13,0.0499875,1.20177
104880,49.9989,49.9989,49.9989,0.232763,0.060236,0.232763,0.172695,1.36448e-06,1.13687e-13,0.0499875,1.20173
104940,49.9989,49.9989,49.9989,0.232634,0.0602207,0.232634,0.172614,1.36249e-06,5.68434e-14,0.0499875,1.2017
105000,49.9989,49.9989,49.9989,0.232506,0.0602055,0.232506,0.172532,1.36051e-06,1.7053e-13,0.0499875,1.20167
105060,49.9989,49.9989,49.9989,0.232378,0.0601903,0.232378,0.17245,1.35852e-06,1.7053e-13,0.0499875,1.20163
105120,49.9989,49.9989,49.9989,0.232249,0.0601752,0.232249,0.172369,1.35655e-06,1.13687e-13,0.0499875,1.2016
105180,49.9989,49.9989,49.9989,0.232122,0.0601601,0.232122,0.172288,1.35457e-06,1.13687e-13,0.0499875,1.20157
105240,49.9989,49.9989,49.9989,0.231994,0.060145,0.231994,0.172206,1.3526e-06,1.13687e-13,0.0499875,1.20153
105300,49.9989,49.9989,49.9989,0.231866,0.06013,0.231866,0.172125,1.35064e-06,1.13687e-13,0.0499875,1.2015
105360,49.9989,49.9989,49.9989,0.231739,0.060115,0.231739,0.172044,1.34868e-06,1.13687e-13,0.0499875,1.20147
105420,49.9989,49.9989,49.9989,0.231612,0.0601,0.231612,0.171963,1.34672e-06,5.68434e-14,0.0499875,1.20143
105480,49.9989,49.9989,49.9989,0.231485,0.0600851,0.231485,0.171883,1.34477e-06,1.13687e-13,0.0499875,1.2014
105540,49.9989,49.9989,49.9989,0.231358,0.0600702,0.231358,0.171802,1.34282e-06,1.13687e-13,0.0499875,1.20137
105600,49.9989,49.9989,49.9989,0.231232,0.0600553,0.231232,0.171722,1.34088e-06,5.68434e-14,0.0499875,1.20133
105660,49.9989,49.9989,49.9989,0.231105,0.0600405,0.231105,0.171641,1.33894e-06,1.13687e-13,0.0499875,1.2013
105720,49.9989,49.9989,49.9989,0.230979,0.0600257,0.230979,0.171561,1.33701e-06,1.13687e-13,0.0499875,1.20127
105780,49.9989,49.9989,49.9989,0.230853,0.0600109,0.230853,0.171481,1.33508e-06,1.7053e-13,0.0499875,1.20123
105840,49.9989,49.9989,49.9989,0.230727,0.0599962,0.230727,0.171401,1.33315e-06,1.7053e-13,0.0499875,1.2012
105900,49.9989,49.9989,49.9989,0.230602,0.0599815,0.230602,0.171321,1.33123e-06,1.13687e-13,0.0499875,1.20117
105960,49.9989,49.9989,49.9989,0.230476,0.0599668,0.230476,0.171241,1.32931e-06,1.13687e-13,0.0499875,1.20113
106020,49.9989,49.9989,49.9989,0.230351,0.0599522,0.230351,0.171161,1.3274e-06,1.13687e-13,0.0499875,1.2011
106080,49.9989,49.9989,49.9989,0.230226,0.0599375,0.230226,0.171082,1.32549e-06,1.13687e-13,0.0499875,1.20107
106140,49.9989,49.9989,49.9989,0.230101,0.059923,0.230101,0.171002,1.32358e-06,1.13687e-13,0.0499875,1.20103
106200,49.9989,49.9989,49.9989,0.229977,0.0599084,0.229977,0.170923,1.32168e-06,1.13687e-13,0.0499875,1.201
106260,49.9989,49.9989,49.9989,0.229852,0.0598938,0.229852,0.170844,1.31973e-06,5.68434e-14,0.0499875,1.201
106320,49.9989,49.9989,49.9989,0.229728,0.0598791,0.229728,0.170764,1.31777e-06,1.13687e-13,0.0499875,1.201
106380,49.9989,49.9989,49.9989,0.229604,0.0598644,0.229604,0.170685,1.31581e-06,5.68434e-14,0.0499875,1.201
106440,49.9989,49.9989,49.9989,0.22948,0.0598497,0.22948,0.170606,1.31386e-06,5.68434e-14,0.0499875,1.201
106500,49.9989,49.9989,49.9989,0.229357,0.0598351,0.229357,0.170528,1.31191e-06,5.68434e-14,0.0499875,1.201
106560,49.9989,49.9989,49.9989,0.229233,0.0598205,0.229233,0.170449,1.30997e-06,1.13687e-13,0.0499875,1.201
106620,49.9989,49.9989,49.9989,0.22911,0.0598059,0.22911,0.170371,1.30803e-06,1.13687e-13,0.0499875,1.201
106680,49.9989,49.9989,49.9989,0.228987,0.0597914,0.228987,0.170292,1.30609e-06,1.7053e-13,0.0499875,1.201
106740,49.9989,49.9989,49.9989,0.228864,0.0597769,0.228864,0.170214,1.30416e-06,1.13687e-13,0.0499875,1.201
106800,49.9989,49.9989,49.9989,0.228741,0.0597624,0.228741,0.170136,1.30223e-06,1.13687e-13,0.0499875,1.201
106860,49.9989,49.9989,49.9989,0.228619,0.059748,0.228619,0.170058,1.3003e-06,1.13687e-13,0.0499875,1.201
106920,49.9989,49.9989,49.9989,0.228496,0.0597335,0.228496,0.16998,1.29838e-06,1.13687e-13,0.0499875,1.201
106980,49.9989,49.9989,49.9989,0.228374,0.0597192,0.228374,0.169902,1.29647e-06,1.13687e-13,0.0499875,1.201
107040,49.9989,49.9989,49.9989,0.228252,0.0597048,0.228252,0.169824,1.29456e-06,1.13687e-13,0.0499875,1.201
107100,49.9989,49.9989,49.9989,0.228131,0.0596905,0.228131,0.169746,1.29265e-06,5.68434e-14,0.0499875,1.201
107160,49.9989,49.9989,49.9989,0.228009,0.0596762,0.228009,0.169669,1.29074e-06,1.13687e-13,0.0499875,1.201
107220,49.9989,49.9989,49.9989,0.227888,0.0596619,0.227888,0.169591,1.28884e-06,1.13687e-13,0.0499875,1.201
107280,49.9989,49.9989,49.9989,0.227766,0.0596477,0.227766,0.169514,1.28695e-06,1.13687e-13,0.0499875,1.201
107340,49.9989,49.9989,49.9989,0.227646,0.0596335,0.227646,0.169437,1.28506e-06,1.13687e-13,0.0499875,1.201
107400,49.9989,49.9989,49.9989,0.227525,0.0596193,0.227525,0.16936,1.28317e-06,1.13687e-13,0.0499875,1.201
107460,49.9989,49.9989,49.9989,0.227404,0.0596052,0.227404,0.169283,1.28129e-06,1.13687e-13,0.0499875,1.201
107520,49.9989,49.9989,49.9989,0.227284,0.0595911,0.227284,0.169206,1.27941e-06,1.13687e-13,0.0499875,1.201
107580,49.9989,49.9989,49.9989,0.227163,0.059577,0.227163,0.16913,1.27753e-06,5.68434e-14,0.0499875,1.201
107640,49.9989,49.9989,49.9989,0.227043,0.059563,0.227043,0.169053,1.27566e-06,1.13687e-13,0.0499875,1.201
107700,49.9989,49.9989,49.9989,0.226923,0.059549,0.226923,0.168976,1.27379e-06,1.13687e-13,0.0499875,1.201
107760,49.9989,49.9989,49.9989,0.226804,0.059535,0.226804,0.1689,1.27193e-06,1.13687e-13,0.0499875,1.201
107820,49.9989,49.9989,49.9989,0.226684,0.059521,0.226684,0.168824,1.27007e-06,1.13687e-13,0.0499875,1.201
107880,49.9989,49.9989,49.9989,0.226565,0.0595071,0.226565,0.168748,1.26822e-06,5.68434e-14,0.0499875,1.201
107940,49.9989,49.9989,49.9989,0.226446,0.0594932,0.226446,0.168672,1.26637e-06,1.13687e-13,0.0499875,1.201
108000,49.9989,49.9989,49.9989,0.226327,0.0594794,0.226327,0.168596,1.26452e-06,1.13687e-13,0.0499875,1.201
108060,49.9989,49.9989,49.9989,0.226208,0.0594655,0.226208,0.16852,1.26268e-06,1.13687e-13,0.0499875,1.201
108120,49.9989,49.9989,49.9989,0.22609,0.0594517,0.22609,0.168444,1.26084e-06,1.13687e-13,0.0499875,1.201
108180,49.9989,49.9989,49.9989,0.225971,0.059438,0.225971,0.168369,1.25901e-06,5.68434e-14,0.0499875,1.201
108240,49.9989,49.9989,49.9989,0.225853,0.0594242,0.225853,0.168293,1.25717e-06,1.13687e-13,0.0499875,1.201
108300,49.9989,49.9989,49.9989,0.225735,0.0594105,0.225735,0.168218,1.25535e-06,1.13687e-13,0.0499875,1.201
108360,49.9989,49.9989,49.9989,0.225617,0.0593968,0.225617,0.168142,1.25353e-06,1.13687e-13,0.0499875,1.201
108420,49.9989,49.9989,49.9989,0.225499,0.0593832,0.225499,0.168067,1.25171e-06,1.13687e-13,0.0499875,1.201
108480,49.9989,49.9989,49.9989,0.225382,0.0593695,0.225382,0.167992,1.24989e-06,5.68434e-14,0.0499875,1.201
108540,49.9989,49.9989,49.9989,0.225265,0.059356,0.225265,0.167917,1.24808e-06,5.68434e-14,0.0499875,1.201
108600,49.9989,49.9989,49.9989,0.225147,0.0593424,0.225147,0.167842,1.24627e-06,1.13687e-13,0.0499875,1.201
108660,49.9989,49.9989,49.9989,0.22503,0.0593289,0.22503,0.167768,1.24447e-06,1.13687e-13,0.0499875,1.201
108720,49.9989,49.9989,49.9989,0.224914,0.0593154,0.224914,0.167693,1.24267e-06,1.13687e-13,0.0499875,1.201
108780,49.9989,49.9989,49.9989,0.224797,0.0593019,0.224797,0.167619,1.24088e-06,1.13687e-13,0.0499875,1.201
108840,49.9989,49.9989,49.9989,0.224681,0.0592884,0.224681,0.167544,1.23909e-06,1.13687e-13,0.0499875,1.201
108900,49.9989,49.9989,49.9989,0.224564,0.059275,0.224564,0.16747,1.2373e-06,1.13687e-13,0.0499875,1.201
108960,49.9989,49.9989,49.9989,0.224448,0.0592616,0.224448,0.167396,1.23552e-06,1.13687e-13,0.0499875,1.201
109020,49.9989,49.9989,49.9989,0.224332,0.0592483,0.224332,0.167322,1.23374e-06,1.13687e-13,0.0499875,1.201
109080,49.9989,49.9989,49.9989,0.224217,0.0592349,0.224217,0.167248,1.23196e-06,5.68434e-14,0.0499875,1.201
109140,49.9989,49.9989,49.9989,0.224101,0.0592216,0.224101,0.167174,1.23019e-06,1.13687e-13,0.0499875,1.201
109200,49.9989,49.9989,49.9989,0.223986,0.0592084,0.223986,0.1671,1.22842e-06,1.13687e-13,0.0499875,1.201
109260,49.9989,49.9989,49.9989,0.223871,0.0591951,0.223871,0.167026,1.22666e-06,1.13687e-13,0.0499875,1.201
109320,49.9989,49.9989,49.9989,0.223756,0.0591819,0.223756,0.166953,1.2249e-06,1.13687e-13,0.0499875,1.201
109380,49.9989,49.9989,49.9989,0.223641,0.0591687,0.223641,0.166879,1.22314e-06,1.13687e-13,0.0499875,1.201
109440,49.9989,49.9989,49.9989,0.223526,0.0591556,0.223526,0.166806,1.22139e-06,1.13687e-13,0.0499875,1.201
109500,49.9989,49.9989,49.9989,0.223411,0.0591424,0.223411,0.166733,1.21964e-06,1.13687e-13,0.0499875,1.201
109560,49.9989,49.9989,49.9989,0.223297,0.0591293,0.223297,0.16666,1.21789e-06,1.13687e-13,0.0499875,1.201
109620,49.9989,49.9989,49.9989,0.223183,0.0591163,0.223183,0.166587,1.21615e-06,5.68434e-14,0.0499875,1.201
109680,49.9989,49.9989,49.9989,0.223069,0.0591032,0.223069,0.166514,1.21441e-06,5.68434e-14,0.0499875,1.201
109740,49.9989,49.9989,49.9989,0.222955,0.0590902,0.222955,0.166441,1.21268e-06,1.13687e-13,0.0499875,1.201
109800,49.9989,49.9989,49.9989,0.222842,0.0590772,0.222842,0.166368,1.21095e-06,1.13687e-13,0.0499875,1.201
109860,49.9989,49.9989,49.9989,0.222728,0.0590642,0.222728,0.166296,1.20922e-06,1.13687e-13,0.0499875,1.201
109920,49.9989,49.9989,49.9989,0.222615,0.0590513,0.222615,0.166223,1.2075e-06,1.13687e-13,0.0499875,1.201
109980,49.9989,49.9989,49.9989,0.222502,0.0590384,0.222502,0.166151,1.20578e-06,1.13687e-13,0.0499875,1.201
110040,49.9989,49.9989,49.9989,0.222389,0.0590255,0.222389,0.166079,1.20406e-06,1.13687e-13,0.0499875,1.201
110100,49.9989,49.9989,49.9989,0.222276,0.0590127,0.222276,0.166006,1.20235e-06,1.13687e-13,0.0499875,1.201
110160,49.9989,49.9989,49.9989,0.222163,0.0589999,0.222163,0.165934,1.20064e-06,1.13687e-13,0.0499875,1.201
110220,49.9989,49.9989,49.9989,0.222051,0.0589871,0.222051,0.165862,1.19894e-06,1.13687e-13,0.0499875,1.201
110280,49.9989,49.9989,49.9989,0.221939,0.0589743,0.221939,0.16579,1.19724e-06,1.13687e-13,0.0499875,1.201
110340,49.9989,49.9989,49.9989,0.221826,0.0589615,0.221826,0.165719,1.19554e-06,1.13687e-13,0.0499875,1.201
110400,49.9989,49.9989,49.9989,0.221714,0.0589488,0.221714,0.165647,1.19384e-06,1.13687e-13,0.0499875,1.201
110460,49.9989,49.9989,49.9989,0.221603,0.0589361,0.221603,0.165575,1.19215e-06,1.13687e-13,0.0499875,1.201
110520,49.9989,49.9989,49.9989,0.221491,0.0589235,0.221491,0.165504,1.19047e-06,1.13687e-13,0.0499875,1.201
110580,49.9989,49.9989,49.9989,0.22138,0.0589109,0.22138,0.165432,1.18878e-06,1.13687e-13,0.0499875,1.201
110640,49.9989,49.9989,49.9989,0.221268,0.0588982,0.221268,0.165361,1.1871e-06,1.13687e-13,0.0499875,1.201
110700,49.9989,49.9989,49.9989,0.221157,0.0588857,0.221157,0.16529,1.18543e-06,1.13687e-13,0.0499875,1.201
110760,49.9989,49.9989,49.9989,0.221046,0.0588731,0.221046,0.165219,1.18376e-06,1.13687e-13,0.0499875,1.201
110820,49.9989,49.9989,49.9989,0.220935,0.0588606,0.220935,0.165148,1.18209e-06,5.68434e-14,0.0499875,1.201
110880,49.9989,49.9989,49.9989,0.220825,0.0588481,0.220825,0.165077,1.18042e-06,5.68434e-14,0.0499875,1.201
110940,49.9989,49.9989,49.9989,0.220714,0.0588356,0.220714,0.165006,1.17876e-06,1.13687e-13,0.0499875,1.201
111000,49.9989,49.9989,49.9989,0.220604,0.0588232,0.220604,0.164936,1.1771e-06,1.13687e-13,0.0499875,1.201
111060,49.9989,49.9989,49.9989,0.220494,0.0588107,0.220494,0.164865,1.17545e-06,1.13687e-13,0.0499875,1.201
111120,49.9989,49.9989,49.9989,0.220384,0.0587983,0.220384,0.164795,1.1738e-06,1.13687e-13,0.0499875,1.201
111180,49.9989,49.9989,49.9989,0.220274,0.058786,0.220274,0.164724,1.17215e-06,1.13687e-13,0.0499875,1.201
111240,49.9989,49.9989,49.9989,0.220165,0.0587736,0.220165,0.164654,1.1705e-06,1.13687e-13,0.0499875,1.201
111300,49.9989,49.9989,49.9989,0.220055,0.0587613,0.220055,0.164584,1.16886e-06,1.13687e-13,0.0499875,1.201
111360,49.9989,49.9989,49.9989,0.219946,0.058749,0.219946,0.164514,1.16723e-06,1.13687e-13,0.0499875,1.201
111420,49.9989,49.9989,49.9989,0.219837,0.0587368,0.219837,0.164444,1.16559e-06,1.13687e-13,0.0499875,1.201
111480,49.9989,49.9989,49.9989,0.219728,0.0587245,0.219728,0.164374,1.16396e-06,5.68434e-14,0.0499875,1.201
111540,49.9989,49.9989,49.9989,0.219619,0.0587123,0.219619,0.164304,1.16233e-06,1.13687e-13,0.0499875,1.201
111600,49.9989,49.9989,49.9989,0.21951,0.0587001,0.21951,0.164234,1.16071e-06,1.13687e-13,0.0499875,1.201
111660,49.9989,49.9989,49.9989,0.219402,0.058688,0.219402,0.164165,1.15909e-06,1.13687e-13,0.0499875,1.201
111720,49.9989,49.9989,49.9989,0.219293,0.0586758,0.219293,0.164095,1.15747e-06,1.13687e-13,0.0499875,1.201
111780,49.9989,49.9989,49.9989,0.219185,0.0586637,0.219185,0.164026,1.15586e-06,1.13687e-13,0.0499875,1.201
111840,49.9989,49.9989,49.9989,0.219077,0.0586516,0.219077,0.163957,1.15425e-06,1.13687e-13,0.0499875,1.201
111900,49.9989,49.9989,49.9989,0.218969,0.0586396,0.218969,0.163887,1.15264e-06,1.13687e-13,0.0499875,1.201
111960,49.9989,49.9989,49.9989,0.218861,0.0586275,0.218861,0.163818,1.15104e-06,1.13687e-13,0.0499875,1.201
112020,49.9989,49.9989,49.9989,0.218754,0.0586155,0.218754,0.163749,1.14944e-06,1.13687e-13,0.0499875,1.201
112080,49.9989,49.9989,49.9989,0.218646,0.0586036,0.218646,0.16368,1.14784e-06,5.68434e-14,0.0499875,1.201
112140,49.9989,49.9989,49.9989,0.218539,0.0585916,0.218539,0.163611,1.14625e-06,1.13687e-13,0.0499875,1.201
112200,49.9989,49.9989,49.9989,0.218432,0.0585797,0.218432,0.163543,1.14466e-06,1.13687e-13,0.0499875,1.201
112260,49.9989,49.9989,49.9989,0.218325,0.0585678,0.218325,0.163474,1.14308e-06,1.13687e-13,0.0499875,1.201
112320,49.9989,49.9989,49.9989,0.218218,0.0585559,0.218218,0.163406,1.14149e-06,1.13687e-13,0.0499875,1.201
112380,49.9989,49.9989,49.9989,0.218112,0.058544,0.218112,0.163337,1.13991e-06,1.13687e-13,0.0499875,1.201
112440,49.9989,49.9989,49.9989,0.218005,0.0585322,0.218005,0.163269,1.13834e-06,1.13687e-13,0.0499875,1.201
112500,49.9989,49.9989,49.9989,0.217899,0.0585204,0.217899,0.163201,1.13676e-06,1.13687e-13,0.0499875,1.201
112560,49.9989,49.9989,49.9989,0.217793,0.0585086,0.217793,0.163132,1.13519e-06,1.13687e-13,0.0499875,1.201
112620,49.9989,49.9989,49.9989,0.217687,0.0584968,0.217687,0.163064,1.13363e-06,1.13687e-13,0.0499875,1.201
112680,49.9989,49.9989,49.9989,0.217581,0.0584851,0.217581,0.162996,1.13206e-06,5.68434e-14,0.0499875,1.201
112740,49.9989,49.9989,49.9989,0.217475,0.0584734,0.217475,0.162928,1.1305e-06,1.13687e-13,0.0499875,1.201
112800,49.9989,49.9989,49.9989,0.21737,0.0584617,0.21737,0.162861,1.12894e-06,1.13687e-13,0.0499875,1.201
112860,49.9989,49.9989,49.9989,0.217264,0.05845,0.217264,0.162793,1.12739e-06,1.13687e-13,0.0499875,1.201
112920,49.9989,49.9989,49.9989,0.217159,0.0584384,0.217159,0.162725,1.12584e-06,1.13687e-13,0.0499875,1.201
112980,49.9989,49.9989,49.9989,0.217054,0.0584268,0.217054,0.162658,1.12429e-06,1.13687e-13,0.0499875,1.201
113040,49.9989,49.9989,49.9989,0.216949,0.0584152,0.216949,0.16259,1.12275e-06,1.13687e-13,0.0499875,1.201
113100,49.9989,49.9989,49.9989,0.216844,0.0584036,0.216844,0.162523,1.12121e-06,1.13687e-13,0.0499875,1.201
113160,49.9989,49.9989,49.9989,0.216739,0.0583921,0.216739,0.162456,1.11967e-06,1.13687e-13,0.0499875,1.201
113220,49.9989,49.9989,49.9989,0.216635,0.0583805,0.216635,0.162389,1.11814e-06,1.13687e-13,0.0499875,1.201
113280,49.9989,49.9989,49.9989,0.216531,0.0583691,0.216531,0.162322,1.1166e-06,1.13687e-13,0.0499875,1.201
113340,49.9989,49.9989,49.9989,0.216426,0.0583576,0.216426,0.162255,1.11508e-06,1.13687e-13,0.0499875,1.201
113400,49.9989,49.9989,49.9989,0.216322,0.0583461,0.216322,0.162188,1.11355e-06,1.13687e-13,0.0499875,1.201
113460,49.9989,49.9989,49.9989,0.216219,0.0583347,0.216219,0.162121,1.11203e-06,1.13687e-13,0.0499875,1.201
113520,49.9989,49.9989,49.9989,0.216115,0.0583233,0.216115,0.162054,1.11051e-06,1.13687e-13,0.0499875,1.201
113580,49.9989,49.9989,49.9989,0.216011,0.0583119,0.216011,0.161988,1.10899e-06,1.13687e-13,0.0499875,1.201
113640,49.9989,49.9989,49.9989,0.215908,0.0583006,0.215908,0.161921,1.10748e-06,1.13687e-13,0.0499875,1.201
113700,49.9989,49.9989,49.9989,0.215805,0.0582892,0.215805,0.161855,1.10597e-06,1.13687e-13,0.0499875,1.201
113760,49.9989,49.9989,49.9989,0.215701,0.0582779,0.215701,0.161789,1.10447e-06,1.13687e-13,0.0499875,1.201
113820,49.9989,49.9989,49.9989,0.215598,0.0582667,0.215598,0.161722,1.10296e-06,1.13687e-13,0.0499875,1.201
113880,49.9989,49.9989,49.9989,0.215496,0.0582554,0.215496,0.161656,1.10146e-06,1.13687e-13,0.0499875,1.201
113940,49.9989,49.9989,49.9989,0.215393,0.0582442,0.215393,0.16159,1.09997e-06,1.13687e-13,0.0499875,1.201
114000,49.9989,49.9989,49.9989,0.21529,0.0582329,0.21529,0.161524,1.09847e-06,1.13687e-13,0.0499875,1.201
114060,49.9989,49.9989,49.9989,0.215188,0.0582218,0.215188,0.161458,1.09698e-06,1.7053e-13,0.0499875,1.201
114120,49.9989,49.9989,49.9989,0.215086,0.0582106,0.215086,0.161393,1.09549e-06,1.7053e-13,0.0499875,1.201
114180,49.9989,49.9989,49.9989,0.214984,0.0581994,0.214984,0.161327,1.09401e-06,1.13687e-13,0.0499875,1.201
114240,49.9989,49.9989,49.9989,0.214882,0.0581883,0.214882,0.161261,1.09253e-06,1.13687e-13,0.0499875,1.201
114300,49.9989,49.9989,49.9989,0.21478,0.0581772,0.21478,0.161196,1.09105e-06,1.13687e-13,0.0499875,1.201
114360,49.9989,49.9989,49.9989,0.214678,0.0581661,0.214678,0.16113,1.08957e-06,1.13687e-13,0.0499875,1.201
114420,49.9989,49.9989,49.9989,0.214577,0.0581551,0.214577,0.161065,1.0881e-06,1.13687e-13,0.0499875,1.201
114480,49.9989,49.9989,49.9989,0.214475,0.0581441,0.214475,0.161,1.08663e-06,1.13687e-13,0.0499875,1.201
114540,49.9989,49.9989,49.9989,0.214374,0.058133,0.214374,0.160935,1.08516e-06,1.13687e-13,0.0499875,1.201
114600,49.9989,49.9989,49.9989,0.214273,0.0581221,0.214273,0.16087,1.0837e-06,1.13687e-13,0.0499875,1.201
114660,49.9989,49.9989,49.9989,0.214172,0.0581111,0.214172,0.160805,1.08224e-06,1.13687e-13,0.0499875,1.201
114720,49.9989,49.9989,49.9989,0.214071,0.0581002,0.214071,0.16074,1.08078e-06,1.13687e-13,0.0499875,1.201
114780,49.9989,49.9989,49.9989,0.21397,0.0580892,0.21397,0.160675,1.07933e-06,1.13687e-13,0.0499875,1.201
114840,49.9989,49.9989,49.9989,0.21387,0.0580783,0.21387,0.16061,1.07787e-06,1.13687e-13,0.0499875,1.201
114900,49.9989,49.9989,49.9989,0.21377,0.0580675,0.21377,0.160546,1.07643e-06,1.13687e-13,0.0499875,1.201
114960,49.9989,49.9989,49.9989,0.213669,0.0580566,0.213669,0.160481,1.07498e-06,1.13687e-13,0.0499875,1.201
115020,49.9989,49.9989,49.9989,0.213569,0.0580458,0.213569,0.160417,1.07354e-06,1.13687e-13,0.0499875,1.201
115080,49.9989,49.9989,49.9989,0.213469,0.058035,0.213469,0.160352,1.0721e-06,1.13687e-13,0.0499875,1.201
115140,49.9989,49.9989,49.9989,0.213369,0.0580242,0.213369,0.160288,1.07066e-06,1.13687e-13,0.0499875,1.201
115200,49.9989,49.9989,49.9989,0.21327,0.0580134,0.21327,0.160224,1.06922e-06,1.13687e-13,0.0499875,1.201
115260,49.9989,49.9989,49.9989,0.21317,0.0580027,0.21317,0.16016,1.06779e-06,1.13687e-13,0.0499875,1.201
115320,49.9989,49.9989,49.9989,0.213071,0.0579919,0.213071,0.160096,1.06637e-06,1.13687e-13,0.0499875,1.201
115380,49.9989,49.9989,49.9989,0.212972,0.0579812,0.212972,0.160032,1.06494e-06,1.13687e-13,0.0499875,1.201
115440,49.9989,49.9989,49.9989,0.212872,0.0579706,0.212872,0.159968,1.06352e-06,1.13687e-13,0.0499875,1.201
115500,49.9989,49.9989,49.9989,0.212774,0.0579599,0.212774,0.159904,1.0621e-06,1.13687e-13,0.0499875,1.201
115560,49.9989,49.9989,49.9989,0.212675,0.0579493,0.212675,0.15984,1.06068e-06,1.13687e-13,0.0499875,1.201
115620,49.9989,49.9989,49.9989,0.212576,0.0579387,0.212576,0.159777,1.05927e-06,1.13687e-13,0.0499875,1.201
115680,49.9989,49.9989,49.9989,0.212477,0.0579281,0.212477,0.159713,1.05786e-06,1.13687e-13,0.0499875,1.201
115740,49.9989,49.9989,49.9989,0.212379,0.0579175,0.212379,0.15965,1.05645e-06,1.13687e-13,0.0499875,1.201
115800,49.9989,49.9989,49.9989,0.212281,0.0579069,0.212281,0.159587,1.05504e-06,1.13687e-13,0.0499875,1.201
115860,49.9989,49.9989,49.9989,0.212183,0.0578964,0.212183,0.159523,1.05364e-06,1.13687e-13,0.0499875,1.201
115920,49.9989,49.9989,49.9989,0.212085,0.0578859,0.212085,0.15946,1.05224e-06,1.13687e-13,0.0499875,1.201
115980,49.9989,49.9989,49.9989,0.211987,0.0578754,0.211987,0.159397,1.05084e-06,1.13687e-13,0.0499875,1.201
116040,49.9989,49.9989,49.9989,0.211889,0.057865,0.211889,0.159334,1.04945e-06,1.13687e-13,0.0499875,1.201
116100,49.9989,49.9989,49.9989,0.211791,0.0578545,0.211791,0.159271,1.04806e-06,1.13687e-13,0.0499875,1.201
116160,49.9989,49.9989,49.9989,0.211694,0.0578441,0.211694,0.159208,1.04667e-06,1.13687e-13,0.0499875,1.201
116220,49.9989,49.9989,49.9989,0.211597,0.0578337,0.211597,0.159145,1.04528e-06,1.13687e-13,0.0499875,1.201
116280,49.9989,49.9989,49.9989,0.211499,0.0578233,0.211499,0.159083,1.0439e-06,1.13687e-13,0.0499875,1.201
116340,49.9989,49.9989,49.9989,0.211402,0.0578129,0.211402,0.15902,1.04252e-06,1.13687e-13,0.0499875,1.201
116400,49.9989,49.9989,49.9989,0.211305,0.0578026,0.211305,0.158958,1.04114e-06,1.13687e-13,0.0499875,1.201
116460,49.9989,49.9989,49.9989,0.211209,0.0577923,0.211209,0.158895,1.03977e-06,1.7053e-13,0.0499875,1.201
116520,49.9989,49.9989,49.9989,0.211112,0.057782,0.211112,0.158833,1.03839e-06,1.7053e-13,0.0499875,1.201
116580,49.9989,49.9989,49.9989,0.211016,0.0577717,0.211016,0.158771,1.03702e-06,1.7053e-13,0.0499875,1.201
116640,49.9989,49.9989,49.9989,0.210919,0.0577614,0.210919,0.158709,1.03566e-06,2.27374e-13,0.0499875,1.201
116700,49.9989,49.9989,49.9989,0.210823,0.0577512,0.210823,0.158646,1.03429e-06,1.7053e-13,0.0499875,1.201
116760,49.9989,49.9989,49.9989,0.210727,0.057741,0.210727,0.158584,1.03293e-06,1.7053e-13,0.0499875,1.201
116820,49.9989,49.9989,49.9989,0.210631,0.0577308,0.210631,0.158522,1.03157e-06,1.13687e-13,0.0499875,1.201
116880,49.9989,49.9989,49.9989,0.210535,0.0577206,0.210535,0.158461,1.03022e-06,1.13687e-13,0.0499875,1.201
116940,49.9989,49.9989,49.9989,0.210439,0.0577105,0.210439,0.158399,1.02887e-06,1.13687e-13,0.0499875,1.201
117000,49.9989,49.9989,49.9989,0.210344,0.0577003,0.210344,0.158337,1.02751e-06,1.7053e-13,0.0499875,1.201
117060,49.9989,49.9989,49.9989,0.210248,0.0576902,0.210248,0.158276,1.02617e-06,1.7053e-13,0.0499875,1.201
117120,49.9989,49.9989,49.9989,0.210153,0.0576801,0.210153,0.158214,1.02482e-06,1.7053e-13,0.0499875,1.201
117180,49.9989,49.9989,49.9989,0.210058,0.05767,0.210058,0.158153,1.02348e-06,1.7053e-13,0.0499875,1.201
117240,49.9989,49.9989,49.9989,0.209963,0.05766,0.209963,0.158091,1.02214e-06,1.7053e-13,0.0499875,1.201
117300,49.9989,49.9989,49.9989,0.209868,0.0576499,0.209868,0.15803,1.0208e-06,1.7053e-13,0.0499875,1.201
117360,49.9989,49.9989,49.9989,0.209773,0.0576399,0.209773,0.157969,1.01947e-06,1.7053e-13,0.0499875,1.201
117420,49.9989,49.9989,49.9989,0.209678,0.0576299,0.209678,0.157908,1.01814e-06,1.13687e-13,0.0499875,1.201
117480,49.9989,49.9989,49.9989,0.209584,0.05762,0.209584,0.157847,1.01681e-06,1.13687e-13,0.0499875,1.201
117540,49.9989,49.9989,49.9989,0.209489,0.05761,0.209489,0.157786,1.01548e-06,1.13687e-13,0.0499875,1.201
117600,49.9989,49.9989,49.9989,0.209395,0.0576001,0.209395,0.157725,1.01416e-06,1.13687e-13,0.0499875,1.201
117660,49.9989,49.9989,49.9989,0.209301,0.0575901,0.209301,0.157664,1.01284e-06,1.13687e-13,0.0499875,1.201
117720,49.9989,49.9989,49.9989,0.209207,0.0575802,0.209207,0.157603,1.01152e-06,1.13687e-13,0.0499875,1.201
117780,49.9989,49.9989,49.9989,0.209113,0.0575704,0.209113,0.157542,1.0102e-06,1.7053e-13,0.0499875,1.201
117840,49.9989,49.9989,49.9989,0.209019,0.0575605,0.209019,0.157482,1.00889e-06,1.7053e-13,0.0499875,1.201
117900,49.9989,49.9989,49.9989,0.208926,0.0575507,0.208926,0.157421,1.00758e-06,1.7053e-13,0.0499875,1.201
117960,49.9989,49.9989,49.9989,0.208832,0.0575409,0.208832,0.157361,1.00627e-06,1.7053e-13,0.0499875,1.201
118020,49.9989,49.9989,49.9989,0.208739,0.0575311,0.208739,0.157301,1.00496e-06,1.13687e-13,0.0499875,1.201
118080,49.9989,49.9989,49.9989,0.208646,0.0575213,0.208646,0.15724,1.00366e-06,1.13687e-13,0.0499875,1.201
118140,49.9989,49.9989,49.9989,0.208552,0.0575115,0.208552,0.15718,1.00236e-06,1.13687e-13,0.0499875,1.201
118200,49.9989,49.9989,49.9989,0.208459,0.0575018,0.208459,0.15712,1.00106e-06,1.13687e-13,0.0499875,1.201
118260,49.9989,49.9989,49.9989,0.208367,0.057492,0.208367,0.15706,9.99767e-07,1.13687e-13,0.0499875,1.201
118320,49.9989,49.9989,49.9989,0.208274,0.0574823,0.208274,0.157,9.98474e-07,1.7053e-13,0.0499875,1.201
118380,49.9989,49.9989,49.9989,0.208181,0.0574727,0.208181,0.15694,9.97184e-07,1.7053e-13,0.0499875,1.201
118440,49.9989,49.9989,49.9989,0.208089,0.057463,0.208089,0.15688,9.95896e-07,1.7053e-13,0.0499875,1.201
118500,49.9989,49.9989,49.9989,0.207996,0.0574533,0.207996,0.156821,9.9461e-07,1.7053e-13,0.0499875,1.201
118560,49.9989,49.9989,49.9989,0.207904,0.0574437,0.207904,0.156761,9.93328e-07,1.7053e-13,0.0499875,1.201
118620,49.9989,49.9989,49.9989,0.207812,0.0574341,0.207812,0.156702,9.92047e-07,1.13687e-13,0.0499875,1.201
118680,49.9989,49.9989,49.9989,0.20772,0.0574245,0.20772,0.156642,9.9077e-07,1.13687e-13,0.0499875,1.201
118740,49.9989,49.9989,49.9989,0.207628,0.0574149,0.207628,0.156583,9.89494e-07,1.13687e-13,0.0499875,1.201
118800,49.9989,49.9989,49.9989,0.207536,0.0574054,0.207536,0.156523,9.88222e-07,1.13687e-13,0.0499875,1.201
118860,49.9989,49.9989,49.9989,0.207445,0.0573958,0.207445,0.156464,9.86951e-07,1.13687e-13,0.0499875,1.201
118920,49.9989,49.9989,49.9989,0.207353,0.0573863,0.207353,0.156405,9.85683e-07,1.13687e-13,0.0499875,1.201
118980,49.9989,49.9989,49.9989,0.207262,0.0573768,0.207262,0.156346,9.84418e-07,1.7053e-13,0.0499875,1.201
119040,49.9989,49.9989,49.9989,0.207171,0.0573674,0.207171,0.156287,9.83155e-07,1.7053e-13,0.0499875,1.201
119100,49.9989,49.9989,49.9989,0.20708,0.0573579,0.20708,0.156228,9.81895e-07,1.7053e-13,0.0499875,1.201
119160,49.9989,49.9989,49.9989,0.206989,0.0573484,0.206989,0.156169,9.80637e-07,1.7053e-13,0.0499875,1.201
119220,49.9989,49.9989,49.9989,0.206898,0.057339,0.206898,0.15611,9.79381e-07,1.13687e-13,0.0499875,1.201
119280,49.9989,49.9989,49.9989,0.206807,0.0573296,0.206807,0.156051,9.78128e-07,1.13687e-13,0.0499875,1.201
119340,49.9989,49.9989,49.9989,0.206716,0.0573202,0.206716,0.155993,9.76878e-07,1.7053e-13,0.0499875,1.201
119400,49.9989,49.9989,49.9989,0.206626,0.0573109,0.206626,0.155934,9.75629e-07,1.7053e-13,0.0499875,1.201
119460,49.9989,49.9989,49.9989,0.206535,0.0573015,0.206535,0.155876,9.74384e-07,1.7053e-13,0.0499875,1.201
119520,49.9989,49.9989,49.9989,0.206445,0.0572922,0.206445,0.155817,9.7314e-07,1.7053e-13,0.0499875,1.201
119580,49.9989,49.9989,49.9989,0.206355,0.0572829,0.206355,0.155759,9.71899e-07,1.7053e-13,0.0499875,1.201
119640,49.9989,49.9989,49.9989,0.206265,0.0572736,0.206265,0.155701,9.70661e-07,1.7053e-13,0.0499875,1.201
119700,49.9989,49.9989,49.9989,0.206175,0.0572643,0.206175,0.155642,9.69425e-07,1.7053e-13,0.0499875,1.201
119760,49.9989,49.9989,49.9989,0.206085,0.057255,0.206085,0.155584,9.68191e-07,1.13687e-13,0.0499875,1.201
119820,49.9989,49.9989,49.9989,0.205996,0.0572458,0.205996,0.155526,9.66959e-07,1.13687e-13,0.0499875,1.201
119880,49.9989,49.9989,49.9989,0.205906,0.0572366,0.205906,0.155468,9.6573e-07,1.13687e-13,0.0499875,1.201
119940,49.9989,49.9989,49.9989,0.205817,0.0572273,0.205817,0.15541,9.64504e-07,1.7053e-13,0.0499875,1.201
120000,49.9989,49.9989,49.9989,0.205727,0.0572182,0.205727,0.155353,9.63279e-07,1.7053e-13,0.0499875,1.201
120060,49.9989,49.9989,49.9989,0.205638,0.057209,0.205638,0.155295,9.62057e-07,1.7053e-13,0.0499875,1.201
120120,49.9989,49.9989,49.9989,0.205549,0.0571998,0.205549,0.155237,9.60838e-07,2.27374e-13,0.0499875,1.201
120180,49.9989,49.9989,49.9989,0.20546,0.0571907,0.20546,0.155179,9.59621e-07,2.27374e-13,0.0499875,1.201
120240,49.9989,49.9989,49.9989,0.205371,0.0571816,0.205371,0.155122,9.58406e-07,2.27374e-13,0.0499875,1.201
120300,49.9989,49.9989,49.9989,0.205283,0.0571725,0.205283,0.155064,9.57193e-07,2.27374e-13,0.0499875,1.201
120360,49.9989,49.9989,49.9989,0.205194,0.0571634,0.205194,0.155007,9.55983e-07,2.27374e-13,0.0499875,1.201
120420,49.9989,49.9989,49.9989,0.205106,0.0571543,0.205106,0.15495,9.54775e-07,1.7053e-13,0.0499875,1.201
120480,49.9989,49.9989,49.9989,0.205017,0.0571453,0.205017,0.154892,9.5357e-07,1.7053e-13,0.0499875,1.201
120540,49.9989,49.9989,49.9989,0.204929,0.0571362,0.204929,0.154835,9.52366e-07,1.7053e-13,0.0499875,1.201
120600,49.9989,49.9989,49.9989,0.204841,0.0571272,0.204841,0.154778,9.51165e-07,1.7053e-13,0.0499875,1.201
120660,49.9989,49.9989,49.9989,0.204753,0.0571182,0.204753,0.154721,9.49967e-07,1.7053e-13,0.0499875,1.201
120720,49.9989,49.9989,49.9989,0.204665,0.0571092,0.204665,0.154664,9.4877e-07,2.27374e-13,0.0499875,1.201
120780,49.9989,49.9989,49.9989,0.204577,0.0571003,0.204577,0.154607,9.47576e-07,2.27374e-13,0.0499875,1.201
120840,49.9989,49.9989,49.9989,0.20449,0.0570913,0.20449,0.15455,9.46385e-07,2.27374e-13,0.0499875,1.201
120900,49.9989,49.9989,49.9989,0.204402,0.0570824,0.204402,0.154494,9.45195e-07,2.27374e-13,0.0499875,1.201
120960,49.9989,49.9989,49.9989,0.204315,0.0570735,0.204315,0.154437,9.44008e-07,2.27374e-13,0.0499875,1.201
121020,49.9989,49.9989,49.9989,0.204227,0.0570646,0.204227,0.15438,9.42823e-07,1.7053e-13,0.0499875,1.201
121080,49.9989,49.9989,49.9989,0.20414,0.0570557,0.20414,0.154324,9.4164e-07,1.13687e-13,0.0499875,1.201
121140,49.9989,49.9989,49.9989,0.204053,0.0570469,0.204053,0.154267,9.4046e-07,1.13687e-13,0.0499875,1.201
121200,49.9989,49.9989,49.9989,0.203966,0.057038,0.203966,0.154211,9.39282e-07,1.7053e-13,0.0499875,1.201
121260,49.9989,49.9989,49.9989,0.203879,0.0570292,0.203879,0.154155,9.38106e-07,1.7053e-13,0.0499875,1.201
121320,49.9989,49.9989,49.9989,0.203793,0.0570204,0.203793,0.154099,9.36932e-07,1.7053e-13,0.0499875,1.201
121380,49.9989,49.9989,49.9989,0.203706,0.0570116,0.203706,0.154042,9.3576e-07,1.7053e-13,0.0499875,1.201
121440,49.9989,49.9989,49.9989,0.20362,0.0570028,0.20362,0.153986,9.34591e-07,1.7053e-13,0.0499875,1.201
121500,49.9989,49.9989,49.9989,0.203533,0.0569941,0.203533,0.15393,9.33424e-07,1.7053e-13,0.0499875,1.201
121560,49.9989,49.9989,49.9989,0.203447,0.0569853,0.203447,0.153874,9.32259e-07,1.7053e-13,0.0499875,1.201
121620,49.9989,49.9989,49.9989,0.203361,0.0569766,0.203361,0.153818,9.31097e-07,1.7053e-13,0.0499875,1.201
121680,49.9989,49.9989,49.9989,0.203275,0.0569679,0.203275,0.153762,9.29936e-07,1.7053e-13,0.0499875,1.201
121740,49.9989,49.9989,49.9989,0.203189,0.0569592,0.203189,0.153707,9.28778e-07,1.7053e-13,0.0499875,1.201
121800,49.9989,49.9989,49.9989,0.203103,0.0569505,0.203103,0.153651,9.27622e-07,1.7053e-13,0.0499875,1.201
121860,49.9989,49.9989,49.9989,0.203017,0.0569418,0.203017,0.153595,9.26468e-07,1.7053e-13,0.0499875,1.201
121920,49.9989,49.9989,49.9989,0.202932,0.0569332,0.202932,0.15354,9.25317e-07,1.7053e-13,0.0499875,1.201
121980,49.9989,49.9989,49.9989,0.202846,0.0569246,0.202846,0.153484,9.24167e-07,1.7053e-13,0.0499875,1.201
122040,49.9989,49.9989,49.9989,0.202761,0.056916,0.202761,0.153429,9.2302e-07,1.7053e-13,0.0499875,1.201
122100,49.9989,49.9989,49.9989,0.202676,0.0569074,0.202676,0.153374,9.21875e-07,1.7053e-13,0.0499875,1.201
122160,49.9989,49.9989,49.9989,0.20259,0.0568988,0.20259,0.153318,9.20732e-07,1.7053e-13,0.0499875,1.201
122220,49.9989,49.9989,49.9989,0.202505,0.0568902,0.202505,0.153263,9.19591e-07,1.7053e-13,0.0499875,1.201
122280,49.9989,49.9989,49.9989,0.20242,0.0568817,0.20242,0.153208,9.18453e-07,1.13687e-13,0.0499875,1.201
122340,49.9989,49.9989,49.9989,0.202336,0.0568731,0.202336,0.153153,9.17316e-07,1.7053e-13,0.0499875,1.201
122400,49.9989,49.9989,49.9989,0.202251,0.0568646,0.202251,0.153098,9.16182e-07,1.7053e-13,0.0499875,1.201
122460,49.9989,49.9989,49.9989,0.202166,0.0568561,0.202166,0.153043,9.1505e-07,1.7053e-13,0.0499875,1.201
122520,49.9989,49.9989,49.9989,0.202082,0.0568476,0.202082,0.152988,9.13919e-07,1.7053e-13,0.0499875,1.201
122580,49.9989,49.9989,49.9989,0.201997,0.0568392,0.201997,0.152933,9.12791e-07,1.7053e-13,0.0499875,1.201
122640,49.9989,49.9989,49.9989,0.201913,0.0568307,0.201913,0.152879,9.11666e-07,1.7053e-13,0.0499875,1.201
122700,49.9989,49.9989,49.9989,0.201829,0.0568223,0.201829,0.152824,9.10542e-07,1.7053e-13,0.0499875,1.201
122760,49.9989,49.9989,49.9989,0.201745,0.0568139,0.201745,0.152769,9.0942e-07,1.7053e-13,0.0499875,1.201
122820,49.9989,49.9989,49.9989,0.201661,0.0568055,0.201661,0.152715,9.08301e-07,1.13687e-13,0.0499875,1.201
122880,49.9989,49.9989,49.9989,0.201577,0.0567971,0.201577,0.15266,9.07183e-07,1.13687e-13,0.0499875,1.201
122940,49.9989,49.9989,49.9989,0.201493,0.0567887,0.201493,0.152606,9.06068e-07,1.7053e-13,0.0499875,1.201
123000,49.9989,49.9989,49.9989,0.20141,0.0567804,0.20141,0.152552,9.04955e-07,1.7053e-13,0.0499875,1.201
123060,49.9989,49.9989,49.9989,0.201326,0.056772,0.201326,0.152497,9.03844e-07,1.7053e-13,0.0499875,1.201
123120,49.9989,49.9989,49.9989,0.201243,0.0567637,0.201243,0.152443,9.02735e-07,1.7053e-13,0.0499875,1.201
123180,49.9989,49.9989,49.9989,0.20116,0.0567554,0.20116,0.152389,9.01628e-07,1.7053e-13,0.0499875,1.201
123240,49.9989,49.9989,49.9989,0.201076,0.0567471,0.201076,0.152335,9.00523e-07,1.7053e-13,0.0499875,1.201
123300,49.9989,49.9989,49.9989,0.200993,0.0567388,0.200993,0.152281,8.9942e-07,1.7053e-13,0.0499875,1.201
123360,49.9989,49.9989,49.9989,0.20091,0.0567305,0.20091,0.152227,8.98319e-07,1.7053e-13,0.0499875,1.201
123420,49.9989,49.9989,49.9989,0.200828,0.0567223,0.200828,0.152173,8.9722e-07,1.7053e-13,0.0499875,1.201
123480,49.9989,49.9989,49.9989,0.200745,0.0567141,0.200745,0.152119,8.96124e-07,1.13687e-13,0.0499875,1.201
123540,49.9989,49.9989,49.9989,0.200662,0.0567059,0.200662,0.152066,8.95029e-07,1.7053e-13,0.0499875,1.201
123600,49.9989,49.9989,49.9989,0.20058,0.0566976,0.20058,0.152012,8.93936e-07,1.7053e-13,0.0499875,1.201
123660,49.9989,49.9989,49.9989,0.200497,0.0566895,0.200497,0.151958,8.92846e-07,1.7053e-13,0.0499875,1.201
123720,49.9989,49.9989,49.9989,0.200415,0.0566813,0.200415,0.151905,8.91757e-07,2.27374e-13,0.0499875,1.201
123780,49.9989,49.9989,49.9989,0.200333,0.0566731,0.200333,0.151851,8.90671e-07,2.27374e-13,0.0499875,1.201
123840,49.9989,49.9989,49.9989,0.20025,0.056665,0.20025,0.151798,8.89586e-07,2.27374e-13,0.0499875,1.201
123900,49.9989,49.9989,49.9989,0.200168,0.0566569,0.200168,0.151745,8.88503e-07,2.27374e-13,0.0499875,1.201
123960,49.9989,49.9989,49.9989,0.200087,0.0566488,0.200087,0.151691,8.87423e-07,1.7053e-13,0.0499875,1.201
124020,49.9989,49.9989,49.9989,0.200005,0.0566407,0.200005,0.151638,8.86344e-07,1.7053e-13,0.0499875,1.201
124080,49.9989,49.9989,49.9989,0.199923,0.0566326,0.199923,0.151585,8.85268e-07,1.13687e-13,0.0499875,1.201
124140,49.9989,49.9989,49.9989,0.199841,0.0566245,0.199841,0.151532,8.84193e-07,1.7053e-13,0.0499875,1.201
124200,49.9989,49.9989,49.9989,0.19976,0.0566165,0.19976,0.151479,8.83122e-07,1.13687e-13,0.0499875,1.201
124260,49.9989,49.9989,49.9989,0.199679,0.0566085,0.199679,0.151426,8.8209e-07,2.27374e-13,0.0499875,1.20097
124320,49.9989,49.9989,49.9989,0.199597,0.0566007,0.199597,0.151373,8.81065e-07,2.27374e-13,0.0499875,1.20093
124380,49.9989,49.9989,49.9989,0.199516,0.0565928,0.199516,0.15132,8.80043e-07,1.7053e-13,0.0499875,1.2009
124440,49.9989,49.9989,49.9989,0.199435,0.056585,0.199435,0.151267,8.79024e-07,1.7053e-13,0.0499875,1.20087
124500,49.9989,49.9989,49.9989,0.199354,0.0565772,0.199354,0.151215,8.78008e-07,1.13687e-13,0.0499875,1.20083
124560,49.9989,49.9989,49.9989,0.199273,0.0565694,0.199273,0.151162,8.76993e-07,1.7053e-13,0.0499875,1.2008
124620,49.9989,49.9989,49.9989,0.199192,0.0565616,0.199192,0.151109,8.7598e-07,1.13687e-13,0.0499875,1.20077
124680,49.9989,49.9989,49.9989,0.199112,0.0565538,0.199112,0.151057,8.7497e-07,1.13687e-13,0.0499875,1.20073
124740,49.9989,49.9989,49.9989,0.199031,0.0565461,0.199031,0.151004,8.73961e-07,1.13687e-13,0.0499875,1.2007
124800,49.9989,49.9989,49.9989,0.198951,0.0565383,0.198951,0.150952,8.72954e-07,1.13687e-13,0.0499875,1.20067
124860,49.9989,49.9989,49.9989,0.19887,0.0565306,0.19887,0.1509,8.71949e-07,2.27374e-13,0.0499875,1.20063
124920,49.9989,49.9989,49.9989,0.19879,0.0565229,0.19879,0.150847,8.70946e-07,2.84217e-13,0.0499875,1.2006
124980,49.9989,49.9989,49.9989,0.19871,0.0565152,0.19871,0.150795,8.69945e-07,1.7053e-13,0.0499875,1.20057
125040,49.9989,49.9989,49.9989,0.198629,0.0565075,0.198629,0.150743,8.68945e-07,1.13687e-13,0.0499875,1.20053
125100,49.9989,49.9989,49.9989,0.198549,0.0564999,0.198549,0.150691,8.67947e-07,1.13687e-13,0.0499875,1.2005
125160,49.9989,49.9989,49.9989,0.19847,0.0564922,0.19847,0.150639,8.66952e-07,5.68434e-14,0.0499875,1.20047
125220,49.9989,49.9989,49.9989,0.19839,0.0564846,0.19839,0.150587,8.65957e-07,1.13687e-13,0.0499875,1.20043
125280,49.9989,49.9989,49.9989,0.19831,0.0564769,0.19831,0.150535,8.64965e-07,1.13687e-13,0.0499875,1.2004
125340,49.9989,49.9989,49.9989,0.19823,0.0564693,0.19823,0.150483,8.63975e-07,5.68434e-14,0.0499875,1.20037
125400,49.9989,49.9989,49.9989,0.198151,0.0564617,0.198151,0.150431,8.62986e-07,1.13687e-13,0.0499875,1.20033
125460,49.9989,49.9989,49.9989,0.198071,0.0564541,0.198071,0.150379,8.61999e-07,1.13687e-13,0.0499875,1.2003
125520,49.9989,49.9989,49.9989,0.197992,0.0564466,0.197992,0.150328,8.61014e-07,1.7053e-13,0.0499875,1.20027
125580,49.9989,49.9989,49.9989,0.197913,0.056439,0.197913,0.150276,8.6003e-07,1.7053e-13,0.0499875,1.20023
125640,49.9989,49.9989,49.9989,0.197834,0.0564315,0.197834,0.150225,8.59048e-07,1.7053e-13,0.0499875,1.2002
125700,49.9989,49.9989,49.9989,0.197755,0.0564239,0.197755,0.150173,8.58068e-07,2.27374e-13,0.0499875,1.20017
125760,49.9989,49.9989,49.9989,0.197676,0.0564164,0.197676,0.150122,8.5709e-07,2.27374e-13,0.0499875,1.20013
125820,49.9989,49.9989,49.9989,0.197597,0.0564089,0.197597,0.15007,8.56114e-07,2.27374e-13,0.0499875,1.2001
125880,49.9989,49.9989,49.9989,0.197518,0.0564014,0.197518,0.150019,8.55139e-07,1.7053e-13,0.0499875,1.20007
125940,49.9989,49.9989,49.9989,0.197439,0.056394,0.197439,0.149968,8.54166e-07,1.13687e-13,0.0499875,1.20003
126000,49.9989,49.9989,49.9989,0.197361,0.0563865,0.197361,0.149916,8.53192e-07,5.68434e-14,0.0499875,1.2
126060,49.9989,49.9989,49.9989,0.197282,0.056379,0.197282,0.149865,8.52189e-07,5.68434e-14,0.0499875,1.2
126120,49.9989,49.9989,49.9989,0.197204,0.0563714,0.197204,0.149814,8.51177e-07,1.13687e-13,0.0499875,1.2
126180,49.9989,49.9989,49.9989,0.197126,0.0563638,0.197126,0.149763,8.50166e-07,1.13687e-13,0.0499875,1.2
126240,49.9989,49.9989,49.9989,0.197047,0.0563562,0.197047,0.149712,8.49157e-07,1.13687e-13,0.0499875,1.2
126300,49.9989,49.9989,49.9989,0.196969,0.0563487,0.196969,0.149661,8.4815e-07,5.68434e-14,0.0499875,1.2
126360,49.9989,49.9989,49.9989,0.196891,0.0563411,0.196891,0.14961,8.47144e-07,1.13687e-13,0.0499875,1.2
126420,49.9989,49.9989,49.9989,0.196813,0.0563336,0.196813,0.14956,8.4614e-07,5.68434e-14,0.0499875,1.2
126480,49.9989,49.9989,49.9989,0.196736,0.0563261,0.196736,0.149509,8.45138e-07,1.13687e-13,0.0499875,1.2
126540,49.9989,49.9989,49.9989,0.196658,0.0563186,0.196658,0.149458,8.44137e-07,1.13687e-13,0.0499875,1.2
126600,49.9989,49.9989,49.9989,0.19658,0.0563111,0.19658,0.149407,8.43138e-07,5.68434e-14,0.0499875,1.2
126660,49.9989,49.9989,49.9989,0.196503,0.0563036,0.196503,0.149357,8.4214e-07,1.13687e-13,0.0499875,1.2
126720,49.9989,49.9989,49.9989,0.196425,0.0562961,0.196425,0.149306,8.41145e-07,5.68434e-14,0.0499875,1.2
126780,49.9989,49.9989,49.9989,0.196348,0.0562887,0.196348,0.149256,8.40151e-07,5.68434e-14,0.0499875,1.2
126840,49.9989,49.9989,49.9989,0.196271,0.0562812,0.196271,0.149206,8.39159e-07,5.68434e-14,0.0499875,1.2
126900,49.9989,49.9989,49.9989,0.196194,0.0562738,0.196194,0.149155,8.38168e-07,5.68434e-14,0.0499875,1.2
126960,49.9989,49.9989,49.9989,0.196117,0.0562664,0.196117,0.149105,8.37179e-07,5.68434e-14,0.0499875,1.2
127020,49.9989,49.9989,49.9989,0.19604,0.056259,0.19604,0.149055,8.36192e-07,5.68434e-14,0.0499875,1.2
127080,49.9989,49.9989,49.9989,0.195963,0.0562516,0.195963,0.149005,8.35207e-07,1.13687e-13,0.0499875,1.2
127140,49.9989,49.9989,49.9989,0.195886,0.0562442,0.195886,0.148955,8.34224e-07,1.13687e-13,0.0499875,1.2
127200,49.9989,49.9989,49.9989,0.195809,0.0562369,0.195809,0.148905,8.33242e-07,5.68434e-14,0.0499875,1.2
127260,49.9989,49.9989,49.9989,0.195733,0.0562295,0.195733,0.148855,8.32262e-07,5.68434e-14,0.0499875,1.2
127320,49.9989,49.9989,49.9989,0.195656,0.0562222,0.195656,0.148805,8.31284e-07,1.13687e-13,0.0499875,1.2
127380,49.9989,49.9989,49.9989,0.19558,0.0562148,0.19558,0.148755,8.30307e-07,1.13687e-13,0.0499875,1.2
127440,49.9989,49.9989,49.9989,0.195504,0.0562075,0.195504,0.148705,8.29332e-07,1.13687e-13,0.0499875,1.2
127500,49.9989,49.9989,49.9989,0.195428,0.0562002,0.195428,0.148655,8.28359e-07,1.13687e-13,0.0499875,1.2
127560,49.9989,49.9989,49.9989,0.195351,0.056193,0.195351,0.148606,8.27388e-07,1.13687e-13,0.0499875,1.2
127620,49.9989,49.9989,49.9989,0.195275,0.0561857,0.195275,0.148556,8.26419e-07,5.68434e-14,0.0499875,1.2
127680,49.9989,49.9989,49.9989,0.1952,0.0561784,0.1952,0.148506,8.25451e-07,5.68434e-14,0.0499875,1.2
127740,49.9989,49.9989,49.9989,0.195124,0.0561712,0.195124,0.148457,8.24485e-07,1.13687e-13,0.0499875,1.2
127800,49.9989,49.9989,49.9989,0.195048,0.0561639,0.195048,0.148408,8.2352e-07,1.13687e-13,0.0499875,1.2
127860,49.9989,49.9989,49.9989,0.194972,0.0561567,0.194972,0.148358,8.22557e-07,1.13687e-13,0.0499875,1.2
127920,49.9989,49.9989,49.9989,0.194897,0.0561495,0.194897,0.148309,8.21596e-07,1.13687e-13,0.0499875,1.2
127980,49.9989,49.9989,49.9989,0.194822,0.0561423,0.194822,0.14826,8.20637e-07,5.68434e-14,0.0499875,1.2
128040,49.9989,49.9989,49.9989,0.194746,0.0561351,0.194746,0.14821,8.1968e-07,5.68434e-14,0.0499875,1.2
128100,49.9989,49.9989,49.9989,0.194671,0.056128,0.194671,0.148161,8.18724e-07,1.13687e-13,0.0499875,1.2
128160,49.9989,49.9989,49.9989,0.194596,0.0561208,0.194596,0.148112,8.1777e-07,1.13687e-13,0.0499875,1.2
128220,49.9989,49.9989,49.9989,0.194521,0.0561137,0.194521,0.148063,8.16817e-07,1.13687e-13,0.0499875,1.2
128280,49.9989,49.9989,49.9989,0.194446,0.0561065,0.194446,0.148014,8.15866e-07,1.13687e-13,0.0499875,1.2
128340,49.9989,49.9989,49.9989,0.194371,0.0560994,0.194371,0.147965,8.14917e-07,1.13687e-13,0.0499875,1.2
128400,49.9989,49.9989,49.9989,0.194296,0.0560923,0.194296,0.147916,8.1397e-07,1.13687e-13,0.0499875,1.2
128460,49.9989,49.9989,49.9989,0.194221,0.0560852,0.194221,0.147867,8.13024e-07,5.68434e-14,0.0499875,1.2
128520,49.9989,49.9989,49.9989,0.194147,0.0560781,0.194147,0.147819,8.1208e-07,1.13687e-13,0.0499875,1.2
128580,49.9989,49.9989,49.9989,0.194072,0.0560711,0.194072,0.14777,8.11138e-07,1.13687e-13,0.0499875,1.2
128640,49.9989,49.9989,49.9989,0.193998,0.056064,0.193998,0.147721,8.10197e-07,1.13687e-13,0.0499875,1.2
128700,49.9989,49.9989,49.9989,0.193924,0.056057,0.193924,0.147673,8.09258e-07,1.13687e-13,0.0499875,1.2
128760,49.9989,49.9989,49.9989,0.193849,0.0560499,0.193849,0.147624,8.08321e-07,5.68434e-14,0.0499875,1.2
128820,49.9989,49.9989,49.9989,0.193775,0.0560429,0.193775,0.147576,8.07385e-07,5.68434e-14,0.0499875,1.2
128880,49.9989,49.9989,49.9989,0.193701,0.0560359,0.193701,0.147527,8.06451e-07,5.68434e-14,0.0499875,1.2
128940,49.9989,49.9989,49.9989,0.193627,0.0560289,0.193627,0.147479,8.05518e-07,1.13687e-13,0.0499875,1.2
129000,49.9989,49.9989,49.9989,0.193553,0.0560219,0.193553,0.147431,8.04588e-07,1.13687e-13,0.0499875,1.2
129060,49.9989,49.9989,49.9989,0.193479,0.056015,0.193479,0.147382,8.03659e-07,1.13687e-13,0.0499875,1.2
129120,49.9989,49.9989,49.9989,0.193406,0.056008,0.193406,0.147334,8.02731e-07,1.13687e-13,0.0499875,1.2
129180,49.9989,49.9989,49.9989,0.193332,0.0560011,0.193332,0.147286,8.01805e-07,1.13687e-13,0.0499875,1.2
129240,49.9989,49.9989,49.9989,0.193259,0.0559941,0.193259,0.147238,8.00881e-07,1.13687e-13,0.0499875,1.2
129300,49.9989,49.9989,49.9989,0.193185,0.0559872,0.193185,0.14719,7.99958e-07,1.13687e-13,0.0499875,1.2
129360,49.9989,49.9989,49.9989,0.193112,0.0559803,0.193112,0.147142,7.99037e-07,1.13687e-13,0.0499875,1.2
129420,49.9989,49.9989,49.9989,0.193039,0.0559734,0.193039,0.147094,7.98118e-07,1.13687e-13,0.0499875,1.2
129480,49.9989,49.9989,49.9989,0.192965,0.0559665,0.192965,0.147046,7.972e-07,1.13687e-13,0.0499875,1.2
129540,49.9989,49.9989,49.9989,0.192892,0.0559597,0.192892,0.146999,7.96284e-07,1.13687e-13,0.0499875,1.2
129600,49.9989,49.9989,49.9989,0.192819,0.0559528,0.192819,0.146951,7.9537e-07,1.13687e-13,0.0499875,1.2
129660,49.9989,49.9989,49.9989,0.192746,0.055946,0.192746,0.146903,7.94457e-07,1.13687e-13,0.0499875,1.2
129720,49.9989,49.9989,49.9989,0.192674,0.0559391,0.192674,0.146855,7.93546e-07,1.13687e-13,0.0499875,1.2
129780,49.9989,49.9989,49.9989,0.192601,0.0559323,0.192601,0.146808,7.92636e-07,1.13687e-13,0.0499875,1.2
129840,49.9989,49.9989,49.9989,0.192528,0.0559255,0.192528,0.14676,7.91728e-07,1.13687e-13,0.0499875,1.2
129900,49.9989,49.9989,49.9989,0.192456,0.0559187,0.192456,0.146713,7.90821e-07,1.13687e-13,0.0499875,1.2
129960,49.9989,49.9989,49.9989,0.192383,0.0559119,0.192383,0.146665,7.89916e-07,5.68434e-14,0.0499875,1.2
130020,49.9989,49.9989,49.9989,0.192311,0.0559051,0.192311,0.146618,7.89013e-07,1.13687e-13,0.0499875,1.2
130080,49.9989,49.9989,49.9989,0.192239,0.0558984,0.192239,0.146571,7.88111e-07,1.13687e-13,0.0499875,1.2
130140,49.9989,49.9989,49.9989,0.192166,0.0558916,0.192166,0.146523,7.87211e-07,1.13687e-13,0.0499875,1.2
130200,49.9989,49.9989,49.9989,0.192094,0.0558849,0.192094,0.146476,7.86312e-07,1.13687e-13,0.0499875,1.2
130260,49.9989,49.9989,49.9989,0.192022,0.0558782,0.192022,0.146429,7.85415e-07,1.13687e-13,0.0499875,1.2
130320,49.9989,49.9989,49.9989,0.19195,0.0558714,0.19195,0.146382,7.8452e-07,1.13687e-13,0.0499875,1.2
130380,49.9989,49.9989,49.9989,0.191878,0.0558647,0.191878,0.146335,7.83626e-07,1.13687e-13,0.0499875,1.2
130440,49.9989,49.9989,49.9989,0.191807,0.055858,0.191807,0.146288,7.82734e-07,1.13687e-13,0.0499875,1.2
130500,49.9989,49.9989,49.9989,0.191735,0.0558514,0.191735,0.146241,7.81843e-07,1.13687e-13,0.0499875,1.2
130560,49.9989,49.9989,49.9989,0.191663,0.0558447,0.191663,0.146194,7.80954e-07,1.13687e-13,0.0499875,1.2
130620,49.9989,49.9989,49.9989,0.191592,0.055838,0.191592,0.146147,7.80066e-07,5.68434e-14,0.0499875,1.2
130680,49.9989,49.9989,49.9989,0.19152,0.0558314,0.19152,0.146101,7.7918e-07,5.68434e-14,0.0499875,1.2
130740,49.9989,49.9989,49.9989,0.191449,0.0558248,0.191449,0.146054,7.78295e-07,1.13687e-13,0.0499875,1.2
130800,49.9989,49.9989,49.9989,0.191378,0.0558181,0.191378,0.146007,7.77412e-07,1.13687e-13,0.0499875,1.2
130860,49.9989,49.9989,49.9989,0.191307,0.0558115,0.191307,0.145961,7.76531e-07,1.13687e-13,0.0499875,1.2
130920,49.9989,49.9989,49.9989,0.191236,0.0558049,0.191236,0.145914,7.75651e-07,1.13687e-13,0.0499875,1.2
130980,49.9989,49.9989,49.9989,0.191165,0.0557983,0.191165,0.145867,7.74772e-07,1.7053e-13,0.0499875,1.2
131040,49.9989,49.9989,49.9989,0.191094,0.0557918,0.191094,0.145821,7.73895e-07,1.7053e-13,0.0499875,1.2
131100,49.9989,49.9989,49.9989,0.191023,0.0557852,0.191023,0.145775,7.7302e-07,1.7053e-13,0.0499875,1.2
131160,49.9989,49.9989,49.9989,0.190952,0.0557786,0.190952,0.145728,7.72146e-07,1.13687e-13,0.0499875,1.2
131220,49.9989,49.9989,49.9989,0.190881,0.0557721,0.190881,0.145682,7.71274e-07,1.13687e-13,0.0499875,1.2
131280,49.9989,49.9989,49.9989,0.190811,0.0557656,0.190811,0.145636,7.70403e-07,5.68434e-14,0.0499875,1.2
131340,49.9989,49.9989,49.9989,0.19074,0.055759,0.19074,0.145589,7.69533e-07,1.13687e-13,0.0499875,1.2
131400,49.9989,49.9989,49.9989,0.19067,0.0557525,0.19067,0.145543,7.68665e-07,1.13687e-13,0.0499875,1.2
131460,49.9989,49.9989,49.9989,0.1906,0.055746,0.1906,0.145497,7.67799e-07,1.13687e-13,0.0499875,1.2
131520,49.9989,49.9989,49.9989,0.190529,0.0557395,0.190529,0.145451,7.66934e-07,1.13687e-13,0.0499875,1.2
131580,49.9989,49.9989,49.9989,0.190459,0.0557331,0.190459,0.145405,7.66071e-07,1.13687e-13,0.0499875,1.2
131640,49.9989,49.9989,49.9989,0.190389,0.0557266,0.190389,0.145359,7.65209e-07,1.13687e-13,0.0499875,1.2
131700,49.9989,49.9989,49.9989,0.190319,0.0557202,0.190319,0.145313,7.64349e-07,1.13687e-13,0.0499875,1.2
131760,49.9989,49.9989,49.9989,0.190249,0.0557137,0.190249,0.145268,7.6349e-07,1.13687e-13,0.0499875,1.2
131820,49.9989,49.9989,49.9989,0.190179,0.0557073,0.190179,0.145222,7.62632e-07,5.68434e-14,0.0499875,1.2
131880,49.9989,49.9989,49.9989,0.19011,0.0557009,0.19011,0.145176,7.61776e-07,5.68434e-14,0.0499875,1.2
131940,49.9989,49.9989,49.9989,0.19004,0.0556945,0.19004,0.14513,7.60922e-07,1.13687e-13,0.0499875,1.2
132000,49.9989,49.9989,49.9989,0.18997,0.0556881,0.18997,0.145085,7.60069e-07,1.13687e-13,0.0499875,1.2
132060,49.9989,49.9989,49.9989,0.189901,0.0556817,0.189901,0.145039,7.59217e-07,1.13687e-13,0.0499875,1.2
132120,49.9989,49.9989,49.9989,0.189831,0.0556753,0.189831,0.144994,7.58367e-07,1.13687e-13,0.0499875,1.2
132180,49.9989,49.9989,49.9989,0.189762,0.0556689,0.189762,0.144948,7.57518e-07,1.13687e-13,0.0499875,1.2
132240,49.9989,49.9989,49.9989,0.189693,0.0556626,0.189693,0.144903,7.56671e-07,1.13687e-13,0.0499875,1.2
132300,49.9989,49.9989,49.9989,0.189624,0.0556562,0.189624,0.144857,7.55826e-07,1.13687e-13,0.0499875,1.2
132360,49.9989,49.9989,49.9989,0.189554,0.0556499,0.189554,0.144812,7.54981e-07,1.13687e-13,0.0499875,1.2
132420,49.9989,49.9989,49.9989,0.189485,0.0556436,0.189485,0.144767,7.54139e-07,1.13687e-13,0.0499875,1.2
132480,49.9989,49.9989,49.9989,0.189417,0.0556373,0.189417,0.144722,7.53297e-07,5.68434e-14,0.0499875,1.2
132540,49.9989,49.9989,49.9989,0.189348,0.055631,0.189348,0.144676,7.52457e-07,1.13687e-13,0.0499875,1.2
132600,49.9989,49.9989,49.9989,0.189279,0.0556247,0.189279,0.144631,7.51619e-07,1.13687e-13,0.0499875,1.2
132660,49.9989,49.9989,49.9989,0.18921,0.0556184,0.18921,0.144586,7.50782e-07,1.13687e-13,0.0499875,1.2
132720,49.9989,49.9989,49.9989,0.189142,0.0556121,0.189142,0.144541,7.49946e-07,1.13687e-13,0.0499875,1.2
132780,49.9989,49.9989,49.9989,0.189073,0.0556059,0.189073,0.144496,7.49112e-07,1.13687e-13,0.0499875,1.2
132840,49.9989,49.9989,49.9989,0.189005,0.0555996,0.189005,0.144451,7.48279e-07,1.13687e-13,0.0499875,1.2
132900,49.9989,49.9989,49.9989,0.188936,0.0555934,0.188936,0.144406,7.47448e-07,1.13687e-13,0.0499875,1.2
132960,49.9989,49.9989,49.9989,0.188868,0.0555872,0.188868,0.144362,7.46618e-07,1.13687e-13,0.0499875,1.2
133020,49.9989,49.9989,49.9989,0.1888,0.055581,0.1888,0.144317,7.45789e-07,1.13687e-13,0.0499875,1.2
133080,49.9989,49.9989,49.9989,0.188732,0.0555748,0.188732,0.144272,7.44962e-07,1.13687e-13,0.0499875,1.2
133140,49.9989,49.9989,49.9989,0.188664,0.0555686,0.188664,0.144227,7.44136e-07,1.13687e-13,0.0499875,1.2
133200,49.9989,49.9989,49.9989,0.188596,0.0555624,0.188596,0.144183,7.43312e-07,1.7053e-13,0.0499875,1.2
133260,49.9989,49.9989,49.9989,0.188528,0.0555562,0.188528,0.144138,7.42489e-07,1.7053e-13,0.0499875,1.2
133320,49.9989,49.9989,49.9989,0.18846,0.05555,0.18846,0.144094,7.41668e-07,1.13687e-13,0.0499875,1.2
133380,49.9989,49.9989,49.9989,0.188392,0.0555439,0.188392,0.144049,7.40848e-07,1.13687e-13,0.0499875,1.2
133440,49.9989,49.9989,49.9989,0.188324,0.0555378,0.188324,0.144005,7.40029e-07,1.13687e-13,0.0499875,1.2
133500,49.9989,49.9989,49.9989,0.188257,0.0555316,0.188257,0.14396,7.39212e-07,1.13687e-13,0.0499875,1.2
133560,49.9989,49.9989,49.9989,0.188189,0.0555255,0.188189,0.143916,7.38396e-07,1.13687e-13,0.0499875,1.2
133620,49.9989,49.9989,49.9989,0.188122,0.0555194,0.188122,0.143872,7.37581e-07,1.13687e-13,0.0499875,1.2
133680,49.9989,49.9989,49.9989,0.188055,0.0555133,0.188055,0.143828,7.36768e-07,1.13687e-13,0.0499875,1.2
133740,49.9989,49.9989,49.9989,0.187987,0.0555072,0.187987,0.143783,7.35956e-07,1.13687e-13,0.0499875,1.2
133800,49.9989,49.9989,49.9989,0.18792,0.0555011,0.18792,0.143739,7.35146e-07,1.7053e-13,0.0499875,1.2
133860,49.9989,49.9989,49.9989,0.187853,0.0554951,0.187853,0.143695,7.34337e-07,1.7053e-13,0.0499875,1.2
133920,49.9989,49.9989,49.9989,0.187786,0.055489,0.187786,0.143651,7.33529e-07,1.7053e-13,0.0499875,1.2
133980,49.9989,49.9989,49.9989,0.187719,0.055483,0.187719,0.143607,7.32723e-07,1.7053e-13,0.0499875,1.2
134040,49.9989,49.9989,49.9989,0.187652,0.0554769,0.187652,0.143563,7.31918e-07,1.7053e-13,0.0499875,1.2
134100,49.9989,49.9989,49.9989,0.187585,0.0554709,0.187585,0.143519,7.31114e-07,1.7053e-13,0.0499875,1.2
134160,49.9989,49.9989,49.9989,0.187519,0.0554649,0.187519,0.143475,7.30312e-07,1.13687e-13,0.0499875,1.2
134220,49.9989,49.9989,49.9989,0.187452,0.0554589,0.187452,0.143432,7.29511e-07,1.13687e-13,0.0499875,1.2
134280,49.9989,49.9989,49.9989,0.187385,0.0554529,0.187385,0.143388,7.28711e-07,1.13687e-13,0.0499875,1.2
134340,49.9989,49.9989,49.9989,0.187319,0.0554469,0.187319,0.143344,7.27913e-07,1.7053e-13,0.0499875,1.2
134400,49.9989,49.9989,49.9989,0.187252,0.0554409,0.187252,0.143301,7.27116e-07,1.7053e-13,0.0499875,1.2
134460,49.9989,49.9989,49.9989,0.187186,0.0554349,0.187186,0.143257,7.26321e-07,1.7053e-13,0.0499875,1.2
134520,49.9989,49.9989,49.9989,0.18712,0.055429,0.18712,0.143213,7.25527e-07,1.7053e-13,0.0499875,1.2
134580,49.9989,49.9989,49.9989,0.187054,0.055423,0.187054,0.14317,7.24734e-07,1.7053e-13,0.0499875,1.2
134640,49.9989,49.9989,49.9989,0.186988,0.0554171,0.186988,0.143126,7.23942e-07,1.13687e-13,0.0499875,1.2
134700,49.9989,49.9989,49.9989,0.186922,0.0554112,0.186922,0.143083,7.23152e-07,1.13687e-13,0.0499875,1.2
134760,49.9989,49.9989,49.9989,0.186856,0.0554053,0.186856,0.14304,7.22363e-07,1.13687e-13,0.0499875,1.2
134820,49.9989,49.9989,49.9989,0.18679,0.0553994,0.18679,0.142996,7.21576e-07,1.13687e-13,0.0499875,1.2
134880,49.9989,49.9989,49.9989,0.186724,0.0553935,0.186724,0.142953,7.2079e-07,1.13687e-13,0.0499875,1.2
134940,49.9989,49.9989,49.9989,0.186658,0.0553876,0.186658,0.14291,7.20005e-07,1.13687e-13,0.0499875,1.2
135000,49.9989,49.9989,49.9989,0.186592,0.0553817,0.186592,0.142867,7.19221e-07,1.13687e-13,0.0499875,1.2
135060,49.9989,49.9989,49.9989,0.186527,0.0553758,0.186527,0.142824,7.18439e-07,1.13687e-13,0.0499875,1.2
135120,49.9989,49.9989,49.9989,0.186461,0.05537,0.186461,0.14278,7.17658e-07,1.13687e-13,0.0499875,1.2
135180,49.9989,49.9989,49.9989,0.186396,0.0553641,0.186396,0.142737,7.16878e-07,1.7053e-13,0.0499875,1.2
135240,49.9989,49.9989,49.9989,0.186331,0.0553583,0.186331,0.142694,7.161e-07,1.7053e-13,0.0499875,1.2
135300,49.9989,49.9989,49.9989,0.186265,0.0553525,0.186265,0.142651,7.15323e-07,1.7053e-13,0.0499875,1.2
135360,49.9989,49.9989,49.9989,0.1862,0.0553466,0.1862,0.142609,7.14547e-07,1.13687e-13,0.0499875,1.2
135420,49.9989,49.9989,49.9989,0.186135,0.0553408,0.186135,0.142566,7.13773e-07,1.13687e-13,0.0499875,1.2
135480,49.9989,49.9989,49.9989,0.18607,0.055335,0.18607,0.142523,7.12999e-07,5.68434e-14,0.0499875,1.2
135540,49.9989,49.9989,49.9989,0.186005,0.0553292,0.186005,0.14248,7.12228e-07,1.13687e-13,0.0499875,1.2
135600,49.9989,49.9989,49.9989,0.18594,0.0553235,0.18594,0.142437,7.11457e-07,1.13687e-13,0.0499875,1.2
135660,49.9989,49.9989,49.9989,0.185875,0.0553177,0.185875,0.142395,7.10688e-07,1.13687e-13,0.0499875,1.2
135720,49.9989,49.9989,49.9989,0.18581,0.0553119,0.18581,0.142352,7.0992e-07,1.13687e-13,0.0499875,1.2
135780,49.9989,49.9989,49.9989,0.185746,0.0553062,0.185746,0.14231,7.09153e-07,1.13687e-13,0.0499875,1.2
135840,49.9989,49.9989,49.9989,0.185681,0.0553004,0.185681,0.142267,7.08387e-07,1.13687e-13,0.0499875,1.2
135900,49.9989,49.9989,49.9989,0.185616,0.0552947,0.185616,0.142225,7.07623e-07,1.13687e-13,0.0499875,1.2
135960,49.9989,49.9989,49.9989,0.185552,0.055289,0.185552,0.142182,7.0686e-07,1.13687e-13,0.0499875,1.2
136020,49.9989,49.9989,49.9989,0.185488,0.0552833,0.185488,0.14214,7.06099e-07,1.13687e-13,0.0499875,1.2
136080,49.9989,49.9989,49.9989,0.185423,0.0552776,0.185423,0.142097,7.05338e-07,1.13687e-13,0.0499875,1.2
136140,49.9989,49.9989,49.9989,0.185359,0.0552719,0.185359,0.142055,7.04579e-07,1.7053e-13,0.0499875,1.2
136200,49.9989,49.9989,49.9989,0.185295,0.0552662,0.185295,0.142013,7.03821e-07,1.7053e-13,0.0499875,1.2
136260,49.9989,49.9989,49.9989,0.185231,0.0552605,0.185231,0.141971,7.03065e-07,1.7053e-13,0.0499875,1.2
136320,49.9989,49.9989,49.9989,0.185167,0.0552549,0.185167,0.141929,7.02309e-07,1.7053e-13,0.0499875,1.2
136380,49.9989,49.9989,49.9989,0.185103,0.0552492,0.185103,0.141886,7.01555e-07,1.7053e-13,0.0499875,1.2
136440,49.9989,49.9989,49.9989,0.185039,0.0552436,0.185039,0.141844,7.00802e-07,1.7053e-13,0.0499875,1.2
136500,49.9989,49.9989,49.9989,0.184975,0.0552379,0.184975,0.141802,7.0005e-07,1.13687e-13,0.0499875,1.2
136560,49.9989,49.9989,49.9989,0.184911,0.0552323,0.184911,0.14176,6.993e-07,1.13687e-13,0.0499875,1.2
136620,49.9989,49.9989,49.9989,0.184848,0.0552267,0.184848,0.141718,6.98551e-07,1.13687e-13,0.0499875,1.2
136680,49.9989,49.9989,49.9989,0.184784,0.0552211,0.184784,0.141676,6.97803e-07,1.13687e-13,0.0499875,1.2
136740,49.9989,49.9989,49.9989,0.18472,0.0552155,0.18472,0.141635,6.97056e-07,1.13687e-13,0.0499875,1.2
136800,49.9989,49.9989,49.9989,0.184657,0.0552099,0.184657,0.141593,6.96311e-07,1.7053e-13,0.0499875,1.2
136860,49.9989,49.9989,49.9989,0.184594,0.0552043,0.184594,0.141551,6.95567e-07,1.7053e-13,0.0499875,1.2
136920,49.9989,49.9989,49.9989,0.18453,0.0551987,0.18453,0.141509,6.94824e-07,1.7053e-13,0.0499875,1.2
136980,49.9989,49.9989,49.9989,0.184467,0.0551932,0.184467,0.141468,6.94082e-07,1.7053e-13,0.0499875,1.2
137040,49.9989,49.9989,49.9989,0.184404,0.0551876,0.184404,0.141426,6.93341e-07,1.7053e-13,0.0499875,1.2
137100,49.9989,49.9989,49.9989,0.184341,0.0551821,0.184341,0.141385,6.92602e-07,1.7053e-13,0.0499875,1.2
137160,49.9989,49.9989,49.9989,0.184278,0.0551765,0.184278,0.141343,6.91864e-07,1.7053e-13,0.0499875,1.2
137220,49.9989,49.9989,49.9989,0.184215,0.055171,0.184215,0.141301,6.91127e-07,1.13687e-13,0.0499875,1.2
137280,49.9989,49.9989,49.9989,0.184152,0.0551655,0.184152,0.14126,6.90391e-07,1.13687e-13,0.0499875,1.2
137340,49.9989,49.9989,49.9989,0.184089,0.05516,0.184089,0.141219,6.89656e-07,1.13687e-13,0.0499875,1.2
137400,49.9989,49.9989,49.9989,0.184026,0.0551545,0.184026,0.141177,6.88923e-07,1.13687e-13,0.0499875,1.2
137460,49.9989,49.9989,49.9989,0.183964,0.055149,0.183964,0.141136,6.88191e-07,1.7053e-13,0.0499875,1.2
137520,49.9989,49.9989,49.9989,0.183901,0.0551435,0.183901,0.141095,6.8746e-07,1.7053e-13,0.0499875,1.2
137580,49.9989,49.9989,49.9989,0.183838,0.055138,0.183838,0.141053,6.8673e-07,1.7053e-13,0.0499875,1.2
137640,49.9989,49.9989,49.9989,0.183776,0.0551326,0.183776,0.141012,6.86002e-07,1.7053e-13,0.0499875,1.2
137700,49.9989,49.9989,49.9989,0.183713,0.0551271,0.183713,0.140971,6.85275e-07,1.7053e-13,0.0499875,1.2
137760,49.9989,49.9989,49.9989,0.183651,0.0551217,0.183651,0.14093,6.84548e-07,1.7053e-13,0.0499875,1.2
137820,49.9989,49.9989,49.9989,0.183589,0.0551162,0.183589,0.140889,6.83823e-07,1.13687e-13,0.0499875,1.2
137880,49.9989,49.9989,49.9989,0.183527,0.0551108,0.183527,0.140848,6.831e-07,1.7053e-13,0.0499875,1.2
137940,49.9989,49.9989,49.9989,0.183465,0.0551054,0.183465,0.140807,6.82377e-07,1.7053e-13,0.0499875,1.2
138000,49.9989,49.9989,49.9989,0.183402,0.0551,0.183402,0.140766,6.81656e-07,2.27374e-13,0.0499875,1.2
138060,49.9989,49.9989,49.9989,0.18334,0.0550946,0.18334,0.140725,6.80935e-07,2.27374e-13,0.0499875,1.2
138120,49.9989,49.9989,49.9989,0.183279,0.0550892,0.183279,0.140684,6.80216e-07,2.27374e-13,0.0499875,1.2
138180,49.9989,49.9989,49.9989,0.183217,0.0550838,0.183217,0.140644,6.79498e-07,2.27374e-13,0.0499875,1.2
138240,49.9989,49.9989,49.9989,0.183155,0.0550784,0.183155,0.140603,6.78782e-07,2.27374e-13,0.0499875,1.2
138300,49.9989,49.9989,49.9989,0.183093,0.055073,0.183093,0.140562,6.78066e-07,1.7053e-13,0.0499875,1.2
138360,49.9989,49.9989,49.9989,0.183032,0.0550677,0.183032,0.140521,6.77352e-07,1.7053e-13,0.0499875,1.2
138420,49.9989,49.9989,49.9989,0.18297,0.0550623,0.18297,0.140481,6.76638e-07,1.13687e-13,0.0499875,1.2
138480,49.9989,49.9989,49.9989,0.182908,0.055057,0.182908,0.14044,6.75926e-07,1.13687e-13,0.0499875,1.2
138540,49.9989,49.9989,49.9989,0.182847,0.0550517,0.182847,0.1404,6.75215e-07,1.13687e-13,0.0499875,1.2
138600,49.9989,49.9989,49.9989,0.182786,0.0550463,0.182786,0.140359,6.74506e-07,1.7053e-13,0.0499875,1.2
138660,49.9989,49.9989,49.9989,0.182724,0.055041,0.182724,0.140319,6.73797e-07,1.7053e-13,0.0499875,1.2
138720,49.9989,49.9989,49.9989,0.182663,0.0550357,0.182663,0.140278,6.7309e-07,1.7053e-13,0.0499875,1.2
138780,49.9989,49.9989,49.9989,0.182602,0.0550304,0.182602,0.140238,6.72383e-07,1.7053e-13,0.0499875,1.2
138840,49.9989,49.9989,49.9989,0.182541,0.0550251,0.182541,0.140198,6.71678e-07,1.7053e-13,0.0499875,1.2
138900,49.9989,49.9989,49.9989,0.18248,0.0550198,0.18248,0.140157,6.70974e-07,1.7053e-13,0.0499875,1.2
138960,49.9989,49.9989,49.9989,0.182419,0.0550146,0.182419,0.140117,6.70271e-07,1.7053e-13,0.0499875,1.2
139020,49.9989,49.9989,49.9989,0.182358,0.0550093,0.182358,0.140077,6.69569e-07,1.7053e-13,0.0499875,1.2
139080,49.9989,49.9989,49.9989,0.182297,0.0550041,0.182297,0.140037,6.68869e-07,1.13687e-13,0.0499875,1.2
139140,49.9989,49.9989,49.9989,0.182236,0.0549988,0.182236,0.139997,6.68169e-07,1.7053e-13,0.0499875,1.2
139200,49.9989,49.9989,49.9989,0.182176,0.0549936,0.182176,0.139957,6.67471e-07,1.7053e-13,0.0499875,1.2
139260,49.9989,49.9989,49.9989,0.182115,0.0549883,0.182115,0.139917,6.66774e-07,1.7053e-13,0.0499875,1.2
139320,49.9989,49.9989,49.9989,0.182054,0.0549831,0.182054,0.139877,6.66077e-07,2.27374e-13,0.0499875,1.2
139380,49.9989,49.9989,49.9989,0.181994,0.0549779,0.181994,0.139837,6.65382e-07,2.27374e-13,0.0499875,1.2
139440,49.9989,49.9989,49.9989,0.181933,0.0549727,0.181933,0.139797,6.64688e-07,2.27374e-13,0.0499875,1.2
139500,49.9989,49.9989,49.9989,0.181873,0.0549675,0.181873,0.139757,6.63996e-07,2.27374e-13,0.0499875,1.2
139560,49.9989,49.9989,49.9989,0.181813,0.0549623,0.181813,0.139717,6.63304e-07,1.7053e-13,0.0499875,1.2
139620,49.9989,49.9989,49.9989,0.181752,0.0549571,0.181752,0.139677,6.62613e-07,1.7053e-13,0.0499875,1.2
139680,49.9989,49.9989,49.9989,0.181692,0.054952,0.181692,0.139638,6.61924e-07,1.13687e-13,0.0499875,1.2
139740,49.9989,49.9989,49.9989,0.181632,0.0549468,0.181632,0.139598,6.61236e-07,1.7053e-13,0.0499875,1.2
139800,49.9989,49.9989,49.9989,0.181572,0.0549417,0.181572,0.139558,6.60548e-07,1.7053e-13,0.0499875,1.2
139860,49.9989,49.9989,49.9989,0.181512,0.0549365,0.181512,0.139519,6.59862e-07,1.7053e-13,0.0499875,1.2
139920,49.9989,49.9989,49.9989,0.181452,0.0549314,0.181452,0.139479,6.59177e-07,1.7053e-13,0.0499875,1.2
139980,49.9989,49.9989,49.9989,0.181392,0.0549262,0.181392,0.13944,6.58493e-07,1.7053e-13,0.0499875,1.2
140040,49.9989,49.9989,49.9989,0.181333,0.0549211,0.181333,0.1394,6.57811e-07,1.7053e-13,0.0499875,1.2
140100,49.9989,49.9989,49.9989,0.181273,0.054916,0.181273,0.139361,6.57129e-07,1.7053e-13,0.0499875,1.2
140160,49.9989,49.9989,49.9989,0.181213,0.0549109,0.181213,0.139321,6.56448e-07,1.7053e-13,0.0499875,1.2
140220,49.9989,49.9989,49.9989,0.181154,0.0549058,0.181154,0.139282,6.55769e-07,1.7053e-13,0.0499875,1.2
140280,49.9989,49.9989,49.9989,0.181094,0.0549007,0.181094,0.139243,6.5509e-07,1.13687e-13,0.0499875,1.2
140340,49.9989,49.9989,49.9989,0.181035,0.0548956,0.181035,0.139203,6.54413e-07,1.7053e-13,0.0499875,1.2
140400,49.9989,49.9989,49.9989,0.180975,0.0548906,0.180975,0.139164,6.53736e-07,1.7053e-13,0.0499875,1.2
140460,49.9989,49.9989,49.9989,0.180916,0.0548855,0.180916,0.139125,6.53061e-07,1.7053e-13,0.0499875,1.2
140520,49.9989,49.9989,49.9989,0.180857,0.0548804,0.180857,0.139086,6.52387e-07,1.7053e-13,0.0499875,1.2
140580,49.9989,49.9989,49.9989,0.180797,0.0548754,0.180797,0.139047,6.51714e-07,1.7053e-13,0.0499875,1.2
140640,49.9989,49.9989,49.9989,0.180738,0.0548704,0.180738,0.139007,6.51042e-07,1.7053e-13,0.0499875,1.2
140700,49.9989,49.9989,49.9989,0.180679,0.0548653,0.180679,0.138968,6.50371e-07,1.7053e-13,0.0499875,1.2
140760,49.9989,49.9989,49.9989,0.18062,0.0548603,0.18062,0.138929,6.49701e-07,1.7053e-13,0.0499875,1.2
140820,49.9989,49.9989,49.9989,0.180561,0.0548553,0.180561,0.13889,6.49032e-07,1.7053e-13,0.0499875,1.2
140880,49.9989,49.9989,49.9989,0.180502,0.0548503,0.180502,0.138852,6.48364e-07,1.13687e-13,0.0499875,1.2
140940,49.9989,49.9989,49.9989,0.180444,0.0548453,0.180444,0.138813,6.47698e-07,1.13687e-13,0.0499875,1.2
141000,49.9989,49.9989,49.9989,0.180385,0.0548403,0.180385,0.138774,6.47032e-07,1.7053e-13,0.0499875,1.2
141060,49.9989,49.9989,49.9989,0.180326,0.0548353,0.180326,0.138735,6.46368e-07,1.7053e-13,0.0499875,1.2
141120,49.9989,49.9989,49.9989,0.180267,0.0548303,0.180267,0.138696,6.45704e-07,1.7053e-13,0.0499875,1.2
141180,49.9989,49.9989,49.9989,0.180209,0.0548254,0.180209,0.138657,6.45042e-07,1.7053e-13,0.0499875,1.2
141240,49.9989,49.9989,49.9989,0.18015,0.0548204,0.18015,0.138619,6.4438e-07,1.7053e-13,0.0499875,1.2
141300,49.9989,49.9989,49.9989,0.180092,0.0548154,0.180092,0.13858,6.4372e-07,1.7053e-13,0.0499875,1.2
141360,49.9989,49.9989,49.9989,0.180034,0.0548105,0.180034,0.138542,6.4306e-07,1.7053e-13,0.0499875,1.2
141420,49.9989,49.9989,49.9989,0.179975,0.0548056,0.179975,0.138503,6.42402e-07,1.13687e-13,0.0499875,1.2
141480,49.9989,49.9989,49.9989,0.179917,0.0548006,0.179917,0.138464,6.41745e-07,1.7053e-13,0.0499875,1.2
141540,49.9989,49.9989,49.9989,0.179859,0.0547957,0.179859,0.138426,6.41089e-07,2.27374e-13,0.0499875,1.2
141600,49.9989,49.9989,49.9989,0.179801,0.0547908,0.179801,0.138388,6.40434e-07,2.27374e-13,0.0499875,1.2
141660,49.9989,49.9989,49.9989,0.179743,0.0547859,0.179743,0.138349,6.39779e-07,2.27374e-13,0.0499875,1.2
141720,49.9989,49.9989,49.9989,0.179685,0.054781,0.179685,0.138311,6.39126e-07,2.27374e-13,0.0499875,1.2
141780,49.9989,49.9989,49.9989,0.179627,0.0547761,0.179627,0.138272,6.38474e-07,2.27374e-13,0.0499875,1.2
141840,49.9989,49.9989,49.9989,0.179569,0.0547712,0.179569,0.138234,6.37823e-07,2.27374e-13,0.0499875,1.2
141900,49.9989,49.9989,49.9989,0.179511,0.0547663,0.179511,0.138196,6.37173e-07,2.27374e-13,0.0499875,1.2
141960,49.9989,49.9989,49.9989,0.179453,0.0547615,0.179453,0.138158,6.36524e-07,1.7053e-13,0.0499875,1.2
142020,49.9989,49.9989,49.9989,0.179396,0.0547566,0.179396,0.13812,6.35876e-07,1.13687e-13,0.0499875,1.2
142080,49.9989,49.9989,49.9989,0.179338,0.0547518,0.179338,0.138081,6.35229e-07,1.13687e-13,0.0499875,1.2
142140,49.9989,49.9989,49.9989,0.17928,0.0547469,0.17928,0.138043,6.34583e-07,1.7053e-13,0.0499875,1.2
142200,49.9989,49.9989,49.9989,0.179223,0.0547421,0.179223,0.138005,6.33938e-07,1.7053e-13,0.0499875,1.2
142260,49.9989,49.9989,49.9989,0.179165,0.0547372,0.179165,0.137967,6.33294e-07,1.7053e-13,0.0499875,1.2
142320,49.9989,49.9989,49.9989,0.179108,0.0547324,0.179108,0.137929,6.32652e-07,2.27374e-13,0.0499875,1.2
142380,49.9989,49.9989,49.9989,0.179051,0.0547276,0.179051,0.137891,6.3201e-07,2.27374e-13,0.0499875,1.2
142440,49.9989,49.9989,49.9989,0.178993,0.0547228,0.178993,0.137853,6.31369e-07,2.27374e-13,0.0499875,1.2
142500,49.9989,49.9989,49.9989,0.178936,0.054718,0.178936,0.137816,6.30729e-07,1.7053e-13,0.0499875,1.2
142560,49.9989,49.9989,49.9989,0.178879,0.0547132,0.178879,0.137778,6.3009e-07,1.7053e-13,0.0499875,1.2
142620,49.9989,49.9989,49.9989,0.178822,0.0547084,0.178822,0.13774,6.29452e-07,1.13687e-13,0.0499875,1.2
142680,49.9989,49.9989,49.9989,0.178765,0.0547037,0.178765,0.137702,6.28815e-07,1.13687e-13,0.0499875,1.2
142740,49.9989,49.9989,49.9989,0.178708,0.0546989,0.178708,0.137664,6.28179e-07,1.7053e-13,0.0499875,1.2
142800,49.9989,49.9989,49.9989,0.178651,0.0546941,0.178651,0.137627,6.27545e-07,1.7053e-13,0.0499875,1.2
142860,49.9989,49.9989,49.9989,0.178594,0.0546894,0.178594,0.137589,6.26911e-07,2.27374e-13,0.0499875,1.2
142920,49.9989,49.9989,49.9989,0.178537,0.0546846,0.178537,0.137552,6.26278e-07,2.27374e-13,0.0499875,1.2
142980,49.9989,49.9989,49.9989,0.178481,0.0546799,0.178481,0.137514,6.25646e-07,2.27374e-13,0.0499875,1.2
143040,49.9989,49.9989,49.9989,0.178424,0.0546752,0.178424,0.137476,6.25015e-07,2.27374e-13,0.0499875,1.2
143100,49.9989,49.9989,49.9989,0.178367,0.0546704,0.178367,0.137439,6.24385e-07,2.27374e-13,0.0499875,1.2
143160,49.9989,49.9989,49.9989,0.178311,0.0546657,0.178311,0.137402,6.23756e-07,2.27374e-13,0.0499875,1.2
143220,49.9989,49.9989,49.9989,0.178254,0.054661,0.178254,0.137364,6.23128e-07,1.7053e-13,0.0499875,1.2
143280,49.9989,49.9989,49.9989,0.178198,0.0546563,0.178198,0.137327,6.22501e-07,1.13687e-13,0.0499875,1.2
143340,49.9989,49.9989,49.9989,0.178142,0.0546516,0.178142,0.137289,6.21875e-07,1.7053e-13,0.0499875,1.2
143400,49.9989,49.9989,49.9989,0.178085,0.0546469,0.178085,0.137252,6.2125e-07,1.7053e-13,0.0499875,1.2
143460,49.9989,49.9989,49.9989,0.178029,0.0546422,0.178029,0.137215,6.20626e-07,1.7053e-13,0.0499875,1.2
143520,49.9989,49.9989,49.9989,0.177973,0.0546376,0.177973,0.137178,6.20003e-07,1.7053e-13,0.0499875,1.2
143580,49.9989,49.9989,49.9989,0.177917,0.0546329,0.177917,0.137141,6.19381e-07,1.7053e-13,0.0499875,1.2
143640,49.9989,49.9989,49.9989,0.177861,0.0546282,0.177861,0.137103,6.18759e-07,1.7053e-13,0.0499875,1.2
143700,49.9989,49.9989,49.9989,0.177805,0.0546236,0.177805,0.137066,6.18139e-07,1.7053e-13,0.0499875,1.2
143760,49.9989,49.9989,49.9989,0.177749,0.0546189,0.177749,0.137029,6.1752e-07,1.7053e-13,0.0499875,1.2
143820,49.9989,49.9989,49.9989,0.177693,0.0546143,0.177693,0.136992,6.16902e-07,1.7053e-13,0.0499875,1.2
143880,49.9989,49.9989,49.9989,0.177637,0.0546097,0.177637,0.136955,6.16284e-07,1.13687e-13,0.0499875,1.2
143940,49.9989,49.9989,49.9989,0.177581,0.0546051,0.177581,0.136918,6.15668e-07,1.13687e-13,0.0499875,1.2
144000,49.9989,49.9989,49.9989,0.177526,0.0546004,0.177526,0.136881,6.15053e-07,1.7053e-13,0.0499875,1.2
144060,49.9989,49.9989,49.9989,0.17747,0.0545958,0.17747,0.136844,6.14438e-07,1.7053e-13,0.0499875,1.2
144120,49.9989,49.9989,49.9989,0.177414,0.0545912,0.177414,0.136808,6.13825e-07,1.7053e-13,0.0499875,1.2
144180,49.9989,49.9989,49.9989,0.177359,0.0545866,0.177359,0.136771,6.13212e-07,1.7053e-13,0.0499875,1.2
144240,49.9989,49.9989,49.9989,0.177303,0.054582,0.177303,0.136734,6.126e-07,1.7053e-13,0.0499875,1.2
144300,49.9989,49.9989,49.9989,0.177248,0.0545775,0.177248,0.136697,6.1199e-07,1.7053e-13,0.0499875,1.2
144360,49.9989,49.9989,49.9989,0.177193,0.0545729,0.177193,0.136661,6.1138e-07,1.7053e-13,0.0499875,1.2
144420,49.9989,49.9989,49.9989,0.177137,0.0545683,0.177137,0.136624,6.10771e-07,1.7053e-13,0.0499875,1.2
144480,49.9989,49.9989,49.9989,0.177082,0.0545638,0.177082,0.136587,6.10163e-07,1.13687e-13,0.0499875,1.2
144540,49.9989,49.9989,49.9989,0.177027,0.0545592,0.177027,0.136551,6.09556e-07,1.13687e-13,0.0499875,1.2
144600,49.9989,49.9989,49.9989,0.176972,0.0545547,0.176972,0.136514,6.0895e-07,1.7053e-13,0.0499875,1.2
144660,49.9989,49.9989,49.9989,0.176917,0.0545501,0.176917,0.136478,6.08345e-07,1.7053e-13,0.0499875,1.2
144720,49.9989,49.9989,49.9989,0.176862,0.0545456,0.176862,0.136441,6.07741e-07,1.7053e-13,0.0499875,1.2
144780,49.9989,49.9989,49.9989,0.176807,0.0545411,0.176807,0.136405,6.07138e-07,1.7053e-13,0.0499875,1.2
144840,49.9989,49.9989,49.9989,0.176752,0.0545366,0.176752,0.136368,6.06536e-07,1.7053e-13,0.0499875,1.2
144900,49.9989,49.9989,49.9989,0.176697,0.054532,0.176697,0.136332,6.05934e-07,1.7053e-13,0.0499875,1.2
144960,49.9989,49.9989,49.9989,0.176642,0.0545275,0.176642,0.136296,6.05334e-07,1.7053e-13,0.0499875,1.2
145020,49.9989,49.9989,49.9989,0.176587,0.054523,0.176587,0.136259,6.04734e-07,1.7053e-13,0.0499875,1.2
145080,49.9989,49.9989,49.9989,0.176533,0.0545186,0.176533,0.136223,6.04136e-07,1.7053e-13,0.0499875,1.2
145140,49.9989,49.9989,49.9989,0.176478,0.0545141,0.176478,0.136187,6.03538e-07,1.7053e-13,0.0499875,1.2
145200,49.9989,49.9989,49.9989,0.176424,0.0545096,0.176424,0.136151,6.02941e-07,1.7053e-13,0.0499875,1.2
145260,49.9989,49.9989,49.9989,0.176369,0.0545051,0.176369,0.136114,6.02345e-07,2.27374e-13,0.0499875,1.2
145320,49.9989,49.9989,49.9989,0.176315,0.0545007,0.176315,0.136078,6.01751e-07,2.27374e-13,0.0499875,1.2
145380,49.9989,49.9989,49.9989,0.17626,0.0544962,0.17626,0.136042,6.01157e-07,1.7053e-13,0.0499875,1.2
145440,49.9989,49.9989,49.9989,0.176206,0.0544918,0.176206,0.136006,6.00563e-07,1.7053e-13,0.0499875,1.2
145500,49.9989,49.9989,49.9989,0.176152,0.0544873,0.176152,0.13597,5.99971e-07,1.7053e-13,0.0499875,1.2
145560,49.9989,49.9989,49.9989,0.176097,0.0544829,0.176097,0.135934,5.9938e-07,1.7053e-13,0.0499875,1.2
145620,49.9989,49.9989,49.9989,0.176043,0.0544785,0.176043,0.135898,5.98789e-07,1.7053e-13,0.0499875,1.2
145680,49.9989,49.9989,49.9989,0.175989,0.054474,0.175989,0.135862,5.982e-07,1.13687e-13,0.0499875,1.2
145740,49.9989,49.9989,49.9989,0.175935,0.0544696,0.175935,0.135826,5.97611e-07,1.13687e-13,0.0499875,1.2
145800,49.9989,49.9989,49.9989,0.175881,0.0544652,0.175881,0.135791,5.97024e-07,1.13687e-13,0.0499875,1.2
145860,49.9989,49.9989,49.9989,0.175827,0.0544608,0.175827,0.135755,5.96437e-07,1.7053e-13,0.0499875,1.2
145920,49.9989,49.9989,49.9989,0.175773,0.0544564,0.175773,0.135719,5.95851e-07,1.7053e-13,0.0499875,1.2
145980,49.9989,49.9989,49.9989,0.175719,0.054452,0.175719,0.135683,5.95266e-07,1.7053e-13,0.0499875,1.2
146040,49.9989,49.9989,49.9989,0.175666,0.0544477,0.175666,0.135648,5.94682e-07,1.7053e-13,0.0499875,1.2
146100,49.9989,49.9989,49.9989,0.175612,0.0544433,0.175612,0.135612,5.94099e-07,1.7053e-13,0.0499875,1.2
146160,49.9989,49.9989,49.9989,0.175558,0.0544389,0.175558,0.135576,5.93516e-07,1.7053e-13,0.0499875,1.2
146220,49.9989,49.9989,49.9989,0.175505,0.0544346,0.175505,0.135541,5.92935e-07,1.13687e-13,0.0499875,1.2
146280,49.9989,49.9989,49.9989,0.175451,0.0544302,0.175451,0.135505,5.92354e-07,1.13687e-13,0.0499875,1.2
146340,49.9989,49.9989,49.9989,0.175398,0.0544258,0.175398,0.13547,5.91774e-07,1.7053e-13,0.0499875,1.2
146400,49.9989,49.9989,49.9989,0.175344,0.0544215,0.175344,0.135434,5.91196e-07,1.7053e-13,0.0499875,1.2
146460,49.9989,49.9989,49.9989,0.175291,0.0544172,0.175291,0.135399,5.90618e-07,1.7053e-13,0.0499875,1.2
146520,49.9989,49.9989,49.9989,0.175237,0.0544128,0.175237,0.135363,5.90041e-07,1.7053e-13,0.0499875,1.2
146580,49.9989,49.9989,49.9989,0.175184,0.0544085,0.175184,0.135328,5.89464e-07,1.7053e-13,0.0499875,1.2
146640,49.9989,49.9989,49.9989,0.175131,0.0544042,0.175131,0.135292,5.88889e-07,1.7053e-13,0.0499875,1.2
146700,49.9989,49.9989,49.9989,0.175078,0.0543999,0.175078,0.135257,5.88315e-07,1.7053e-13,0.0499875,1.2
146760,49.9989,49.9989,49.9989,0.175025,0.0543956,0.175025,0.135222,5.87741e-07,1.7053e-13,0.0499875,1.2
146820,49.9989,49.9989,49.9989,0.174971,0.0543913,0.174971,0.135187,5.87168e-07,1.13687e-13,0.0499875,1.2
146880,49.9989,49.9989,49.9989,0.174918,0.054387,0.174918,0.135151,5.86596e-07,1.13687e-13,0.0499875,1.2
146940,49.9989,49.9989,49.9989,0.174866,0.0543827,0.174866,0.135116,5.86025e-07,1.7053e-13,0.0499875,1.2
147000,49.9989,49.9989,49.9989,0.174813,0.0543785,0.174813,0.135081,5.85455e-07,1.7053e-13,0.0499875,1.2
147060,49.9989,49.9989,49.9989,0.17476,0.0543742,0.17476,0.135046,5.84886e-07,1.7053e-13,0.0499875,1.2
147120,49.9989,49.9989,49.9989,0.174707,0.0543699,0.174707,0.135011,5.84318e-07,1.7053e-13,0.0499875,1.2
147180,49.9989,49.9989,49.9989,0.174654,0.0543657,0.174654,0.134976,5.8375e-07,2.27374e-13,0.0499875,1.2
147240,49.9989,49.9989,49.9989,0.174602,0.0543614,0.174602,0.134941,5.83183e-07,1.7053e-13,0.0499875,1.2
147300,49.9989,49.9989,49.9989,0.174549,0.0543572,0.174549,0.134906,5.82617e-07,1.7053e-13,0.0499875,1.2
147360,49.9989,49.9989,49.9989,0.174496,0.0543529,0.174496,0.134871,5.82052e-07,1.7053e-13,0.0499875,1.2
147420,49.9989,49.9989,49.9989,0.174444,0.0543487,0.174444,0.134836,5.81488e-07,1.13687e-13,0.0499875,1.2
147480,49.9989,49.9989,49.9989,0.174391,0.0543445,0.174391,0.134801,5.80925e-07,1.13687e-13,0.0499875,1.2
147540,49.9989,49.9989,49.9989,0.174339,0.0543403,0.174339,0.134766,5.80363e-07,1.7053e-13,0.0499875,1.2
147600,49.9989,49.9989,49.9989,0.174287,0.054336,0.174287,0.134732,5.79801e-07,1.7053e-13,0.0499875,1.2
147660,49.9989,49.9989,49.9989,0.174234,0.0543318,0.174234,0.134697,5.7924e-07,1.7053e-13,0.0499875,1.2
147720,49.9989,49.9989,49.9989,0.174182,0.0543276,0.174182,0.134662,5.7868e-07,1.7053e-13,0.0499875,1.2
147780,49.9989,49.9989,49.9989,0.17413,0.0543234,0.17413,0.134627,5.78121e-07,1.7053e-13,0.0499875,1.2
147840,49.9989,49.9989,49.9989,0.174078,0.0543193,0.174078,0.134593,5.77563e-07,1.7053e-13,0.0499875,1.2
147900,49.9989,49.9989,49.9989,0.174025,0.0543151,0.174025,0.134558,5.77005e-07,1.7053e-13,0.0499875,1.2
147960,49.9989,49.9989,49.9989,0.173973,0.0543109,0.173973,0.134523,5.76449e-07,1.7053e-13,0.0499875,1.2
148020,49.9989,49.9989,49.9989,0.173921,0.0543067,0.173921,0.134489,5.75893e-07,1.7053e-13,0.0499875,1.2
148080,49.9989,49.9989,49.9989,0.17387,0.0543026,0.17387,0.134454,5.75338e-07,1.13687e-13,0.0499875,1.2
148140,49.9989,49.9989,49.9989,0.173818,0.0542984,0.173818,0.13442,5.74784e-07,1.13687e-13,0.0499875,1.2
148200,49.9989,49.9989,49.9989,0.173766,0.0542943,0.173766,0.134385,5.74231e-07,1.7053e-13,0.0499875,1.2
148260,49.9989,49.9989,49.9989,0.173714,0.0542901,0.173714,0.134351,5.73678e-07,1.7053e-13,0.0499875,1.2
148320,49.9989,49.9989,49.9989,0.173662,0.054286,0.173662,0.134316,5.73127e-07,1.7053e-13,0.0499875,1.2
148380,49.9989,49.9989,49.9989,0.173611,0.0542819,0.173611,0.134282,5.72576e-07,1.7053e-13,0.0499875,1.2
148440,49.9989,49.9989,49.9989,0.173559,0.0542777,0.173559,0.134248,5.72026e-07,1.7053e-13,0.0499875,1.2
148500,49.9989,49.9989,49.9989,0.173507,0.0542736,0.173507,0.134213,5.71477e-07,1.7053e-13,0.0499875,1.2
148560,49.9989,49.9989,49.9989,0.173456,0.0542695,0.173456,0.134179,5.70929e-07,1.7053e-13,0.0499875,1.2
148620,49.9989,49.9989,49.9989,0.173404,0.0542654,0.173404,0.134145,5.70381e-07,1.7053e-13,0.0499875,1.2
148680,49.9989,49.9989,49.9989,0.173353,0.0542613,0.173353,0.134111,5.69834e-07,1.13687e-13,0.0499875,1.2
148740,49.9989,49.9989,49.9989,0.173302,0.0542572,0.173302,0.134077,5.69289e-07,1.7053e-13,0.0499875,1.2
148800,49.9989,49.9989,49.9989,0.17325,0.0542531,0.17325,0.134042,5.68743e-07,1.7053e-13,0.0499875,1.2
148860,49.9989,49.9989,49.9989,0.173199,0.054249,0.173199,0.134008,5.68199e-07,1.7053e-13,0.0499875,1.2
148920,49.9989,49.9989,49.9989,0.173148,0.054245,0.173148,0.133974,5.67656e-07,2.27374e-13,0.0499875,1.2
148980,49.9989,49.9989,49.9989,0.173097,0.0542409,0.173097,0.13394,5.67113e-07,2.27374e-13,0.0499875,1.2
149040,49.9989,49.9989,49.9989,0.173045,0.0542368,0.173045,0.133906,5.66571e-07,2.27374e-13,0.0499875,1.2
149100,49.9989,49.9989,49.9989,0.172994,0.0542328,0.172994,0.133872,5.6603e-07,2.27374e-13,0.0499875,1.2
149160,49.9989,49.9989,49.9989,0.172943,0.0542287,0.172943,0.133838,5.6549e-07,1.7053e-13,0.0499875,1.2
149220,49.9989,49.9989,49.9989,0.172892,0.0542247,0.172892,0.133804,5.64951e-07,1.7053e-13,0.0499875,1.2
149280,49.9989,49.9989,49.9989,0.172842,0.0542206,0.172842,0.13377,5.64412e-07,1.13687e-13,0.0499875,1.2
149340,49.9989,49.9989,49.9989,0.172791,0.0542166,0.172791,0.133737,5.63874e-07,1.7053e-13,0.0499875,1.2
149400,49.9989,49.9989,49.9989,0.17274,0.0542126,0.17274,0.133703,5.63337e-07,1.7053e-13,0.0499875,1.2
149460,49.9989,49.9989,49.9989,0.172689,0.0542085,0.172689,0.133669,5.62801e-07,1.7053e-13,0.0499875,1.2
149520,49.9989,49.9989,49.9989,0.172638,0.0542045,0.172638,0.133635,5.62265e-07,1.7053e-13,0.0499875,1.2
149580,49.9989,49.9989,49.9989,0.172588,0.0542005,0.172588,0.133602,5.61731e-07,2.27374e-13,0.0499875,1.2
149640,49.9989,49.9989,49.9989,0.172537,0.0541965,0.172537,0.133568,5.61197e-07,2.27374e-13,0.0499875,1.2
149700,49.9989,49.9989,49.9989,0.172487,0.0541925,0.172487,0.133534,5.60664e-07,2.27374e-13,0.0499875,1.2
149760,49.9989,49.9989,49.9989,0.172436,0.0541885,0.172436,0.133501,5.60131e-07,1.7053e-13,0.0499875,1.2
149820,49.9989,49.9989,49.9989,0.172386,0.0541845,0.172386,0.133467,5.596e-07,1.7053e-13,0.0499875,1.2
149880,49.9989,49.9989,49.9989,0.172335,0.0541806,0.172335,0.133433,5.59069e-07,1.13687e-13,0.0499875,1.2
149940,49.9989,49.9989,49.9989,0.172285,0.0541766,0.172285,0.1334,5.58539e-07,1.7053e-13,0.0499875,1.2
150000,49.9989,49.9989,49.9989,0.172235,0.0541726,0.172235,0.133366,5.5801e-07,1.7053e-13,0.0499875,1.2
150060,49.9989,49.9989,49.9989,0.172184,0.0541687,0.172184,0.133333,5.57482e-07,1.7053e-13,0.0499875,1.2
150120,49.9989,49.9989,49.9989,0.172134,0.0541647,0.172134,0.1333,5.56954e-07,1.7053e-13,0.0499875,1.2
150180,49.9989,49.9989,49.9989,0.172084,0.0541607,0.172084,0.133266,5.56427e-07,1.7053e-13,0.0499875,1.2
150240,49.9989,49.9989,49.9989,0.172034,0.0541568,0.172034,0.133233,5.55901e-07,1.7053e-13,0.0499875,1.2
150300,49.9989,49.9989,49.9989,0.171984,0.0541529,0.171984,0.133199,5.55376e-07,1.7053e-13,0.0499875,1.2
150360,49.9989,49.9989,49.9989,0.171934,0.0541489,0.171934,0.133166,5.54851e-07,1.7053e-13,0.0499875,1.2
150420,49.9989,49.9989,49.9989,0.171884,0.054145,0.171884,0.133133,5.54327e-07,1.7053e-13,0.0499875,1.2
150480,49.9989,49.9989,49.9989,0.171834,0.0541411,0.171834,0.1331,5.53804e-07,1.13687e-13,0.0499875,1.2
150540,49.9989,49.9989,49.9989,0.171784,0.0541372,0.171784,0.133066,5.53282e-07,1.7053e-13,0.0499875,1.2
150600,49.9989,49.9989,49.9989,0.171734,0.0541332,0.171734,0.133033,5.52761e-07,1.7053e-13,0.0499875,1.2
150660,49.9989,49.9989,49.9989,0.171685,0.0541293,0.171685,0.133,5.5224e-07,1.7053e-13,0.0499875,1.2
150720,49.9989,49.9989,49.9989,0.171635,0.0541254,0.171635,0.132967,5.5172e-07,1.7053e-13,0.0499875,1.2
150780,49.9989,49.9989,49.9989,0.171585,0.0541215,0.171585,0.132934,5.51201e-07,1.7053e-13,0.0499875,1.2
150840,49.9989,49.9989,49.9989,0.171536,0.0541177,0.171536,0.132901,5.50683e-07,2.27374e-13,0.0499875,1.2
150900,49.9989,49.9989,49.9989,0.171486,0.0541138,0.171486,0.132868,5.50165e-07,2.27374e-13,0.0499875,1.2
150960,49.9989,49.9989,49.9989,0.171436,0.0541099,0.171436,0.132835,5.49648e-07,1.7053e-13,0.0499875,1.2
151020,49.9989,49.9989,49.9989,0.171387,0.054106,0.171387,0.132802,5.49132e-07,1.7053e-13,0.0499875,1.2
151080,49.9989,49.9989,49.9989,0.171338,0.0541022,0.171338,0.132769,5.48617e-07,1.13687e-13,0.0499875,1.2
151140,49.9989,49.9989,49.9989,0.171288,0.0540983,0.171288,0.132736,5.48102e-07,1.7053e-13,0.0499875,1.2
151200,49.9989,49.9989,49.9989,0.171239,0.0540945,0.171239,0.132703,5.47588e-07,1.7053e-13,0.0499875,1.2
151260,49.9989,49.9989,49.9989,0.17119,0.0540906,0.17119,0.13267,5.47075e-07,1.7053e-13,0.0499875,1.2
151320,49.9989,49.9989,49.9989,0.17114,0.0540868,0.17114,0.132637,5.46562e-07,2.27374e-13,0.0499875,1.2
151380,49.9989,49.9989,49.9989,0.171091,0.0540829,0.171091,0.132605,5.46051e-07,2.27374e-13,0.0499875,1.2
151440,49.9989,49.9989,49.9989,0.171042,0.0540791,0.171042,0.132572,5.4554e-07,2.27374e-13,0.0499875,1.2
151500,49.9989,49.9989,49.9989,0.170993,0.0540753,0.170993,0.132539,5.4503e-07,2.27374e-13,0.0499875,1.2
151560,49.9989,49.9989,49.9989,0.170944,0.0540714,0.170944,0.132506,5.4452e-07,1.7053e-13,0.0499875,1.2
151620,49.9989,49.9989,49.9989,0.170895,0.0540676,0.170895,0.132474,5.44012e-07,1.7053e-13,0.0499875,1.2
151680,49.9989,49.9989,49.9989,0.170846,0.0540638,0.170846,0.132441,5.43504e-07,1.13687e-13,0.0499875,1.2
151740,49.9989,49.9989,49.9989,0.170797,0.05406,0.170797,0.132409,5.42997e-07,1.7053e-13,0.0499875,1.2
151800,49.9989,49.9989,49.9989,0.170748,0.0540562,0.170748,0.132376,5.4249e-07,1.7053e-13,0.0499875,1.2
151860,49.9989,49.9989,49.9989,0.1707,0.0540524,0.1707,0.132344,5.41984e-07,2.27374e-13,0.0499875,1.2
151920,49.9989,49.9989,49.9989,0.170651,0.0540486,0.170651,0.132311,5.41479e-07,2.27374e-13,0.0499875,1.2
151980,49.9989,49.9989,49.9989,0.170602,0.0540449,0.170602,0.132279,5.40975e-07,2.27374e-13,0.0499875,1.2
152040,49.9989,49.9989,49.9989,0.170553,0.0540411,0.170553,0.132246,5.40472e-07,2.27374e-13,0.0499875,1.2
152100,49.9989,49.9989,49.9989,0.170505,0.0540373,0.170505,0.132214,5.39969e-07,2.27374e-13,0.0499875,1.2
152160,49.9989,49.9989,49.9989,0.170456,0.0540335,0.170456,0.132181,5.39467e-07,2.27374e-13,0.0499875,1.2
152220,49.9989,49.9989,49.9989,0.170408,0.0540298,0.170408,0.132149,5.38965e-07,1.13687e-13,0.0499875,1.2
152280,49.9989,49.9989,49.9989,0.170359,0.054026,0.170359,0.132117,5.38465e-07,1.13687e-13,0.0499875,1.2
152340,49.9989,49.9989,49.9989,0.170311,0.0540223,0.170311,0.132084,5.37965e-07,1.7053e-13,0.0499875,1.2
152400,49.9989,49.9989,49.9989,0.170263,0.0540185,0.170263,0.132052,5.37466e-07,1.7053e-13,0.0499875,1.2
152460,49.9989,49.9989,49.9989,0.170214,0.0540148,0.170214,0.13202,5.36967e-07,2.27374e-13,0.0499875,1.2
152520,49.9989,49.9989,49.9989,0.170166,0.0540111,0.170166,0.131988,5.36469e-07,2.27374e-13,0.0499875,1.2
152580,49.9989,49.9989,49.9989,0.170118,0.0540073,0.170118,0.131955,5.35972e-07,2.27374e-13,0.0499875,1.2
152640,49.9989,49.9989,49.9989,0.17007,0.0540036,0.17007,0.131923,5.35476e-07,2.27374e-13,0.0499875,1.2
152700,49.9989,49.9989,49.9989,0.170021,0.0539999,0.170021,0.131891,5.3498e-07,2.27374e-13,0.0499875,1.2
152760,49.9989,49.9989,49.9989,0.169973,0.0539962,0.169973,0.131859,5.34486e-07,2.27374e-13,0.0499875,1.2
152820,49.9989,49.9989,49.9989,0.169925,0.0539925,0.169925,0.131827,5.33991e-07,1.7053e-13,0.0499875,1.2
152880,49.9989,49.9989,49.9989,0.169877,0.0539888,0.169877,0.131795,5.33498e-07,1.13687e-13,0.0499875,1.2
152940,49.9989,49.9989,49.9989,0.169829,0.0539851,0.169829,0.131763,5.33005e-07,1.7053e-13,0.0499875,1.2
153000,49.9989,49.9989,49.9989,0.169782,0.0539814,0.169782,0.131731,5.32513e-07,1.7053e-13,0.0499875,1.2
153060,49.9989,49.9989,49.9989,0.169734,0.0539777,0.169734,0.131699,5.32022e-07,1.7053e-13,0.0499875,1.2
153120,49.9989,49.9989,49.9989,0.169686,0.053974,0.169686,0.131667,5.31531e-07,1.7053e-13,0.0499875,1.2
153180,49.9989,49.9989,49.9989,0.169638,0.0539704,0.169638,0.131635,5.31041e-07,2.27374e-13,0.0499875,1.2
153240,49.9989,49.9989,49.9989,0.16959,0.0539667,0.16959,0.131604,5.30552e-07,2.27374e-13,0.0499875,1.2
153300,49.9989,49.9989,49.9989,0.169543,0.053963,0.169543,0.131572,5.30064e-07,1.7053e-13,0.0499875,1.2
153360,49.9989,49.9989,49.9989,0.169495,0.0539594,0.169495,0.13154,5.29576e-07,1.7053e-13,0.0499875,1.2
153420,49.9989,49.9989,49.9989,0.169448,0.0539557,0.169448,0.131508,5.29089e-07,1.7053e-13,0.0499875,1.2
153480,49.9989,49.9989,49.9989,0.1694,0.0539521,0.1694,0.131476,5.28602e-07,1.13687e-13,0.0499875,1.2
153540,49.9989,49.9989,49.9989,0.169352,0.0539484,0.169352,0.131445,5.28116e-07,1.7053e-13,0.0499875,1.2
153600,49.9989,49.9989,49.9989,0.169305,0.0539448,0.169305,0.131413,5.27631e-07,1.7053e-13,0.0499875,1.2
153660,49.9989,49.9989,49.9989,0.169258,0.0539411,0.169258,0.131381,5.27147e-07,1.7053e-13,0.0499875,1.2
153720,49.9989,49.9989,49.9989,0.16921,0.0539375,0.16921,0.13135,5.26663e-07,1.7053e-13,0.0499875,1.2
153780,49.9989,49.9989,49.9989,0.169163,0.0539339,0.169163,0.131318,5.2618e-07,2.27374e-13,0.0499875,1.2
153840,49.9989,49.9989,49.9989,0.169116,0.0539303,0.169116,0.131287,5.25698e-07,2.27374e-13,0.0499875,1.2
153900,49.9989,49.9989,49.9989,0.169069,0.0539267,0.169069,0.131255,5.25217e-07,1.7053e-13,0.0499875,1.2
153960,49.9989,49.9989,49.9989,0.169021,0.0539231,0.169021,0.131224,5.24736e-07,1.7053e-13,0.0499875,1.2
154020,49.9989,49.9989,49.9989,0.168974,0.0539195,0.168974,0.131192,5.24255e-07,1.13687e-13,0.0499875,1.2
154080,49.9989,49.9989,49.9989,0.168927,0.0539159,0.168927,0.131161,5.23776e-07,1.13687e-13,0.0499875,1.2
154140,49.9989,49.9989,49.9989,0.16888,0.0539123,0.16888,0.131129,5.23297e-07,1.7053e-13,0.0499875,1.2
154200,49.9989,49.9989,49.9989,0.168833,0.0539087,0.168833,0.131098,5.22819e-07,1.7053e-13,0.0499875,1.2
154260,49.9989,49.9989,49.9989,0.168786,0.0539051,0.168786,0.131067,5.22341e-07,1.7053e-13,0.0499875,1.2
154320,49.9989,49.9989,49.9989,0.168739,0.0539015,0.168739,0.131035,5.21865e-07,1.7053e-13,0.0499875,1.2
154380,49.9989,49.9989,49.9989,0.168693,0.053898,0.168693,0.131004,5.21389e-07,1.7053e-13,0.0499875,1.2
154440,49.9989,49.9989,49.9989,0.168646,0.0538944,0.168646,0.130973,5.20913e-07,1.7053e-13,0.0499875,1.2
154500,49.9989,49.9989,49.9989,0.168599,0.0538908,0.168599,0.130941,5.20438e-07,1.7053e-13,0.0499875,1.2
154560,49.9989,49.9989,49.9989,0.168552,0.0538873,0.168552,0.13091,5.19964e-07,1.7053e-13,0.0499875,1.2
154620,49.9989,49.9989,49.9989,0.168506,0.0538837,0.168506,0.130879,5.19491e-07,1.7053e-13,0.0499875,1.2
154680,49.9989,49.9989,49.9989,0.168459,0.0538802,0.168459,0.130848,5.19018e-07,1.13687e-13,0.0499875,1.2
154740,49.9989,49.9989,49.9989,0.168412,0.0538766,0.168412,0.130817,5.18546e-07,1.7053e-13,0.0499875,1.2
154800,49.9989,49.9989,49.9989,0.168366,0.0538731,0.168366,0.130786,5.18074e-07,1.7053e-13,0.0499875,1.2
154860,49.9989,49.9989,49.9989,0.168319,0.0538696,0.168319,0.130755,5.17604e-07,1.7053e-13,0.0499875,1.2
154920,49.9989,49.9989,49.9989,0.168273,0.053866,0.168273,0.130724,5.17134e-07,1.7053e-13,0.0499875,1.2
154980,49.9989,49.9989,49.9989,0.168226,0.0538625,0.168226,0.130693,5.16664e-07,1.7053e-13,0.0499875,1.2
155040,49.9989,49.9989,49.9989,0.16818,0.053859,0.16818,0.130662,5.16195e-07,1.7053e-13,0.0499875,1.2
155100,49.9989,49.9989,49.9989,0.168134,0.0538555,0.168134,0.130631,5.15727e-07,1.7053e-13,0.0499875,1.2
155160,49.9989,49.9989,49.9989,0.168088,0.053852,0.168088,0.1306,5.1526e-07,1.7053e-13,0.0499875,1.2
155220,49.9989,49.9989,49.9989,0.168041,0.0538485,0.168041,0.130569,5.14793e-07,1.13687e-13,0.0499875,1.2
155280,49.9989,49.9989,49.9989,0.167995,0.053845,0.167995,0.130538,5.14327e-07,1.13687e-13,0.0499875,1.2
155340,49.9989,49.9989,49.9989,0.167949,0.0538415,0.167949,0.130507,5.13862e-07,1.13687e-13,0.0499875,1.2
155400,49.9989,49.9989,49.9989,0.167903,0.053838,0.167903,0.130476,5.13397e-07,1.13687e-13,0.0499875,1.2
155460,49.9989,49.9989,49.9989,0.167857,0.0538345,0.167857,0.130445,5.12933e-07,1.7053e-13,0.0499875,1.2
155520,49.9989,49.9989,49.9989,0.167811,0.0538311,0.167811,0.130415,5.12469e-07,1.7053e-13,0.0499875,1.2
155580,49.9989,49.9989,49.9989,0.167765,0.0538276,0.167765,0.130384,5.12006e-07,1.7053e-13,0.0499875,1.2
155640,49.9989,49.9989,49.9989,0.167719,0.0538241,0.167719,0.130353,5.11544e-07,1.7053e-13,0.0499875,1.2
155700,49.9989,49.9989,49.9989,0.167673,0.0538207,0.167673,0.130323,5.11083e-07,1.7053e-13,0.0499875,1.2
155760,49.9989,49.9989,49.9989,0.167627,0.0538172,0.167627,0.130292,5.10622e-07,1.7053e-13,0.0499875,1.2
155820,49.9989,49.9989,49.9989,0.167581,0.0538138,0.167581,0.130261,5.10161e-07,1.7053e-13,0.0499875,1.2
155880,49.9989,49.9989,49.9989,0.167536,0.0538103,0.167536,0.130231,5.09702e-07,1.13687e-13,0.0499875,1.2
155940,49.9989,49.9989,49.9989,0.16749,0.0538069,0.16749,0.1302,5.09243e-07,1.7053e-13,0.0499875,1.2
156000,49.9989,49.9989,49.9989,0.167444,0.0538034,0.167444,0.13017,5.08785e-07,1.7053e-13,0.0499875,1.2
156060,49.9989,49.9989,49.9989,0.167399,0.0538,0.167399,0.130139,5.08327e-07,1.7053e-13,0.0499875,1.2
156120,49.9989,49.9989,49.9989,0.167353,0.0537966,0.167353,0.130109,5.0787e-07,1.7053e-13,0.0499875,1.2
156180,49.9989,49.9989,49.9989,0.167308,0.0537931,0.167308,0.130078,5.07414e-07,1.7053e-13,0.0499875,1.2
156240,49.9989,49.9989,49.9989,0.167262,0.0537897,0.167262,0.130048,5.06958e-07,1.7053e-13,0.0499875,1.2
156300,49.9989,49.9989,49.9989,0.167217,0.0537863,0.167217,0.130017,5.06503e-07,1.7053e-13,0.0499875,1.2
156360,49.9989,49.9989,49.9989,0.167171,0.0537829,0.167171,0.129987,5.06048e-07,1.7053e-13,0.0499875,1.2
156420,49.9989,49.9989,49.9989,0.167126,0.0537795,0.167126,0.129957,5.05594e-07,1.13687e-13,0.0499875,1.2
156480,49.9989,49.9989,49.9989,0.167081,0.0537761,0.167081,0.129926,5.05141e-07,1.13687e-13,0.0499875,1.2
156540,49.9989,49.9989,49.9989,0.167035,0.0537727,0.167035,0.129896,5.04689e-07,1.7053e-13,0.0499875,1.2
156600,49.9989,49.9989,49.9989,0.16699,0.0537693,0.16699,0.129866,5.04237e-07,1.7053e-13,0.0499875,1.2
156660,49.9989,49.9989,49.9989,0.166945,0.0537659,0.166945,0.129835,5.03785e-07,2.27374e-13,0.0499875,1.2
156720,49.9989,49.9989,49.9989,0.1669,0.0537626,0.1669,0.129805,5.03335e-07,2.27374e-13,0.0499875,1.2
156780,49.9989,49.9989,49.9989,0.166855,0.0537592,0.166855,0.129775,5.02885e-07,2.27374e-13,0.0499875,1.2
156840,49.9989,49.9989,49.9989,0.166809,0.0537558,0.166809,0.129745,5.02435e-07,2.27374e-13,0.0499875,1.2
156900,49.9989,49.9989,49.9989,0.166764,0.0537524,0.166764,0.129715,5.01986e-07,2.27374e-13,0.0499875,1.2
156960,49.9989,49.9989,49.9989,0.166719,0.0537491,0.166719,0.129685,5.01538e-07,1.7053e-13,0.0499875,1.2
157020,49.9989,49.9989,49.9989,0.166675,0.0537457,0.166675,0.129655,5.01091e-07,1.7053e-13,0.0499875,1.2
157080,49.9989,49.9989,49.9989,0.16663,0.0537424,0.16663,0.129624,5.00644e-07,1.13687e-13,0.0499875,1.2
157140,49.9989,49.9989,49.9989,0.166585,0.053739,0.166585,0.129594,5.00198e-07,1.7053e-13,0.0499875,1.2
157200,49.9989,49.9989,49.9989,0.16654,0.0537357,0.16654,0.129564,4.99752e-07,1.7053e-13,0.0499875,1.2
157260,49.9989,49.9989,49.9989,0.166495,0.0537323,0.166495,0.129534,4.99307e-07,1.7053e-13,0.0499875,1.2
157320,49.9989,49.9989,49.9989,0.16645,0.053729,0.16645,0.129505,4.98862e-07,1.7053e-13,0.0499875,1.2
157380,49.9989,49.9989,49.9989,0.166406,0.0537257,0.166406,0.129475,4.98419e-07,2.27374e-13,0.0499875,1.2
157440,49.9989,49.9989,49.9989,0.166361,0.0537224,0.166361,0.129445,4.97975e-07,2.27374e-13,0.0499875,1.2
157500,49.9989,49.9989,49.9989,0.166317,0.053719,0.166317,0.129415,4.97533e-07,2.27374e-13,0.0499875,1.2
157560,49.9989,49.9989,49.9989,0.166272,0.0537157,0.166272,0.129385,4.97091e-07,1.7053e-13,0.0499875,1.2
157620,49.9989,49.9989,49.9989,0.166227,0.0537124,0.166227,0.129355,4.96649e-07,1.7053e-13,0.0499875,1.2
157680,49.9989,49.9989,49.9989,0.166183,0.0537091,0.166183,0.129325,4.96209e-07,1.13687e-13,0.0499875,1.2
157740,49.9989,49.9989,49.9989,0.166139,0.0537058,0.166139,0.129296,4.95769e-07,1.7053e-13,0.0499875,1.2
157800,49.9989,49.9989,49.9989,0.166094,0.0537025,0.166094,0.129266,4.95329e-07,1.7053e-13,0.0499875,1.2
157860,49.9989,49.9989,49.9989,0.16605,0.0536992,0.16605,0.129236,4.9489e-07,1.7053e-13,0.0499875,1.2
157920,49.9989,49.9989,49.9989,0.166005,0.0536959,0.166005,0.129207,4.94452e-07,2.27374e-13,0.0499875,1.2
157980,49.9989,49.9989,49.9989,0.165961,0.0536926,0.165961,0.129177,4.94014e-07,2.27374e-13,0.0499875,1.2
158040,49.9989,49.9989,49.9989,0.165917,0.0536894,0.165917,0.129147,4.93577e-07,2.27374e-13,0.0499875,1.2
158100,49.9989,49.9989,49.9989,0.165873,0.0536861,0.165873,0.129118,4.9314e-07,1.7053e-13,0.0499875,1.2
158160,49.9989,49.9989,49.9989,0.165829,0.0536828,0.165829,0.129088,4.92704e-07,1.7053e-13,0.0499875,1.2
158220,49.9989,49.9989,49.9989,0.165784,0.0536796,0.165784,0.129059,4.92269e-07,1.7053e-13,0.0499875,1.2
158280,49.9989,49.9989,49.9989,0.16574,0.0536763,0.16574,0.129029,4.91834e-07,1.13687e-13,0.0499875,1.2
158340,49.9989,49.9989,49.9989,0.165696,0.053673,0.165696,0.129,4.914e-07,1.7053e-13,0.0499875,1.2
158400,49.9989,49.9989,49.9989,0.165652,0.0536698,0.165652,0.12897,4.90967e-07,1.7053e-13,0.0499875,1.2
158460,49.9989,49.9989,49.9989,0.165608,0.0536665,0.165608,0.128941,4.90534e-07,1.7053e-13,0.0499875,1.2
158520,49.9989,49.9989,49.9989,0.165565,0.0536633,0.165565,0.128911,4.90102e-07,1.7053e-13,0.0499875,1.2
158580,49.9989,49.9989,49.9989,0.165521,0.0536601,0.165521,0.128882,4.8967e-07,1.7053e-13,0.0499875,1.2
158640,49.9989,49.9989,49.9989,0.165477,0.0536568,0.165477,0.128852,4.89239e-07,2.27374e-13,0.0499875,1.2
158700,49.9989,49.9989,49.9989,0.165433,0.0536536,0.165433,0.128823,4.88808e-07,2.27374e-13,0.0499875,1.2
158760,49.9989,49.9989,49.9989,0.165389,0.0536504,0.165389,0.128794,4.88378e-07,1.7053e-13,0.0499875,1.2
158820,49.9989,49.9989,49.9989,0.165346,0.0536472,0.165346,0.128764,4.87949e-07,1.7053e-13,0.0499875,1.2
158880,49.9989,49.9989,49.9989,0.165302,0.0536439,0.165302,0.128735,4.8752e-07,1.13687e-13,0.0499875,1.2
158940,49.9989,49.9989,49.9989,0.165258,0.0536407,0.165258,0.128706,4.87092e-07,1.7053e-13,0.0499875,1.2
159000,49.9989,49.9989,49.9989,0.165215,0.0536375,0.165215,0.128677,4.86664e-07,1.7053e-13,0.0499875,1.2
159060,49.9989,49.9989,49.9989,0.165171,0.0536343,0.165171,0.128648,4.86237e-07,1.7053e-13,0.0499875,1.2
159120,49.9989,49.9989,49.9989,0.165128,0.0536311,0.165128,0.128618,4.85811e-07,2.27374e-13,0.0499875,1.2
159180,49.9989,49.9989,49.9989,0.165084,0.0536279,0.165084,0.128589,4.85385e-07,2.27374e-13,0.0499875,1.2
159240,49.9989,49.9989,49.9989,0.165041,0.0536247,0.165041,0.12856,4.8496e-07,2.27374e-13,0.0499875,1.2
159300,49.9989,49.9989,49.9989,0.164997,0.0536216,0.164997,0.128531,4.84535e-07,2.27374e-13,0.0499875,1.2
159360,49.9989,49.9989,49.9989,0.164954,0.0536184,0.164954,0.128502,4.84111e-07,1.7053e-13,0.0499875,1.2
159420,49.9989,49.9989,49.9989,0.164911,0.0536152,0.164911,0.128473,4.83688e-07,1.7053e-13,0.0499875,1.2
159480,49.9989,49.9989,49.9989,0.164867,0.053612,0.164867,0.128444,4.83265e-07,1.13687e-13,0.0499875,1.2
159540,49.9989,49.9989,49.9989,0.164824,0.0536089,0.164824,0.128415,4.82842e-07,1.7053e-13,0.0499875,1.2
159600,49.9989,49.9989,49.9989,0.164781,0.0536057,0.164781,0.128386,4.82421e-07,1.7053e-13,0.0499875,1.2
159660,49.9989,49.9989,49.9989,0.164738,0.0536025,0.164738,0.128357,4.81999e-07,2.27374e-13,0.0499875,1.2
159720,49.9989,49.9989,49.9989,0.164695,0.0535994,0.164695,0.128328,4.81579e-07,2.27374e-13,0.0499875,1.2
159780,49.9989,49.9989,49.9989,0.164652,0.0535962,0.164652,0.128299,4.81159e-07,2.27374e-13,0.0499875,1.2
159840,49.9989,49.9989,49.9989,0.164609,0.0535931,0.164609,0.12827,4.80739e-07,2.27374e-13,0.0499875,1.2
159900,49.9989,49.9989,49.9989,0.164566,0.0535899,0.164566,0.128242,4.8032e-07,2.27374e-13,0.0499875,1.2
159960,49.9989,49.9989,49.9989,0.164523,0.0535868,0.164523,0.128213,4.79902e-07,1.7053e-13,0.0499875,1.2
160020,49.9989,49.9989,49.9989,0.16448,0.0535837,0.16448,0.128184,4.79484e-07,1.7053e-13,0.0499875,1.2
160080,49.9989,49.9989,49.9989,0.164437,0.0535805,0.164437,0.128155,4.79067e-07,1.13687e-13,0.0499875,1.2
160140,49.9989,49.9989,49.9989,0.164394,0.0535774,0.164394,0.128127,4.7865e-07,1.7053e-13,0.0499875,1.2
160200,49.9989,49.9989,49.9989,0.164351,0.0535743,0.164351,0.128098,4.78234e-07,1.7053e-13,0.0499875,1.2
160260,49.9989,49.9989,49.9989,0.164309,0.0535712,0.164309,0.128069,4.77819e-07,1.7053e-13,0.0499875,1.2
160320,49.9989,49.9989,49.9989,0.164266,0.0535681,0.164266,0.128041,4.77404e-07,1.7053e-13,0.0499875,1.2
160380,49.9989,49.9989,49.9989,0.164223,0.053565,0.164223,0.128012,4.76989e-07,1.7053e-13,0.0499875,1.2
160440,49.9989,49.9989,49.9989,0.164181,0.0535619,0.164181,0.127983,4.76576e-07,2.27374e-13,0.0499875,1.2
160500,49.9989,49.9989,49.9989,0.164138,0.0535588,0.164138,0.127955,4.76162e-07,1.7053e-13,0.0499875,1.2
160560,49.9989,49.9989,49.9989,0.164095,0.0535557,0.164095,0.127926,4.7575e-07,1.7053e-13,0.0499875,1.2
160620,49.9989,49.9989,49.9989,0.164053,0.0535526,0.164053,0.127898,4.75337e-07,1.13687e-13,0.0499875,1.2
160680,49.9989,49.9989,49.9989,0.16401,0.0535495,0.16401,0.127869,4.74926e-07,1.13687e-13,0.0499875,1.2
160740,49.9989,49.9989,49.9989,0.163968,0.0535464,0.163968,0.127841,4.74515e-07,1.7053e-13,0.0499875,1.2
160800,49.9989,49.9989,49.9989,0.163925,0.0535433,0.163925,0.127812,4.74104e-07,1.7053e-13,0.0499875,1.2
160860,49.9989,49.9989,49.9989,0.163883,0.0535402,0.163883,0.127784,4.73694e-07,1.7053e-13,0.0499875,1.2
160920,49.9989,49.9989,49.9989,0.163841,0.0535372,0.163841,0.127755,4.73285e-07,1.7053e-13,0.0499875,1.2
160980,49.9989,49.9989,49.9989,0.163798,0.0535341,0.163798,0.127727,4.72876e-07,1.7053e-13,0.0499875,1.2
161040,49.9989,49.9989,49.9989,0.163756,0.0535311,0.163756,0.127699,4.72468e-07,2.27374e-13,0.0499875,1.2
161100,49.9989,49.9989,49.9989,0.163714,0.053528,0.163714,0.12767,4.7206e-07,1.7053e-13,0.0499875,1.2
161160,49.9989,49.9989,49.9989,0.163672,0.0535249,0.163672,0.127642,4.71653e-07,1.7053e-13,0.0499875,1.2
161220,49.9989,49.9989,49.9989,0.16363,0.0535219,0.16363,0.127614,4.71247e-07,1.7053e-13,0.0499875,1.2
161280,49.9989,49.9989,49.9989,0.163588,0.0535188,0.163588,0.127585,4.7084e-07,1.13687e-13,0.0499875,1.2
161340,49.9989,49.9989,49.9989,0.163546,0.0535158,0.163546,0.127557,4.70435e-07,1.13687e-13,0.0499875,1.2
161400,49.9989,49.9989,49.9989,0.163503,0.0535128,0.163503,0.127529,4.7003e-07,1.7053e-13,0.0499875,1.2
161460,49.9989,49.9989,49.9989,0.163461,0.0535097,0.163461,0.127501,4.69626e-07,1.7053e-13,0.0499875,1.2
161520,49.9989,49.9989,49.9989,0.16342,0.0535067,0.16342,0.127473,4.69222e-07,1.7053e-13,0.0499875,1.2
161580,49.9989,49.9989,49.9989,0.163378,0.0535037,0.163378,0.127444,4.68818e-07,1.7053e-13,0.0499875,1.2
161640,49.9989,49.9989,49.9989,0.163336,0.0535007,0.163336,0.127416,4.68416e-07,2.27374e-13,0.0499875,1.2
161700,49.9989,49.9989,49.9989,0.163294,0.0534976,0.163294,0.127388,4.68013e-07,2.27374e-13,0.0499875,1.2
161760,49.9989,49.9989,49.9989,0.163252,0.0534946,0.163252,0.12736,4.67612e-07,1.7053e-13,0.0499875,1.2
161820,49.9989,49.9989,49.9989,0.16321,0.0534916,0.16321,0.127332,4.6721e-07,1.7053e-13,0.0499875,1.2
161880,49.9989,49.9989,49.9989,0.163169,0.0534886,0.163169,0.127304,4.6681e-07,1.13687e-13,0.0499875,1.2
161940,49.9989,49.9989,49.9989,0.163127,0.0534856,0.163127,0.127276,4.6641e-07,1.13687e-13,0.0499875,1.2
162000,49.9989,49.9989,49.9989,0.163085,0.0534826,0.163085,0.127248,4.6601e-07,1.7053e-13,0.0499875,1.2
162060,49.9989,49.9989,49.9989,0.163044,0.0534796,0.163044,0.12722,4.65611e-07,1.7053e-13,0.0499875,1.2
162120,49.9989,49.9989,49.9989,0.163002,0.0534766,0.163002,0.127192,4.65213e-07,1.7053e-13,0.0499875,1.2
162180,49.9989,49.9989,49.9989,0.162961,0.0534737,0.162961,0.127164,4.64815e-07,2.27374e-13,0.0499875,1.2
162240,49.9989,49.9989,49.9989,0.162919,0.0534707,0.162919,0.127136,4.64417e-07,2.27374e-13,0.0499875,1.2
162300,49.9989,49.9989,49.9989,0.162878,0.0534677,0.162878,0.127109,4.6402e-07,2.27374e-13,0.0499875,1.2
162360,49.9989,49.9989,49.9989,0.162836,0.0534647,0.162836,0.127081,4.63624e-07,2.27374e-13,0.0499875,1.2
162420,49.9989,49.9989,49.9989,0.162795,0.0534618,0.162795,0.127053,4.63228e-07,1.7053e-13,0.0499875,1.2
162480,49.9989,49.9989,49.9989,0.162753,0.0534588,0.162753,0.127025,4.62833e-07,1.7053e-13,0.0499875,1.2
162540,49.9989,49.9989,49.9989,0.162712,0.0534558,0.162712,0.126997,4.62438e-07,1.7053e-13,0.0499875,1.2
162600,49.9989,49.9989,49.9989,0.162671,0.0534529,0.162671,0.12697,4.62044e-07,1.7053e-13,0.0499875,1.2
162660,49.9989,49.9989,49.9989,0.16263,0.0534499,0.16263,0.126942,4.6165e-07,1.7053e-13,0.0499875,1.2
162720,49.9989,49.9989,49.9989,0.162588,0.053447,0.162588,0.126914,4.61257e-07,2.27374e-13,0.0499875,1.2
162780,49.9989,49.9989,49.9989,0.162547,0.053444,0.162547,0.126887,4.60864e-07,2.27374e-13,0.0499875,1.2
162840,49.9989,49.9989,49.9989,0.162506,0.0534411,0.162506,0.126859,4.60472e-07,2.27374e-13,0.0499875,1.2
162900,49.9989,49.9989,49.9989,0.162465,0.0534381,0.162465,0.126831,4.6008e-07,1.7053e-13,0.0499875,1.2
162960,49.9989,49.9989,49.9989,0.162424,0.0534352,0.162424,0.126804,4.59689e-07,1.7053e-13,0.0499875,1.2
163020,49.9989,49.9989,49.9989,0.162383,0.0534323,0.162383,0.126776,4.59299e-07,1.13687e-13,0.0499875,1.2
163080,49.9989,49.9989,49.9989,0.162342,0.0534294,0.162342,0.126749,4.58909e-07,1.13687e-13,0.0499875,1.2
163140,49.9989,49.9989,49.9989,0.162301,0.0534264,0.162301,0.126721,4.58519e-07,1.7053e-13,0.0499875,1.2
163200,49.9989,49.9989,49.9989,0.16226,0.0534235,0.16226,0.126694,4.5813e-07,1.7053e-13,0.0499875,1.2
163260,49.9989,49.9989,49.9989,0.162219,0.0534206,0.162219,0.126666,4.57741e-07,1.7053e-13,0.0499875,1.2
163320,49.9989,49.9989,49.9989,0.162178,0.0534177,0.162178,0.126639,4.57353e-07,2.27374e-13,0.0499875,1.2
163380,49.9989,49.9989,49.9989,0.162137,0.0534148,0.162137,0.126611,4.56966e-07,2.27374e-13,0.0499875,1.2
163440,49.9989,49.9989,49.9989,0.162097,0.0534119,0.162097,0.126584,4.56579e-07,2.27374e-13,0.0499875,1.2
163500,49.9989,49.9989,49.9989,0.162056,0.053409,0.162056,0.126556,4.56192e-07,2.27374e-13,0.0499875,1.2
163560,49.9989,49.9989,49.9989,0.162015,0.0534061,0.162015,0.126529,4.55806e-07,2.27374e-13,0.0499875,1.2
163620,49.9989,49.9989,49.9989,0.161975,0.0534032,0.161975,0.126502,4.55421e-07,1.7053e-13,0.0499875,1.2
163680,49.9989,49.9989,49.9989,0.161934,0.0534003,0.161934,0.126474,4.55036e-07,1.13687e-13,0.0499875,1.2
163740,49.9989,49.9989,49.9989,0.161893,0.0533974,0.161893,0.126447,4.54652e-07,1.7053e-13,0.0499875,1.2
163800,49.9989,49.9989,49.9989,0.161853,0.0533945,0.161853,0.12642,4.54268e-07,1.7053e-13,0.0499875,1.2
163860,49.9989,49.9989,49.9989,0.161812,0.0533917,0.161812,0.126393,4.53884e-07,1.7053e-13,0.0499875,1.2
163920,49.9989,49.9989,49.9989,0.161772,0.0533888,0.161772,0.126365,4.53501e-07,2.27374e-13,0.0499875,1.2
163980,49.9989,49.9989,49.9989,0.161731,0.0533859,0.161731,0.126338,4.53119e-07,2.27374e-13,0.0499875,1.2
164040,49.9989,49.9989,49.9989,0.161691,0.0533831,0.161691,0.126311,4.52737e-07,2.27374e-13,0.0499875,1.2
164100,49.9989,49.9989,49.9989,0.161651,0.0533802,0.161651,0.126284,4.52356e-07,2.27374e-13,0.0499875,1.2
164160,49.9989,49.9989,49.9989,0.16161,0.0533774,0.16161,0.126257,4.51975e-07,1.7053e-13,0.0499875,1.2
164220,49.9989,49.9989,49.9989,0.16157,0.0533745,0.16157,0.12623,4.51594e-07,1.7053e-13,0.0499875,1.2
164280,49.9989,49.9989,49.9989,0.16153,0.0533716,0.16153,0.126203,4.51215e-07,1.13687e-13,0.0499875,1.2
164340,49.9989,49.9989,49.9989,0.161489,0.0533688,0.161489,0.126176,4.50835e-07,1.7053e-13,0.0499875,1.2
164400,49.9989,49.9989,49.9989,0.161449,0.053366,0.161449,0.126149,4.50456e-07,1.7053e-13,0.0499875,1.2
164460,49.9989,49.9989,49.9989,0.161409,0.0533631,0.161409,0.126121,4.50078e-07,1.7053e-13,0.0499875,1.2
164520,49.9989,49.9989,49.9989,0.161369,0.0533603,0.161369,0.126094,4.497e-07,1.7053e-13,0.0499875,1.2
164580,49.9989,49.9989,49.9989,0.161329,0.0533575,0.161329,0.126068,4.49323e-07,2.27374e-13,0.0499875,1.2
164640,49.9989,49.9989,49.9989,0.161289,0.0533546,0.161289,0.126041,4.48946e-07,1.7053e-13,0.0499875,1.2
164700,49.9989,49.9989,49.9989,0.161249,0.0533518,0.161249,0.126014,4.48569e-07,1.7053e-13,0.0499875,1.2
164760,49.9989,49.9989,49.9989,0.161209,0.053349,0.161209,0.125987,4.48193e-07,1.7053e-13,0.0499875,1.2
164820,49.9989,49.9989,49.9989,0.161169,0.0533462,0.161169,0.12596,4.47818e-07,1.7053e-13,0.0499875,1.2
164880,49.9989,49.9989,49.9989,0.161129,0.0533434,0.161129,0.125933,4.47443e-07,1.13687e-13,0.0499875,1.2
164940,49.9989,49.9989,49.9989,0.161089,0.0533406,0.161089,0.125906,4.47069e-07,1.13687e-13,0.0499875,1.2
165000,49.9989,49.9989,49.9989,0.161049,0.0533378,0.161049,0.125879,4.46695e-07,1.7053e-13,0.0499875,1.2
165060,49.9989,49.9989,49.9989,0.161009,0.0533349,0.161009,0.125853,4.46321e-07,1.7053e-13,0.0499875,1.2
165120,49.9989,49.9989,49.9989,0.16097,0.0533322,0.16097,0.125826,4.45948e-07,1.7053e-13,0.0499875,1.2
165180,49.9989,49.9989,49.9989,0.16093,0.0533294,0.16093,0.125799,4.45576e-07,1.7053e-13,0.0499875,1.2
165240,49.9989,49.9989,49.9989,0.16089,0.0533266,0.16089,0.125772,4.45204e-07,1.7053e-13,0.0499875,1.2
165300,49.9989,49.9989,49.9989,0.160851,0.0533238,0.160851,0.125746,4.44832e-07,1.7053e-13,0.0499875,1.2
165360,49.9989,49.9989,49.9989,0.160811,0.053321,0.160811,0.125719,4.44461e-07,1.7053e-13,0.0499875,1.2
165420,49.9989,49.9989,49.9989,0.160771,0.0533182,0.160771,0.125692,4.44091e-07,1.7053e-13,0.0499875,1.2
165480,49.9989,49.9989,49.9989,0.160732,0.0533154,0.160732,0.125666,4.43721e-07,1.13687e-13,0.0499875,1.2
165540,49.9989,49.9989,49.9989,0.160692,0.0533127,0.160692,0.125639,4.43351e-07,1.7053e-13,0.0499875,1.2
165600,49.9989,49.9989,49.9989,0.160653,0.0533099,0.160653,0.125612,4.42982e-07,1.7053e-13,0.0499875,1.2
165660,49.9989,49.9989,49.9989,0.160613,0.0533071,0.160613,0.125586,4.42613e-07,2.27374e-13,0.0499875,1.2
165720,49.9989,49.9989,49.9989,0.160574,0.0533044,0.160574,0.125559,4.42245e-07,2.27374e-13,0.0499875,1.2
165780,49.9989,49.9989,49.9989,0.160534,0.0533016,0.160534,0.125533,4.41878e-07,2.27374e-13,0.0499875,1.2
165840,49.9989,49.9989,49.9989,0.160495,0.0532989,0.160495,0.125506,4.4151e-07,2.27374e-13,0.0499875,1.2
165900,49.9989,49.9989,49.9989,0.160456,0.0532961,0.160456,0.12548,4.41144e-07,2.27374e-13,0.0499875,1.2
165960,49.9989,49.9989,49.9989,0.160416,0.0532934,0.160416,0.125453,4.40777e-07,1.7053e-13,0.0499875,1.2
166020,49.9989,49.9989,49.9989,0.160377,0.0532906,0.160377,0.125427,4.40412e-07,1.7053e-13,0.0499875,1.2
166080,49.9989,49.9989,49.9989,0.160338,0.0532879,0.160338,0.125401,4.40046e-07,1.13687e-13,0.0499875,1.2
166140,49.9989,49.9989,49.9989,0.160299,0.0532852,0.160299,0.125374,4.39682e-07,1.7053e-13,0.0499875,1.2
166200,49.9989,49.9989,49.9989,0.16026,0.0532824,0.16026,0.125348,4.39317e-07,1.7053e-13,0.0499875,1.2
166260,49.9989,49.9989,49.9989,0.16022,0.0532797,0.16022,0.125321,4.38954e-07,1.7053e-13,0.0499875,1.2
166320,49.9989,49.9989,49.9989,0.160181,0.053277,0.160181,0.125295,4.3859e-07,1.7053e-13,0.0499875,1.2
166380,49.9989,49.9989,49.9989,0.160142,0.0532742,0.160142,0.125269,4.38227e-07,1.7053e-13,0.0499875,1.2
166440,49.9989,49.9989,49.9989,0.160103,0.0532715,0.160103,0.125243,4.37865e-07,1.7053e-13,0.0499875,1.2
166500,49.9989,49.9989,49.9989,0.160064,0.0532688,0.160064,0.125216,4.37503e-07,1.7053e-13,0.0499875,1.2
166560,49.9989,49.9989,49.9989,0.160025,0.0532661,0.160025,0.12519,4.37141e-07,1.7053e-13,0.0499875,1.2
166620,49.9989,49.9989,49.9989,0.159986,0.0532634,0.159986,0.125164,4.3678e-07,1.13687e-13,0.0499875,1.2
166680,49.9989,49.9989,49.9989,0.159947,0.0532607,0.159947,0.125138,4.3642e-07,1.13687e-13,0.0499875,1.2
166740,49.9989,49.9989,49.9989,0.159909,0.053258,0.159909,0.125111,4.3606e-07,1.7053e-13,0.0499875,1.2
166800,49.9989,49.9989,49.9989,0.15987,0.0532553,0.15987,0.125085,4.357e-07,1.7053e-13,0.0499875,1.2
166860,49.9989,49.9989,49.9989,0.159831,0.0532526,0.159831,0.125059,4.35341e-07,1.7053e-13,0.0499875,1.2
166920,49.9989,49.9989,49.9989,0.159792,0.0532499,0.159792,0.125033,4.34982e-07,2.27374e-13,0.0499875,1.2
166980,49.9989,49.9989,49.9989,0.159754,0.0532472,0.159754,0.125007,4.34624e-07,2.27374e-13,0.0499875,1.2
167040,49.9989,49.9989,49.9989,0.159715,0.0532445,0.159715,0.124981,4.34266e-07,2.27374e-13,0.0499875,1.2
167100,49.9989,49.9989,49.9989,0.159676,0.0532419,0.159676,0.124955,4.33909e-07,2.27374e-13,0.0499875,1.2
167160,49.9989,49.9989,49.9989,0.159638,0.0532392,0.159638,0.124929,4.33552e-07,1.7053e-13,0.0499875,1.2
167220,49.9989,49.9989,49.9989,0.159599,0.0532365,0.159599,0.124903,4.33196e-07,1.13687e-13,0.0499875,1.2
167280,49.9989,49.9989,49.9989,0.15956,0.0532338,0.15956,0.124877,4.3284e-07,1.13687e-13,0.0499875,1.2
167340,49.9989,49.9989,49.9989,0.159522,0.0532312,0.159522,0.124851,4.32484e-07,1.13687e-13,0.0499875,1.2
167400,49.9989,49.9989,49.9989,0.159483,0.0532285,0.159483,0.124825,4.32129e-07,1.7053e-13,0.0499875,1.2
167460,49.9989,49.9989,49.9989,0.159445,0.0532259,0.159445,0.124799,4.31775e-07,1.7053e-13,0.0499875,1.2
167520,49.9989,49.9989,49.9989,0.159407,0.0532232,0.159407,0.124773,4.31421e-07,1.7053e-13,0.0499875,1.2
167580,49.9989,49.9989,49.9989,0.159368,0.0532205,0.159368,0.124747,4.31067e-07,1.7053e-13,0.0499875,1.2
167640,49.9989,49.9989,49.9989,0.15933,0.0532179,0.15933,0.124721,4.30714e-07,2.27374e-13,0.0499875,1.2
167700,49.9989,49.9989,49.9989,0.159291,0.0532152,0.159291,0.124696,4.30361e-07,1.7053e-13,0.0499875,1.2
167760,49.9989,49.9989,49.9989,0.159253,0.0532126,0.159253,0.12467,4.30009e-07,1.7053e-13,0.0499875,1.2
167820,49.9989,49.9989,49.9989,0.159215,0.05321,0.159215,0.124644,4.29657e-07,1.7053e-13,0.0499875,1.2
167880,49.9989,49.9989,49.9989,0.159177,0.0532073,0.159177,0.124618,4.29306e-07,1.13687e-13,0.0499875,1.2
167940,49.9989,49.9989,49.9989,0.159138,0.0532047,0.159138,0.124592,4.28955e-07,1.7053e-13,0.0499875,1.2
168000,49.9989,49.9989,49.9989,0.1591,0.0532021,0.1591,0.124567,4.28604e-07,1.7053e-13,0.0499875,1.2
168060,49.9989,49.9989,49.9989,0.159062,0.0531994,0.159062,0.124541,4.28254e-07,1.7053e-13,0.0499875,1.2
168120,49.9989,49.9989,49.9989,0.159024,0.0531968,0.159024,0.124515,4.27905e-07,1.7053e-13,0.0499875,1.2
168180,49.9989,49.9989,49.9989,0.158986,0.0531942,0.158986,0.12449,4.27555e-07,1.7053e-13,0.0499875,1.2
168240,49.9989,49.9989,49.9989,0.158948,0.0531916,0.158948,0.124464,4.27207e-07,2.27374e-13,0.0499875,1.2
168300,49.9989,49.9989,49.9989,0.15891,0.053189,0.15891,0.124438,4.26858e-07,2.27374e-13,0.0499875,1.2
168360,49.9989,49.9989,49.9989,0.158872,0.0531864,0.158872,0.124413,4.26511e-07,1.7053e-13,0.0499875,1.2
168420,49.9989,49.9989,49.9989,0.158834,0.0531838,0.158834,0.124387,4.26163e-07,1.7053e-13,0.0499875,1.2
168480,49.9989,49.9989,49.9989,0.158796,0.0531812,0.158796,0.124362,4.25816e-07,1.13687e-13,0.0499875,1.2
168540,49.9989,49.9989,49.9989,0.158758,0.0531786,0.158758,0.124336,4.2547e-07,1.7053e-13,0.0499875,1.2
168600,49.9989,49.9989,49.9989,0.158721,0.053176,0.158721,0.124311,4.25124e-07,1.7053e-13,0.0499875,1.2
168660,49.9989,49.9989,49.9989,0.158683,0.0531734,0.158683,0.124285,4.24778e-07,1.7053e-13,0.0499875,1.2
168720,49.9989,49.9989,49.9989,0.158645,0.0531708,0.158645,0.12426,4.24433e-07,2.27374e-13,0.0499875,1.2
168780,49.9989,49.9989,49.9989,0.158607,0.0531682,0.158607,0.124234,4.24088e-07,2.27374e-13,0.0499875,1.2
168840,49.9989,49.9989,49.9989,0.158569,0.0531656,0.158569,0.124209,4.23744e-07,2.27374e-13,0.0499875,1.2
168900,49.9989,49.9989,49.9989,0.158532,0.053163,0.158532,0.124183,4.234e-07,2.27374e-13,0.0499875,1.2
168960,49.9989,49.9989,49.9989,0.158494,0.0531605,0.158494,0.124158,4.23057e-07,2.27374e-13,0.0499875,1.2
169020,49.9989,49.9989,49.9989,0.158457,0.0531579,0.158457,0.124133,4.22714e-07,1.7053e-13,0.0499875,1.2
169080,49.9989,49.9989,49.9989,0.158419,0.0531553,0.158419,0.124107,4.22372e-07,1.13687e-13,0.0499875,1.2
169140,49.9989,49.9989,49.9989,0.158381,0.0531528,0.158381,0.124082,4.22029e-07,1.7053e-13,0.0499875,1.2
169200,49.9989,49.9989,49.9989,0.158344,0.0531502,0.158344,0.124057,4.21688e-07,1.7053e-13,0.0499875,1.2
169260,49.9989,49.9989,49.9989,0.158306,0.0531476,0.158306,0.124031,4.21347e-07,1.7053e-13,0.0499875,1.2
169320,49.9989,49.9989,49.9989,0.158269,0.0531451,0.158269,0.124006,4.21006e-07,2.27374e-13,0.0499875,1.2
169380,49.9989,49.9989,49.9989,0.158232,0.0531425,0.158232,0.123981,4.20665e-07,2.27374e-13,0.0499875,1.2
169440,49.9989,49.9989,49.9989,0.158194,0.05314,0.158194,0.123956,4.20326e-07,2.27374e-13,0.0499875,1.2
169500,49.9989,49.9989,49.9989,0.158157,0.0531374,0.158157,0.12393,4.19986e-07,2.27374e-13,0.0499875,1.2
169560,49.9989,49.9989,49.9989,0.158119,0.0531349,0.158119,0.123905,4.19647e-07,1.7053e-13,0.0499875,1.2
169620,49.9989,49.9989,49.9989,0.158082,0.0531324,0.158082,0.12388,4.19308e-07,1.7053e-13,0.0499875,1.2
169680,49.9989,49.9989,49.9989,0.158045,0.0531298,0.158045,0.123855,4.1897e-07,1.13687e-13,0.0499875,1.2
169740,49.9989,49.9989,49.9989,0.158008,0.0531273,0.158008,0.12383,4.18632e-07,1.7053e-13,0.0499875,1.2
169800,49.9989,49.9989,49.9989,0.15797,0.0531248,0.15797,0.123805,4.18295e-07,1.7053e-13,0.0499875,1.2
169860,49.9989,49.9989,49.9989,0.157933,0.0531222,0.157933,0.123779,4.17958e-07,1.7053e-13,0.0499875,1.2
169920,49.9989,49.9989,49.9989,0.157896,0.0531197,0.157896,0.123754,4.17622e-07,2.27374e-13,0.0499875,1.2
169980,49.9989,49.9989,49.9989,0.157859,0.0531172,0.157859,0.123729,4.17286e-07,2.27374e-13,0.0499875,1.2
170040,49.9989,49.9989,49.9989,0.157822,0.0531147,0.157822,0.123704,4.1695e-07,2.27374e-13,0.0499875,1.2
170100,49.9989,49.9989,49.9989,0.157785,0.0531122,0.157785,0.123679,4.16615e-07,1.7053e-13,0.0499875,1.2
170160,49.9989,49.9989,49.9989,0.157748,0.0531096,0.157748,0.123654,4.1628e-07,1.7053e-13,0.0499875,1.2
170220,49.9989,49.9989,49.9989,0.157711,0.0531071,0.157711,0.123629,4.15946e-07,1.7053e-13,0.0499875,1.2
170280,49.9989,49.9989,49.9989,0.157674,0.0531046,0.157674,0.123604,4.15612e-07,1.13687e-13,0.0499875,1.2
170340,49.9989,49.9989,49.9989,0.157637,0.0531021,0.157637,0.123579,4.15278e-07,1.7053e-13,0.0499875,1.2
170400,49.9989,49.9989,49.9989,0.1576,0.0530996,0.1576,0.123555,4.14945e-07,1.7053e-13,0.0499875,1.2
170460,49.9989,49.9989,49.9989,0.157563,0.0530971,0.157563,0.12353,4.14612e-07,1.7053e-13,0.0499875,1.2
170520,49.9989,49.9989,49.9989,0.157526,0.0530946,0.157526,0.123505,4.1428e-07,1.7053e-13,0.0499875,1.2
170580,49.9989,49.9989,49.9989,0.15749,0.0530922,0.15749,0.12348,4.13948e-07,1.7053e-13,0.0499875,1.2
170640,49.9989,49.9989,49.9989,0.157453,0.0530897,0.157453,0.123455,4.13617e-07,1.7053e-13,0.0499875,1.2
170700,49.9989,49.9989,49.9989,0.157416,0.0530872,0.157416,0.12343,4.13286e-07,1.7053e-13,0.0499875,1.2
170760,49.9989,49.9989,49.9989,0.157379,0.0530847,0.157379,0.123406,4.12955e-07,1.7053e-13,0.0499875,1.2
170820,49.9989,49.9989,49.9989,0.157343,0.0530822,0.157343,0.123381,4.12625e-07,1.13687e-13,0.0499875,1.2
170880,49.9989,49.9989,49.9989,0.157306,0.0530798,0.157306,0.123356,4.12295e-07,1.13687e-13,0.0499875,1.2
170940,49.9989,49.9989,49.9989,0.15727,0.0530773,0.15727,0.123331,4.11966e-07,1.7053e-13,0.0499875,1.2
171000,49.9989,49.9989,49.9989,0.157233,0.0530748,0.157233,0.123307,4.11637e-07,1.7053e-13,0.0499875,1.2
171060,49.9989,49.9989,49.9989,0.157196,0.0530724,0.157196,0.123282,4.11308e-07,1.7053e-13,0.0499875,1.2
171120,49.9989,49.9989,49.9989,0.15716,0.0530699,0.15716,0.123257,4.1098e-07,1.7053e-13,0.0499875,1.2
171180,49.9989,49.9989,49.9989,0.157123,0.0530674,0.157123,0.123233,4.10653e-07,1.7053e-13,0.0499875,1.2
171240,49.9989,49.9989,49.9989,0.157087,0.053065,0.157087,0.123208,4.10325e-07,1.7053e-13,0.0499875,1.2
171300,49.9989,49.9989,49.9989,0.15705,0.0530625,0.15705,0.123183,4.09998e-07,1.7053e-13,0.0499875,1.2
171360,49.9989,49.9989,49.9989,0.157014,0.0530601,0.157014,0.123159,4.09672e-07,1.7053e-13,0.0499875,1.2
171420,49.9989,49.9989,49.9989,0.156978,0.0530576,0.156978,0.123134,4.09346e-07,1.7053e-13,0.0499875,1.2
171480,49.9989,49.9989,49.9989,0.156941,0.0530552,0.156941,0.12311,4.0902e-07,1.13687e-13,0.0499875,1.2
171540,49.9989,49.9989,49.9989,0.156905,0.0530528,0.156905,0.123085,4.08695e-07,1.7053e-13,0.0499875,1.2
171600,49.9989,49.9989,49.9989,0.156869,0.0530503,0.156869,0.123061,4.0837e-07,1.7053e-13,0.0499875,1.2
171660,49.9989,49.9989,49.9989,0.156833,0.0530479,0.156833,0.123036,4.08046e-07,1.7053e-13,0.0499875,1.2
171720,49.9989,49.9989,49.9989,0.156796,0.0530455,0.156796,0.123012,4.07721e-07,1.7053e-13,0.0499875,1.2
171780,49.9989,49.9989,49.9989,0.15676,0.053043,0.15676,0.122987,4.07398e-07,1.7053e-13,0.0499875,1.2
171840,49.9989,49.9989,49.9989,0.156724,0.0530406,0.156724,0.122963,4.07075e-07,1.7053e-13,0.0499875,1.2
171900,49.9989,49.9989,49.9989,0.156688,0.0530382,0.156688,0.122938,4.06752e-07,1.7053e-13,0.0499875,1.2
171960,49.9989,49.9989,49.9989,0.156652,0.0530358,0.156652,0.122914,4.06429e-07,1.7053e-13,0.0499875,1.2
172020,49.9989,49.9989,49.9989,0.156616,0.0530333,0.156616,0.12289,4.06107e-07,1.7053e-13,0.0499875,1.2
172080,49.9989,49.9989,49.9989,0.15658,0.0530309,0.15658,0.122865,4.05786e-07,1.13687e-13,0.0499875,1.2
172140,49.9989,49.9989,49.9989,0.156544,0.0530285,0.156544,0.122841,4.05464e-07,1.7053e-13,0.0499875,1.2
172200,49.9989,49.9989,49.9989,0.156508,0.0530261,0.156508,0.122817,4.05144e-07,1.7053e-13,0.0499875,1.2
172260,49.9989,49.9989,49.9989,0.156472,0.0530237,0.156472,0.122792,4.04823e-07,1.7053e-13,0.0499875,1.2
172320,49.9989,49.9989,49.9989,0.156436,0.0530213,0.156436,0.122768,4.04503e-07,2.27374e-13,0.0499875,1.2
172380,49.9989,49.9989,49.9989,0.1564,0.0530189,0.1564,0.122744,4.04183e-07,2.27374e-13,0.0499875,1.2
172440,49.9989,49.9989,49.9989,0.156364,0.0530165,0.156364,0.122719,4.03864e-07,2.27374e-13,0.0499875,1.2
172500,49.9989,49.9989,49.9989,0.156328,0.0530141,0.156328,0.122695,4.03545e-07,2.27374e-13,0.0499875,1.2
172560,49.9989,49.9989,49.9989,0.156292,0.0530117,0.156292,0.122671,4.03227e-07,1.7053e-13,0.0499875,1.2
172620,49.9989,49.9989,49.9989,0.156257,0.0530094,0.156257,0.122647,4.02909e-07,1.7053e-13,0.0499875,1.2
172680,49.9989,49.9989,49.9989,0.156221,0.053007,0.156221,0.122623,4.02591e-07,1.13687e-13,0.0499875,1.2
172740,49.9989,49.9989,49.9989,0.156185,0.0530046,0.156185,0.122599,4.02274e-07,1.7053e-13,0.0499875,1.2
172800,49.9989,49.9989,49.9989,0.156149,0.0530022,0.156149,0.122574,4.01957e-07,1.7053e-13,0.0499875,1.2
172860,49.9989,49.9989,49.9989,0.156114,0.0529998,0.156114,0.12255,4.01641e-07,1.7053e-13,0.0499875,1.2
172920,49.9989,49.9989,49.9989,0.156078,0.0529975,0.156078,0.122526,4.01325e-07,2.27374e-13,0.0499875,1.2
172980,49.9989,49.9989,49.9989,0.156043,0.0529951,0.156043,0.122502,4.01009e-07,2.27374e-13,0.0499875,1.2
173040,49.9989,49.9989,49.9989,0.156007,0.0529927,0.156007,0.122478,4.00694e-07,2.27374e-13,0.0499875,1.2
173100,49.9989,49.9989,49.9989,0.155971,0.0529904,0.155971,0.122454,4.00379e-07,2.27374e-13,0.0499875,1.2
173160,49.9989,49.9989,49.9989,0.155936,0.052988,0.155936,0.12243,4.00064e-07,1.7053e-13,0.0499875,1.2
173220,49.9989,49.9989,49.9989,0.1559,0.0529857,0.1559,0.122406,3.9975e-07,1.7053e-13,0.0499875,1.2
173280,49.9989,49.9989,49.9989,0.155865,0.0529833,0.155865,0.122382,3.99436e-07,1.13687e-13,0.0499875,1.2
173340,49.9989,49.9989,49.9989,0.15583,0.052981,0.15583,0.122358,3.99123e-07,1.7053e-13,0.0499875,1.2
173400,49.9989,49.9989,49.9989,0.155794,0.0529786,0.155794,0.122334,3.9881e-07,1.7053e-13,0.0499875,1.2
173460,49.9989,49.9989,49.9989,0.155759,0.0529763,0.155759,0.12231,3.98497e-07,1.7053e-13,0.0499875,1.2
173520,49.9989,49.9989,49.9989,0.155724,0.0529739,0.155724,0.122286,3.98185e-07,1.7053e-13,0.0499875,1.2
173580,49.9989,49.9989,49.9989,0.155688,0.0529716,0.155688,0.122263,3.97873e-07,1.7053e-13,0.0499875,1.2
173640,49.9989,49.9989,49.9989,0.155653,0.0529693,0.155653,0.122239,3.97562e-07,1.7053e-13,0.0499875,1.2
173700,49.9989,49.9989,49.9989,0.155618,0.0529669,0.155618,0.122215,3.97251e-07,1.7053e-13,0.0499875,1.2
173760,49.9989,49.9989,49.9989,0.155582,0.0529646,0.155582,0.122191,3.9694e-07,1.7053e-13,0.0499875,1.2
173820,49.9989,49.9989,49.9989,0.155547,0.0529623,0.155547,0.122167,3.9663e-07,1.13687e-13,0.0499875,1.2
173880,49.9989,49.9989,49.9989,0.155512,0.0529599,0.155512,0.122143,3.9632e-07,1.13687e-13,0.0499875,1.2
173940,49.9989,49.9989,49.9989,0.155477,0.0529576,0.155477,0.12212,3.9601e-07,1.7053e-13,0.0499875,1.2
174000,49.9989,49.9989,49.9989,0.155442,0.0529553,0.155442,0.122096,3.95701e-07,1.7053e-13,0.0499875,1.2
174060,49.9989,49.9989,49.9989,0.155407,0.052953,0.155407,0.122072,3.95392e-07,1.7053e-13,0.0499875,1.2
174120,49.9989,49.9989,49.9989,0.155372,0.0529507,0.155372,0.122048,3.95084e-07,2.27374e-13,0.0499875,1.2
174180,49.9989,49.9989,49.9989,0.155337,0.0529484,0.155337,0.122025,3.94776e-07,2.27374e-13,0.0499875,1.2
174240,49.9989,49.9989,49.9989,0.155302,0.0529461,0.155302,0.122001,3.94468e-07,2.27374e-13,0.0499875,1.2
174300,49.9989,49.9989,49.9989,0.155267,0.0529437,0.155267,0.121977,3.94161e-07,1.7053e-13,0.0499875,1.2
174360,49.9989,49.9989,49.9989,0.155232,0.0529414,0.155232,0.121954,3.93854e-07,1.7053e-13,0.0499875,1.2
174420,49.9989,49.9989,49.9989,0.155197,0.0529391,0.155197,0.12193,3.93548e-07,1.13687e-13,0.0499875,1.2
174480,49.9989,49.9989,49.9989,0.155162,0.0529369,0.155162,0.121907,3.93242e-07,1.13687e-13,0.0499875,1.2
174540,49.9989,49.9989,49.9989,0.155127,0.0529346,0.155127,0.121883,3.92936e-07,1.7053e-13,0.0499875,1.2
174600,49.9989,49.9989,49.9989,0.155092,0.0529323,0.155092,0.121859,3.9263e-07,1.7053e-13,0.0499875,1.2
174660,49.9989,49.9989,49.9989,0.155058,0.05293,0.155058,0.121836,3.92325e-07,1.7053e-13,0.0499875,1.2
174720,49.9989,49.9989,49.9989,0.155023,0.0529277,0.155023,0.121812,3.92021e-07,1.7053e-13,0.0499875,1.2
174780,49.9989,49.9989,49.9989,0.154988,0.0529254,0.154988,0.121789,3.91716e-07,1.7053e-13,0.0499875,1.2
174840,49.9989,49.9989,49.9989,0.154953,0.0529231,0.154953,0.121765,3.91413e-07,1.7053e-13,0.0499875,1.2
174900,49.9989,49.9989,49.9989,0.154919,0.0529209,0.154919,0.121742,3.91109e-07,1.7053e-13,0.0499875,1.2
174960,49.9989,49.9989,49.9989,0.154884,0.0529186,0.154884,0.121718,3.90806e-07,1.13687e-13,0.0499875,1.2
175020,49.9989,49.9989,49.9989,0.154849,0.0529163,0.154849,0.121695,3.90503e-07,1.13687e-13,0.0499875,1.2
175080,49.9989,49.9989,49.9989,0.154815,0.052914,0.154815,0.121671,3.90201e-07,1.13687e-13,0.0499875,1.2
175140,49.9989,49.9989,49.9989,0.15478,0.0529118,0.15478,0.121648,3.89899e-07,1.13687e-13,0.0499875,1.2
175200,49.9989,49.9989,49.9989,0.154746,0.0529095,0.154746,0.121625,3.89597e-07,1.13687e-13,0.0499875,1.2
175260,49.9989,49.9989,49.9989,0.154711,0.0529073,0.154711,0.121601,3.89296e-07,1.13687e-13,0.0499875,1.2
175320,49.9989,49.9989,49.9989,0.154677,0.052905,0.154677,0.121578,3.88995e-07,1.7053e-13,0.0499875,1.2
175380,49.9989,49.9989,49.9989,0.154642,0.0529027,0.154642,0.121555,3.88694e-07,1.7053e-13,0.0499875,1.2
175440,49.9989,49.9989,49.9989,0.154608,0.0529005,0.154608,0.121531,3.88394e-07,1.7053e-13,0.0499875,1.2
175500,49.9989,49.9989,49.9989,0.154573,0.0528982,0.154573,0.121508,3.88094e-07,1.13687e-13,0.0499875,1.2
175560,49.9989,49.9989,49.9989,0.154539,0.052896,0.154539,0.121485,3.87794e-07,1.13687e-13,0.0499875,1.2
175620,49.9989,49.9989,49.9989,0.154505,0.0528938,0.154505,0.121462,3.87495e-07,1.13687e-13,0.0499875,1.2
175680,49.9989,49.9989,49.9989,0.15447,0.0528915,0.15447,0.121438,3.87197e-07,1.13687e-13,0.0499875,1.2
175740,49.9989,49.9989,49.9989,0.154436,0.0528893,0.154436,0.121415,3.86898e-07,1.7053e-13,0.0499875,1.2
175800,49.9989,49.9989,49.9989,0.154402,0.052887,0.154402,0.121392,3.866e-07,1.7053e-13,0.0499875,1.2
175860,49.9989,49.9989,49.9989,0.154368,0.0528848,0.154368,0.121369,3.86302e-07,1.7053e-13,0.0499875,1.2
175920,49.9989,49.9989,49.9989,0.154333,0.0528826,0.154333,0.121345,3.86005e-07,1.7053e-13,0.0499875,1.2
175980,49.9989,49.9989,49.9989,0.154299,0.0528804,0.154299,0.121322,3.85708e-07,1.7053e-13,0.0499875,1.2
176040,49.9989,49.9989,49.9989,0.154265,0.0528781,0.154265,0.121299,3.85412e-07,1.7053e-13,0.0499875,1.2
176100,49.9989,49.9989,49.9989,0.154231,0.0528759,0.154231,0.121276,3.85115e-07,1.7053e-13,0.0499875,1.2
176160,49.9989,49.9989,49.9989,0.154197,0.0528737,0.154197,0.121253,3.84819e-07,1.13687e-13,0.0499875,1.2
176220,49.9989,49.9989,49.9989,0.154163,0.0528715,0.154163,0.12123,3.84524e-07,1.13687e-13,0.0499875,1.2
176280,49.9989,49.9989,49.9989,0.154129,0.0528693,0.154129,0.121207,3.84229e-07,1.13687e-13,0.0499875,1.2
176340,49.9989,49.9989,49.9989,0.154095,0.052867,0.154095,0.121184,3.83934e-07,1.13687e-13,0.0499875,1.2
176400,49.9989,49.9989,49.9989,0.154061,0.0528648,0.154061,0.121161,3.8364e-07,1.7053e-13,0.0499875,1.2
176460,49.9989,49.9989,49.9989,0.154027,0.0528626,0.154027,0.121138,3.83345e-07,1.7053e-13,0.0499875,1.2
176520,49.9989,49.9989,49.9989,0.153993,0.0528604,0.153993,0.121115,3.83052e-07,1.7053e-13,0.0499875,1.2
176580,49.9989,49.9989,49.9989,0.153959,0.0528582,0.153959,0.121092,3.82758e-07,1.7053e-13,0.0499875,1.2
176640,49.9989,49.9989,49.9989,0.153925,0.052856,0.153925,0.121069,3.82465e-07,1.7053e-13,0.0499875,1.2
176700,49.9989,49.9989,49.9989,0.153891,0.0528538,0.153891,0.121046,3.82173e-07,1.13687e-13,0.0499875,1.2
176760,49.9989,49.9989,49.9989,0.153857,0.0528516,0.153857,0.121023,3.8188e-07,1.13687e-13,0.0499875,1.2
176820,49.9989,49.9989,49.9989,0.153824,0.0528495,0.153824,0.121,3.81588e-07,1.13687e-13,0.0499875,1.2
176880,49.9989,49.9989,49.9989,0.15379,0.0528473,0.15379,0.120977,3.81297e-07,1.13687e-13,0.0499875,1.2
176940,49.9989,49.9989,49.9989,0.153756,0.0528451,0.153756,0.120954,3.81005e-07,1.13687e-13,0.0499875,1.2
177000,49.9989,49.9989,49.9989,0.153722,0.0528429,0.153722,0.120931,3.80714e-07,1.7053e-13,0.0499875,1.2
177060,49.9989,49.9989,49.9989,0.153689,0.0528407,0.153689,0.120909,3.80424e-07,1.7053e-13,0.0499875,1.2
177120,49.9989,49.9989,49.9989,0.153655,0.0528385,0.153655,0.120886,3.80134e-07,1.7053e-13,0.0499875,1.2
177180,49.9989,49.9989,49.9989,0.153621,0.0528364,0.153621,0.120863,3.79844e-07,1.7053e-13,0.0499875,1.2
177240,49.9989,49.9989,49.9989,0.153588,0.0528342,0.153588,0.12084,3.79554e-07,1.7053e-13,0.0499875,1.2
177300,49.9989,49.9989,49.9989,0.153554,0.052832,0.153554,0.120817,3.79265e-07,1.7053e-13,0.0499875,1.2
177360,49.9989,49.9989,49.9989,0.153521,0.0528299,0.153521,0.120795,3.78976e-07,1.7053e-13,0.0499875,1.2
177420,49.9989,49.9989,49.9989,0.153487,0.0528277,0.153487,0.120772,3.78688e-07,1.13687e-13,0.0499875,1.2
177480,49.9989,49.9989,49.9989,0.153454,0.0528255,0.153454,0.120749,3.784e-07,1.13687e-13,0.0499875,1.2
177540,49.9989,49.9989,49.9989,0.15342,0.0528234,0.15342,0.120727,3.78112e-07,1.13687e-13,0.0499875,1.2
177600,49.9989,49.9989,49.9989,0.153387,0.0528212,0.153387,0.120704,3.77824e-07,1.13687e-13,0.0499875,1.2
177660,49.9989,49.9989,49.9989,0.153353,0.0528191,0.153353,0.120681,3.77537e-07,1.13687e-13,0.0499875,1.2
177720,49.9989,49.9989,49.9989,0.15332,0.0528169,0.15332,0.120659,3.7725e-07,1.13687e-13,0.0499875,1.2
177780,49.9989,49.9989,49.9989,0.153287,0.0528148,0.153287,0.120636,3.76964e-07,1.13687e-13,0.0499875,1.2
177840,49.9989,49.9989,49.9989,0.153253,0.0528126,0.153253,0.120613,3.76678e-07,1.13687e-13,0.0499875,1.2
177900,49.9989,49.9989,49.9989,0.15322,0.0528105,0.15322,0.120591,3.76392e-07,1.13687e-13,0.0499875,1.2
177960,49.9989,49.9989,49.9989,0.153187,0.0528083,0.153187,0.120568,3.76107e-07,1.13687e-13,0.0499875,1.2
178020,49.9989,49.9989,49.9989,0.153153,0.0528062,0.153153,0.120546,3.75822e-07,1.13687e-13,0.0499875,1.2
178080,49.9989,49.9989,49.9989,0.15312,0.0528041,0.15312,0.120523,3.75537e-07,1.13687e-13,0.0499875,1.2
178140,49.9989,49.9989,49.9989,0.153087,0.0528019,0.153087,0.120501,3.75253e-07,1.7053e-13,0.0499875,1.2
178200,49.9989,49.9989,49.9989,0.153054,0.0527998,0.153054,0.120478,3.74969e-07,1.7053e-13,0.0499875,1.2
178260,49.9989,49.9989,49.9989,0.15302,0.0527977,0.15302,0.120456,3.74685e-07,1.7053e-13,0.0499875,1.2
178320,49.9989,49.9989,49.9989,0.152987,0.0527956,0.152987,0.120433,3.74401e-07,1.7053e-13,0.0499875,1.2
178380,49.9989,49.9989,49.9989,0.152954,0.0527934,0.152954,0.120411,3.74118e-07,1.7053e-13,0.0499875,1.2
178440,49.9989,49.9989,49.9989,0.152921,0.0527913,0.152921,0.120388,3.73836e-07,1.7053e-13,0.0499875,1.2
178500,49.9989,49.9989,49.9989,0.152888,0.0527892,0.152888,0.120366,3.73553e-07,1.13687e-13,0.0499875,1.2
178560,49.9989,49.9989,49.9989,0.152855,0.0527871,0.152855,0.120343,3.73271e-07,1.13687e-13,0.0499875,1.2
178620,49.9989,49.9989,49.9989,0.152822,0.052785,0.152822,0.120321,3.7299e-07,1.13687e-13,0.0499875,1.2
178680,49.9989,49.9989,49.9989,0.152789,0.0527829,0.152789,0.120299,3.72708e-07,1.13687e-13,0.0499875,1.2
178740,49.9989,49.9989,49.9989,0.152756,0.0527807,0.152756,0.120276,3.72427e-07,1.7053e-13,0.0499875,1.2
178800,49.9989,49.9989,49.9989,0.152723,0.0527786,0.152723,0.120254,3.72147e-07,1.7053e-13,0.0499875,1.2
178860,49.9989,49.9989,49.9989,0.15269,0.0527765,0.15269,0.120232,3.71866e-07,1.7053e-13,0.0499875,1.2
178920,49.9989,49.9989,49.9989,0.152657,0.0527744,0.152657,0.120209,3.71586e-07,1.7053e-13,0.0499875,1.2
178980,49.9989,49.9989,49.9989,0.152625,0.0527723,0.152625,0.120187,3.71307e-07,1.7053e-13,0.0499875,1.2
179040,49.9989,49.9989,49.9989,0.152592,0.0527702,0.152592,0.120165,3.71027e-07,1.7053e-13,0.0499875,1.2
179100,49.9989,49.9989,49.9989,0.152559,0.0527682,0.152559,0.120143,3.70748e-07,1.7053e-13,0.0499875,1.2
179160,49.9989,49.9989,49.9989,0.152526,0.0527661,0.152526,0.12012,3.7047e-07,1.13687e-13,0.0499875,1.2
179220,49.9989,49.9989,49.9989,0.152493,0.052764,0.152493,0.120098,3.70191e-07,1.13687e-13,0.0499875,1.2
179280,49.9989,49.9989,49.9989,0.152461,0.0527619,0.152461,0.120076,3.69913e-07,1.13687e-13,0.0499875,1.2
179340,49.9989,49.9989,49.9989,0.152428,0.0527598,0.152428,0.120054,3.69635e-07,1.7053e-13,0.0499875,1.2
179400,49.9989,49.9989,49.9989,0.152395,0.0527577,0.152395,0.120031,3.69358e-07,1.7053e-13,0.0499875,1.2
179460,49.9989,49.9989,49.9989,0.152363,0.0527556,0.152363,0.120009,3.69081e-07,1.7053e-13,0.0499875,1.2
179520,49.9989,49.9989,49.9989,0.15233,0.0527536,0.15233,0.119987,3.68804e-07,1.7053e-13,0.0499875,1.2
179580,49.9989,49.9989,49.9989,0.152298,0.0527515,0.152298,0.119965,3.68528e-07,1.7053e-13,0.0499875,1.2
179640,49.9989,49.9989,49.9989,0.152265,0.0527494,0.152265,0.119943,3.68252e-07,1.7053e-13,0.0499875,1.2
179700,49.9989,49.9989,49.9989,0.152232,0.0527474,0.152232,0.119921,3.67976e-07,1.7053e-13,0.0499875,1.2
179760,49.9989,49.9989,49.9989,0.1522,0.0527453,0.1522,0.119899,3.67701e-07,1.13687e-13,0.0499875,1.2
179820,49.9989,49.9989,49.9989,0.152167,0.0527432,0.152167,0.119877,3.67426e-07,1.13687e-13,0.0499875,1.2
179880,49.9989,49.9989,49.9989,0.152135,0.0527412,0.152135,0.119855,3.67151e-07,1.13687e-13,0.0499875,1.2
179940,49.9989,49.9989,49.9989,0.152103,0.0527391,0.152103,0.119833,3.66876e-07,1.13687e-13,0.0499875,1.2
180000,49.9989,49.9989,49.9989,0.15207,0.0527371,0.15207,0.119811,3.66602e-07,1.7053e-13,0.0499875,1.2
180060,49.9989,49.9989,49.9989,0.152038,0.052735,0.152038,0.119789,3.66329e-07,1.7053e-13,0.0499875,1.2
180120,49.9989,49.9989,49.9989,0.152005,0.052733,0.152005,0.119767,3.66055e-07,1.7053e-13,0.0499875,1.2
180180,49.9989,49.9989,49.9989,0.151973,0.0527309,0.151973,0.119745,3.65782e-07,1.7053e-13,0.0499875,1.2
180240,49.9989,49.9989,49.9989,0.151941,0.0527289,0.151941,0.119723,3.65509e-07,1.7053e-13,0.0499875,1.2
180300,49.9989,49.9989,49.9989,0.151908,0.0527268,0.151908,0.119701,3.65237e-07,1.13687e-13,0.0499875,1.2
180360,49.9989,49.9989,49.9989,0.151876,0.0527248,0.151876,0.119679,3.64964e-07,1.13687e-13,0.0499875,1.2
180420,49.9989,49.9989,49.9989,0.151844,0.0527227,0.151844,0.119657,3.64693e-07,1.13687e-13,0.0499875,1.2
180480,49.9989,49.9989,49.9989,0.151812,0.0527207,0.151812,0.119635,3.64421e-07,1.13687e-13,0.0499875,1.2
180540,49.9989,49.9989,49.9989,0.15178,0.0527187,0.15178,0.119613,3.6415e-07,1.7053e-13,0.0499875,1.2
180600,49.9989,49.9989,49.9989,0.151747,0.0527166,0.151747,0.119592,3.63879e-07,1.7053e-13,0.0499875,1.2
180660,49.9989,49.9989,49.9989,0.151715,0.0527146,0.151715,0.11957,3.63608e-07,1.7053e-13,0.0499875,1.2
180720,49.9989,49.9989,49.9989,0.151683,0.0527126,0.151683,0.119548,3.63338e-07,1.7053e-13,0.0499875,1.2
180780,49.9989,49.9989,49.9989,0.151651,0.0527106,0.151651,0.119526,3.63068e-07,1.7053e-13,0.0499875,1.2
180840,49.9989,49.9989,49.9989,0.151619,0.0527085,0.151619,0.119504,3.62798e-07,1.7053e-13,0.0499875,1.2
180900,49.9989,49.9989,49.9989,0.151587,0.0527065,0.151587,0.119483,3.62529e-07,1.7053e-13,0.0499875,1.2
180960,49.9989,49.9989,49.9989,0.151555,0.0527045,0.151555,0.119461,3.6226e-07,1.13687e-13,0.0499875,1.2
181020,49.9989,49.9989,49.9989,0.151523,0.0527025,0.151523,0.119439,3.61991e-07,1.13687e-13,0.0499875,1.2
181080,49.9989,49.9989,49.9989,0.151491,0.0527005,0.151491,0.119417,3.61723e-07,1.13687e-13,0.0499875,1.2
181140,49.9989,49.9989,49.9989,0.151459,0.0526985,0.151459,0.119396,3.61455e-07,1.7053e-13,0.0499875,1.2
181200,49.9989,49.9989,49.9989,0.151427,0.0526964,0.151427,0.119374,3.61187e-07,1.7053e-13,0.0499875,1.2
181260,49.9989,49.9989,49.9989,0.151395,0.0526944,0.151395,0.119352,3.6092e-07,1.7053e-13,0.0499875,1.2
181320,49.9989,49.9989,49.9989,0.151363,0.0526924,0.151363,0.119331,3.60653e-07,1.7053e-13,0.0499875,1.2
181380,49.9989,49.9989,49.9989,0.151332,0.0526904,0.151332,0.119309,3.60386e-07,1.7053e-13,0.0499875,1.2
181440,49.9989,49.9989,49.9989,0.1513,0.0526884,0.1513,0.119287,3.60119e-07,1.7053e-13,0.0499875,1.2
181500,49.9989,49.9989,49.9989,0.151268,0.0526864,0.151268,0.119266,3.59853e-07,1.7053e-13,0.0499875,1.2
181560,49.9989,49.9989,49.9989,0.151236,0.0526844,0.151236,0.119244,3.59587e-07,1.7053e-13,0.0499875,1.2
181620,49.9989,49.9989,49.9989,0.151204,0.0526825,0.151204,0.119223,3.59322e-07,1.13687e-13,0.0499875,1.2
181680,49.9989,49.9989,49.9989,0.151173,0.0526805,0.151173,0.119201,3.59056e-07,1.13687e-13,0.0499875,1.2
181740,49.9989,49.9989,49.9989,0.151141,0.0526785,0.151141,0.11918,3.58791e-07,1.13687e-13,0.0499875,1.2
181800,49.9989,49.9989,49.9989,0.151109,0.0526765,0.151109,0.119158,3.58527e-07,1.7053e-13,0.0499875,1.2
181860,49.9989,49.9989,49.9989,0.151078,0.0526745,0.151078,0.119137,3.58262e-07,1.7053e-13,0.0499875,1.2
181920,49.9989,49.9989,49.9989,0.151046,0.0526725,0.151046,0.119115,3.57998e-07,1.7053e-13,0.0499875,1.2
181980,49.9989,49.9989,49.9989,0.151014,0.0526706,0.151014,0.119094,3.57735e-07,1.7053e-13,0.0499875,1.2
182040,49.9989,49.9989,49.9989,0.150983,0.0526686,0.150983,0.119072,3.57471e-07,1.7053e-13,0.0499875,1.2
182100,49.9989,49.9989,49.9989,0.150951,0.0526666,0.150951,0.119051,3.57208e-07,1.13687e-13,0.0499875,1.2
182160,49.9989,49.9989,49.9989,0.15092,0.0526646,0.15092,0.119029,3.56945e-07,1.13687e-13,0.0499875,1.2
182220,49.9989,49.9989,49.9989,0.150888,0.0526627,0.150888,0.119008,3.56683e-07,1.13687e-13,0.0499875,1.2
182280,49.9989,49.9989,49.9989,0.150857,0.0526607,0.150857,0.118987,3.5642e-07,1.13687e-13,0.0499875,1.2
182340,49.9989,49.9989,49.9989,0.150825,0.0526587,0.150825,0.118965,3.56159e-07,1.7053e-13,0.0499875,1.2
182400,49.9989,49.9989,49.9989,0.150794,0.0526568,0.150794,0.118944,3.55897e-07,1.7053e-13,0.0499875,1.2
182460,49.9989,49.9989,49.9989,0.150763,0.0526548,0.150763,0.118922,3.55636e-07,1.7053e-13,0.0499875,1.2
182520,49.9989,49.9989,49.9989,0.150731,0.0526529,0.150731,0.118901,3.55375e-07,1.7053e-13,0.0499875,1.2
182580,49.9989,49.9989,49.9989,0.1507,0.0526509,0.1507,0.11888,3.55114e-07,1.13687e-13,0.0499875,1.2
182640,49.9989,49.9989,49.9989,0.150669,0.0526489,0.150669,0.118859,3.54854e-07,1.7053e-13,0.0499875,1.2
182700,49.9989,49.9989,49.9989,0.150637,0.052647,0.150637,0.118837,3.54594e-07,1.13687e-13,0.0499875,1.2
182760,49.9989,49.9989,49.9989,0.150606,0.052645,0.150606,0.118816,3.54334e-07,1.13687e-13,0.0499875,1.2
182820,49.9989,49.9989,49.9989,0.150575,0.0526431,0.150575,0.118795,3.54074e-07,1.13687e-13,0.0499875,1.2
182880,49.9989,49.9989,49.9989,0.150543,0.0526412,0.150543,0.118773,3.53815e-07,1.13687e-13,0.0499875,1.2
182940,49.9989,49.9989,49.9989,0.150512,0.0526392,0.150512,0.118752,3.53556e-07,1.7053e-13,0.0499875,1.2
183000,49.9989,49.9989,49.9989,0.150481,0.0526373,0.150481,0.118731,3.53298e-07,1.7053e-13,0.0499875,1.2
183060,49.9989,49.9989,49.9989,0.15045,0.0526353,0.15045,0.11871,3.53039e-07,1.7053e-13,0.0499875,1.2
183120,49.9989,49.9989,49.9989,0.150419,0.0526334,0.150419,0.118689,3.52781e-07,1.7053e-13,0.0499875,1.2
183180,49.9989,49.9989,49.9989,0.150388,0.0526315,0.150388,0.118668,3.52524e-07,1.13687e-13,0.0499875,1.2
183240,49.9989,49.9989,49.9989,0.150357,0.0526295,0.150357,0.118646,3.52266e-07,1.13687e-13,0.0499875,1.2
183300,49.9989,49.9989,49.9989,0.150325,0.0526276,0.150325,0.118625,3.52009e-07,1.13687e-13,0.0499875,1.2
183360,49.9989,49.9989,49.9989,0.150294,0.0526257,0.150294,0.118604,3.51752e-07,1.13687e-13,0.0499875,1.2
183420,49.9989,49.9989,49.9989,0.150263,0.0526238,0.150263,0.118583,3.51496e-07,1.13687e-13,0.0499875,1.2
183480,49.9989,49.9989,49.9989,0.150232,0.0526218,0.150232,0.118562,3.5124e-07,1.13687e-13,0.0499875,1.2
183540,49.9989,49.9989,49.9989,0.150201,0.0526199,0.150201,0.118541,3.50984e-07,1.13687e-13,0.0499875,1.2
183600,49.9989,49.9989,49.9989,0.15017,0.052618,0.15017,0.11852,3.50728e-07,1.7053e-13,0.0499875,1.2
183660,49.9989,49.9989,49.9989,0.15014,0.0526161,0.15014,0.118499,3.50473e-07,1.7053e-13,0.0499875,1.2
183720,49.9989,49.9989,49.9989,0.150109,0.0526142,0.150109,0.118478,3.50218e-07,1.7053e-13,0.0499875,1.2
183780,49.9989,49.9989,49.9989,0.150078,0.0526123,0.150078,0.118457,3.49963e-07,1.7053e-13,0.0499875,1.2
183840,49.9989,49.9989,49.9989,0.150047,0.0526104,0.150047,0.118436,3.49708e-07,1.13687e-13,0.0499875,1.2
183900,49.9989,49.9989,49.9989,0.150016,0.0526084,0.150016,0.118415,3.49454e-07,1.13687e-13,0.0499875,1.2
183931,49.9989,49.9989,49.9989,0.15,0.0526075,0.15,0.118404,3.49322e-07,1.13687e-13,0.0499875,1.2
