t_s,T_air_C,C_env
0.000000000000000000e+00,2.800000000000000000e+01,1.963000000000000161e-02
5.000000000000000000e+00,2.804399999999998272e+01,1.966250000000000289e-02
1.000000000000000000e+01,2.808800000000002228e+01,1.969500000000000070e-02
1.500000000000000000e+01,2.813200000000000500e+01,1.972750000000000198e-02
2.000000000000000000e+01,2.817599999999998772e+01,1.975999999999999979e-02
2.500000000000000000e+01,2.822000000000002728e+01,1.979250000000000106e-02
3.000000000000000000e+01,2.826400000000001000e+01,1.982500000000000234e-02
3.500000000000000000e+01,2.830799999999999272e+01,1.985750000000000015e-02
4.000000000000000000e+01,2.835200000000003229e+01,1.989000000000000143e-02
4.500000000000000000e+01,2.839600000000001501e+01,1.992249999999999924e-02
5.000000000000000000e+01,2.843999999999999773e+01,1.995500000000000052e-02
5.500000000000000000e+01,2.848400000000003729e+01,1.998749999999999832e-02
6.000000000000000000e+01,2.852800000000002001e+01,2.001999999999999960e-02
6.500000000000000000e+01,2.858333333333337123e+01,2.006250000000000047e-02
7.000000000000000000e+01,2.863866666666666561e+01,2.010499999999999787e-02
7.500000000000000000e+01,2.869400000000001683e+01,2.014749999999999874e-02
8.000000000000000000e+01,2.874933333333336805e+01,2.018999999999999961e-02
8.500000000000000000e+01,2.880466666666666242e+01,2.023250000000000048e-02
9.000000000000000000e+01,2.886000000000001364e+01,2.027500000000000135e-02
9.500000000000000000e+01,2.891533333333336486e+01,2.031749999999999876e-02
1.000000000000000000e+02,2.897066666666665924e+01,2.035999999999999963e-02
1.050000000000000000e+02,2.902600000000001046e+01,2.040250000000000050e-02
1.100000000000000000e+02,2.908133333333336168e+01,2.044499999999999790e-02
1.150000000000000000e+02,2.913666666666665606e+01,2.048749999999999877e-02
1.200000000000000000e+02,2.919200000000000728e+01,2.052999999999999964e-02
1.250000000000000000e+02,2.923300000000000409e+01,2.056916666666666615e-02
1.300000000000000000e+02,2.927400000000000091e+01,2.060833333333333267e-02
1.350000000000000000e+02,2.931499999999999773e+01,2.064749999999999919e-02
1.400000000000000000e+02,2.935599999999999454e+01,2.068666666666666570e-02
1.450000000000000000e+02,2.939699999999999136e+01,2.072583333333333222e-02
1.500000000000000000e+02,2.943799999999998818e+01,2.076499999999999874e-02
1.550000000000000000e+02,2.947900000000004184e+01,2.080416666666666872e-02
1.600000000000000000e+02,2.952000000000003865e+01,2.084333333333333524e-02
1.650000000000000000e+02,2.956100000000003547e+01,2.088250000000000176e-02
1.700000000000000000e+02,2.960200000000003229e+01,2.092166666666666827e-02
1.750000000000000000e+02,2.964300000000002910e+01,2.096083333333333479e-02
1.800000000000000000e+02,2.968400000000002592e+01,2.100000000000000130e-02
1.850000000000000000e+02,2.971341666666671699e+01,2.104250000000000217e-02
1.900000000000000000e+02,2.974283333333335122e+01,2.108499999999999958e-02
1.950000000000000000e+02,2.977224999999998545e+01,2.112750000000000045e-02
2.000000000000000000e+02,2.980166666666667652e+01,2.117000000000000132e-02
2.050000000000000000e+02,2.983108333333336759e+01,2.121250000000000219e-02
2.100000000000000000e+02,2.986050000000000182e+01,2.125500000000000306e-02
2.150000000000000000e+02,2.988991666666663605e+01,2.129750000000000046e-02
2.200000000000000000e+02,2.991933333333332712e+01,2.134000000000000133e-02
2.250000000000000000e+02,2.994875000000001819e+01,2.138250000000000220e-02
2.300000000000000000e+02,2.997816666666665242e+01,2.142499999999999960e-02
2.350000000000000000e+02,3.000758333333328665e+01,2.146750000000000047e-02
2.400000000000000000e+02,3.003699999999997772e+01,2.151000000000000134e-02
2.450000000000000000e+02,3.010341666666664651e+01,2.154333333333333447e-02
2.500000000000000000e+02,3.016983333333331530e+01,2.157666666666666760e-02
2.550000000000000000e+02,3.023624999999998408e+01,2.161000000000000074e-02
2.600000000000000000e+02,3.030266666666665287e+01,2.164333333333333387e-02
2.650000000000000000e+02,3.036908333333332166e+01,2.167666666666666700e-02
2.700000000000000000e+02,3.043549999999999045e+01,2.171000000000000013e-02
2.750000000000000000e+02,3.050191666666665924e+01,2.174333333333333326e-02
2.800000000000000000e+02,3.056833333333332803e+01,2.177666666666666639e-02
2.850000000000000000e+02,3.063474999999999682e+01,2.180999999999999953e-02
2.900000000000000000e+02,3.070116666666666561e+01,2.184333333333333266e-02
2.950000000000000000e+02,3.076758333333333439e+01,2.187666666666666579e-02
3.000000000000000000e+02,3.083400000000000318e+01,2.190999999999999892e-02
3.050000000000000000e+02,3.087225000000000819e+01,2.194499999999999923e-02
3.100000000000000000e+02,3.091050000000001319e+01,2.197999999999999954e-02
3.150000000000000000e+02,3.094875000000001819e+01,2.201499999999999985e-02
3.200000000000000000e+02,3.098700000000002319e+01,2.205000000000000016e-02
3.250000000000000000e+02,3.102525000000002819e+01,2.208500000000000046e-02
3.300000000000000000e+02,3.106349999999997635e+01,2.212000000000000077e-02
3.350000000000000000e+02,3.110174999999998136e+01,2.215499999999999761e-02
3.400000000000000000e+02,3.113999999999998636e+01,2.218999999999999792e-02
3.450000000000000000e+02,3.117824999999999136e+01,2.222499999999999823e-02
3.500000000000000000e+02,3.121649999999999636e+01,2.225999999999999854e-02
3.550000000000000000e+02,3.125475000000000136e+01,2.229499999999999885e-02
3.600000000000000000e+02,3.129300000000000637e+01,2.232999999999999916e-02
3.650000000000000000e+02,3.133691666666669562e+01,2.236749999999999849e-02
3.700000000000000000e+02,3.138083333333332803e+01,2.240500000000000130e-02
3.750000000000000000e+02,3.142475000000001728e+01,2.244250000000000064e-02
3.800000000000000000e+02,3.146866666666664969e+01,2.247999999999999998e-02
3.850000000000000000e+02,3.151258333333333894e+01,2.251749999999999932e-02
3.900000000000000000e+02,3.155650000000002819e+01,2.255499999999999866e-02
3.950000000000000000e+02,3.160041666666666060e+01,2.259250000000000147e-02
4.000000000000000000e+02,3.164433333333334986e+01,2.263000000000000081e-02
4.050000000000000000e+02,3.168824999999998226e+01,2.266750000000000015e-02
4.100000000000000000e+02,3.173216666666667152e+01,2.270500000000000296e-02
4.150000000000000000e+02,3.177608333333330393e+01,2.274250000000000230e-02
4.200000000000000000e+02,3.181999999999999318e+01,2.278000000000000164e-02
4.250000000000000000e+02,3.184508333333332075e+01,2.281916666666666815e-02
4.300000000000000000e+02,3.187016666666664833e+01,2.285833333333333467e-02
4.350000000000000000e+02,3.189524999999997590e+01,2.289750000000000119e-02
4.400000000000000000e+02,3.192033333333330347e+01,2.293666666666666770e-02
4.450000000000000000e+02,3.194541666666663104e+01,2.297583333333333422e-02
4.500000000000000000e+02,3.197050000000001546e+01,2.301500000000000073e-02
4.550000000000000000e+02,3.199558333333334303e+01,2.305416666666666725e-02
4.600000000000000000e+02,3.202066666666667061e+01,2.309333333333333377e-02
4.650000000000000000e+02,3.204574999999999818e+01,2.313250000000000028e-02
4.700000000000000000e+02,3.207083333333332575e+01,2.317166666666666680e-02
4.750000000000000000e+02,3.209591666666665333e+01,2.321083333333333332e-02
4.800000000000000000e+02,3.212099999999998090e+01,2.324999999999999983e-02
4.850000000000000000e+02,3.217174999999997453e+01,2.329333333333333256e-02
4.900000000000000000e+02,3.222249999999996817e+01,2.333666666666666528e-02
4.950000000000000000e+02,3.227324999999996180e+01,2.337999999999999801e-02
5.000000000000000000e+02,3.232400000000001228e+01,2.342333333333333420e-02
5.050000000000000000e+02,3.237475000000000591e+01,2.346666666666666692e-02
5.100000000000000000e+02,3.242549999999999955e+01,2.350999999999999965e-02
5.150000000000000000e+02,3.247624999999999318e+01,2.355333333333333237e-02
5.200000000000000000e+02,3.252699999999998681e+01,2.359666666666666510e-02
5.250000000000000000e+02,3.257775000000003729e+01,2.364000000000000129e-02
5.300000000000000000e+02,3.262850000000003092e+01,2.368333333333333401e-02
5.350000000000000000e+02,3.267925000000002456e+01,2.372666666666666674e-02
5.400000000000000000e+02,3.273000000000001819e+01,2.376999999999999946e-02
5.450000000000000000e+02,3.276933333333334986e+01,2.381250000000000033e-02
5.500000000000000000e+02,3.280866666666668152e+01,2.385500000000000120e-02
5.550000000000000000e+02,3.284800000000001319e+01,2.389749999999999860e-02
5.600000000000000000e+02,3.288733333333334485e+01,2.393999999999999947e-02
5.650000000000000000e+02,3.292666666666667652e+01,2.398250000000000035e-02
5.700000000000000000e+02,3.296600000000000819e+01,2.402499999999999775e-02
5.750000000000000000e+02,3.300533333333333985e+01,2.406749999999999862e-02
5.800000000000000000e+02,3.304466666666667152e+01,2.410999999999999949e-02
5.850000000000000000e+02,3.308400000000000318e+01,2.415250000000000036e-02
5.900000000000000000e+02,3.312333333333333485e+01,2.419499999999999776e-02
5.950000000000000000e+02,3.316266666666666652e+01,2.423749999999999863e-02
6.000000000000000000e+02,3.320199999999999818e+01,2.427999999999999950e-02
6.050000000000000000e+02,3.325841666666667606e+01,2.431083333333333360e-02
6.100000000000000000e+02,3.331483333333335395e+01,2.434166666666666423e-02
6.150000000000000000e+02,3.337125000000003183e+01,2.437249999999999833e-02
6.200000000000000000e+02,3.342766666666665287e+01,2.440333333333333243e-02
6.250000000000000000e+02,3.348408333333333076e+01,2.443416666666666653e-02
6.300000000000000000e+02,3.354050000000000864e+01,2.446500000000000064e-02
6.350000000000000000e+02,3.359691666666668652e+01,2.449583333333333127e-02
6.400000000000000000e+02,3.365333333333336441e+01,2.452666666666666537e-02
6.450000000000000000e+02,3.370974999999998545e+01,2.455749999999999947e-02
6.500000000000000000e+02,3.376616666666666333e+01,2.458833333333333010e-02
6.550000000000000000e+02,3.382258333333334122e+01,2.461916666666666420e-02
6.600000000000000000e+02,3.387900000000001910e+01,2.464999999999999830e-02
6.650000000000000000e+02,3.391141666666669607e+01,2.468416666666666676e-02
6.700000000000000000e+02,3.394383333333337305e+01,2.471833333333333174e-02
6.750000000000000000e+02,3.397625000000005002e+01,2.475249999999999673e-02
6.800000000000000000e+02,3.400866666666667015e+01,2.478666666666666518e-02
6.850000000000000000e+02,3.404108333333334713e+01,2.482083333333333364e-02
6.900000000000000000e+02,3.407350000000002410e+01,2.485499999999999862e-02
6.950000000000000000e+02,3.410591666666670108e+01,2.488916666666666361e-02
7.000000000000000000e+02,3.413833333333337805e+01,2.492333333333333206e-02
7.050000000000000000e+02,3.417074999999999818e+01,2.495750000000000052e-02
7.100000000000000000e+02,3.420316666666667516e+01,2.499166666666666550e-02
7.150000000000000000e+02,3.423558333333335213e+01,2.502583333333333049e-02
7.200000000000000000e+02,3.426800000000002910e+01,2.505999999999999894e-02
7.250000000000000000e+02,3.431283333333334440e+01,2.509833333333333361e-02
7.300000000000000000e+02,3.435766666666665969e+01,2.513666666666666480e-02
7.350000000000000000e+02,3.440250000000003183e+01,2.517499999999999946e-02
7.400000000000000000e+02,3.444733333333334713e+01,2.521333333333333412e-02
7.450000000000000000e+02,3.449216666666666242e+01,2.525166666666666532e-02
7.500000000000000000e+02,3.453700000000003456e+01,2.528999999999999998e-02
7.550000000000000000e+02,3.458183333333334986e+01,2.532833333333333464e-02
7.600000000000000000e+02,3.462666666666666515e+01,2.536666666666666584e-02
7.650000000000000000e+02,3.467149999999998045e+01,2.540500000000000050e-02
7.700000000000000000e+02,3.471633333333329574e+01,2.544333333333333516e-02
7.750000000000000000e+02,3.476116666666666788e+01,2.548166666666666635e-02
7.800000000000000000e+02,3.480599999999998317e+01,2.552000000000000102e-02
7.850000000000000000e+02,3.483400000000000318e+01,2.557000000000000245e-02
7.900000000000000000e+02,3.486199999999996635e+01,2.562000000000000041e-02
7.950000000000000000e+02,3.488999999999998636e+01,2.567000000000000184e-02
8.000000000000000000e+02,3.491800000000000637e+01,2.571999999999999981e-02
8.050000000000000000e+02,3.494599999999996953e+01,2.577000000000000124e-02
8.100000000000000000e+02,3.497399999999998954e+01,2.582000000000000267e-02
8.150000000000000000e+02,3.500200000000000955e+01,2.587000000000000063e-02
8.200000000000000000e+02,3.502999999999997272e+01,2.592000000000000207e-02
8.250000000000000000e+02,3.505799999999999272e+01,2.597000000000000003e-02
8.300000000000000000e+02,3.508600000000001273e+01,2.602000000000000146e-02
8.350000000000000000e+02,3.511399999999997590e+01,2.606999999999999942e-02
8.400000000000000000e+02,3.514199999999999591e+01,2.612000000000000086e-02
8.450000000000000000e+02,3.517383333333333439e+01,2.615999999999999923e-02
8.500000000000000000e+02,3.520566666666667288e+01,2.620000000000000107e-02
8.550000000000000000e+02,3.523750000000001137e+01,2.623999999999999944e-02
8.600000000000000000e+02,3.526933333333334986e+01,2.628000000000000128e-02
8.650000000000000000e+02,3.530116666666668834e+01,2.631999999999999965e-02
8.700000000000000000e+02,3.533299999999996999e+01,2.635999999999999802e-02
8.750000000000000000e+02,3.536483333333330847e+01,2.639999999999999986e-02
8.800000000000000000e+02,3.539666666666664696e+01,2.643999999999999823e-02
8.850000000000000000e+02,3.542849999999998545e+01,2.648000000000000007e-02
8.900000000000000000e+02,3.546033333333332394e+01,2.651999999999999844e-02
8.950000000000000000e+02,3.549216666666666242e+01,2.656000000000000028e-02
9.000000000000000000e+02,3.552400000000000091e+01,2.659999999999999865e-02
9.050000000000000000e+02,3.557125000000002046e+01,2.662250000000000033e-02
9.100000000000000000e+02,3.561849999999998317e+01,2.664499999999999855e-02
9.150000000000000000e+02,3.566575000000000273e+01,2.666750000000000023e-02
9.200000000000000000e+02,3.571300000000002228e+01,2.668999999999999845e-02
9.250000000000000000e+02,3.576024999999998499e+01,2.671250000000000013e-02
9.300000000000000000e+02,3.580750000000000455e+01,2.673500000000000182e-02
9.350000000000000000e+02,3.585475000000002410e+01,2.675750000000000003e-02
9.400000000000000000e+02,3.590199999999998681e+01,2.678000000000000172e-02
9.450000000000000000e+02,3.594925000000000637e+01,2.680249999999999994e-02
9.500000000000000000e+02,3.599650000000002592e+01,2.682500000000000162e-02
9.550000000000000000e+02,3.604374999999998863e+01,2.684749999999999984e-02
9.600000000000000000e+02,3.609100000000000819e+01,2.687000000000000152e-02
9.650000000000000000e+02,3.611291666666664923e+01,2.690750000000000086e-02
9.700000000000000000e+02,3.613483333333334713e+01,2.694500000000000020e-02
9.750000000000000000e+02,3.615674999999998818e+01,2.698249999999999954e-02
9.800000000000000000e+02,3.617866666666668607e+01,2.702000000000000235e-02
9.850000000000000000e+02,3.620058333333332712e+01,2.705750000000000169e-02
9.900000000000000000e+02,3.622249999999996817e+01,2.709500000000000103e-02
9.950000000000000000e+02,3.624441666666666606e+01,2.713250000000000037e-02
1.000000000000000000e+03,3.626633333333330711e+01,2.716999999999999971e-02
1.005000000000000000e+03,3.628825000000000500e+01,2.720750000000000252e-02
1.010000000000000000e+03,3.631016666666664605e+01,2.724500000000000186e-02
1.015000000000000000e+03,3.633208333333334394e+01,2.728250000000000119e-02
1.020000000000000000e+03,3.635399999999998499e+01,2.732000000000000053e-02
1.025000000000000000e+03,3.641341666666664878e+01,2.737083333333333382e-02
1.030000000000000000e+03,3.647283333333331257e+01,2.742166666666666711e-02
1.035000000000000000e+03,3.653224999999997635e+01,2.747250000000000039e-02
1.040000000000000000e+03,3.659166666666664014e+01,2.752333333333333368e-02
1.045000000000000000e+03,3.665108333333330393e+01,2.757416666666666696e-02
1.050000000000000000e+03,3.671050000000002456e+01,2.762500000000000025e-02
1.055000000000000000e+03,3.676991666666668834e+01,2.767583333333333354e-02
1.060000000000000000e+03,3.682933333333335213e+01,2.772666666666666682e-02
1.065000000000000000e+03,3.688875000000001592e+01,2.777750000000000011e-02
1.070000000000000000e+03,3.694816666666667970e+01,2.782833333333333339e-02
1.075000000000000000e+03,3.700758333333334349e+01,2.787916666666666668e-02
1.080000000000000000e+03,3.706700000000000728e+01,2.792999999999999997e-02
1.085000000000000000e+03,3.709633333333334804e+01,2.795749999999999971e-02
1.090000000000000000e+03,3.712566666666668880e+01,2.798499999999999946e-02
1.095000000000000000e+03,3.715499999999997272e+01,2.801249999999999921e-02
1.100000000000000000e+03,3.718433333333331348e+01,2.803999999999999895e-02
1.105000000000000000e+03,3.721366666666665424e+01,2.806749999999999870e-02
1.110000000000000000e+03,3.724299999999999500e+01,2.809500000000000192e-02
1.115000000000000000e+03,3.727233333333333576e+01,2.812250000000000166e-02
1.120000000000000000e+03,3.730166666666667652e+01,2.815000000000000141e-02
1.125000000000000000e+03,3.733100000000001728e+01,2.817750000000000116e-02
1.130000000000000000e+03,3.736033333333330120e+01,2.820500000000000090e-02
1.135000000000000000e+03,3.738966666666664196e+01,2.823250000000000065e-02
1.140000000000000000e+03,3.741899999999998272e+01,2.826000000000000040e-02
1.145000000000000000e+03,3.745758333333333212e+01,2.831416666666666804e-02
1.150000000000000000e+03,3.749616666666668152e+01,2.836833333333333568e-02
1.155000000000000000e+03,3.753474999999997408e+01,2.842249999999999985e-02
1.160000000000000000e+03,3.757333333333332348e+01,2.847666666666666749e-02
1.165000000000000000e+03,3.761191666666667288e+01,2.853083333333333513e-02
1.170000000000000000e+03,3.765049999999996544e+01,2.858499999999999930e-02
1.175000000000000000e+03,3.768908333333331484e+01,2.863916666666666694e-02
1.180000000000000000e+03,3.772766666666666424e+01,2.869333333333333458e-02
1.185000000000000000e+03,3.776625000000001364e+01,2.874750000000000222e-02
1.190000000000000000e+03,3.780483333333336304e+01,2.880166666666666986e-02
1.195000000000000000e+03,3.784341666666665560e+01,2.885583333333333403e-02
1.200000000000000000e+03,3.788200000000000500e+01,2.891000000000000167e-02
1.205000000000000000e+03,3.790300000000002001e+01,2.893500000000000238e-02
1.210000000000000000e+03,3.792399999999997817e+01,2.895999999999999963e-02
1.215000000000000000e+03,3.794499999999999318e+01,2.898500000000000035e-02
1.220000000000000000e+03,3.796600000000000819e+01,2.901000000000000106e-02
1.225000000000000000e+03,3.798700000000002319e+01,2.903500000000000178e-02
1.230000000000000000e+03,3.800800000000003820e+01,2.906000000000000250e-02
1.235000000000000000e+03,3.802899999999999636e+01,2.908499999999999974e-02
1.240000000000000000e+03,3.805000000000001137e+01,2.911000000000000046e-02
1.245000000000000000e+03,3.807100000000002638e+01,2.913500000000000117e-02
1.250000000000000000e+03,3.809199999999998454e+01,2.915999999999999842e-02
1.255000000000000000e+03,3.811299999999999955e+01,2.918499999999999914e-02
1.260000000000000000e+03,3.813400000000001455e+01,2.920999999999999985e-02
1.265000000000000000e+03,3.818675000000001774e+01,2.924333333333333299e-02
1.270000000000000000e+03,3.823950000000002092e+01,2.927666666666666612e-02
1.275000000000000000e+03,3.829225000000002410e+01,2.930999999999999925e-02
1.280000000000000000e+03,3.834500000000002728e+01,2.934333333333333238e-02
1.285000000000000000e+03,3.839775000000003047e+01,2.937666666666666551e-02
1.290000000000000000e+03,3.845050000000003365e+01,2.940999999999999864e-02
1.295000000000000000e+03,3.850324999999997999e+01,2.944333333333333524e-02
1.300000000000000000e+03,3.855599999999998317e+01,2.947666666666666838e-02
1.305000000000000000e+03,3.860874999999998636e+01,2.951000000000000151e-02
1.310000000000000000e+03,3.866149999999998954e+01,2.954333333333333464e-02
1.315000000000000000e+03,3.871424999999999272e+01,2.957666666666666777e-02
1.320000000000000000e+03,3.876699999999999591e+01,2.961000000000000090e-02
1.325000000000000000e+03,3.879683333333332484e+01,2.966666666666666757e-02
1.330000000000000000e+03,3.882666666666665378e+01,2.972333333333333424e-02
1.335000000000000000e+03,3.885649999999998272e+01,2.978000000000000091e-02
1.340000000000000000e+03,3.888633333333331166e+01,2.983666666666666759e-02
1.345000000000000000e+03,3.891616666666664059e+01,2.989333333333333426e-02
1.350000000000000000e+03,3.894600000000002638e+01,2.995000000000000093e-02
1.355000000000000000e+03,3.897583333333335531e+01,3.000666666666666760e-02
1.360000000000000000e+03,3.900566666666668425e+01,3.006333333333333427e-02
1.365000000000000000e+03,3.903550000000001319e+01,3.012000000000000094e-02
1.370000000000000000e+03,3.906533333333334213e+01,3.017666666666666761e-02
1.375000000000000000e+03,3.909516666666667106e+01,3.023333333333333428e-02
1.380000000000000000e+03,3.912500000000000000e+01,3.029000000000000095e-02
1.385000000000000000e+03,3.915274999999996908e+01,3.030833333333333296e-02
1.390000000000000000e+03,3.918049999999999500e+01,3.032666666666666844e-02
1.395000000000000000e+03,3.920825000000002092e+01,3.034500000000000045e-02
1.400000000000000000e+03,3.923599999999999000e+01,3.036333333333333245e-02
1.405000000000000000e+03,3.926374999999995907e+01,3.038166666666666793e-02
1.410000000000000000e+03,3.929149999999998499e+01,3.039999999999999994e-02
1.415000000000000000e+03,3.931925000000001091e+01,3.041833333333333195e-02
1.420000000000000000e+03,3.934699999999997999e+01,3.043666666666666742e-02
1.425000000000000000e+03,3.937474999999994907e+01,3.045499999999999943e-02
1.430000000000000000e+03,3.940249999999997499e+01,3.047333333333333144e-02
1.435000000000000000e+03,3.943025000000000091e+01,3.049166666666666692e-02
1.440000000000000000e+03,3.945799999999996999e+01,3.050999999999999893e-02
1.445000000000000000e+03,3.946941666666663195e+01,3.054916666666666544e-02
1.450000000000000000e+03,3.948083333333329392e+01,3.058833333333333196e-02
1.455000000000000000e+03,3.949225000000001273e+01,3.062749999999999848e-02
1.460000000000000000e+03,3.950366666666667470e+01,3.066666666666666499e-02
1.465000000000000000e+03,3.951508333333333667e+01,3.070583333333333151e-02
1.470000000000000000e+03,3.952649999999999864e+01,3.074499999999999802e-02
1.475000000000000000e+03,3.953791666666666060e+01,3.078416666666666801e-02
1.480000000000000000e+03,3.954933333333332257e+01,3.082333333333333453e-02
1.485000000000000000e+03,3.956074999999998454e+01,3.086250000000000104e-02
1.490000000000000000e+03,3.957216666666670335e+01,3.090166666666666756e-02
1.495000000000000000e+03,3.958358333333336532e+01,3.094083333333333408e-02
1.500000000000000000e+03,3.959500000000002728e+01,3.098000000000000059e-02
1.505000000000000000e+03,3.963383333333337077e+01,3.101250000000000187e-02
1.510000000000000000e+03,3.967266666666671426e+01,3.104499999999999968e-02
1.515000000000000000e+03,3.971150000000000091e+01,3.107750000000000096e-02
1.520000000000000000e+03,3.975033333333334440e+01,3.111000000000000223e-02
1.525000000000000000e+03,3.978916666666668789e+01,3.114250000000000004e-02
1.530000000000000000e+03,3.982799999999997453e+01,3.117500000000000132e-02
1.535000000000000000e+03,3.986683333333331802e+01,3.120750000000000260e-02
1.540000000000000000e+03,3.990566666666666151e+01,3.124000000000000041e-02
1.545000000000000000e+03,3.994450000000000500e+01,3.127250000000000169e-02
1.550000000000000000e+03,3.998333333333334849e+01,3.130499999999999949e-02
1.555000000000000000e+03,4.002216666666663514e+01,3.133750000000000424e-02
1.560000000000000000e+03,4.006099999999997863e+01,3.137000000000000205e-02
1.565000000000000000e+03,4.007574999999997090e+01,3.140500000000000236e-02
1.570000000000000000e+03,4.009049999999996317e+01,3.144000000000000267e-02
1.575000000000000000e+03,4.010524999999995543e+01,3.147500000000000298e-02
1.580000000000000000e+03,4.012000000000000455e+01,3.151000000000000328e-02
1.585000000000000000e+03,4.013474999999999682e+01,3.154500000000000359e-02
1.590000000000000000e+03,4.014949999999998909e+01,3.157999999999999696e-02
1.595000000000000000e+03,4.016424999999998136e+01,3.161499999999999727e-02
1.600000000000000000e+03,4.017899999999997362e+01,3.164999999999999758e-02
1.605000000000000000e+03,4.019375000000002274e+01,3.168499999999999789e-02
1.610000000000000000e+03,4.020850000000001501e+01,3.171999999999999820e-02
1.615000000000000000e+03,4.022325000000000728e+01,3.175499999999999851e-02
1.620000000000000000e+03,4.023799999999999955e+01,3.178999999999999881e-02
1.625000000000000000e+03,4.026991666666668834e+01,3.182333333333333542e-02
1.630000000000000000e+03,4.030183333333332030e+01,3.185666666666666508e-02
1.635000000000000000e+03,4.033375000000000909e+01,3.189000000000000168e-02
1.640000000000000000e+03,4.036566666666664105e+01,3.192333333333333134e-02
1.645000000000000000e+03,4.039758333333332985e+01,3.195666666666666794e-02
1.650000000000000000e+03,4.042949999999996180e+01,3.199000000000000454e-02
1.655000000000000000e+03,4.046141666666665060e+01,3.202333333333333421e-02
1.660000000000000000e+03,4.049333333333333940e+01,3.205666666666667081e-02
1.665000000000000000e+03,4.052524999999997135e+01,3.209000000000000047e-02
1.670000000000000000e+03,4.055716666666666015e+01,3.212333333333333707e-02
1.675000000000000000e+03,4.058908333333329210e+01,3.215666666666666673e-02
1.680000000000000000e+03,4.062099999999998090e+01,3.219000000000000333e-02
1.685000000000000000e+03,4.066641666666663468e+01,3.222583333333333550e-02
1.690000000000000000e+03,4.071183333333328846e+01,3.226166666666666766e-02
1.695000000000000000e+03,4.075724999999999909e+01,3.229750000000000676e-02
1.700000000000000000e+03,4.080266666666665287e+01,3.233333333333333892e-02
1.705000000000000000e+03,4.084808333333330665e+01,3.236916666666667108e-02
1.710000000000000000e+03,4.089350000000001728e+01,3.240500000000000325e-02
1.715000000000000000e+03,4.093891666666667106e+01,3.244083333333333541e-02
1.720000000000000000e+03,4.098433333333332484e+01,3.247666666666666757e-02
1.725000000000000000e+03,4.102974999999997863e+01,3.251249999999999973e-02
1.730000000000000000e+03,4.107516666666668925e+01,3.254833333333333883e-02
1.735000000000000000e+03,4.112058333333334303e+01,3.258416666666667100e-02
1.740000000000000000e+03,4.116599999999999682e+01,3.262000000000000316e-02
1.745000000000000000e+03,4.119491666666664287e+01,3.265750000000000597e-02
1.750000000000000000e+03,4.122383333333334576e+01,3.269500000000000184e-02
1.755000000000000000e+03,4.125274999999999181e+01,3.273250000000000465e-02
1.760000000000000000e+03,4.128166666666663787e+01,3.277000000000000052e-02
1.765000000000000000e+03,4.131058333333334076e+01,3.280750000000000333e-02
1.770000000000000000e+03,4.133949999999998681e+01,3.284499999999999920e-02
1.775000000000000000e+03,4.136841666666663286e+01,3.288250000000000201e-02
1.780000000000000000e+03,4.139733333333333576e+01,3.292000000000000481e-02
1.785000000000000000e+03,4.142624999999998181e+01,3.295750000000000068e-02
1.790000000000000000e+03,4.145516666666662786e+01,3.299500000000000349e-02
1.795000000000000000e+03,4.148408333333333076e+01,3.303249999999999936e-02
1.800000000000000000e+03,4.151299999999997681e+01,3.307000000000000217e-02
1.805000000000000000e+03,4.154674999999997453e+01,3.310166666666666813e-02
1.810000000000000000e+03,4.158049999999997226e+01,3.313333333333333408e-02
1.815000000000000000e+03,4.161424999999996999e+01,3.316500000000000004e-02
1.820000000000000000e+03,4.164799999999996771e+01,3.319666666666666599e-02
1.825000000000000000e+03,4.168174999999996544e+01,3.322833333333333194e-02
1.830000000000000000e+03,4.171550000000002001e+01,3.325999999999999790e-02
1.835000000000000000e+03,4.174925000000001774e+01,3.329166666666667079e-02
1.840000000000000000e+03,4.178300000000001546e+01,3.332333333333333675e-02
1.845000000000000000e+03,4.181675000000001319e+01,3.335500000000000270e-02
1.850000000000000000e+03,4.185050000000001091e+01,3.338666666666666866e-02
1.855000000000000000e+03,4.188425000000000864e+01,3.341833333333333461e-02
1.860000000000000000e+03,4.191800000000000637e+01,3.345000000000000057e-02
1.865000000000000000e+03,4.192083333333334849e+01,3.349833333333333135e-02
1.870000000000000000e+03,4.192366666666669062e+01,3.354666666666666908e-02
1.875000000000000000e+03,4.192650000000003274e+01,3.359499999999999986e-02
1.880000000000000000e+03,4.192933333333331802e+01,3.364333333333333065e-02
1.885000000000000000e+03,4.193216666666666015e+01,3.369166666666666837e-02
1.890000000000000000e+03,4.193500000000000227e+01,3.373999999999999916e-02
1.895000000000000000e+03,4.193783333333334440e+01,3.378833333333332994e-02
1.900000000000000000e+03,4.194066666666668652e+01,3.383666666666666767e-02
1.905000000000000000e+03,4.194349999999997181e+01,3.388499999999999845e-02
1.910000000000000000e+03,4.194633333333331393e+01,3.393333333333332924e-02
1.915000000000000000e+03,4.194916666666665606e+01,3.398166666666666696e-02
1.920000000000000000e+03,4.195199999999999818e+01,3.402999999999999775e-02
1.925000000000000000e+03,4.197791666666665833e+01,3.406666666666666177e-02
1.930000000000000000e+03,4.200383333333331848e+01,3.410333333333333272e-02
1.935000000000000000e+03,4.202974999999997863e+01,3.413999999999999674e-02
1.940000000000000000e+03,4.205566666666663878e+01,3.417666666666666769e-02
1.945000000000000000e+03,4.208158333333329892e+01,3.421333333333333171e-02
1.950000000000000000e+03,4.210749999999995907e+01,3.425000000000000266e-02
1.955000000000000000e+03,4.213341666666667606e+01,3.428666666666666668e-02
1.960000000000000000e+03,4.215933333333333621e+01,3.432333333333333070e-02
1.965000000000000000e+03,4.218524999999999636e+01,3.436000000000000165e-02
1.970000000000000000e+03,4.221116666666665651e+01,3.439666666666666567e-02
1.975000000000000000e+03,4.223708333333331666e+01,3.443333333333333662e-02
1.980000000000000000e+03,4.226299999999997681e+01,3.447000000000000064e-02
1.985000000000000000e+03,4.229016666666666424e+01,3.449416666666666603e-02
1.990000000000000000e+03,4.231733333333329483e+01,3.451833333333333143e-02
1.995000000000000000e+03,4.234449999999998226e+01,3.454250000000000376e-02
2.000000000000000000e+03,4.237166666666666970e+01,3.456666666666666915e-02
2.005000000000000000e+03,4.239883333333330029e+01,3.459083333333333454e-02
2.010000000000000000e+03,4.242599999999998772e+01,3.461499999999999994e-02
2.015000000000000000e+03,4.245316666666667516e+01,3.463916666666666533e-02
2.020000000000000000e+03,4.248033333333330575e+01,3.466333333333333072e-02
2.025000000000000000e+03,4.250749999999999318e+01,3.468749999999999611e-02
2.030000000000000000e+03,4.253466666666668061e+01,3.471166666666666845e-02
2.035000000000000000e+03,4.256183333333331120e+01,3.473583333333333384e-02
2.040000000000000000e+03,4.258899999999999864e+01,3.475999999999999923e-02
2.045000000000000000e+03,4.260199999999997544e+01,3.479083333333333333e-02
2.050000000000000000e+03,4.261500000000000909e+01,3.482166666666666743e-02
2.055000000000000000e+03,4.262799999999998590e+01,3.485250000000000153e-02
2.060000000000000000e+03,4.264100000000001955e+01,3.488333333333333564e-02
2.065000000000000000e+03,4.265399999999999636e+01,3.491416666666666974e-02
2.070000000000000000e+03,4.266700000000003001e+01,3.494500000000000384e-02
2.075000000000000000e+03,4.268000000000000682e+01,3.497583333333333100e-02
2.080000000000000000e+03,4.269299999999998363e+01,3.500666666666666510e-02
2.085000000000000000e+03,4.270600000000001728e+01,3.503749999999999920e-02
2.090000000000000000e+03,4.271899999999999409e+01,3.506833333333333330e-02
2.095000000000000000e+03,4.273200000000002774e+01,3.509916666666666740e-02
2.100000000000000000e+03,4.274500000000000455e+01,3.513000000000000150e-02
2.105000000000000000e+03,4.276499999999998636e+01,3.516750000000000431e-02
2.110000000000000000e+03,4.278500000000002501e+01,3.520500000000000018e-02
2.115000000000000000e+03,4.280500000000000682e+01,3.524250000000000299e-02
2.120000000000000000e+03,4.282499999999998863e+01,3.527999999999999886e-02
2.125000000000000000e+03,4.284500000000002728e+01,3.531750000000000167e-02
2.130000000000000000e+03,4.286500000000000909e+01,3.535499999999999754e-02
2.135000000000000000e+03,4.288499999999999091e+01,3.539250000000000035e-02
2.140000000000000000e+03,4.290500000000002956e+01,3.543000000000000316e-02
2.145000000000000000e+03,4.292500000000001137e+01,3.546749999999999903e-02
2.150000000000000000e+03,4.294499999999999318e+01,3.550500000000000184e-02
2.155000000000000000e+03,4.296500000000003183e+01,3.554249999999999771e-02
2.160000000000000000e+03,4.298500000000001364e+01,3.558000000000000052e-02
2.165000000000000000e+03,4.301900000000000546e+01,3.562250000000000139e-02
2.170000000000000000e+03,4.305299999999999727e+01,3.566500000000000226e-02
2.175000000000000000e+03,4.308699999999998909e+01,3.570750000000000313e-02
2.180000000000000000e+03,4.312100000000003774e+01,3.574999999999999706e-02
2.185000000000000000e+03,4.315500000000002956e+01,3.579249999999999793e-02
2.190000000000000000e+03,4.318900000000002137e+01,3.583499999999999880e-02
2.195000000000000000e+03,4.322300000000001319e+01,3.587749999999999967e-02
2.200000000000000000e+03,4.325700000000000500e+01,3.592000000000000054e-02
2.205000000000000000e+03,4.329100000000005366e+01,3.596249999999999447e-02
2.210000000000000000e+03,4.332500000000004547e+01,3.600499999999999534e-02
2.215000000000000000e+03,4.335900000000003729e+01,3.604749999999999621e-02
2.220000000000000000e+03,4.339300000000002910e+01,3.608999999999999708e-02
2.225000000000000000e+03,4.340475000000003547e+01,3.612083333333333118e-02
2.230000000000000000e+03,4.341650000000004184e+01,3.615166666666666528e-02
2.235000000000000000e+03,4.342825000000004820e+01,3.618249999999999938e-02
2.240000000000000000e+03,4.343999999999999773e+01,3.621333333333333349e-02
2.245000000000000000e+03,4.345175000000000409e+01,3.624416666666666759e-02
2.250000000000000000e+03,4.346350000000001046e+01,3.627500000000000169e-02
2.255000000000000000e+03,4.347525000000001683e+01,3.630583333333332885e-02
2.260000000000000000e+03,4.348700000000002319e+01,3.633666666666666295e-02
2.265000000000000000e+03,4.349874999999997272e+01,3.636749999999999705e-02
2.270000000000000000e+03,4.351049999999997908e+01,3.639833333333333115e-02
2.275000000000000000e+03,4.352224999999998545e+01,3.642916666666666525e-02
2.280000000000000000e+03,4.353399999999999181e+01,3.645999999999999935e-02
2.285000000000000000e+03,4.357033333333333758e+01,3.646583333333333621e-02
2.290000000000000000e+03,4.360666666666668334e+01,3.647166666666666612e-02
2.295000000000000000e+03,4.364300000000002910e+01,3.647749999999999604e-02
2.300000000000000000e+03,4.367933333333331802e+01,3.648333333333333289e-02
2.305000000000000000e+03,4.371566666666666379e+01,3.648916666666666975e-02
2.310000000000000000e+03,4.375200000000000955e+01,3.649499999999999966e-02
2.315000000000000000e+03,4.378833333333335531e+01,3.650083333333332958e-02
2.320000000000000000e+03,4.382466666666670108e+01,3.650666666666666643e-02
2.325000000000000000e+03,4.386099999999999000e+01,3.651250000000000329e-02
2.330000000000000000e+03,4.389733333333333576e+01,3.651833333333333320e-02
2.335000000000000000e+03,4.393366666666668152e+01,3.652416666666666312e-02
2.340000000000000000e+03,4.397000000000002728e+01,3.652999999999999997e-02
2.345000000000000000e+03,4.398099999999999454e+01,3.656416666666666843e-02
2.350000000000000000e+03,4.399200000000001864e+01,3.659833333333332994e-02
2.355000000000000000e+03,4.400300000000004275e+01,3.663249999999999840e-02
2.360000000000000000e+03,4.401400000000001000e+01,3.666666666666666685e-02
2.365000000000000000e+03,4.402499999999997726e+01,3.670083333333333531e-02
2.370000000000000000e+03,4.403600000000000136e+01,3.673500000000000376e-02
2.375000000000000000e+03,4.404700000000002547e+01,3.676916666666666528e-02
2.380000000000000000e+03,4.405799999999999272e+01,3.680333333333333373e-02
2.385000000000000000e+03,4.406899999999995998e+01,3.683750000000000219e-02
2.390000000000000000e+03,4.407999999999998408e+01,3.687166666666666370e-02
2.395000000000000000e+03,4.409099999999995134e+01,3.690583333333333216e-02
2.400000000000000000e+03,4.410199999999997544e+01,3.694000000000000061e-02
2.405000000000000000e+03,4.413541666666662877e+01,3.697083333333333471e-02
2.410000000000000000e+03,4.416883333333328210e+01,3.700166666666666881e-02
2.415000000000000000e+03,4.420224999999999227e+01,3.703250000000000292e-02
2.420000000000000000e+03,4.423566666666664560e+01,3.706333333333333702e-02
2.425000000000000000e+03,4.426908333333329892e+01,3.709416666666667112e-02
2.430000000000000000e+03,4.430250000000000909e+01,3.712500000000000522e-02
2.435000000000000000e+03,4.433591666666666242e+01,3.715583333333333238e-02
2.440000000000000000e+03,4.436933333333331575e+01,3.718666666666666648e-02
2.445000000000000000e+03,4.440274999999996908e+01,3.721750000000000058e-02
2.450000000000000000e+03,4.443616666666662240e+01,3.724833333333333468e-02
2.455000000000000000e+03,4.446958333333333258e+01,3.727916666666666878e-02
2.460000000000000000e+03,4.450299999999998590e+01,3.731000000000000288e-02
2.465000000000000000e+03,4.451633333333330711e+01,3.733916666666666634e-02
2.470000000000000000e+03,4.452966666666668516e+01,3.736833333333333673e-02
2.475000000000000000e+03,4.454300000000000637e+01,3.739750000000000019e-02
2.480000000000000000e+03,4.455633333333332757e+01,3.742666666666667058e-02
2.485000000000000000e+03,4.456966666666664878e+01,3.745583333333333403e-02
2.490000000000000000e+03,4.458299999999996999e+01,3.748500000000000443e-02
2.495000000000000000e+03,4.459633333333334804e+01,3.751416666666666788e-02
2.500000000000000000e+03,4.460966666666666924e+01,3.754333333333333134e-02
2.505000000000000000e+03,4.462299999999999045e+01,3.757250000000000173e-02
2.510000000000000000e+03,4.463633333333336850e+01,3.760166666666666518e-02
2.515000000000000000e+03,4.464966666666668971e+01,3.763083333333333558e-02
2.520000000000000000e+03,4.466300000000001091e+01,3.765999999999999903e-02
2.525000000000000000e+03,4.466616666666669744e+01,3.769833333333333369e-02
2.530000000000000000e+03,4.466933333333332712e+01,3.773666666666666836e-02
2.535000000000000000e+03,4.467250000000001364e+01,3.777500000000000302e-02
2.540000000000000000e+03,4.467566666666670017e+01,3.781333333333333074e-02
2.545000000000000000e+03,4.467883333333332985e+01,3.785166666666666541e-02
2.550000000000000000e+03,4.468200000000001637e+01,3.789000000000000007e-02
2.555000000000000000e+03,4.468516666666670289e+01,3.792833333333333473e-02
2.560000000000000000e+03,4.468833333333333258e+01,3.796666666666666939e-02
2.565000000000000000e+03,4.469150000000001910e+01,3.800499999999999712e-02
2.570000000000000000e+03,4.469466666666670562e+01,3.804333333333333178e-02
2.575000000000000000e+03,4.469783333333333530e+01,3.808166666666666644e-02
2.580000000000000000e+03,4.470100000000002183e+01,3.812000000000000111e-02
2.585000000000000000e+03,4.473741666666666106e+01,3.814333333333333464e-02
2.590000000000000000e+03,4.477383333333335713e+01,3.816666666666666818e-02
2.595000000000000000e+03,4.481024999999999636e+01,3.819000000000000172e-02
2.600000000000000000e+03,4.484666666666669244e+01,3.821333333333333526e-02
2.605000000000000000e+03,4.488308333333333167e+01,3.823666666666666880e-02
2.610000000000000000e+03,4.491949999999997090e+01,3.826000000000000234e-02
2.615000000000000000e+03,4.495591666666666697e+01,3.828333333333332894e-02
2.620000000000000000e+03,4.499233333333330620e+01,3.830666666666666248e-02
2.625000000000000000e+03,4.502875000000000227e+01,3.832999999999999602e-02
2.630000000000000000e+03,4.506516666666664150e+01,3.835333333333332956e-02
2.635000000000000000e+03,4.510158333333333758e+01,3.837666666666666310e-02
2.640000000000000000e+03,4.513799999999997681e+01,3.839999999999999664e-02
2.645000000000000000e+03,4.515341666666665787e+01,3.841499999999999776e-02
2.650000000000000000e+03,4.516883333333328210e+01,3.842999999999999888e-02
2.655000000000000000e+03,4.518424999999996317e+01,3.844500000000000001e-02
2.660000000000000000e+03,4.519966666666664423e+01,3.846000000000000113e-02
2.665000000000000000e+03,4.521508333333332530e+01,3.847500000000000225e-02
2.670000000000000000e+03,4.523050000000000637e+01,3.848999999999999644e-02
2.675000000000000000e+03,4.524591666666663059e+01,3.850499999999999756e-02
2.680000000000000000e+03,4.526133333333331166e+01,3.851999999999999869e-02
2.685000000000000000e+03,4.527674999999999272e+01,3.853499999999999981e-02
2.690000000000000000e+03,4.529216666666661695e+01,3.855000000000000093e-02
2.695000000000000000e+03,4.530758333333329801e+01,3.856500000000000206e-02
2.700000000000000000e+03,4.532299999999997908e+01,3.858000000000000318e-02
2.705000000000000000e+03,4.532308333333332939e+01,3.861750000000000599e-02
2.710000000000000000e+03,4.532316666666667970e+01,3.865500000000000186e-02
2.715000000000000000e+03,4.532324999999997317e+01,3.869250000000000467e-02
2.720000000000000000e+03,4.532333333333332348e+01,3.873000000000000054e-02
2.725000000000000000e+03,4.532341666666667379e+01,3.876750000000000335e-02
2.730000000000000000e+03,4.532349999999996726e+01,3.880500000000000616e-02
2.735000000000000000e+03,4.532358333333331757e+01,3.884250000000000203e-02
2.740000000000000000e+03,4.532366666666666788e+01,3.888000000000000483e-02
2.745000000000000000e+03,4.532375000000001819e+01,3.891750000000000070e-02
2.750000000000000000e+03,4.532383333333336850e+01,3.895500000000000351e-02
2.755000000000000000e+03,4.532391666666666197e+01,3.899249999999999938e-02
2.760000000000000000e+03,4.532400000000001228e+01,3.903000000000000219e-02
2.765000000000000000e+03,4.533550000000002456e+01,3.906083333333333629e-02
2.770000000000000000e+03,4.534699999999997999e+01,3.909166666666667039e-02
2.775000000000000000e+03,4.535849999999999227e+01,3.912250000000000449e-02
2.780000000000000000e+03,4.537000000000000455e+01,3.915333333333333166e-02
2.785000000000000000e+03,4.538150000000001683e+01,3.918416666666666576e-02
2.790000000000000000e+03,4.539300000000002910e+01,3.921499999999999986e-02
2.795000000000000000e+03,4.540449999999998454e+01,3.924583333333333396e-02
2.800000000000000000e+03,4.541599999999999682e+01,3.927666666666666806e-02
2.805000000000000000e+03,4.542750000000000909e+01,3.930749999999999522e-02
2.810000000000000000e+03,4.543899999999996453e+01,3.933833333333332932e-02
2.815000000000000000e+03,4.545049999999997681e+01,3.936916666666666342e-02
2.820000000000000000e+03,4.546199999999998909e+01,3.939999999999999752e-02
2.825000000000000000e+03,4.549166666666667425e+01,3.941166666666666429e-02
2.830000000000000000e+03,4.552133333333330256e+01,3.942333333333333106e-02
2.835000000000000000e+03,4.555099999999998772e+01,3.943499999999999783e-02
2.840000000000000000e+03,4.558066666666667288e+01,3.944666666666666460e-02
2.845000000000000000e+03,4.561033333333330120e+01,3.945833333333333137e-02
2.850000000000000000e+03,4.563999999999998636e+01,3.946999999999999814e-02
2.855000000000000000e+03,4.566966666666667152e+01,3.948166666666666491e-02
2.860000000000000000e+03,4.569933333333329983e+01,3.949333333333333168e-02
2.865000000000000000e+03,4.572899999999998499e+01,3.950499999999999845e-02
2.870000000000000000e+03,4.575866666666667015e+01,3.951666666666666522e-02
2.875000000000000000e+03,4.578833333333329847e+01,3.952833333333333199e-02
2.880000000000000000e+03,4.581799999999998363e+01,3.953999999999999876e-02
2.885000000000000000e+03,4.581141666666667334e+01,3.958916666666666834e-02
2.890000000000000000e+03,4.580483333333330620e+01,3.963833333333333098e-02
2.895000000000000000e+03,4.579824999999999591e+01,3.968750000000000056e-02
2.900000000000000000e+03,4.579166666666662877e+01,3.973666666666666319e-02
2.905000000000000000e+03,4.578508333333331848e+01,3.978583333333333277e-02
2.910000000000000000e+03,4.577850000000000819e+01,3.983499999999999541e-02
2.915000000000000000e+03,4.577191666666664105e+01,3.988416666666666499e-02
2.920000000000000000e+03,4.576533333333333076e+01,3.993333333333333457e-02
2.925000000000000000e+03,4.575874999999996362e+01,3.998249999999999721e-02
2.930000000000000000e+03,4.575216666666665333e+01,4.003166666666666679e-02
2.935000000000000000e+03,4.574558333333328619e+01,4.008083333333332943e-02
2.940000000000000000e+03,4.573899999999997590e+01,4.012999999999999901e-02
2.945000000000000000e+03,4.575491666666664514e+01,4.012833333333333530e-02
2.950000000000000000e+03,4.577083333333331439e+01,4.012666666666666465e-02
2.955000000000000000e+03,4.578674999999998363e+01,4.012500000000000094e-02
2.960000000000000000e+03,4.580266666666665287e+01,4.012333333333333030e-02
2.965000000000000000e+03,4.581858333333332212e+01,4.012166666666666659e-02
2.970000000000000000e+03,4.583449999999999136e+01,4.012000000000000288e-02
2.975000000000000000e+03,4.585041666666666060e+01,4.011833333333333224e-02
2.980000000000000000e+03,4.586633333333332985e+01,4.011666666666666853e-02
2.985000000000000000e+03,4.588224999999999909e+01,4.011499999999999788e-02
2.990000000000000000e+03,4.589816666666666833e+01,4.011333333333333417e-02
2.995000000000000000e+03,4.591408333333333758e+01,4.011166666666666353e-02
3.000000000000000000e+03,4.593000000000000682e+01,4.010999999999999982e-02
3.005000000000000000e+03,4.593574999999998454e+01,4.016416666666666746e-02
3.010000000000000000e+03,4.594150000000001910e+01,4.021833333333333510e-02
3.015000000000000000e+03,4.594724999999999682e+01,4.027250000000000274e-02
3.020000000000000000e+03,4.595300000000003138e+01,4.032666666666666344e-02
3.025000000000000000e+03,4.595875000000000909e+01,4.038083333333333108e-02
3.030000000000000000e+03,4.596450000000004366e+01,4.043499999999999872e-02
3.035000000000000000e+03,4.597025000000002137e+01,4.048916666666666636e-02
3.040000000000000000e+03,4.597599999999999909e+01,4.054333333333333400e-02
3.045000000000000000e+03,4.598175000000003365e+01,4.059749999999999470e-02
3.050000000000000000e+03,4.598750000000001137e+01,4.065166666666666234e-02
3.055000000000000000e+03,4.599325000000004593e+01,4.070583333333332998e-02
3.060000000000000000e+03,4.599900000000002365e+01,4.075999999999999762e-02
3.065000000000000000e+03,4.604175000000003593e+01,4.075499999999999956e-02
3.070000000000000000e+03,4.608450000000004820e+01,4.074999999999999456e-02
3.075000000000000000e+03,4.612725000000000364e+01,4.074499999999999650e-02
3.080000000000000000e+03,4.617000000000001592e+01,4.073999999999999844e-02
3.085000000000000000e+03,4.621275000000002819e+01,4.073500000000000038e-02
3.090000000000000000e+03,4.625549999999998363e+01,4.073000000000000231e-02
3.095000000000000000e+03,4.629824999999999591e+01,4.072499999999999731e-02
3.100000000000000000e+03,4.634100000000000819e+01,4.071999999999999925e-02
3.105000000000000000e+03,4.638375000000002046e+01,4.071500000000000119e-02
3.110000000000000000e+03,4.642650000000003274e+01,4.070999999999999619e-02
3.115000000000000000e+03,4.646924999999998818e+01,4.070499999999999813e-02
3.120000000000000000e+03,4.651200000000000045e+01,4.070000000000000007e-02
3.125000000000000000e+03,4.651949999999999363e+01,4.074833333333333085e-02
3.130000000000000000e+03,4.652699999999998681e+01,4.079666666666666858e-02
3.135000000000000000e+03,4.653449999999997999e+01,4.084499999999999936e-02
3.140000000000000000e+03,4.654199999999997317e+01,4.089333333333333015e-02
3.145000000000000000e+03,4.654949999999996635e+01,4.094166666666666787e-02
3.150000000000000000e+03,4.655700000000001637e+01,4.098999999999999866e-02
3.155000000000000000e+03,4.656450000000000955e+01,4.103833333333332944e-02
3.160000000000000000e+03,4.657200000000000273e+01,4.108666666666666717e-02
3.165000000000000000e+03,4.657949999999999591e+01,4.113499999999999795e-02
3.170000000000000000e+03,4.658699999999998909e+01,4.118333333333332874e-02
3.175000000000000000e+03,4.659449999999998226e+01,4.123166666666666647e-02
3.180000000000000000e+03,4.660199999999997544e+01,4.127999999999999725e-02
3.185000000000000000e+03,4.661525000000000318e+01,4.130416666666666264e-02
3.190000000000000000e+03,4.662849999999997408e+01,4.132833333333332804e-02
3.195000000000000000e+03,4.664175000000000182e+01,4.135250000000000037e-02
3.200000000000000000e+03,4.665499999999997272e+01,4.137666666666666576e-02
3.205000000000000000e+03,4.666825000000000045e+01,4.140083333333333115e-02
3.210000000000000000e+03,4.668150000000002819e+01,4.142500000000000349e-02
3.215000000000000000e+03,4.669474999999999909e+01,4.144916666666666888e-02
3.220000000000000000e+03,4.670800000000002683e+01,4.147333333333333427e-02
3.225000000000000000e+03,4.672124999999999773e+01,4.149749999999999966e-02
3.230000000000000000e+03,4.673450000000002547e+01,4.152166666666666506e-02
3.235000000000000000e+03,4.674774999999999636e+01,4.154583333333333739e-02
3.240000000000000000e+03,4.676100000000002410e+01,4.157000000000000278e-02
3.245000000000000000e+03,4.677533333333337850e+01,4.159500000000000003e-02
3.250000000000000000e+03,4.678966666666667606e+01,4.162000000000000421e-02
3.255000000000000000e+03,4.680400000000003047e+01,4.164500000000000146e-02
3.260000000000000000e+03,4.681833333333332803e+01,4.166999999999999871e-02
3.265000000000000000e+03,4.683266666666668243e+01,4.169500000000000289e-02
3.270000000000000000e+03,4.684699999999997999e+01,4.172000000000000014e-02
3.275000000000000000e+03,4.686133333333333439e+01,4.174499999999999739e-02
3.280000000000000000e+03,4.687566666666668880e+01,4.177000000000000157e-02
3.285000000000000000e+03,4.688999999999998636e+01,4.179499999999999882e-02
3.290000000000000000e+03,4.690433333333334076e+01,4.181999999999999607e-02
3.295000000000000000e+03,4.691866666666663832e+01,4.184500000000000025e-02
3.300000000000000000e+03,4.693299999999999272e+01,4.186999999999999750e-02
3.305000000000000000e+03,4.693124999999997726e+01,4.188499999999999862e-02
3.310000000000000000e+03,4.692949999999996180e+01,4.189999999999999974e-02
3.315000000000000000e+03,4.692775000000000318e+01,4.191499999999999393e-02
3.320000000000000000e+03,4.692599999999998772e+01,4.192999999999999505e-02
3.325000000000000000e+03,4.692424999999997226e+01,4.194499999999999618e-02
3.330000000000000000e+03,4.692250000000001364e+01,4.195999999999999730e-02
3.335000000000000000e+03,4.692074999999999818e+01,4.197499999999999842e-02
3.340000000000000000e+03,4.691899999999998272e+01,4.198999999999999955e-02
3.345000000000000000e+03,4.691724999999996726e+01,4.200500000000000067e-02
3.350000000000000000e+03,4.691549999999995180e+01,4.201999999999999486e-02
3.355000000000000000e+03,4.691374999999999318e+01,4.203499999999999598e-02
3.360000000000000000e+03,4.691199999999997772e+01,4.204999999999999710e-02
3.365000000000000000e+03,4.692674999999996999e+01,4.206999999999999629e-02
3.370000000000000000e+03,4.694149999999996226e+01,4.208999999999999547e-02
3.375000000000000000e+03,4.695624999999995453e+01,4.210999999999999466e-02
3.380000000000000000e+03,4.697100000000000364e+01,4.213000000000000078e-02
3.385000000000000000e+03,4.698574999999999591e+01,4.214999999999999997e-02
3.390000000000000000e+03,4.700049999999998818e+01,4.216999999999999915e-02
3.395000000000000000e+03,4.701524999999998045e+01,4.218999999999999834e-02
3.400000000000000000e+03,4.702999999999997272e+01,4.220999999999999752e-02
3.405000000000000000e+03,4.704475000000002183e+01,4.223000000000000365e-02
3.410000000000000000e+03,4.705950000000001410e+01,4.225000000000000283e-02
3.415000000000000000e+03,4.707425000000000637e+01,4.227000000000000202e-02
3.420000000000000000e+03,4.708899999999999864e+01,4.229000000000000120e-02
3.425000000000000000e+03,4.708224999999998772e+01,4.230500000000000232e-02
3.430000000000000000e+03,4.707549999999997681e+01,4.232000000000000345e-02
3.435000000000000000e+03,4.706875000000002274e+01,4.233499999999999763e-02
3.440000000000000000e+03,4.706200000000001182e+01,4.234999999999999876e-02
3.445000000000000000e+03,4.705525000000000091e+01,4.236499999999999988e-02
3.450000000000000000e+03,4.704849999999999000e+01,4.238000000000000100e-02
3.455000000000000000e+03,4.704174999999997908e+01,4.239500000000000213e-02
3.460000000000000000e+03,4.703499999999996817e+01,4.241000000000000325e-02
3.465000000000000000e+03,4.702824999999995725e+01,4.242500000000000437e-02
3.470000000000000000e+03,4.702150000000000318e+01,4.243999999999999856e-02
3.475000000000000000e+03,4.701474999999999227e+01,4.245499999999999968e-02
3.480000000000000000e+03,4.700799999999998136e+01,4.247000000000000081e-02
3.485000000000000000e+03,4.701658333333330120e+01,4.249499999999999805e-02
3.490000000000000000e+03,4.702516666666667788e+01,4.252000000000000224e-02
3.495000000000000000e+03,4.703374999999999773e+01,4.254499999999999948e-02
3.500000000000000000e+03,4.704233333333331757e+01,4.257000000000000367e-02
3.505000000000000000e+03,4.705091666666663741e+01,4.259500000000000092e-02
3.510000000000000000e+03,4.705949999999995725e+01,4.262000000000000510e-02
3.515000000000000000e+03,4.706808333333333394e+01,4.264500000000000235e-02
3.520000000000000000e+03,4.707666666666665378e+01,4.266999999999999960e-02
3.525000000000000000e+03,4.708524999999997362e+01,4.269500000000000378e-02
3.530000000000000000e+03,4.709383333333335031e+01,4.272000000000000103e-02
3.535000000000000000e+03,4.710241666666667015e+01,4.274500000000000521e-02
3.540000000000000000e+03,4.711099999999999000e+01,4.277000000000000246e-02
3.545000000000000000e+03,4.714216666666663968e+01,4.276583333333333625e-02
3.550000000000000000e+03,4.717333333333334622e+01,4.276166666666667004e-02
3.555000000000000000e+03,4.720449999999999591e+01,4.275750000000000384e-02
3.560000000000000000e+03,4.723566666666664560e+01,4.275333333333333763e-02
3.565000000000000000e+03,4.726683333333335213e+01,4.274916666666667142e-02
3.570000000000000000e+03,4.729800000000000182e+01,4.274500000000000521e-02
3.575000000000000000e+03,4.732916666666665151e+01,4.274083333333333207e-02
3.580000000000000000e+03,4.736033333333335804e+01,4.273666666666666586e-02
3.585000000000000000e+03,4.739150000000000773e+01,4.273249999999999965e-02
3.590000000000000000e+03,4.742266666666665742e+01,4.272833333333333344e-02
3.595000000000000000e+03,4.745383333333336395e+01,4.272416666666666724e-02
3.600000000000000000e+03,4.748500000000001364e+01,4.272000000000000103e-02
3.605000000000000000e+03,4.748608333333334031e+01,4.275333333333333763e-02
3.610000000000000000e+03,4.748716666666666697e+01,4.278666666666666729e-02
3.615000000000000000e+03,4.748824999999999363e+01,4.281999999999999695e-02
3.620000000000000000e+03,4.748933333333332030e+01,4.285333333333333355e-02
3.625000000000000000e+03,4.749041666666664696e+01,4.288666666666667016e-02
3.630000000000000000e+03,4.749149999999997362e+01,4.291999999999999982e-02
3.635000000000000000e+03,4.749258333333335713e+01,4.295333333333332948e-02
3.640000000000000000e+03,4.749366666666668380e+01,4.298666666666666608e-02
3.645000000000000000e+03,4.749475000000001046e+01,4.302000000000000268e-02
3.650000000000000000e+03,4.749583333333333712e+01,4.305333333333333234e-02
3.655000000000000000e+03,4.749691666666666379e+01,4.308666666666666201e-02
3.660000000000000000e+03,4.749799999999999045e+01,4.311999999999999861e-02
3.665000000000000000e+03,4.751033333333333530e+01,4.313749999999999529e-02
3.670000000000000000e+03,4.752266666666668016e+01,4.315499999999999892e-02
3.675000000000000000e+03,4.753499999999996817e+01,4.317250000000000254e-02
3.680000000000000000e+03,4.754733333333331302e+01,4.318999999999999923e-02
3.685000000000000000e+03,4.755966666666665787e+01,4.320749999999999591e-02
3.690000000000000000e+03,4.757200000000000273e+01,4.322499999999999953e-02
3.695000000000000000e+03,4.758433333333334758e+01,4.324250000000000316e-02
3.700000000000000000e+03,4.759666666666669244e+01,4.325999999999999984e-02
3.705000000000000000e+03,4.760900000000003729e+01,4.327749999999999653e-02
3.710000000000000000e+03,4.762133333333332530e+01,4.329500000000000015e-02
3.715000000000000000e+03,4.763366666666667015e+01,4.331250000000000377e-02
3.720000000000000000e+03,4.764600000000001501e+01,4.333000000000000046e-02
3.725000000000000000e+03,4.766216666666667834e+01,4.336000000000000271e-02
3.730000000000000000e+03,4.767833333333334167e+01,4.338999999999999801e-02
3.735000000000000000e+03,4.769450000000000500e+01,4.342000000000000026e-02
3.740000000000000000e+03,4.771066666666666833e+01,4.345000000000000251e-02
3.745000000000000000e+03,4.772683333333333167e+01,4.347999999999999782e-02
3.750000000000000000e+03,4.774300000000005184e+01,4.351000000000000006e-02
3.755000000000000000e+03,4.775916666666671517e+01,4.354000000000000231e-02
3.760000000000000000e+03,4.777533333333337850e+01,4.356999999999999762e-02
3.765000000000000000e+03,4.779150000000004184e+01,4.359999999999999987e-02
3.770000000000000000e+03,4.780766666666670517e+01,4.363000000000000211e-02
3.775000000000000000e+03,4.782383333333336850e+01,4.365999999999999742e-02
3.780000000000000000e+03,4.784000000000003183e+01,4.368999999999999967e-02
3.785000000000000000e+03,4.784275000000002365e+01,4.369333333333333402e-02
3.790000000000000000e+03,4.784550000000001546e+01,4.369666666666666838e-02
3.795000000000000000e+03,4.784825000000000728e+01,4.370000000000000273e-02
3.800000000000000000e+03,4.785099999999999909e+01,4.370333333333333015e-02
3.805000000000000000e+03,4.785374999999999091e+01,4.370666666666666450e-02
3.810000000000000000e+03,4.785649999999998272e+01,4.370999999999999885e-02
3.815000000000000000e+03,4.785925000000003138e+01,4.371333333333333321e-02
3.820000000000000000e+03,4.786200000000002319e+01,4.371666666666666756e-02
3.825000000000000000e+03,4.786475000000001501e+01,4.371999999999999498e-02
3.830000000000000000e+03,4.786750000000000682e+01,4.372333333333332933e-02
3.835000000000000000e+03,4.787024999999999864e+01,4.372666666666666369e-02
3.840000000000000000e+03,4.787299999999999045e+01,4.372999999999999804e-02
3.845000000000000000e+03,4.787741666666664742e+01,4.374333333333332852e-02
3.850000000000000000e+03,4.788183333333330438e+01,4.375666666666666593e-02
3.855000000000000000e+03,4.788625000000001819e+01,4.376999999999999641e-02
3.860000000000000000e+03,4.789066666666667516e+01,4.378333333333333383e-02
3.865000000000000000e+03,4.789508333333333212e+01,4.379666666666666430e-02
3.870000000000000000e+03,4.789949999999998909e+01,4.381000000000000172e-02
3.875000000000000000e+03,4.790391666666664605e+01,4.382333333333333220e-02
3.880000000000000000e+03,4.790833333333330302e+01,4.383666666666666267e-02
3.885000000000000000e+03,4.791274999999995998e+01,4.385000000000000009e-02
3.890000000000000000e+03,4.791716666666667379e+01,4.386333333333333057e-02
3.895000000000000000e+03,4.792158333333333076e+01,4.387666666666666798e-02
3.900000000000000000e+03,4.792599999999998772e+01,4.388999999999999846e-02
3.905000000000000000e+03,4.793349999999998090e+01,4.391583333333333450e-02
3.910000000000000000e+03,4.794099999999997408e+01,4.394166666666666360e-02
3.915000000000000000e+03,4.794849999999996726e+01,4.396749999999999964e-02
3.920000000000000000e+03,4.795600000000001728e+01,4.399333333333333568e-02
3.925000000000000000e+03,4.796350000000001046e+01,4.401916666666666478e-02
3.930000000000000000e+03,4.797100000000000364e+01,4.404500000000000082e-02
3.935000000000000000e+03,4.797849999999999682e+01,4.407083333333333686e-02
3.940000000000000000e+03,4.798599999999999000e+01,4.409666666666666596e-02
3.945000000000000000e+03,4.799350000000004002e+01,4.412250000000000200e-02
3.950000000000000000e+03,4.800100000000003320e+01,4.414833333333333804e-02
3.955000000000000000e+03,4.800850000000002638e+01,4.417416666666666714e-02
3.960000000000000000e+03,4.801600000000001955e+01,4.420000000000000318e-02
3.965000000000000000e+03,4.801275000000003956e+01,4.420166666666666688e-02
3.970000000000000000e+03,4.800950000000000273e+01,4.420333333333333753e-02
3.975000000000000000e+03,4.800625000000002274e+01,4.420500000000000124e-02
3.980000000000000000e+03,4.800299999999998590e+01,4.420666666666667188e-02
3.985000000000000000e+03,4.799975000000000591e+01,4.420833333333333559e-02
3.990000000000000000e+03,4.799649999999996908e+01,4.420999999999999930e-02
3.995000000000000000e+03,4.799324999999998909e+01,4.421166666666666994e-02
4.000000000000000000e+03,4.799000000000000909e+01,4.421333333333333365e-02
4.005000000000000000e+03,4.798674999999997226e+01,4.421500000000000430e-02
4.010000000000000000e+03,4.798349999999999227e+01,4.421666666666666801e-02
4.015000000000000000e+03,4.798024999999995543e+01,4.421833333333333865e-02
4.020000000000000000e+03,4.797699999999997544e+01,4.422000000000000236e-02
4.025000000000000000e+03,4.797274999999996226e+01,4.423083333333333728e-02
4.030000000000000000e+03,4.796849999999994907e+01,4.424166666666666525e-02
4.035000000000000000e+03,4.796424999999999272e+01,4.425250000000000017e-02
4.040000000000000000e+03,4.795999999999997954e+01,4.426333333333333508e-02
4.045000000000000000e+03,4.795574999999996635e+01,4.427416666666667000e-02
4.050000000000000000e+03,4.795150000000001000e+01,4.428500000000000492e-02
4.055000000000000000e+03,4.794724999999999682e+01,4.429583333333333289e-02
4.060000000000000000e+03,4.794299999999998363e+01,4.430666666666666781e-02
4.065000000000000000e+03,4.793874999999997044e+01,4.431750000000000272e-02
4.070000000000000000e+03,4.793449999999995725e+01,4.432833333333333070e-02
4.075000000000000000e+03,4.793025000000000091e+01,4.433916666666666562e-02
4.080000000000000000e+03,4.792599999999998772e+01,4.435000000000000053e-02
4.085000000000000000e+03,4.794875000000001819e+01,4.437750000000000028e-02
4.090000000000000000e+03,4.797149999999999181e+01,4.440500000000000003e-02
4.095000000000000000e+03,4.799424999999996544e+01,4.443249999999999977e-02
4.100000000000000000e+03,4.801699999999999591e+01,4.445999999999999952e-02
4.105000000000000000e+03,4.803975000000002638e+01,4.448749999999999927e-02
4.110000000000000000e+03,4.806250000000000000e+01,4.451499999999999901e-02
4.115000000000000000e+03,4.808524999999997362e+01,4.454249999999999876e-02
4.120000000000000000e+03,4.810800000000000409e+01,4.456999999999999851e-02
4.125000000000000000e+03,4.813075000000003456e+01,4.459749999999999825e-02
4.130000000000000000e+03,4.815350000000000819e+01,4.462499999999999800e-02
4.135000000000000000e+03,4.817624999999998181e+01,4.465249999999999775e-02
4.140000000000000000e+03,4.819900000000001228e+01,4.467999999999999750e-02
4.145000000000000000e+03,4.819625000000002046e+01,4.469249999999999612e-02
4.150000000000000000e+03,4.819350000000002865e+01,4.470499999999999474e-02
4.155000000000000000e+03,4.819074999999997999e+01,4.471750000000000030e-02
4.160000000000000000e+03,4.818799999999998818e+01,4.472999999999999893e-02
4.165000000000000000e+03,4.818524999999999636e+01,4.474249999999999755e-02
4.170000000000000000e+03,4.818250000000000455e+01,4.475500000000000311e-02
4.175000000000000000e+03,4.817975000000001273e+01,4.476750000000000174e-02
4.180000000000000000e+03,4.817700000000002092e+01,4.478000000000000036e-02
4.185000000000000000e+03,4.817425000000002910e+01,4.479249999999999898e-02
4.190000000000000000e+03,4.817149999999998045e+01,4.480499999999999761e-02
4.195000000000000000e+03,4.816874999999998863e+01,4.481750000000000317e-02
4.200000000000000000e+03,4.816599999999999682e+01,4.483000000000000179e-02
4.205000000000000000e+03,4.817975000000001273e+01,4.483666666666667050e-02
4.210000000000000000e+03,4.819349999999997181e+01,4.484333333333333227e-02
4.215000000000000000e+03,4.820724999999998772e+01,4.485000000000000098e-02
4.220000000000000000e+03,4.822100000000000364e+01,4.485666666666666968e-02
4.225000000000000000e+03,4.823475000000001955e+01,4.486333333333333145e-02
4.230000000000000000e+03,4.824850000000003547e+01,4.487000000000000016e-02
4.235000000000000000e+03,4.826224999999999454e+01,4.487666666666666887e-02
4.240000000000000000e+03,4.827600000000001046e+01,4.488333333333333064e-02
4.245000000000000000e+03,4.828975000000002638e+01,4.488999999999999935e-02
4.250000000000000000e+03,4.830349999999998545e+01,4.489666666666666806e-02
4.255000000000000000e+03,4.831725000000000136e+01,4.490333333333332982e-02
4.260000000000000000e+03,4.833100000000001728e+01,4.490999999999999853e-02
4.265000000000000000e+03,4.835466666666667379e+01,4.492916666666666586e-02
4.270000000000000000e+03,4.837833333333333030e+01,4.494833333333333319e-02
4.275000000000000000e+03,4.840200000000004366e+01,4.496750000000000053e-02
4.280000000000000000e+03,4.842566666666670017e+01,4.498666666666666786e-02
4.285000000000000000e+03,4.844933333333335668e+01,4.500583333333333519e-02
4.290000000000000000e+03,4.847300000000001319e+01,4.502499999999999558e-02
4.295000000000000000e+03,4.849666666666666970e+01,4.504416666666666291e-02
4.300000000000000000e+03,4.852033333333332621e+01,4.506333333333333024e-02
4.305000000000000000e+03,4.854399999999998272e+01,4.508249999999999758e-02
4.310000000000000000e+03,4.856766666666669607e+01,4.510166666666666491e-02
4.315000000000000000e+03,4.859133333333335258e+01,4.512083333333333224e-02
4.320000000000000000e+03,4.861500000000000909e+01,4.513999999999999957e-02
4.325000000000000000e+03,4.859541666666666515e+01,4.515333333333333005e-02
4.330000000000000000e+03,4.857583333333332121e+01,4.516666666666666746e-02
4.335000000000000000e+03,4.855625000000003411e+01,4.517999999999999794e-02
4.340000000000000000e+03,4.853666666666669016e+01,4.519333333333333536e-02
4.345000000000000000e+03,4.851708333333334622e+01,4.520666666666666583e-02
4.350000000000000000e+03,4.849750000000000227e+01,4.521999999999999631e-02
4.355000000000000000e+03,4.847791666666665833e+01,4.523333333333333373e-02
4.360000000000000000e+03,4.845833333333331439e+01,4.524666666666666420e-02
4.365000000000000000e+03,4.843875000000002728e+01,4.526000000000000162e-02
4.370000000000000000e+03,4.841916666666668334e+01,4.527333333333333210e-02
4.375000000000000000e+03,4.839958333333333940e+01,4.528666666666666951e-02
4.380000000000000000e+03,4.837999999999999545e+01,4.529999999999999999e-02
4.385000000000000000e+03,4.837808333333333621e+01,4.531083333333333490e-02
4.390000000000000000e+03,4.837616666666667697e+01,4.532166666666666288e-02
4.395000000000000000e+03,4.837424999999996089e+01,4.533249999999999780e-02
4.400000000000000000e+03,4.837233333333330165e+01,4.534333333333333271e-02
4.405000000000000000e+03,4.837041666666664241e+01,4.535416666666666763e-02
4.410000000000000000e+03,4.836849999999998317e+01,4.536500000000000254e-02
4.415000000000000000e+03,4.836658333333332394e+01,4.537583333333333052e-02
4.420000000000000000e+03,4.836466666666666470e+01,4.538666666666666544e-02
4.425000000000000000e+03,4.836275000000000546e+01,4.539750000000000035e-02
4.430000000000000000e+03,4.836083333333328937e+01,4.540833333333332833e-02
4.435000000000000000e+03,4.835891666666663014e+01,4.541916666666666325e-02
4.440000000000000000e+03,4.835699999999997090e+01,4.542999999999999816e-02
4.445000000000000000e+03,4.837108333333333121e+01,4.544499999999999929e-02
4.450000000000000000e+03,4.838516666666663468e+01,4.546000000000000041e-02
4.455000000000000000e+03,4.839924999999999500e+01,4.547500000000000153e-02
4.460000000000000000e+03,4.841333333333329847e+01,4.548999999999999572e-02
4.465000000000000000e+03,4.842741666666665878e+01,4.550499999999999684e-02
4.470000000000000000e+03,4.844150000000001910e+01,4.551999999999999796e-02
4.475000000000000000e+03,4.845558333333332257e+01,4.553499999999999909e-02
4.480000000000000000e+03,4.846966666666668289e+01,4.555000000000000021e-02
4.485000000000000000e+03,4.848374999999998636e+01,4.556499999999999440e-02
4.490000000000000000e+03,4.849783333333334667e+01,4.557999999999999552e-02
4.495000000000000000e+03,4.851191666666665014e+01,4.559499999999999664e-02
4.500000000000000000e+03,4.852600000000001046e+01,4.560999999999999777e-02
4.505000000000000000e+03,4.853133333333335031e+01,4.563333333333333131e-02
4.510000000000000000e+03,4.853666666666669016e+01,4.565666666666666484e-02
4.515000000000000000e+03,4.854200000000003001e+01,4.567999999999999838e-02
4.520000000000000000e+03,4.854733333333336986e+01,4.570333333333333192e-02
4.525000000000000000e+03,4.855266666666670972e+01,4.572666666666666546e-02
4.530000000000000000e+03,4.855799999999999272e+01,4.574999999999999900e-02
4.535000000000000000e+03,4.856333333333333258e+01,4.577333333333333254e-02
4.540000000000000000e+03,4.856866666666667243e+01,4.579666666666666608e-02
4.545000000000000000e+03,4.857400000000001228e+01,4.581999999999999962e-02
4.550000000000000000e+03,4.857933333333335213e+01,4.584333333333333316e-02
4.555000000000000000e+03,4.858466666666669198e+01,4.586666666666666670e-02
4.560000000000000000e+03,4.859000000000003183e+01,4.589000000000000024e-02
4.565000000000000000e+03,4.860958333333337578e+01,4.588666666666666588e-02
4.570000000000000000e+03,4.862916666666671972e+01,4.588333333333333153e-02
4.575000000000000000e+03,4.864875000000000682e+01,4.588000000000000411e-02
4.580000000000000000e+03,4.866833333333335077e+01,4.587666666666666976e-02
4.585000000000000000e+03,4.868791666666669471e+01,4.587333333333333540e-02
4.590000000000000000e+03,4.870749999999998181e+01,4.587000000000000105e-02
4.595000000000000000e+03,4.872708333333332575e+01,4.586666666666666670e-02
4.600000000000000000e+03,4.874666666666666970e+01,4.586333333333333234e-02
4.605000000000000000e+03,4.876625000000001364e+01,4.585999999999999799e-02
4.610000000000000000e+03,4.878583333333335759e+01,4.585666666666667057e-02
4.615000000000000000e+03,4.880541666666664469e+01,4.585333333333333622e-02
4.620000000000000000e+03,4.882499999999998863e+01,4.585000000000000187e-02
4.625000000000000000e+03,4.882516666666663241e+01,4.588666666666666588e-02
4.630000000000000000e+03,4.882533333333333303e+01,4.592333333333333684e-02
4.635000000000000000e+03,4.882549999999997681e+01,4.596000000000000085e-02
4.640000000000000000e+03,4.882566666666667743e+01,4.599666666666666487e-02
4.645000000000000000e+03,4.882583333333332121e+01,4.603333333333333582e-02
4.650000000000000000e+03,4.882600000000002183e+01,4.606999999999999984e-02
4.655000000000000000e+03,4.882616666666666561e+01,4.610666666666666386e-02
4.660000000000000000e+03,4.882633333333330938e+01,4.614333333333333481e-02
4.665000000000000000e+03,4.882650000000001000e+01,4.617999999999999883e-02
4.670000000000000000e+03,4.882666666666665378e+01,4.621666666666666284e-02
4.675000000000000000e+03,4.882683333333335440e+01,4.625333333333333380e-02
4.680000000000000000e+03,4.882699999999999818e+01,4.628999999999999782e-02
4.685000000000000000e+03,4.884041666666666970e+01,4.630000000000000088e-02
4.690000000000000000e+03,4.885383333333334122e+01,4.630999999999999700e-02
4.695000000000000000e+03,4.886725000000001273e+01,4.632000000000000006e-02
4.700000000000000000e+03,4.888066666666668425e+01,4.632999999999999619e-02
4.705000000000000000e+03,4.889408333333335577e+01,4.633999999999999925e-02
4.710000000000000000e+03,4.890750000000002728e+01,4.635000000000000231e-02
4.715000000000000000e+03,4.892091666666664196e+01,4.635999999999999843e-02
4.720000000000000000e+03,4.893433333333331348e+01,4.637000000000000149e-02
4.725000000000000000e+03,4.894774999999998499e+01,4.637999999999999762e-02
4.730000000000000000e+03,4.896116666666665651e+01,4.639000000000000068e-02
4.735000000000000000e+03,4.897458333333332803e+01,4.639999999999999680e-02
4.740000000000000000e+03,4.898799999999999955e+01,4.640999999999999986e-02
4.745000000000000000e+03,4.898725000000001728e+01,4.640333333333333116e-02
4.750000000000000000e+03,4.898649999999997817e+01,4.639666666666666939e-02
4.755000000000000000e+03,4.898574999999999591e+01,4.639000000000000068e-02
4.760000000000000000e+03,4.898500000000001364e+01,4.638333333333333197e-02
4.765000000000000000e+03,4.898424999999997453e+01,4.637666666666667020e-02
4.770000000000000000e+03,4.898349999999999227e+01,4.637000000000000149e-02
4.775000000000000000e+03,4.898275000000001000e+01,4.636333333333333279e-02
4.780000000000000000e+03,4.898199999999997090e+01,4.635666666666667102e-02
4.785000000000000000e+03,4.898124999999998863e+01,4.635000000000000231e-02
4.790000000000000000e+03,4.898050000000000637e+01,4.634333333333333360e-02
4.795000000000000000e+03,4.897974999999996726e+01,4.633666666666667183e-02
4.800000000000000000e+03,4.897899999999998499e+01,4.633000000000000312e-02
4.805000000000000000e+03,4.897241666666667470e+01,4.633500000000000119e-02
4.810000000000000000e+03,4.896583333333330756e+01,4.634000000000000619e-02
4.815000000000000000e+03,4.895924999999999727e+01,4.634500000000000425e-02
4.820000000000000000e+03,4.895266666666663014e+01,4.635000000000000231e-02
4.825000000000000000e+03,4.894608333333331984e+01,4.635500000000000037e-02
4.830000000000000000e+03,4.893949999999995271e+01,4.635999999999999843e-02
4.835000000000000000e+03,4.893291666666664241e+01,4.636500000000000343e-02
4.840000000000000000e+03,4.892633333333333212e+01,4.637000000000000149e-02
4.845000000000000000e+03,4.891974999999996498e+01,4.637499999999999956e-02
4.850000000000000000e+03,4.891316666666665469e+01,4.638000000000000456e-02
4.855000000000000000e+03,4.890658333333328756e+01,4.638500000000000262e-02
4.860000000000000000e+03,4.889999999999997726e+01,4.639000000000000068e-02
4.865000000000000000e+03,4.892033333333330347e+01,4.640750000000000430e-02
4.870000000000000000e+03,4.894066666666662968e+01,4.642500000000000099e-02
4.875000000000000000e+03,4.896100000000001273e+01,4.644249999999999767e-02
4.880000000000000000e+03,4.898133333333333894e+01,4.646000000000000130e-02
4.885000000000000000e+03,4.900166666666666515e+01,4.647750000000000492e-02
4.890000000000000000e+03,4.902199999999999136e+01,4.649500000000000161e-02
4.895000000000000000e+03,4.904233333333331757e+01,4.651249999999999829e-02
4.900000000000000000e+03,4.906266666666664378e+01,4.653000000000000191e-02
4.905000000000000000e+03,4.908299999999996999e+01,4.654750000000000554e-02
4.910000000000000000e+03,4.910333333333335304e+01,4.656500000000000222e-02
4.915000000000000000e+03,4.912366666666667925e+01,4.658249999999999891e-02
4.920000000000000000e+03,4.914400000000000546e+01,4.660000000000000253e-02
4.925000000000000000e+03,4.912116666666668152e+01,4.662250000000000422e-02
4.930000000000000000e+03,4.909833333333335759e+01,4.664500000000000590e-02
4.935000000000000000e+03,4.907550000000003365e+01,4.666750000000000065e-02
4.940000000000000000e+03,4.905266666666665287e+01,4.669000000000000233e-02
4.945000000000000000e+03,4.902983333333332894e+01,4.671250000000000402e-02
4.950000000000000000e+03,4.900700000000000500e+01,4.673499999999999877e-02
4.955000000000000000e+03,4.898416666666668107e+01,4.675750000000000045e-02
4.960000000000000000e+03,4.896133333333335713e+01,4.678000000000000214e-02
4.965000000000000000e+03,4.893849999999997635e+01,4.680250000000000382e-02
4.970000000000000000e+03,4.891566666666665242e+01,4.682500000000000551e-02
4.975000000000000000e+03,4.889283333333332848e+01,4.684750000000000025e-02
4.980000000000000000e+03,4.887000000000000455e+01,4.687000000000000194e-02
4.985000000000000000e+03,4.886750000000000682e+01,4.687166666666666565e-02
4.990000000000000000e+03,4.886500000000000909e+01,4.687333333333333629e-02
4.995000000000000000e+03,4.886250000000001137e+01,4.687500000000000000e-02
5.000000000000000000e+03,4.886000000000001364e+01,4.687666666666667065e-02
5.005000000000000000e+03,4.885750000000001592e+01,4.687833333333333435e-02
5.010000000000000000e+03,4.885500000000001819e+01,4.688000000000000500e-02
5.015000000000000000e+03,4.885250000000002046e+01,4.688166666666666871e-02
5.020000000000000000e+03,4.885000000000002274e+01,4.688333333333333242e-02
5.025000000000000000e+03,4.884750000000002501e+01,4.688500000000000306e-02
5.030000000000000000e+03,4.884500000000002728e+01,4.688666666666666677e-02
5.035000000000000000e+03,4.884250000000002956e+01,4.688833333333333742e-02
5.040000000000000000e+03,4.884000000000003183e+01,4.689000000000000112e-02
5.045000000000000000e+03,4.884608333333335395e+01,4.690500000000000225e-02
5.050000000000000000e+03,4.885216666666667606e+01,4.692000000000000337e-02
5.055000000000000000e+03,4.885824999999999818e+01,4.693500000000000449e-02
5.060000000000000000e+03,4.886433333333337714e+01,4.694999999999999868e-02
5.065000000000000000e+03,4.887041666666669926e+01,4.696499999999999980e-02
5.070000000000000000e+03,4.887650000000002137e+01,4.698000000000000093e-02
5.075000000000000000e+03,4.888258333333334349e+01,4.699500000000000205e-02
5.080000000000000000e+03,4.888866666666666561e+01,4.701000000000000317e-02
5.085000000000000000e+03,4.889475000000004457e+01,4.702499999999999736e-02
5.090000000000000000e+03,4.890083333333336668e+01,4.703999999999999848e-02
5.095000000000000000e+03,4.890691666666668880e+01,4.705499999999999960e-02
5.100000000000000000e+03,4.891300000000001091e+01,4.707000000000000073e-02
5.105000000000000000e+03,4.894200000000000728e+01,4.706833333333333702e-02
5.110000000000000000e+03,4.897100000000000364e+01,4.706666666666666637e-02
5.115000000000000000e+03,4.900000000000000000e+01,4.706500000000000267e-02
5.120000000000000000e+03,4.902899999999999636e+01,4.706333333333333202e-02
5.125000000000000000e+03,4.905799999999999272e+01,4.706166666666666831e-02
5.130000000000000000e+03,4.908699999999998909e+01,4.706000000000000461e-02
5.135000000000000000e+03,4.911600000000004229e+01,4.705833333333333396e-02
5.140000000000000000e+03,4.914500000000003865e+01,4.705666666666667025e-02
5.145000000000000000e+03,4.917400000000003502e+01,4.705499999999999960e-02
5.150000000000000000e+03,4.920300000000003138e+01,4.705333333333333590e-02
5.155000000000000000e+03,4.923200000000002774e+01,4.705166666666666525e-02
5.160000000000000000e+03,4.926100000000002410e+01,4.705000000000000154e-02
5.165000000000000000e+03,4.925333333333333030e+01,4.706250000000000017e-02
5.170000000000000000e+03,4.924566666666669335e+01,4.707499999999999879e-02
5.175000000000000000e+03,4.923799999999999955e+01,4.708750000000000435e-02
5.180000000000000000e+03,4.923033333333336259e+01,4.710000000000000298e-02
5.185000000000000000e+03,4.922266666666666879e+01,4.711250000000000160e-02
5.190000000000000000e+03,4.921500000000003183e+01,4.712500000000000022e-02
5.195000000000000000e+03,4.920733333333333803e+01,4.713749999999999885e-02
5.200000000000000000e+03,4.919966666666664423e+01,4.714999999999999747e-02
5.205000000000000000e+03,4.919200000000000728e+01,4.716250000000000303e-02
5.210000000000000000e+03,4.918433333333331348e+01,4.717500000000000165e-02
5.215000000000000000e+03,4.917666666666667652e+01,4.718750000000000028e-02
5.220000000000000000e+03,4.916899999999998272e+01,4.719999999999999890e-02
5.225000000000000000e+03,4.915958333333333030e+01,4.719416666666666205e-02
5.230000000000000000e+03,4.915016666666667788e+01,4.718833333333333213e-02
5.235000000000000000e+03,4.914074999999996862e+01,4.718250000000000222e-02
5.240000000000000000e+03,4.913133333333331620e+01,4.717666666666666536e-02
5.245000000000000000e+03,4.912191666666666379e+01,4.717083333333332851e-02
5.250000000000000000e+03,4.911249999999995453e+01,4.716499999999999859e-02
5.255000000000000000e+03,4.910308333333330211e+01,4.715916666666666868e-02
5.260000000000000000e+03,4.909366666666664969e+01,4.715333333333333182e-02
5.265000000000000000e+03,4.908424999999999727e+01,4.714749999999999497e-02
5.270000000000000000e+03,4.907483333333334485e+01,4.714166666666666505e-02
5.275000000000000000e+03,4.906541666666663559e+01,4.713583333333333514e-02
5.280000000000000000e+03,4.905599999999998317e+01,4.712999999999999828e-02
5.285000000000000000e+03,4.907274999999998499e+01,4.715583333333333432e-02
5.290000000000000000e+03,4.908949999999998681e+01,4.718166666666666342e-02
5.295000000000000000e+03,4.910624999999998863e+01,4.720749999999999946e-02
5.300000000000000000e+03,4.912299999999999045e+01,4.723333333333333550e-02
5.305000000000000000e+03,4.913974999999999227e+01,4.725916666666666460e-02
5.310000000000000000e+03,4.915649999999999409e+01,4.728500000000000064e-02
5.315000000000000000e+03,4.917324999999999591e+01,4.731083333333333668e-02
5.320000000000000000e+03,4.918999999999999773e+01,4.733666666666666578e-02
5.325000000000000000e+03,4.920674999999999955e+01,4.736250000000000182e-02
5.330000000000000000e+03,4.922350000000000136e+01,4.738833333333333786e-02
5.335000000000000000e+03,4.924025000000000318e+01,4.741416666666666696e-02
5.340000000000000000e+03,4.925700000000000500e+01,4.744000000000000300e-02
5.345000000000000000e+03,4.924524999999999864e+01,4.742666666666667252e-02
5.350000000000000000e+03,4.923349999999999227e+01,4.741333333333333511e-02
5.355000000000000000e+03,4.922174999999998590e+01,4.740000000000000463e-02
5.360000000000000000e+03,4.920999999999997954e+01,4.738666666666666721e-02
5.365000000000000000e+03,4.919824999999997317e+01,4.737333333333333674e-02
5.370000000000000000e+03,4.918650000000002365e+01,4.735999999999999932e-02
5.375000000000000000e+03,4.917475000000001728e+01,4.734666666666666884e-02
5.380000000000000000e+03,4.916300000000001091e+01,4.733333333333333837e-02
5.385000000000000000e+03,4.915125000000000455e+01,4.732000000000000095e-02
5.390000000000000000e+03,4.913949999999999818e+01,4.730666666666667047e-02
5.395000000000000000e+03,4.912774999999999181e+01,4.729333333333333306e-02
5.400000000000000000e+03,4.911599999999998545e+01,4.728000000000000258e-02
5.405000000000000000e+03,4.914091666666666924e+01,4.730666666666667047e-02
5.410000000000000000e+03,4.916583333333335304e+01,4.733333333333333837e-02
5.415000000000000000e+03,4.919074999999997999e+01,4.735999999999999932e-02
5.420000000000000000e+03,4.921566666666666379e+01,4.738666666666666721e-02
5.425000000000000000e+03,4.924058333333334758e+01,4.741333333333333511e-02
5.430000000000000000e+03,4.926549999999997453e+01,4.744000000000000300e-02
5.435000000000000000e+03,4.929041666666665833e+01,4.746666666666667089e-02
5.440000000000000000e+03,4.931533333333334213e+01,4.749333333333333879e-02
5.445000000000000000e+03,4.934025000000002592e+01,4.752000000000000668e-02
5.450000000000000000e+03,4.936516666666670972e+01,4.754666666666666763e-02
5.455000000000000000e+03,4.939008333333333667e+01,4.757333333333333553e-02
5.460000000000000000e+03,4.941500000000002046e+01,4.760000000000000342e-02
5.465000000000000000e+03,4.940716666666668289e+01,4.761416666666667269e-02
5.470000000000000000e+03,4.939933333333334531e+01,4.762833333333333502e-02
5.475000000000000000e+03,4.939150000000000773e+01,4.764250000000000429e-02
5.480000000000000000e+03,4.938366666666667015e+01,4.765666666666666662e-02
5.485000000000000000e+03,4.937583333333333258e+01,4.767083333333333589e-02
5.490000000000000000e+03,4.936800000000005184e+01,4.768500000000000516e-02
5.495000000000000000e+03,4.936016666666671426e+01,4.769916666666666749e-02
5.500000000000000000e+03,4.935233333333337669e+01,4.771333333333333676e-02
5.505000000000000000e+03,4.934450000000003911e+01,4.772749999999999909e-02
5.510000000000000000e+03,4.933666666666670153e+01,4.774166666666666836e-02
5.515000000000000000e+03,4.932883333333336395e+01,4.775583333333333069e-02
5.520000000000000000e+03,4.932100000000002638e+01,4.776999999999999996e-02
5.525000000000000000e+03,4.932066666666668198e+01,4.774833333333333013e-02
5.530000000000000000e+03,4.932033333333333758e+01,4.772666666666666724e-02
5.535000000000000000e+03,4.932000000000005002e+01,4.770499999999999741e-02
5.540000000000000000e+03,4.931966666666670562e+01,4.768333333333333451e-02
5.545000000000000000e+03,4.931933333333336122e+01,4.766166666666666468e-02
5.550000000000000000e+03,4.931900000000001683e+01,4.764000000000000179e-02
5.555000000000000000e+03,4.931866666666667243e+01,4.761833333333333196e-02
5.560000000000000000e+03,4.931833333333332803e+01,4.759666666666666213e-02
5.565000000000000000e+03,4.931799999999998363e+01,4.757499999999999923e-02
5.570000000000000000e+03,4.931766666666669607e+01,4.755333333333332940e-02
5.575000000000000000e+03,4.931733333333335167e+01,4.753166666666666651e-02
5.580000000000000000e+03,4.931700000000000728e+01,4.750999999999999668e-02
5.585000000000000000e+03,4.931591666666668061e+01,4.753583333333333272e-02
5.590000000000000000e+03,4.931483333333335395e+01,4.756166666666666182e-02
5.595000000000000000e+03,4.931375000000002728e+01,4.758749999999999786e-02
5.600000000000000000e+03,4.931266666666664378e+01,4.761333333333333390e-02
5.605000000000000000e+03,4.931158333333331711e+01,4.763916666666666300e-02
5.610000000000000000e+03,4.931049999999999045e+01,4.766499999999999904e-02
5.615000000000000000e+03,4.930941666666666379e+01,4.769083333333333508e-02
5.620000000000000000e+03,4.930833333333333712e+01,4.771666666666666418e-02
5.625000000000000000e+03,4.930724999999995362e+01,4.774250000000000022e-02
5.630000000000000000e+03,4.930616666666662695e+01,4.776833333333333625e-02
5.635000000000000000e+03,4.930508333333330029e+01,4.779416666666666536e-02
5.640000000000000000e+03,4.930399999999997362e+01,4.782000000000000139e-02
5.645000000000000000e+03,4.931966666666664878e+01,4.780583333333333212e-02
5.650000000000000000e+03,4.933533333333332394e+01,4.779166666666666979e-02
5.655000000000000000e+03,4.935099999999999909e+01,4.777750000000000052e-02
5.660000000000000000e+03,4.936666666666667425e+01,4.776333333333333125e-02
5.665000000000000000e+03,4.938233333333334940e+01,4.774916666666666892e-02
5.670000000000000000e+03,4.939800000000002456e+01,4.773499999999999965e-02
5.675000000000000000e+03,4.941366666666664287e+01,4.772083333333333038e-02
5.680000000000000000e+03,4.942933333333331802e+01,4.770666666666666805e-02
5.685000000000000000e+03,4.944499999999999318e+01,4.769249999999999878e-02
5.690000000000000000e+03,4.946066666666666833e+01,4.767833333333332951e-02
5.695000000000000000e+03,4.947633333333334349e+01,4.766416666666666718e-02
5.700000000000000000e+03,4.949200000000001864e+01,4.764999999999999791e-02
5.705000000000000000e+03,4.948300000000000409e+01,4.768083333333333201e-02
5.710000000000000000e+03,4.947400000000004638e+01,4.771166666666666611e-02
5.715000000000000000e+03,4.946500000000003183e+01,4.774250000000000022e-02
5.720000000000000000e+03,4.945600000000001728e+01,4.777333333333333432e-02
5.725000000000000000e+03,4.944700000000000273e+01,4.780416666666666842e-02
5.730000000000000000e+03,4.943799999999998818e+01,4.783500000000000252e-02
5.735000000000000000e+03,4.942900000000003047e+01,4.786583333333332968e-02
5.740000000000000000e+03,4.942000000000001592e+01,4.789666666666666378e-02
5.745000000000000000e+03,4.941100000000000136e+01,4.792749999999999788e-02
5.750000000000000000e+03,4.940200000000004366e+01,4.795833333333333198e-02
5.755000000000000000e+03,4.939300000000002910e+01,4.798916666666666608e-02
5.760000000000000000e+03,4.938400000000001455e+01,4.802000000000000018e-02
5.765000000000000000e+03,4.937466666666665560e+01,4.800083333333333285e-02
5.770000000000000000e+03,4.936533333333335349e+01,4.798166666666666552e-02
5.775000000000000000e+03,4.935599999999999454e+01,4.796249999999999819e-02
5.780000000000000000e+03,4.934666666666669244e+01,4.794333333333333086e-02
5.785000000000000000e+03,4.933733333333333348e+01,4.792416666666666353e-02
5.790000000000000000e+03,4.932799999999997453e+01,4.790500000000000314e-02
5.795000000000000000e+03,4.931866666666667243e+01,4.788583333333333580e-02
5.800000000000000000e+03,4.930933333333331348e+01,4.786666666666666847e-02
5.805000000000000000e+03,4.930000000000001137e+01,4.784750000000000114e-02
5.810000000000000000e+03,4.929066666666665242e+01,4.782833333333333381e-02
5.815000000000000000e+03,4.928133333333335031e+01,4.780916666666666648e-02
5.820000000000000000e+03,4.927199999999999136e+01,4.778999999999999915e-02
5.825000000000000000e+03,4.927516666666667788e+01,4.782999999999999752e-02
5.830000000000000000e+03,4.927833333333330756e+01,4.786999999999999589e-02
5.835000000000000000e+03,4.928149999999999409e+01,4.791000000000000120e-02
5.840000000000000000e+03,4.928466666666668061e+01,4.794999999999999957e-02
5.845000000000000000e+03,4.928783333333331029e+01,4.798999999999999794e-02
5.850000000000000000e+03,4.929099999999999682e+01,4.803000000000000325e-02
5.855000000000000000e+03,4.929416666666668334e+01,4.807000000000000162e-02
5.860000000000000000e+03,4.929733333333331302e+01,4.810999999999999999e-02
5.865000000000000000e+03,4.930049999999999955e+01,4.814999999999999836e-02
5.870000000000000000e+03,4.930366666666668607e+01,4.819000000000000367e-02
5.875000000000000000e+03,4.930683333333331575e+01,4.823000000000000204e-02
5.880000000000000000e+03,4.931000000000000227e+01,4.827000000000000041e-02
5.885000000000000000e+03,4.934658333333334213e+01,4.824333333333333251e-02
5.890000000000000000e+03,4.938316666666668198e+01,4.821666666666666462e-02
5.895000000000000000e+03,4.941975000000002183e+01,4.818999999999999673e-02
5.900000000000000000e+03,4.945633333333336168e+01,4.816333333333333577e-02
5.905000000000000000e+03,4.949291666666670153e+01,4.813666666666666788e-02
5.910000000000000000e+03,4.952949999999998454e+01,4.810999999999999999e-02
5.915000000000000000e+03,4.956608333333332439e+01,4.808333333333333209e-02
5.920000000000000000e+03,4.960266666666666424e+01,4.805666666666666420e-02
5.925000000000000000e+03,4.963925000000000409e+01,4.803000000000000325e-02
5.930000000000000000e+03,4.967583333333334394e+01,4.800333333333333535e-02
5.935000000000000000e+03,4.971241666666668380e+01,4.797666666666666746e-02
5.940000000000000000e+03,4.974900000000002365e+01,4.794999999999999957e-02
5.945000000000000000e+03,4.974850000000003547e+01,4.798833333333333423e-02
5.950000000000000000e+03,4.974800000000004729e+01,4.802666666666666889e-02
5.955000000000000000e+03,4.974750000000000227e+01,4.806499999999999662e-02
5.960000000000000000e+03,4.974700000000001410e+01,4.810333333333333128e-02
5.965000000000000000e+03,4.974650000000002592e+01,4.814166666666666594e-02
5.970000000000000000e+03,4.974599999999998090e+01,4.818000000000000060e-02
5.975000000000000000e+03,4.974549999999999272e+01,4.821833333333333527e-02
5.980000000000000000e+03,4.974500000000000455e+01,4.825666666666666993e-02
5.985000000000000000e+03,4.974450000000001637e+01,4.829500000000000459e-02
5.990000000000000000e+03,4.974400000000002819e+01,4.833333333333333232e-02
5.995000000000000000e+03,4.974349999999998317e+01,4.837166666666666698e-02
6.000000000000000000e+03,4.974299999999999500e+01,4.841000000000000164e-02
6.005000000000000000e+03,4.973608333333334031e+01,4.840916666666666979e-02
6.010000000000000000e+03,4.972916666666662877e+01,4.840833333333333099e-02
6.015000000000000000e+03,4.972224999999997408e+01,4.840749999999999914e-02
6.020000000000000000e+03,4.971533333333331939e+01,4.840666666666666729e-02
6.025000000000000000e+03,4.970841666666666470e+01,4.840583333333333543e-02
6.030000000000000000e+03,4.970150000000001000e+01,4.840500000000000358e-02
6.035000000000000000e+03,4.969458333333329847e+01,4.840416666666666479e-02
6.040000000000000000e+03,4.968766666666664378e+01,4.840333333333333293e-02
6.045000000000000000e+03,4.968074999999998909e+01,4.840250000000000108e-02
6.050000000000000000e+03,4.967383333333327755e+01,4.840166666666666229e-02
6.055000000000000000e+03,4.966691666666662286e+01,4.840083333333333043e-02
6.060000000000000000e+03,4.965999999999996817e+01,4.839999999999999858e-02
6.065000000000000000e+03,4.964358333333331075e+01,4.839666666666666422e-02
6.070000000000000000e+03,4.962716666666665333e+01,4.839333333333332987e-02
6.075000000000000000e+03,4.961074999999999591e+01,4.839000000000000246e-02
6.080000000000000000e+03,4.959433333333333849e+01,4.838666666666666810e-02
6.085000000000000000e+03,4.957791666666668107e+01,4.838333333333333375e-02
6.090000000000000000e+03,4.956150000000002365e+01,4.837999999999999939e-02
6.095000000000000000e+03,4.954508333333330938e+01,4.837666666666666504e-02
6.100000000000000000e+03,4.952866666666665196e+01,4.837333333333333069e-02
6.105000000000000000e+03,4.951224999999999454e+01,4.836999999999999633e-02
6.110000000000000000e+03,4.949583333333333712e+01,4.836666666666666892e-02
6.115000000000000000e+03,4.947941666666667970e+01,4.836333333333333456e-02
6.120000000000000000e+03,4.946300000000002228e+01,4.836000000000000021e-02
6.125000000000000000e+03,4.949358333333333348e+01,4.837249999999999883e-02
6.130000000000000000e+03,4.952416666666670153e+01,4.838499999999999746e-02
6.135000000000000000e+03,4.955475000000001273e+01,4.839749999999999608e-02
6.140000000000000000e+03,4.958533333333332394e+01,4.841000000000000164e-02
6.145000000000000000e+03,4.961591666666669198e+01,4.842250000000000026e-02
6.150000000000000000e+03,4.964650000000000318e+01,4.843499999999999889e-02
6.155000000000000000e+03,4.967708333333331439e+01,4.844749999999999751e-02
6.160000000000000000e+03,4.970766666666668243e+01,4.845999999999999613e-02
6.165000000000000000e+03,4.973824999999999363e+01,4.847250000000000170e-02
6.170000000000000000e+03,4.976883333333330484e+01,4.848500000000000032e-02
6.175000000000000000e+03,4.979941666666667288e+01,4.849749999999999894e-02
6.180000000000000000e+03,4.982999999999998408e+01,4.850999999999999757e-02
6.185000000000000000e+03,4.982358333333331757e+01,4.851583333333332748e-02
6.190000000000000000e+03,4.981716666666665105e+01,4.852166666666666434e-02
6.195000000000000000e+03,4.981074999999998454e+01,4.852750000000000119e-02
6.200000000000000000e+03,4.980433333333331802e+01,4.853333333333333111e-02
6.205000000000000000e+03,4.979791666666665151e+01,4.853916666666666102e-02
6.210000000000000000e+03,4.979149999999998499e+01,4.854499999999999788e-02
6.215000000000000000e+03,4.978508333333331848e+01,4.855083333333333473e-02
6.220000000000000000e+03,4.977866666666665196e+01,4.855666666666666464e-02
6.225000000000000000e+03,4.977224999999998545e+01,4.856249999999999456e-02
6.230000000000000000e+03,4.976583333333331893e+01,4.856833333333333141e-02
6.235000000000000000e+03,4.975941666666665242e+01,4.857416666666666827e-02
6.240000000000000000e+03,4.975299999999998590e+01,4.857999999999999818e-02
6.245000000000000000e+03,4.975183333333330893e+01,4.859083333333333310e-02
6.250000000000000000e+03,4.975066666666663195e+01,4.860166666666666802e-02
6.255000000000000000e+03,4.974950000000001182e+01,4.861250000000000293e-02
6.260000000000000000e+03,4.974833333333333485e+01,4.862333333333333091e-02
6.265000000000000000e+03,4.974716666666665787e+01,4.863416666666666582e-02
6.270000000000000000e+03,4.974599999999998090e+01,4.864500000000000074e-02
6.275000000000000000e+03,4.974483333333330393e+01,4.865583333333333566e-02
6.280000000000000000e+03,4.974366666666662695e+01,4.866666666666667057e-02
6.285000000000000000e+03,4.974249999999994998e+01,4.867749999999999855e-02
6.290000000000000000e+03,4.974133333333332985e+01,4.868833333333333346e-02
6.295000000000000000e+03,4.974016666666665287e+01,4.869916666666666838e-02
6.300000000000000000e+03,4.973899999999997590e+01,4.871000000000000330e-02
6.305000000000000000e+03,4.972924999999997908e+01,4.868583333333333790e-02
6.310000000000000000e+03,4.971949999999998226e+01,4.866166666666667251e-02
6.315000000000000000e+03,4.970974999999998545e+01,4.863750000000000018e-02
6.320000000000000000e+03,4.969999999999998863e+01,4.861333333333333478e-02
6.325000000000000000e+03,4.969024999999999181e+01,4.858916666666666939e-02
6.330000000000000000e+03,4.968049999999999500e+01,4.856499999999999706e-02
6.335000000000000000e+03,4.967074999999999818e+01,4.854083333333333167e-02
6.340000000000000000e+03,4.966100000000000136e+01,4.851666666666666627e-02
6.345000000000000000e+03,4.965125000000000455e+01,4.849250000000000088e-02
6.350000000000000000e+03,4.964150000000000773e+01,4.846833333333333549e-02
6.355000000000000000e+03,4.963175000000001091e+01,4.844416666666666316e-02
6.360000000000000000e+03,4.962200000000001410e+01,4.841999999999999776e-02
6.365000000000000000e+03,4.961599999999998545e+01,4.843833333333333324e-02
6.370000000000000000e+03,4.961000000000001364e+01,4.845666666666666178e-02
6.375000000000000000e+03,4.960400000000004184e+01,4.847499999999999726e-02
6.380000000000000000e+03,4.959800000000001319e+01,4.849333333333333274e-02
6.385000000000000000e+03,4.959199999999998454e+01,4.851166666666666821e-02
6.390000000000000000e+03,4.958600000000001273e+01,4.853000000000000369e-02
6.395000000000000000e+03,4.958000000000004093e+01,4.854833333333333223e-02
6.400000000000000000e+03,4.957400000000001228e+01,4.856666666666666771e-02
6.405000000000000000e+03,4.956799999999998363e+01,4.858500000000000318e-02
6.410000000000000000e+03,4.956200000000001182e+01,4.860333333333333172e-02
6.415000000000000000e+03,4.955600000000004002e+01,4.862166666666666720e-02
6.420000000000000000e+03,4.955000000000001137e+01,4.864000000000000268e-02
6.425000000000000000e+03,4.954391666666668925e+01,4.862416666666666970e-02
6.430000000000000000e+03,4.953783333333331029e+01,4.860833333333333672e-02
6.435000000000000000e+03,4.953174999999998818e+01,4.859250000000000375e-02
6.440000000000000000e+03,4.952566666666666606e+01,4.857666666666667077e-02
6.445000000000000000e+03,4.951958333333334394e+01,4.856083333333333779e-02
6.450000000000000000e+03,4.951350000000002183e+01,4.854500000000000481e-02
6.455000000000000000e+03,4.950741666666664287e+01,4.852916666666666490e-02
6.460000000000000000e+03,4.950133333333332075e+01,4.851333333333333192e-02
6.465000000000000000e+03,4.949524999999999864e+01,4.849749999999999894e-02
6.470000000000000000e+03,4.948916666666661968e+01,4.848166666666666597e-02
6.475000000000000000e+03,4.948308333333329756e+01,4.846583333333333299e-02
6.480000000000000000e+03,4.947699999999997544e+01,4.845000000000000001e-02
6.485000000000000000e+03,4.951149999999995543e+01,4.847499999999999726e-02
6.490000000000000000e+03,4.954599999999999227e+01,4.850000000000000144e-02
6.495000000000000000e+03,4.958049999999997226e+01,4.852499999999999869e-02
6.500000000000000000e+03,4.961500000000000909e+01,4.855000000000000288e-02
6.505000000000000000e+03,4.964949999999998909e+01,4.857500000000000012e-02
6.510000000000000000e+03,4.968399999999996908e+01,4.860000000000000431e-02
6.515000000000000000e+03,4.971850000000000591e+01,4.862500000000000155e-02
6.520000000000000000e+03,4.975299999999998590e+01,4.864999999999999880e-02
6.525000000000000000e+03,4.978750000000002274e+01,4.867500000000000299e-02
6.530000000000000000e+03,4.982200000000000273e+01,4.870000000000000023e-02
6.535000000000000000e+03,4.985650000000003956e+01,4.872500000000000442e-02
6.540000000000000000e+03,4.989100000000001955e+01,4.875000000000000167e-02
6.545000000000000000e+03,4.987366666666667925e+01,4.873583333333333240e-02
6.550000000000000000e+03,4.985633333333333894e+01,4.872166666666667006e-02
6.555000000000000000e+03,4.983899999999999864e+01,4.870750000000000079e-02
6.560000000000000000e+03,4.982166666666665833e+01,4.869333333333333153e-02
6.565000000000000000e+03,4.980433333333331802e+01,4.867916666666666919e-02
6.570000000000000000e+03,4.978700000000003456e+01,4.866499999999999992e-02
6.575000000000000000e+03,4.976966666666669425e+01,4.865083333333333065e-02
6.580000000000000000e+03,4.975233333333335395e+01,4.863666666666666832e-02
6.585000000000000000e+03,4.973500000000001364e+01,4.862249999999999905e-02
6.590000000000000000e+03,4.971766666666667334e+01,4.860833333333332978e-02
6.595000000000000000e+03,4.970033333333333303e+01,4.859416666666666745e-02
6.600000000000000000e+03,4.968299999999999272e+01,4.857999999999999818e-02
6.605000000000000000e+03,4.967349999999999000e+01,4.859999999999999737e-02
6.610000000000000000e+03,4.966399999999998727e+01,4.861999999999999655e-02
6.615000000000000000e+03,4.965449999999998454e+01,4.864000000000000268e-02
6.620000000000000000e+03,4.964499999999998181e+01,4.866000000000000186e-02
6.625000000000000000e+03,4.963549999999997908e+01,4.868000000000000105e-02
6.630000000000000000e+03,4.962599999999997635e+01,4.870000000000000023e-02
6.635000000000000000e+03,4.961650000000003047e+01,4.871999999999999942e-02
6.640000000000000000e+03,4.960700000000002774e+01,4.873999999999999860e-02
6.645000000000000000e+03,4.959750000000002501e+01,4.875999999999999779e-02
6.650000000000000000e+03,4.958800000000002228e+01,4.878000000000000391e-02
6.655000000000000000e+03,4.957850000000001955e+01,4.880000000000000310e-02
6.660000000000000000e+03,4.956900000000001683e+01,4.882000000000000228e-02
6.665000000000000000e+03,4.957433333333335668e+01,4.882333333333333664e-02
6.670000000000000000e+03,4.957966666666669653e+01,4.882666666666667099e-02
6.675000000000000000e+03,4.958500000000003638e+01,4.882999999999999841e-02
6.680000000000000000e+03,4.959033333333331939e+01,4.883333333333333276e-02
6.685000000000000000e+03,4.959566666666665924e+01,4.883666666666666711e-02
6.690000000000000000e+03,4.960099999999999909e+01,4.884000000000000147e-02
6.695000000000000000e+03,4.960633333333333894e+01,4.884333333333333582e-02
6.700000000000000000e+03,4.961166666666667879e+01,4.884666666666667018e-02
6.705000000000000000e+03,4.961699999999996180e+01,4.885000000000000453e-02
6.710000000000000000e+03,4.962233333333330165e+01,4.885333333333333194e-02
6.715000000000000000e+03,4.962766666666664150e+01,4.885666666666666630e-02
6.720000000000000000e+03,4.963299999999998136e+01,4.886000000000000065e-02
6.725000000000000000e+03,4.964533333333332621e+01,4.885916666666666880e-02
6.730000000000000000e+03,4.965766666666667106e+01,4.885833333333333695e-02
6.735000000000000000e+03,4.966999999999995907e+01,4.885749999999999815e-02
6.740000000000000000e+03,4.968233333333330393e+01,4.885666666666666630e-02
6.745000000000000000e+03,4.969466666666664878e+01,4.885583333333333445e-02
6.750000000000000000e+03,4.970699999999999363e+01,4.885499999999999565e-02
6.755000000000000000e+03,4.971933333333333849e+01,4.885416666666666380e-02
6.760000000000000000e+03,4.973166666666668334e+01,4.885333333333333194e-02
6.765000000000000000e+03,4.974400000000002819e+01,4.885250000000000009e-02
6.770000000000000000e+03,4.975633333333331620e+01,4.885166666666666824e-02
6.775000000000000000e+03,4.976866666666666106e+01,4.885083333333332944e-02
6.780000000000000000e+03,4.978100000000000591e+01,4.884999999999999759e-02
6.785000000000000000e+03,4.976524999999998045e+01,4.885583333333333445e-02
6.790000000000000000e+03,4.974950000000001182e+01,4.886166666666666436e-02
6.795000000000000000e+03,4.973374999999998636e+01,4.886749999999999428e-02
6.800000000000000000e+03,4.971800000000001774e+01,4.887333333333333113e-02
6.805000000000000000e+03,4.970224999999999227e+01,4.887916666666666798e-02
6.810000000000000000e+03,4.968650000000002365e+01,4.888499999999999790e-02
6.815000000000000000e+03,4.967074999999999818e+01,4.889083333333332781e-02
6.820000000000000000e+03,4.965499999999997272e+01,4.889666666666666467e-02
6.825000000000000000e+03,4.963925000000000409e+01,4.890250000000000152e-02
6.830000000000000000e+03,4.962349999999997863e+01,4.890833333333333144e-02
6.835000000000000000e+03,4.960775000000001000e+01,4.891416666666666135e-02
6.840000000000000000e+03,4.959199999999998454e+01,4.891999999999999821e-02
6.845000000000000000e+03,4.962108333333333121e+01,4.893333333333332869e-02
6.850000000000000000e+03,4.965016666666667788e+01,4.894666666666666610e-02
6.855000000000000000e+03,4.967925000000002456e+01,4.895999999999999658e-02
6.860000000000000000e+03,4.970833333333331439e+01,4.897333333333333399e-02
6.865000000000000000e+03,4.973741666666666106e+01,4.898666666666666447e-02
6.870000000000000000e+03,4.976650000000000773e+01,4.900000000000000189e-02
6.875000000000000000e+03,4.979558333333335440e+01,4.901333333333333236e-02
6.880000000000000000e+03,4.982466666666670108e+01,4.902666666666666284e-02
6.885000000000000000e+03,4.985374999999999091e+01,4.904000000000000026e-02
6.890000000000000000e+03,4.988283333333333758e+01,4.905333333333333073e-02
6.895000000000000000e+03,4.991191666666668425e+01,4.906666666666666815e-02
6.900000000000000000e+03,4.994100000000003092e+01,4.907999999999999863e-02
6.905000000000000000e+03,4.993775000000005093e+01,4.908416666666666484e-02
6.910000000000000000e+03,4.993450000000001410e+01,4.908833333333333104e-02
6.915000000000000000e+03,4.993125000000003411e+01,4.909249999999999725e-02
6.920000000000000000e+03,4.992799999999999727e+01,4.909666666666666346e-02
6.925000000000000000e+03,4.992475000000001728e+01,4.910083333333332967e-02
6.930000000000000000e+03,4.992150000000003729e+01,4.910499999999999587e-02
6.935000000000000000e+03,4.991825000000000045e+01,4.910916666666666902e-02
6.940000000000000000e+03,4.991500000000002046e+01,4.911333333333333523e-02
6.945000000000000000e+03,4.991174999999998363e+01,4.911750000000000144e-02
6.950000000000000000e+03,4.990850000000000364e+01,4.912166666666666764e-02
6.955000000000000000e+03,4.990524999999996680e+01,4.912583333333333385e-02
6.960000000000000000e+03,4.990199999999998681e+01,4.913000000000000006e-02
6.965000000000000000e+03,4.990116666666665424e+01,4.912083333333333579e-02
6.970000000000000000e+03,4.990033333333332166e+01,4.911166666666666458e-02
6.975000000000000000e+03,4.989949999999998909e+01,4.910250000000000031e-02
6.980000000000000000e+03,4.989866666666665651e+01,4.909333333333333604e-02
6.985000000000000000e+03,4.989783333333332394e+01,4.908416666666666484e-02
6.990000000000000000e+03,4.989699999999999136e+01,4.907500000000000057e-02
6.995000000000000000e+03,4.989616666666665878e+01,4.906583333333333630e-02
7.000000000000000000e+03,4.989533333333332621e+01,4.905666666666666509e-02
7.005000000000000000e+03,4.989449999999999363e+01,4.904750000000000082e-02
7.010000000000000000e+03,4.989366666666666106e+01,4.903833333333333655e-02
7.015000000000000000e+03,4.989283333333332848e+01,4.902916666666666534e-02
7.020000000000000000e+03,4.989199999999999591e+01,4.902000000000000107e-02
7.025000000000000000e+03,4.988091666666667834e+01,4.902750000000000163e-02
7.030000000000000000e+03,4.986983333333330393e+01,4.903500000000000220e-02
7.035000000000000000e+03,4.985874999999998636e+01,4.904250000000000276e-02
7.040000000000000000e+03,4.984766666666666879e+01,4.905000000000000332e-02
7.045000000000000000e+03,4.983658333333335122e+01,4.905750000000000388e-02
7.050000000000000000e+03,4.982550000000003365e+01,4.906499999999999750e-02
7.055000000000000000e+03,4.981441666666665924e+01,4.907249999999999807e-02
7.060000000000000000e+03,4.980333333333334167e+01,4.907999999999999863e-02
7.065000000000000000e+03,4.979225000000002410e+01,4.908749999999999919e-02
7.070000000000000000e+03,4.978116666666670653e+01,4.909499999999999975e-02
7.075000000000000000e+03,4.977008333333333212e+01,4.910250000000000031e-02
7.080000000000000000e+03,4.975900000000001455e+01,4.911000000000000087e-02
7.085000000000000000e+03,4.976783333333332848e+01,4.912583333333333385e-02
7.090000000000000000e+03,4.977666666666669926e+01,4.914166666666666683e-02
7.095000000000000000e+03,4.978550000000001319e+01,4.915749999999999981e-02
7.100000000000000000e+03,4.979433333333332712e+01,4.917333333333333278e-02
7.105000000000000000e+03,4.980316666666669789e+01,4.918916666666666576e-02
7.110000000000000000e+03,4.981200000000001182e+01,4.920499999999999874e-02
7.115000000000000000e+03,4.982083333333332575e+01,4.922083333333333172e-02
7.120000000000000000e+03,4.982966666666669653e+01,4.923666666666666469e-02
7.125000000000000000e+03,4.983850000000001046e+01,4.925249999999999767e-02
7.130000000000000000e+03,4.984733333333332439e+01,4.926833333333333065e-02
7.135000000000000000e+03,4.985616666666669516e+01,4.928416666666666363e-02
7.140000000000000000e+03,4.986500000000000909e+01,4.929999999999999660e-02
7.145000000000000000e+03,4.986391666666668243e+01,4.926999999999999436e-02
7.150000000000000000e+03,4.986283333333335577e+01,4.923999999999999905e-02
7.155000000000000000e+03,4.986175000000002910e+01,4.920999999999999680e-02
7.160000000000000000e+03,4.986066666666664560e+01,4.917999999999999455e-02
7.165000000000000000e+03,4.985958333333331893e+01,4.914999999999999925e-02
7.170000000000000000e+03,4.985849999999999227e+01,4.911999999999999700e-02
7.175000000000000000e+03,4.985741666666666561e+01,4.908999999999999475e-02
7.180000000000000000e+03,4.985633333333333894e+01,4.905999999999999944e-02
7.185000000000000000e+03,4.985524999999995543e+01,4.902999999999999720e-02
7.190000000000000000e+03,4.985416666666662877e+01,4.899999999999999495e-02
7.195000000000000000e+03,4.985308333333330211e+01,4.896999999999999964e-02
7.200000000000000000e+03,4.985199999999997544e+01,4.893999999999999739e-02
7.205000000000000000e+03,4.985541666666665606e+01,4.894249999999999989e-02
7.210000000000000000e+03,4.985883333333333667e+01,4.894499999999999545e-02
7.215000000000000000e+03,4.986225000000001728e+01,4.894749999999999795e-02
7.220000000000000000e+03,4.986566666666664105e+01,4.895000000000000046e-02
7.225000000000000000e+03,4.986908333333332166e+01,4.895249999999999602e-02
7.230000000000000000e+03,4.987250000000000227e+01,4.895499999999999852e-02
7.235000000000000000e+03,4.987591666666668289e+01,4.895750000000000102e-02
7.240000000000000000e+03,4.987933333333336350e+01,4.895999999999999658e-02
7.245000000000000000e+03,4.988274999999998727e+01,4.896249999999999908e-02
7.250000000000000000e+03,4.988616666666666788e+01,4.896500000000000158e-02
7.255000000000000000e+03,4.988958333333334849e+01,4.896749999999999714e-02
7.260000000000000000e+03,4.989300000000002910e+01,4.896999999999999964e-02
7.265000000000000000e+03,4.987016666666670517e+01,4.897083333333333149e-02
7.270000000000000000e+03,4.984733333333338123e+01,4.897166666666666335e-02
7.275000000000000000e+03,4.982450000000005730e+01,4.897250000000000214e-02
7.280000000000000000e+03,4.980166666666667652e+01,4.897333333333333399e-02
7.285000000000000000e+03,4.977883333333335258e+01,4.897416666666666585e-02
7.290000000000000000e+03,4.975600000000002865e+01,4.897500000000000464e-02
7.295000000000000000e+03,4.973316666666670471e+01,4.897583333333333649e-02
7.300000000000000000e+03,4.971033333333338078e+01,4.897666666666666835e-02
7.305000000000000000e+03,4.968750000000000000e+01,4.897750000000000020e-02
7.310000000000000000e+03,4.966466666666667606e+01,4.897833333333333206e-02
7.315000000000000000e+03,4.964183333333335213e+01,4.897916666666667085e-02
7.320000000000000000e+03,4.961900000000002819e+01,4.898000000000000270e-02
7.325000000000000000e+03,4.963341666666667606e+01,4.900583333333333874e-02
7.330000000000000000e+03,4.964783333333338078e+01,4.903166666666666784e-02
7.335000000000000000e+03,4.966225000000002865e+01,4.905750000000000388e-02
7.340000000000000000e+03,4.967666666666667652e+01,4.908333333333333298e-02
7.345000000000000000e+03,4.969108333333338123e+01,4.910916666666666902e-02
7.350000000000000000e+03,4.970550000000002910e+01,4.913499999999999812e-02
7.355000000000000000e+03,4.971991666666667697e+01,4.916083333333333416e-02
7.360000000000000000e+03,4.973433333333338169e+01,4.918666666666667020e-02
7.365000000000000000e+03,4.974875000000002956e+01,4.921249999999999930e-02
7.370000000000000000e+03,4.976316666666667743e+01,4.923833333333333534e-02
7.375000000000000000e+03,4.977758333333338214e+01,4.926416666666666444e-02
7.380000000000000000e+03,4.979200000000003001e+01,4.929000000000000048e-02
7.385000000000000000e+03,4.977700000000004366e+01,4.928249999999999992e-02
7.390000000000000000e+03,4.976200000000005730e+01,4.927499999999999936e-02
7.395000000000000000e+03,4.974700000000001410e+01,4.926749999999999879e-02
7.400000000000000000e+03,4.973200000000002774e+01,4.925999999999999823e-02
7.405000000000000000e+03,4.971700000000004138e+01,4.925249999999999767e-02
7.410000000000000000e+03,4.970199999999999818e+01,4.924499999999999711e-02
7.415000000000000000e+03,4.968700000000001182e+01,4.923750000000000349e-02
7.420000000000000000e+03,4.967200000000002547e+01,4.923000000000000292e-02
7.425000000000000000e+03,4.965700000000003911e+01,4.922250000000000236e-02
7.430000000000000000e+03,4.964200000000005275e+01,4.921500000000000180e-02
7.435000000000000000e+03,4.962700000000000955e+01,4.920750000000000124e-02
7.440000000000000000e+03,4.961200000000002319e+01,4.920000000000000068e-02
7.445000000000000000e+03,4.963141666666666652e+01,4.921749999999999736e-02
7.450000000000000000e+03,4.965083333333336668e+01,4.923500000000000099e-02
7.455000000000000000e+03,4.967025000000001000e+01,4.925250000000000461e-02
7.460000000000000000e+03,4.968966666666671017e+01,4.927000000000000129e-02
7.465000000000000000e+03,4.970908333333335349e+01,4.928749999999999798e-02
7.470000000000000000e+03,4.972850000000005366e+01,4.930500000000000160e-02
7.475000000000000000e+03,4.974791666666669698e+01,4.932250000000000523e-02
7.480000000000000000e+03,4.976733333333334031e+01,4.934000000000000191e-02
7.485000000000000000e+03,4.978675000000004047e+01,4.935749999999999860e-02
7.490000000000000000e+03,4.980616666666668380e+01,4.937500000000000222e-02
7.495000000000000000e+03,4.982558333333338396e+01,4.939250000000000584e-02
7.500000000000000000e+03,4.984500000000002728e+01,4.941000000000000253e-02
7.505000000000000000e+03,4.983875000000000455e+01,4.940750000000000003e-02
7.510000000000000000e+03,4.983250000000003865e+01,4.940500000000000447e-02
7.515000000000000000e+03,4.982625000000001592e+01,4.940250000000000197e-02
7.520000000000000000e+03,4.981999999999999318e+01,4.939999999999999947e-02
7.525000000000000000e+03,4.981375000000002728e+01,4.939750000000000391e-02
7.530000000000000000e+03,4.980750000000000455e+01,4.939500000000000141e-02
7.535000000000000000e+03,4.980124999999998181e+01,4.939249999999999891e-02
7.540000000000000000e+03,4.979500000000001592e+01,4.939000000000000334e-02
7.545000000000000000e+03,4.978874999999999318e+01,4.938750000000000084e-02
7.550000000000000000e+03,4.978249999999997044e+01,4.938499999999999834e-02
7.555000000000000000e+03,4.977625000000000455e+01,4.938250000000000278e-02
7.560000000000000000e+03,4.976999999999998181e+01,4.938000000000000028e-02
7.565000000000000000e+03,4.976274999999998272e+01,4.936833333333333351e-02
7.570000000000000000e+03,4.975549999999998363e+01,4.935666666666666674e-02
7.575000000000000000e+03,4.974824999999998454e+01,4.934499999999999997e-02
7.580000000000000000e+03,4.974099999999998545e+01,4.933333333333333320e-02
7.585000000000000000e+03,4.973374999999998636e+01,4.932166666666666643e-02
7.590000000000000000e+03,4.972649999999998727e+01,4.930999999999999966e-02
7.595000000000000000e+03,4.971924999999998818e+01,4.929833333333333290e-02
7.600000000000000000e+03,4.971199999999998909e+01,4.928666666666666613e-02
7.605000000000000000e+03,4.970474999999999000e+01,4.927499999999999936e-02
7.610000000000000000e+03,4.969749999999999091e+01,4.926333333333333259e-02
7.615000000000000000e+03,4.969024999999999181e+01,4.925166666666666582e-02
7.620000000000000000e+03,4.968299999999999272e+01,4.923999999999999905e-02
7.625000000000000000e+03,4.968183333333331575e+01,4.926499999999999629e-02
7.630000000000000000e+03,4.968066666666663878e+01,4.929000000000000048e-02
7.635000000000000000e+03,4.967949999999996180e+01,4.931499999999999773e-02
7.640000000000000000e+03,4.967833333333334167e+01,4.934000000000000191e-02
7.645000000000000000e+03,4.967716666666666470e+01,4.936499999999999916e-02
7.650000000000000000e+03,4.967599999999998772e+01,4.939000000000000334e-02
7.655000000000000000e+03,4.967483333333331075e+01,4.941500000000000059e-02
7.660000000000000000e+03,4.967366666666663377e+01,4.943999999999999784e-02
7.665000000000000000e+03,4.967250000000001364e+01,4.946500000000000202e-02
7.670000000000000000e+03,4.967133333333333667e+01,4.948999999999999927e-02
7.675000000000000000e+03,4.967016666666665969e+01,4.951500000000000346e-02
7.680000000000000000e+03,4.966899999999998272e+01,4.954000000000000070e-02
7.685000000000000000e+03,4.968958333333330302e+01,4.953666666666666635e-02
7.690000000000000000e+03,4.971016666666662331e+01,4.953333333333333199e-02
7.695000000000000000e+03,4.973075000000000045e+01,4.953000000000000458e-02
7.700000000000000000e+03,4.975133333333332075e+01,4.952666666666667022e-02
7.705000000000000000e+03,4.977191666666664105e+01,4.952333333333333587e-02
7.710000000000000000e+03,4.979250000000001819e+01,4.952000000000000152e-02
7.715000000000000000e+03,4.981308333333333849e+01,4.951666666666666716e-02
7.720000000000000000e+03,4.983366666666665878e+01,4.951333333333333281e-02
7.725000000000000000e+03,4.985424999999997908e+01,4.950999999999999845e-02
7.730000000000000000e+03,4.987483333333335622e+01,4.950666666666667104e-02
7.735000000000000000e+03,4.989541666666667652e+01,4.950333333333333669e-02
7.740000000000000000e+03,4.991599999999999682e+01,4.950000000000000233e-02
7.745000000000000000e+03,4.989916666666664469e+01,4.948166666666666685e-02
7.750000000000000000e+03,4.988233333333334940e+01,4.946333333333333138e-02
7.755000000000000000e+03,4.986549999999999727e+01,4.944500000000000284e-02
7.760000000000000000e+03,4.984866666666664514e+01,4.942666666666666736e-02
7.765000000000000000e+03,4.983183333333334986e+01,4.940833333333333188e-02
7.770000000000000000e+03,4.981499999999999773e+01,4.939000000000000334e-02
7.775000000000000000e+03,4.979816666666664560e+01,4.937166666666666787e-02
7.780000000000000000e+03,4.978133333333335031e+01,4.935333333333333239e-02
7.785000000000000000e+03,4.976449999999999818e+01,4.933499999999999691e-02
7.790000000000000000e+03,4.974766666666664605e+01,4.931666666666666143e-02
7.795000000000000000e+03,4.973083333333335077e+01,4.929833333333333290e-02
7.800000000000000000e+03,4.971399999999999864e+01,4.927999999999999742e-02
7.805000000000000000e+03,4.974574999999998681e+01,4.928583333333333427e-02
7.810000000000000000e+03,4.977750000000003183e+01,4.929166666666666419e-02
7.815000000000000000e+03,4.980925000000002001e+01,4.929749999999999410e-02
7.820000000000000000e+03,4.984100000000000819e+01,4.930333333333333096e-02
7.825000000000000000e+03,4.987274999999999636e+01,4.930916666666666781e-02
7.830000000000000000e+03,4.990449999999998454e+01,4.931499999999999773e-02
7.835000000000000000e+03,4.993625000000002956e+01,4.932083333333332764e-02
7.840000000000000000e+03,4.996800000000001774e+01,4.932666666666666450e-02
7.845000000000000000e+03,4.999975000000000591e+01,4.933250000000000135e-02
7.850000000000000000e+03,5.003150000000005093e+01,4.933833333333333127e-02
7.855000000000000000e+03,5.006325000000003911e+01,4.934416666666666118e-02
7.860000000000000000e+03,5.009500000000002728e+01,4.934999999999999803e-02
7.865000000000000000e+03,5.008116666666671790e+01,4.934916666666666618e-02
7.870000000000000000e+03,5.006733333333335167e+01,4.934833333333333433e-02
7.875000000000000000e+03,5.005349999999998545e+01,4.934750000000000247e-02
7.880000000000000000e+03,5.003966666666667606e+01,4.934666666666666368e-02
7.885000000000000000e+03,5.002583333333336668e+01,4.934583333333333183e-02
7.890000000000000000e+03,5.001200000000000045e+01,4.934499999999999997e-02
7.895000000000000000e+03,4.999816666666663423e+01,4.934416666666666812e-02
7.900000000000000000e+03,4.998433333333332484e+01,4.934333333333333627e-02
7.905000000000000000e+03,4.997050000000001546e+01,4.934249999999999747e-02
7.910000000000000000e+03,4.995666666666664923e+01,4.934166666666666562e-02
7.915000000000000000e+03,4.994283333333328301e+01,4.934083333333333377e-02
7.920000000000000000e+03,4.992899999999997362e+01,4.934000000000000191e-02
7.925000000000000000e+03,4.991966666666667152e+01,4.933583333333333570e-02
7.930000000000000000e+03,4.991033333333331257e+01,4.933166666666666950e-02
7.935000000000000000e+03,4.990099999999995362e+01,4.932750000000000329e-02
7.940000000000000000e+03,4.989166666666665151e+01,4.932333333333333708e-02
7.945000000000000000e+03,4.988233333333334940e+01,4.931916666666667087e-02
7.950000000000000000e+03,4.987299999999999045e+01,4.931499999999999773e-02
7.955000000000000000e+03,4.986366666666663150e+01,4.931083333333333152e-02
7.960000000000000000e+03,4.985433333333332939e+01,4.930666666666666531e-02
7.965000000000000000e+03,4.984500000000002728e+01,4.930249999999999910e-02
7.970000000000000000e+03,4.983566666666666833e+01,4.929833333333333290e-02
7.975000000000000000e+03,4.982633333333330938e+01,4.929416666666666669e-02
7.980000000000000000e+03,4.981700000000000728e+01,4.929000000000000048e-02
7.985000000000000000e+03,4.982749999999998636e+01,4.929083333333333233e-02
7.990000000000000000e+03,4.983800000000002228e+01,4.929166666666666419e-02
7.995000000000000000e+03,4.984850000000000136e+01,4.929250000000000298e-02
8.000000000000000000e+03,4.985899999999998045e+01,4.929333333333333483e-02
8.005000000000000000e+03,4.986950000000001637e+01,4.929416666666666669e-02
8.010000000000000000e+03,4.987999999999999545e+01,4.929499999999999854e-02
8.015000000000000000e+03,4.989049999999997453e+01,4.929583333333333039e-02
8.020000000000000000e+03,4.990100000000001046e+01,4.929666666666666225e-02
8.025000000000000000e+03,4.991149999999998954e+01,4.929750000000000104e-02
8.030000000000000000e+03,4.992199999999996862e+01,4.929833333333333290e-02
8.035000000000000000e+03,4.993250000000000455e+01,4.929916666666666475e-02
8.040000000000000000e+03,4.994299999999998363e+01,4.929999999999999660e-02
8.045000000000000000e+03,4.991974999999996498e+01,4.933416666666666506e-02
8.050000000000000000e+03,4.989650000000000318e+01,4.936833333333333351e-02
8.055000000000000000e+03,4.987324999999998454e+01,4.940249999999999503e-02
8.060000000000000000e+03,4.984999999999996589e+01,4.943666666666666348e-02
8.065000000000000000e+03,4.982675000000000409e+01,4.947083333333333194e-02
8.070000000000000000e+03,4.980349999999998545e+01,4.950499999999999345e-02
8.075000000000000000e+03,4.978024999999996680e+01,4.953916666666666191e-02
8.080000000000000000e+03,4.975700000000000500e+01,4.957333333333333036e-02
8.085000000000000000e+03,4.973374999999998636e+01,4.960749999999999882e-02
8.090000000000000000e+03,4.971049999999996771e+01,4.964166666666666727e-02
8.095000000000000000e+03,4.968725000000000591e+01,4.967583333333332879e-02
8.100000000000000000e+03,4.966399999999998727e+01,4.970999999999999724e-02
8.105000000000000000e+03,4.970324999999996862e+01,4.969083333333332991e-02
8.110000000000000000e+03,4.974250000000000682e+01,4.967166666666666258e-02
8.115000000000000000e+03,4.978174999999998818e+01,4.965249999999999525e-02
8.120000000000000000e+03,4.982099999999996953e+01,4.963333333333333486e-02
8.125000000000000000e+03,4.986025000000000773e+01,4.961416666666666753e-02
8.130000000000000000e+03,4.989949999999998909e+01,4.959500000000000020e-02
8.135000000000000000e+03,4.993874999999997044e+01,4.957583333333333286e-02
8.140000000000000000e+03,4.997800000000000864e+01,4.955666666666666553e-02
8.145000000000000000e+03,5.001724999999999000e+01,4.953749999999999820e-02
8.150000000000000000e+03,5.005649999999997135e+01,4.951833333333333781e-02
8.155000000000000000e+03,5.009575000000000955e+01,4.949916666666667048e-02
8.160000000000000000e+03,5.013499999999999091e+01,4.948000000000000315e-02
8.165000000000000000e+03,5.011558333333334758e+01,4.947916666666667129e-02
8.170000000000000000e+03,5.009616666666664742e+01,4.947833333333333250e-02
8.175000000000000000e+03,5.007675000000000409e+01,4.947750000000000065e-02
8.180000000000000000e+03,5.005733333333330393e+01,4.947666666666666879e-02
8.185000000000000000e+03,5.003791666666666060e+01,4.947583333333333694e-02
8.190000000000000000e+03,5.001850000000001728e+01,4.947500000000000508e-02
8.195000000000000000e+03,4.999908333333331711e+01,4.947416666666666629e-02
8.200000000000000000e+03,4.997966666666667379e+01,4.947333333333333444e-02
8.205000000000000000e+03,4.996024999999997362e+01,4.947250000000000258e-02
8.210000000000000000e+03,4.994083333333333030e+01,4.947166666666666379e-02
8.215000000000000000e+03,4.992141666666663014e+01,4.947083333333333194e-02
8.220000000000000000e+03,4.990199999999998681e+01,4.947000000000000008e-02
8.225000000000000000e+03,4.991483333333331984e+01,4.948583333333333306e-02
8.230000000000000000e+03,4.992766666666665287e+01,4.950166666666666604e-02
8.235000000000000000e+03,4.994049999999998590e+01,4.951749999999999902e-02
8.240000000000000000e+03,4.995333333333331893e+01,4.953333333333333199e-02
8.245000000000000000e+03,4.996616666666665196e+01,4.954916666666666497e-02
8.250000000000000000e+03,4.997899999999998499e+01,4.956499999999999795e-02
8.255000000000000000e+03,4.999183333333331802e+01,4.958083333333333786e-02
8.260000000000000000e+03,5.000466666666665105e+01,4.959666666666667084e-02
8.265000000000000000e+03,5.001749999999998408e+01,4.961250000000000382e-02
8.270000000000000000e+03,5.003033333333331711e+01,4.962833333333333680e-02
8.275000000000000000e+03,5.004316666666665014e+01,4.964416666666666977e-02
8.280000000000000000e+03,5.005599999999998317e+01,4.966000000000000275e-02
8.285000000000000000e+03,5.002716666666663059e+01,4.965416666666666590e-02
8.290000000000000000e+03,4.999833333333333485e+01,4.964833333333333598e-02
8.295000000000000000e+03,4.996949999999998226e+01,4.964250000000000607e-02
8.300000000000000000e+03,4.994066666666662968e+01,4.963666666666666921e-02
8.305000000000000000e+03,4.991183333333333394e+01,4.963083333333333236e-02
8.310000000000000000e+03,4.988299999999998136e+01,4.962500000000000244e-02
8.315000000000000000e+03,4.985416666666662877e+01,4.961916666666667253e-02
8.320000000000000000e+03,4.982533333333333303e+01,4.961333333333333567e-02
8.325000000000000000e+03,4.979649999999998045e+01,4.960749999999999882e-02
8.330000000000000000e+03,4.976766666666662786e+01,4.960166666666666890e-02
8.335000000000000000e+03,4.973883333333333212e+01,4.959583333333333899e-02
8.340000000000000000e+03,4.970999999999997954e+01,4.959000000000000213e-02
8.345000000000000000e+03,4.972708333333332575e+01,4.960749999999999882e-02
8.350000000000000000e+03,4.974416666666667197e+01,4.962500000000000244e-02
8.355000000000000000e+03,4.976125000000001819e+01,4.964249999999999913e-02
8.360000000000000000e+03,4.977833333333330756e+01,4.966000000000000275e-02
8.365000000000000000e+03,4.979541666666665378e+01,4.967749999999999944e-02
8.370000000000000000e+03,4.981250000000000000e+01,4.969500000000000306e-02
8.375000000000000000e+03,4.982958333333334622e+01,4.971249999999999974e-02
8.380000000000000000e+03,4.984666666666669244e+01,4.972999999999999643e-02
8.385000000000000000e+03,4.986374999999998181e+01,4.974750000000000005e-02
8.390000000000000000e+03,4.988083333333332803e+01,4.976499999999999674e-02
8.395000000000000000e+03,4.989791666666667425e+01,4.978250000000000036e-02
8.400000000000000000e+03,4.991500000000002046e+01,4.979999999999999705e-02
8.405000000000000000e+03,4.991541666666671517e+01,4.979416666666666713e-02
8.410000000000000000e+03,4.991583333333335304e+01,4.978833333333333028e-02
8.415000000000000000e+03,4.991624999999999091e+01,4.978250000000000036e-02
8.420000000000000000e+03,4.991666666666668561e+01,4.977666666666666351e-02
8.425000000000000000e+03,4.991708333333338032e+01,4.977083333333333359e-02
8.430000000000000000e+03,4.991750000000001819e+01,4.976500000000000368e-02
8.435000000000000000e+03,4.991791666666665606e+01,4.975916666666666682e-02
8.440000000000000000e+03,4.991833333333335077e+01,4.975333333333333691e-02
8.445000000000000000e+03,4.991875000000004547e+01,4.974750000000000005e-02
8.450000000000000000e+03,4.991916666666668334e+01,4.974166666666667014e-02
8.455000000000000000e+03,4.991958333333332121e+01,4.973583333333333328e-02
8.460000000000000000e+03,4.992000000000001592e+01,4.973000000000000337e-02
8.465000000000000000e+03,4.993891666666667106e+01,4.971916666666666845e-02
8.470000000000000000e+03,4.995783333333332621e+01,4.970833333333333354e-02
8.475000000000000000e+03,4.997675000000003820e+01,4.969750000000000556e-02
8.480000000000000000e+03,4.999566666666669335e+01,4.968666666666667064e-02
8.485000000000000000e+03,5.001458333333334849e+01,4.967583333333333573e-02
8.490000000000000000e+03,5.003350000000000364e+01,4.966500000000000081e-02
8.495000000000000000e+03,5.005241666666665878e+01,4.965416666666666590e-02
8.500000000000000000e+03,5.007133333333331393e+01,4.964333333333333098e-02
8.505000000000000000e+03,5.009024999999996908e+01,4.963250000000000300e-02
8.510000000000000000e+03,5.010916666666668107e+01,4.962166666666666809e-02
8.515000000000000000e+03,5.012808333333333621e+01,4.961083333333333317e-02
8.520000000000000000e+03,5.014699999999999136e+01,4.959999999999999826e-02
8.525000000000000000e+03,5.013200000000000500e+01,4.959666666666666390e-02
8.530000000000000000e+03,5.011699999999996180e+01,4.959333333333332955e-02
8.535000000000000000e+03,5.010199999999997544e+01,4.958999999999999519e-02
8.540000000000000000e+03,5.008699999999998909e+01,4.958666666666666778e-02
8.545000000000000000e+03,5.007200000000000273e+01,4.958333333333333343e-02
8.550000000000000000e+03,5.005700000000001637e+01,4.957999999999999907e-02
8.555000000000000000e+03,5.004199999999997317e+01,4.957666666666666472e-02
8.560000000000000000e+03,5.002699999999998681e+01,4.957333333333333036e-02
8.565000000000000000e+03,5.001200000000000045e+01,4.957000000000000295e-02
8.570000000000000000e+03,4.999699999999995725e+01,4.956666666666666859e-02
8.575000000000000000e+03,4.998199999999997090e+01,4.956333333333333424e-02
8.580000000000000000e+03,4.996699999999998454e+01,4.955999999999999989e-02
8.585000000000000000e+03,4.996316666666666606e+01,4.958666666666666778e-02
8.590000000000000000e+03,4.995933333333334758e+01,4.961333333333333567e-02
8.595000000000000000e+03,4.995549999999997226e+01,4.964000000000000357e-02
8.600000000000000000e+03,4.995166666666665378e+01,4.966666666666666452e-02
8.605000000000000000e+03,4.994783333333333530e+01,4.969333333333333241e-02
8.610000000000000000e+03,4.994399999999995998e+01,4.972000000000000031e-02
8.615000000000000000e+03,4.994016666666664150e+01,4.974666666666666820e-02
8.620000000000000000e+03,4.993633333333332303e+01,4.977333333333333609e-02
8.625000000000000000e+03,4.993250000000000455e+01,4.979999999999999705e-02
8.630000000000000000e+03,4.992866666666668607e+01,4.982666666666666494e-02
8.635000000000000000e+03,4.992483333333331075e+01,4.985333333333333283e-02
8.640000000000000000e+03,4.992099999999999227e+01,4.988000000000000073e-02
8.645000000000000000e+03,4.991266666666666652e+01,4.986999999999999766e-02
8.650000000000000000e+03,4.990433333333334076e+01,4.986000000000000154e-02
8.655000000000000000e+03,4.989600000000001501e+01,4.984999999999999848e-02
8.660000000000000000e+03,4.988766666666668925e+01,4.984000000000000236e-02
8.665000000000000000e+03,4.987933333333336350e+01,4.982999999999999929e-02
8.670000000000000000e+03,4.987099999999998090e+01,4.982000000000000317e-02
8.675000000000000000e+03,4.986266666666665515e+01,4.981000000000000011e-02
8.680000000000000000e+03,4.985433333333332939e+01,4.979999999999999705e-02
8.685000000000000000e+03,4.984600000000000364e+01,4.979000000000000092e-02
8.690000000000000000e+03,4.983766666666667788e+01,4.977999999999999786e-02
8.695000000000000000e+03,4.982933333333335213e+01,4.977000000000000174e-02
8.700000000000000000e+03,4.982100000000002638e+01,4.975999999999999868e-02
8.705000000000000000e+03,4.982391666666671881e+01,4.977083333333333359e-02
8.710000000000000000e+03,4.982683333333335440e+01,4.978166666666666851e-02
8.715000000000000000e+03,4.982974999999999000e+01,4.979249999999999649e-02
8.720000000000000000e+03,4.983266666666668243e+01,4.980333333333333140e-02
8.725000000000000000e+03,4.983558333333337487e+01,4.981416666666666632e-02
8.730000000000000000e+03,4.983850000000001046e+01,4.982499999999999429e-02
8.735000000000000000e+03,4.984141666666664605e+01,4.983583333333332921e-02
8.740000000000000000e+03,4.984433333333333849e+01,4.984666666666666412e-02
8.745000000000000000e+03,4.984725000000003092e+01,4.985749999999999904e-02
8.750000000000000000e+03,4.985016666666666652e+01,4.986833333333332702e-02
8.755000000000000000e+03,4.985308333333330211e+01,4.987916666666666193e-02
8.760000000000000000e+03,4.985599999999999454e+01,4.988999999999999685e-02
8.765000000000000000e+03,4.986408333333332621e+01,4.985666666666666025e-02
8.770000000000000000e+03,4.987216666666665787e+01,4.982333333333333059e-02
8.775000000000000000e+03,4.988024999999998954e+01,4.979000000000000092e-02
8.780000000000000000e+03,4.988833333333332121e+01,4.975666666666666432e-02
8.785000000000000000e+03,4.989641666666665287e+01,4.972333333333332772e-02
8.790000000000000000e+03,4.990449999999998454e+01,4.968999999999999806e-02
8.795000000000000000e+03,4.991258333333331620e+01,4.965666666666666840e-02
8.800000000000000000e+03,4.992066666666664787e+01,4.962333333333333180e-02
8.805000000000000000e+03,4.992874999999997954e+01,4.958999999999999519e-02
8.810000000000000000e+03,4.993683333333331120e+01,4.955666666666666553e-02
8.815000000000000000e+03,4.994491666666664287e+01,4.952333333333333587e-02
8.820000000000000000e+03,4.995299999999997453e+01,4.948999999999999927e-02
8.825000000000000000e+03,4.994983333333328801e+01,4.952083333333333337e-02
8.830000000000000000e+03,4.994666666666665833e+01,4.955166666666666747e-02
8.835000000000000000e+03,4.994349999999997181e+01,4.958250000000000157e-02
8.840000000000000000e+03,4.994033333333334213e+01,4.961333333333333567e-02
8.845000000000000000e+03,4.993716666666665560e+01,4.964416666666666977e-02
8.850000000000000000e+03,4.993399999999996908e+01,4.967499999999999694e-02
8.855000000000000000e+03,4.993083333333333940e+01,4.970583333333333104e-02
8.860000000000000000e+03,4.992766666666665287e+01,4.973666666666666514e-02
8.865000000000000000e+03,4.992450000000002319e+01,4.976749999999999924e-02
8.870000000000000000e+03,4.992133333333333667e+01,4.979833333333333334e-02
8.875000000000000000e+03,4.991816666666670699e+01,4.982916666666666744e-02
8.880000000000000000e+03,4.991500000000002046e+01,4.986000000000000154e-02
8.885000000000000000e+03,4.989775000000003047e+01,4.985250000000000098e-02
8.890000000000000000e+03,4.988049999999998363e+01,4.984500000000000042e-02
8.895000000000000000e+03,4.986324999999999363e+01,4.983749999999999986e-02
8.900000000000000000e+03,4.984600000000000364e+01,4.982999999999999929e-02
8.905000000000000000e+03,4.982875000000001364e+01,4.982249999999999873e-02
8.910000000000000000e+03,4.981150000000002365e+01,4.981499999999999817e-02
8.915000000000000000e+03,4.979424999999997681e+01,4.980750000000000455e-02
8.920000000000000000e+03,4.977699999999998681e+01,4.980000000000000399e-02
8.925000000000000000e+03,4.975974999999999682e+01,4.979250000000000342e-02
8.930000000000000000e+03,4.974249999999994998e+01,4.978500000000000286e-02
8.935000000000000000e+03,4.972524999999995998e+01,4.977750000000000230e-02
8.940000000000000000e+03,4.970799999999996999e+01,4.977000000000000174e-02
8.945000000000000000e+03,4.974591666666663059e+01,4.977333333333333609e-02
8.950000000000000000e+03,4.978383333333329119e+01,4.977666666666667045e-02
8.955000000000000000e+03,4.982174999999995180e+01,4.978000000000000480e-02
8.960000000000000000e+03,4.985966666666666924e+01,4.978333333333333222e-02
8.965000000000000000e+03,4.989758333333332985e+01,4.978666666666666657e-02
8.970000000000000000e+03,4.993549999999999045e+01,4.979000000000000092e-02
8.975000000000000000e+03,4.997341666666665105e+01,4.979333333333333528e-02
8.980000000000000000e+03,5.001133333333331166e+01,4.979666666666666963e-02
8.985000000000000000e+03,5.004925000000002910e+01,4.979999999999999705e-02
8.990000000000000000e+03,5.008716666666668971e+01,4.980333333333333140e-02
8.995000000000000000e+03,5.012508333333335031e+01,4.980666666666666575e-02
9.000000000000000000e+03,5.016300000000001091e+01,4.981000000000000011e-02
9.005000000000000000e+03,5.016591666666670335e+01,4.982916666666666744e-02
9.010000000000000000e+03,5.016883333333333894e+01,4.984833333333333477e-02
9.015000000000000000e+03,5.017174999999997453e+01,4.986750000000000210e-02
9.020000000000000000e+03,5.017466666666666697e+01,4.988666666666666943e-02
9.025000000000000000e+03,5.017758333333335941e+01,4.990583333333333677e-02
9.030000000000000000e+03,5.018049999999999500e+01,4.992499999999999716e-02
9.035000000000000000e+03,5.018341666666663059e+01,4.994416666666666449e-02
9.040000000000000000e+03,5.018633333333332303e+01,4.996333333333333182e-02
9.045000000000000000e+03,5.018925000000001546e+01,4.998249999999999915e-02
9.050000000000000000e+03,5.019216666666665105e+01,5.000166666666666648e-02
9.055000000000000000e+03,5.019508333333328665e+01,5.002083333333333381e-02
9.060000000000000000e+03,5.019799999999997908e+01,5.004000000000000115e-02
9.065000000000000000e+03,5.016649999999998499e+01,5.004416666666666735e-02
9.070000000000000000e+03,5.013499999999999091e+01,5.004833333333333356e-02
9.075000000000000000e+03,5.010349999999999682e+01,5.005249999999999977e-02
9.080000000000000000e+03,5.007200000000000273e+01,5.005666666666666598e-02
9.085000000000000000e+03,5.004050000000000864e+01,5.006083333333333218e-02
9.090000000000000000e+03,5.000900000000001455e+01,5.006499999999999839e-02
9.095000000000000000e+03,4.997749999999996362e+01,5.006916666666667154e-02
9.100000000000000000e+03,4.994599999999996953e+01,5.007333333333333775e-02
9.105000000000000000e+03,4.991449999999997544e+01,5.007750000000000395e-02
9.110000000000000000e+03,4.988299999999998136e+01,5.008166666666667016e-02
9.115000000000000000e+03,4.985149999999998727e+01,5.008583333333333637e-02
9.120000000000000000e+03,4.981999999999999318e+01,5.009000000000000258e-02
9.125000000000000000e+03,4.983724999999998317e+01,5.006250000000000283e-02
9.130000000000000000e+03,4.985449999999997317e+01,5.003500000000000308e-02
9.135000000000000000e+03,4.987175000000002001e+01,5.000750000000000334e-02
9.140000000000000000e+03,4.988900000000001000e+01,4.998000000000000359e-02
9.145000000000000000e+03,4.990625000000000000e+01,4.995250000000000384e-02
9.150000000000000000e+03,4.992349999999999000e+01,4.992499999999999716e-02
9.155000000000000000e+03,4.994074999999997999e+01,4.989749999999999741e-02
9.160000000000000000e+03,4.995799999999996999e+01,4.986999999999999766e-02
9.165000000000000000e+03,4.997524999999995998e+01,4.984249999999999792e-02
9.170000000000000000e+03,4.999250000000000682e+01,4.981499999999999817e-02
9.175000000000000000e+03,5.000974999999999682e+01,4.978749999999999842e-02
9.180000000000000000e+03,5.002699999999998681e+01,4.975999999999999868e-02
9.185000000000000000e+03,5.000841666666667606e+01,4.977833333333333415e-02
9.190000000000000000e+03,4.998983333333330847e+01,4.979666666666666269e-02
9.195000000000000000e+03,4.997124999999999773e+01,4.981499999999999817e-02
9.200000000000000000e+03,4.995266666666663014e+01,4.983333333333333365e-02
9.205000000000000000e+03,4.993408333333331939e+01,4.985166666666666219e-02
9.210000000000000000e+03,4.991549999999995180e+01,4.986999999999999766e-02
9.215000000000000000e+03,4.989691666666664105e+01,4.988833333333333314e-02
9.220000000000000000e+03,4.987833333333333030e+01,4.990666666666666168e-02
9.225000000000000000e+03,4.985974999999996271e+01,4.992499999999999716e-02
9.230000000000000000e+03,4.984116666666665196e+01,4.994333333333333264e-02
9.235000000000000000e+03,4.982258333333328437e+01,4.996166666666666117e-02
9.240000000000000000e+03,4.980399999999997362e+01,4.997999999999999665e-02
9.245000000000000000e+03,4.982749999999998636e+01,4.999499999999999778e-02
9.250000000000000000e+03,4.985099999999999909e+01,5.000999999999999890e-02
9.255000000000000000e+03,4.987450000000001182e+01,5.002500000000000002e-02
9.260000000000000000e+03,4.989799999999996771e+01,5.004000000000000115e-02
9.265000000000000000e+03,4.992149999999998045e+01,5.005500000000000227e-02
9.270000000000000000e+03,4.994499999999999318e+01,5.007000000000000339e-02
9.275000000000000000e+03,4.996850000000000591e+01,5.008499999999999758e-02
9.280000000000000000e+03,4.999200000000001864e+01,5.009999999999999870e-02
9.285000000000000000e+03,5.001549999999997453e+01,5.011499999999999982e-02
9.290000000000000000e+03,5.003899999999998727e+01,5.013000000000000095e-02
9.295000000000000000e+03,5.006250000000000000e+01,5.014500000000000207e-02
9.300000000000000000e+03,5.008600000000001273e+01,5.016000000000000320e-02
9.305000000000000000e+03,5.006974999999999909e+01,5.013833333333333336e-02
9.310000000000000000e+03,5.005349999999998545e+01,5.011666666666667047e-02
9.315000000000000000e+03,5.003725000000002865e+01,5.009500000000000064e-02
9.320000000000000000e+03,5.002100000000001501e+01,5.007333333333333775e-02
9.325000000000000000e+03,5.000475000000000136e+01,5.005166666666666792e-02
9.330000000000000000e+03,4.998850000000004457e+01,5.003000000000000502e-02
9.335000000000000000e+03,4.997225000000003092e+01,5.000833333333333519e-02
9.340000000000000000e+03,4.995600000000001728e+01,4.998666666666666536e-02
9.345000000000000000e+03,4.993975000000000364e+01,4.996500000000000247e-02
9.350000000000000000e+03,4.992349999999999000e+01,4.994333333333333264e-02
9.355000000000000000e+03,4.990725000000003320e+01,4.992166666666666974e-02
9.360000000000000000e+03,4.989100000000001955e+01,4.989999999999999991e-02
9.365000000000000000e+03,4.990674999999998818e+01,4.990666666666666862e-02
9.370000000000000000e+03,4.992250000000001364e+01,4.991333333333333039e-02
9.375000000000000000e+03,4.993825000000003911e+01,4.991999999999999910e-02
9.380000000000000000e+03,4.995400000000000773e+01,4.992666666666666780e-02
9.385000000000000000e+03,4.996974999999997635e+01,4.993333333333332957e-02
9.390000000000000000e+03,4.998550000000000182e+01,4.993999999999999828e-02
9.395000000000000000e+03,5.000125000000002728e+01,4.994666666666666699e-02
9.400000000000000000e+03,5.001699999999999591e+01,4.995333333333332876e-02
9.405000000000000000e+03,5.003274999999996453e+01,4.995999999999999747e-02
9.410000000000000000e+03,5.004849999999999000e+01,4.996666666666666617e-02
9.415000000000000000e+03,5.006425000000001546e+01,4.997333333333332794e-02
9.420000000000000000e+03,5.007999999999998408e+01,4.997999999999999665e-02
9.425000000000000000e+03,5.008274999999997590e+01,4.997916666666666480e-02
9.430000000000000000e+03,5.008549999999996771e+01,4.997833333333333294e-02
9.435000000000000000e+03,5.008825000000001637e+01,4.997749999999999415e-02
9.440000000000000000e+03,5.009100000000000819e+01,4.997666666666666230e-02
9.445000000000000000e+03,5.009375000000000000e+01,4.997583333333333044e-02
9.450000000000000000e+03,5.009649999999999181e+01,4.997499999999999859e-02
9.455000000000000000e+03,5.009924999999998363e+01,4.997416666666666674e-02
9.460000000000000000e+03,5.010199999999997544e+01,4.997333333333333488e-02
9.465000000000000000e+03,5.010474999999996726e+01,4.997249999999999609e-02
9.470000000000000000e+03,5.010750000000001592e+01,4.997166666666666424e-02
9.475000000000000000e+03,5.011025000000000773e+01,4.997083333333333238e-02
9.480000000000000000e+03,5.011299999999999955e+01,4.997000000000000053e-02
9.485000000000000000e+03,5.011475000000001501e+01,4.996416666666667061e-02
9.490000000000000000e+03,5.011649999999997362e+01,4.995833333333333376e-02
9.495000000000000000e+03,5.011824999999998909e+01,4.995249999999999690e-02
9.500000000000000000e+03,5.012000000000000455e+01,4.994666666666666699e-02
9.505000000000000000e+03,5.012175000000002001e+01,4.994083333333333707e-02
9.510000000000000000e+03,5.012350000000003547e+01,4.993500000000000022e-02
9.515000000000000000e+03,5.012524999999999409e+01,4.992916666666666337e-02
9.520000000000000000e+03,5.012700000000000955e+01,4.992333333333333345e-02
9.525000000000000000e+03,5.012875000000002501e+01,4.991750000000000353e-02
9.530000000000000000e+03,5.013049999999998363e+01,4.991166666666666668e-02
9.535000000000000000e+03,5.013224999999999909e+01,4.990583333333332983e-02
9.540000000000000000e+03,5.013400000000001455e+01,4.989999999999999991e-02
9.545000000000000000e+03,5.010649999999998272e+01,4.992583333333333595e-02
9.550000000000000000e+03,5.007900000000000773e+01,4.995166666666666505e-02
9.555000000000000000e+03,5.005150000000003274e+01,4.997750000000000109e-02
9.560000000000000000e+03,5.002400000000000091e+01,5.000333333333333019e-02
9.565000000000000000e+03,4.999649999999996908e+01,5.002916666666666623e-02
9.570000000000000000e+03,4.996899999999999409e+01,5.005500000000000227e-02
9.575000000000000000e+03,4.994150000000001910e+01,5.008083333333333137e-02
9.580000000000000000e+03,4.991399999999998727e+01,5.010666666666666741e-02
9.585000000000000000e+03,4.988649999999995543e+01,5.013249999999999651e-02
9.590000000000000000e+03,4.985899999999998045e+01,5.015833333333333255e-02
9.595000000000000000e+03,4.983150000000000546e+01,5.018416666666666165e-02
9.600000000000000000e+03,4.980399999999997362e+01,5.020999999999999769e-02
9.605000000000000000e+03,4.983766666666662104e+01,5.020416666666666083e-02
9.610000000000000000e+03,4.987133333333332530e+01,5.019833333333333092e-02
9.615000000000000000e+03,4.990499999999997272e+01,5.019250000000000100e-02
9.620000000000000000e+03,4.993866666666662013e+01,5.018666666666666415e-02
9.625000000000000000e+03,4.997233333333332439e+01,5.018083333333332730e-02
9.630000000000000000e+03,5.000599999999997181e+01,5.017499999999999738e-02
9.635000000000000000e+03,5.003966666666661922e+01,5.016916666666666746e-02
9.640000000000000000e+03,5.007333333333332348e+01,5.016333333333333061e-02
9.645000000000000000e+03,5.010699999999997090e+01,5.015749999999999376e-02
9.650000000000000000e+03,5.014066666666661831e+01,5.015166666666666384e-02
9.655000000000000000e+03,5.017433333333332257e+01,5.014583333333333393e-02
9.660000000000000000e+03,5.020799999999996999e+01,5.013999999999999707e-02
9.665000000000000000e+03,5.017941666666661149e+01,5.011249999999999732e-02
9.670000000000000000e+03,5.015083333333330984e+01,5.008499999999999758e-02
9.675000000000000000e+03,5.012225000000000819e+01,5.005749999999999783e-02
9.680000000000000000e+03,5.009366666666664969e+01,5.002999999999999808e-02
9.685000000000000000e+03,5.006508333333329119e+01,5.000249999999999834e-02
9.690000000000000000e+03,5.003649999999998954e+01,4.997499999999999859e-02
9.695000000000000000e+03,5.000791666666668789e+01,4.994749999999999884e-02
9.700000000000000000e+03,4.997933333333332939e+01,4.991999999999999910e-02
9.705000000000000000e+03,4.995074999999997090e+01,4.989249999999999935e-02
9.710000000000000000e+03,4.992216666666666924e+01,4.986499999999999960e-02
9.715000000000000000e+03,4.989358333333336759e+01,4.983749999999999986e-02
9.720000000000000000e+03,4.986500000000000909e+01,4.981000000000000011e-02
9.725000000000000000e+03,4.985700000000002774e+01,4.984666666666666412e-02
9.730000000000000000e+03,4.984899999999998954e+01,4.988333333333333508e-02
9.735000000000000000e+03,4.984100000000000819e+01,4.991999999999999910e-02
9.740000000000000000e+03,4.983300000000002683e+01,4.995666666666667005e-02
9.745000000000000000e+03,4.982499999999998863e+01,4.999333333333333407e-02
9.750000000000000000e+03,4.981700000000000728e+01,5.003000000000000502e-02
9.755000000000000000e+03,4.980900000000002592e+01,5.006666666666666904e-02
9.760000000000000000e+03,4.980099999999998772e+01,5.010333333333333306e-02
9.765000000000000000e+03,4.979300000000000637e+01,5.014000000000000401e-02
9.770000000000000000e+03,4.978500000000002501e+01,5.017666666666666803e-02
9.775000000000000000e+03,4.977699999999998681e+01,5.021333333333333898e-02
9.780000000000000000e+03,4.976900000000000546e+01,5.025000000000000300e-02
9.785000000000000000e+03,4.979050000000000864e+01,5.024500000000000494e-02
9.790000000000000000e+03,4.981200000000001182e+01,5.023999999999999994e-02
9.795000000000000000e+03,4.983350000000001501e+01,5.023500000000000187e-02
9.800000000000000000e+03,4.985500000000001819e+01,5.023000000000000381e-02
9.805000000000000000e+03,4.987650000000002137e+01,5.022499999999999881e-02
9.810000000000000000e+03,4.989800000000002456e+01,5.022000000000000075e-02
9.815000000000000000e+03,4.991949999999997090e+01,5.021500000000000269e-02
9.820000000000000000e+03,4.994099999999997408e+01,5.020999999999999769e-02
9.825000000000000000e+03,4.996249999999997726e+01,5.020499999999999963e-02
9.830000000000000000e+03,4.998399999999998045e+01,5.020000000000000157e-02
9.835000000000000000e+03,5.000549999999998363e+01,5.019499999999999656e-02
9.840000000000000000e+03,5.002699999999998681e+01,5.018999999999999850e-02
9.845000000000000000e+03,5.001933333333329301e+01,5.016500000000000126e-02
9.850000000000000000e+03,5.001166666666665606e+01,5.013999999999999707e-02
9.855000000000000000e+03,5.000400000000001910e+01,5.011499999999999982e-02
9.860000000000000000e+03,4.999633333333332530e+01,5.008999999999999564e-02
9.865000000000000000e+03,4.998866666666663150e+01,5.006499999999999839e-02
9.870000000000000000e+03,4.998099999999999454e+01,5.004000000000000115e-02
9.875000000000000000e+03,4.997333333333335759e+01,5.001499999999999696e-02
9.880000000000000000e+03,4.996566666666666379e+01,4.998999999999999971e-02
9.885000000000000000e+03,4.995799999999996999e+01,4.996499999999999553e-02
9.890000000000000000e+03,4.995033333333333303e+01,4.993999999999999828e-02
9.895000000000000000e+03,4.994266666666669607e+01,4.991499999999999410e-02
9.900000000000000000e+03,4.993500000000000227e+01,4.988999999999999685e-02
9.905000000000000000e+03,4.995416666666665151e+01,4.991333333333333039e-02
9.910000000000000000e+03,4.997333333333335759e+01,4.993666666666666393e-02
9.915000000000000000e+03,4.999250000000000682e+01,4.995999999999999747e-02
9.920000000000000000e+03,5.001166666666665606e+01,4.998333333333333101e-02
9.925000000000000000e+03,5.003083333333336213e+01,5.000666666666666454e-02
9.930000000000000000e+03,5.005000000000001137e+01,5.002999999999999808e-02
9.935000000000000000e+03,5.006916666666666060e+01,5.005333333333333162e-02
9.940000000000000000e+03,5.008833333333336668e+01,5.007666666666666516e-02
9.945000000000000000e+03,5.010750000000001592e+01,5.009999999999999870e-02
9.950000000000000000e+03,5.012666666666666515e+01,5.012333333333333224e-02
9.955000000000000000e+03,5.014583333333337123e+01,5.014666666666666578e-02
9.960000000000000000e+03,5.016500000000002046e+01,5.016999999999999932e-02
9.965000000000000000e+03,5.016408333333333758e+01,5.013916666666666522e-02
9.970000000000000000e+03,5.016316666666671154e+01,5.010833333333333112e-02
9.975000000000000000e+03,5.016225000000002865e+01,5.007749999999999702e-02
9.980000000000000000e+03,5.016133333333334576e+01,5.004666666666666291e-02
9.985000000000000000e+03,5.016041666666666288e+01,5.001583333333332881e-02
9.990000000000000000e+03,5.015949999999997999e+01,4.998500000000000165e-02
9.995000000000000000e+03,5.015858333333335395e+01,4.995416666666666755e-02
1.000000000000000000e+04,5.015766666666667106e+01,4.992333333333333345e-02
1.000500000000000000e+04,5.015674999999998818e+01,4.989249999999999935e-02
1.001000000000000000e+04,5.015583333333336213e+01,4.986166666666666525e-02
1.001500000000000000e+04,5.015491666666667925e+01,4.983083333333333115e-02
1.002000000000000000e+04,5.015399999999999636e+01,4.979999999999999705e-02
1.002500000000000000e+04,5.013358333333331984e+01,4.983749999999999986e-02
1.003000000000000000e+04,5.011316666666664332e+01,4.987499999999999573e-02
1.003500000000000000e+04,5.009275000000002365e+01,4.991249999999999853e-02
1.004000000000000000e+04,5.007233333333334713e+01,4.995000000000000134e-02
1.004500000000000000e+04,5.005191666666667061e+01,4.998749999999999721e-02
1.005000000000000000e+04,5.003149999999999409e+01,5.002500000000000002e-02
1.005500000000000000e+04,5.001108333333331757e+01,5.006250000000000283e-02
1.006000000000000000e+04,4.999066666666664105e+01,5.009999999999999870e-02
1.006500000000000000e+04,4.997024999999996453e+01,5.013750000000000151e-02
1.007000000000000000e+04,4.994983333333334485e+01,5.017500000000000432e-02
1.007500000000000000e+04,4.992941666666666833e+01,5.021250000000000019e-02
1.008000000000000000e+04,4.990899999999999181e+01,5.025000000000000300e-02
1.008500000000000000e+04,4.993541666666664014e+01,5.023583333333333373e-02
1.009000000000000000e+04,4.996183333333334531e+01,5.022166666666667140e-02
1.009500000000000000e+04,4.998824999999999363e+01,5.020750000000000213e-02
1.010000000000000000e+04,5.001466666666664196e+01,5.019333333333333286e-02
1.010500000000000000e+04,5.004108333333334713e+01,5.017916666666667053e-02
1.011000000000000000e+04,5.006749999999999545e+01,5.016500000000000126e-02
1.011500000000000000e+04,5.009391666666664378e+01,5.015083333333333199e-02
1.012000000000000000e+04,5.012033333333334895e+01,5.013666666666666966e-02
1.012500000000000000e+04,5.014674999999999727e+01,5.012250000000000039e-02
1.013000000000000000e+04,5.017316666666664560e+01,5.010833333333333112e-02
1.013500000000000000e+04,5.019958333333335077e+01,5.009416666666666879e-02
1.014000000000000000e+04,5.022599999999999909e+01,5.007999999999999952e-02
1.014500000000000000e+04,5.019841666666667379e+01,5.007999999999999952e-02
1.015000000000000000e+04,5.017083333333334849e+01,5.007999999999999952e-02
1.015500000000000000e+04,5.014324999999996635e+01,5.007999999999999952e-02
1.016000000000000000e+04,5.011566666666664105e+01,5.007999999999999952e-02
1.016500000000000000e+04,5.008808333333331575e+01,5.007999999999999952e-02
1.017000000000000000e+04,5.006049999999999045e+01,5.007999999999999952e-02
1.017500000000000000e+04,5.003291666666666515e+01,5.007999999999999952e-02
1.018000000000000000e+04,5.000533333333333985e+01,5.007999999999999952e-02
1.018500000000000000e+04,4.997774999999995771e+01,5.007999999999999952e-02
1.019000000000000000e+04,4.995016666666663241e+01,5.007999999999999952e-02
1.019500000000000000e+04,4.992258333333330711e+01,5.007999999999999952e-02
1.020000000000000000e+04,4.989499999999998181e+01,5.007999999999999952e-02
1.020500000000000000e+04,4.990441666666663423e+01,5.005666666666666598e-02
1.021000000000000000e+04,4.991383333333328665e+01,5.003333333333333244e-02
1.021500000000000000e+04,4.992324999999999591e+01,5.000999999999999890e-02
1.022000000000000000e+04,4.993266666666664833e+01,4.998666666666666536e-02
1.022500000000000000e+04,4.994208333333330074e+01,4.996333333333333182e-02
1.023000000000000000e+04,4.995150000000001000e+01,4.993999999999999828e-02
1.023500000000000000e+04,4.996091666666666242e+01,4.991666666666666474e-02
1.024000000000000000e+04,4.997033333333331484e+01,4.989333333333333120e-02
1.024500000000000000e+04,4.997974999999996726e+01,4.986999999999999766e-02
1.025000000000000000e+04,4.998916666666661968e+01,4.984666666666666412e-02
1.025500000000000000e+04,4.999858333333332894e+01,4.982333333333333059e-02
1.026000000000000000e+04,5.000799999999998136e+01,4.979999999999999705e-02
1.026500000000000000e+04,4.999716666666665787e+01,4.983333333333333365e-02
1.027000000000000000e+04,4.998633333333333439e+01,4.986666666666666331e-02
1.027500000000000000e+04,4.997550000000001091e+01,4.989999999999999991e-02
1.028000000000000000e+04,4.996466666666663059e+01,4.993333333333332957e-02
1.028500000000000000e+04,4.995383333333330711e+01,4.996666666666666617e-02
1.029000000000000000e+04,4.994299999999998363e+01,5.000000000000000278e-02
1.029500000000000000e+04,4.993216666666666015e+01,5.003333333333333244e-02
1.030000000000000000e+04,4.992133333333333667e+01,5.006666666666666904e-02
1.030500000000000000e+04,4.991050000000001319e+01,5.009999999999999870e-02
1.031000000000000000e+04,4.989966666666663286e+01,5.013333333333333530e-02
1.031500000000000000e+04,4.988883333333330938e+01,5.016666666666666496e-02
1.032000000000000000e+04,4.987799999999998590e+01,5.020000000000000157e-02
1.032500000000000000e+04,4.990633333333335031e+01,5.016333333333333755e-02
1.033000000000000000e+04,4.993466666666665787e+01,5.012666666666666659e-02
1.033500000000000000e+04,4.996299999999996544e+01,5.009000000000000258e-02
1.034000000000000000e+04,4.999133333333332985e+01,5.005333333333333162e-02
1.034500000000000000e+04,5.001966666666669425e+01,5.001666666666666761e-02
1.035000000000000000e+04,5.004800000000000182e+01,4.997999999999999665e-02
1.035500000000000000e+04,5.007633333333330938e+01,4.994333333333333264e-02
1.036000000000000000e+04,5.010466666666667379e+01,4.990666666666666862e-02
1.036500000000000000e+04,5.013300000000003820e+01,4.986999999999999766e-02
1.037000000000000000e+04,5.016133333333334576e+01,4.983333333333333365e-02
1.037500000000000000e+04,5.018966666666665333e+01,4.979666666666666269e-02
1.038000000000000000e+04,5.021800000000001774e+01,4.975999999999999868e-02
1.038500000000000000e+04,5.018583333333333485e+01,4.976916666666666295e-02
1.039000000000000000e+04,5.015366666666670881e+01,4.977833333333333415e-02
1.039500000000000000e+04,5.012150000000002592e+01,4.978749999999999842e-02
1.040000000000000000e+04,5.008933333333334303e+01,4.979666666666666269e-02
1.040500000000000000e+04,5.005716666666666015e+01,4.980583333333333390e-02
1.041000000000000000e+04,5.002499999999997726e+01,4.981499999999999817e-02
1.041500000000000000e+04,4.999283333333335122e+01,4.982416666666666244e-02
1.042000000000000000e+04,4.996066666666666833e+01,4.983333333333333365e-02
1.042500000000000000e+04,4.992849999999998545e+01,4.984249999999999792e-02
1.043000000000000000e+04,4.989633333333335941e+01,4.985166666666666219e-02
1.043500000000000000e+04,4.986416666666667652e+01,4.986083333333333339e-02
1.044000000000000000e+04,4.983199999999999363e+01,4.986999999999999766e-02
1.044500000000000000e+04,4.982699999999999818e+01,4.986583333333333146e-02
1.045000000000000000e+04,4.982200000000000273e+01,4.986166666666666525e-02
1.045500000000000000e+04,4.981700000000000728e+01,4.985749999999999904e-02
1.046000000000000000e+04,4.981200000000001182e+01,4.985333333333333283e-02
1.046500000000000000e+04,4.980700000000001637e+01,4.984916666666666663e-02
1.047000000000000000e+04,4.980199999999996407e+01,4.984500000000000042e-02
1.047500000000000000e+04,4.979699999999996862e+01,4.984083333333333421e-02
1.048000000000000000e+04,4.979199999999997317e+01,4.983666666666666800e-02
1.048500000000000000e+04,4.978699999999997772e+01,4.983250000000000179e-02
1.049000000000000000e+04,4.978199999999998226e+01,4.982833333333333559e-02
1.049500000000000000e+04,4.977699999999998681e+01,4.982416666666666938e-02
1.050000000000000000e+04,4.977199999999999136e+01,4.982000000000000317e-02
1.050500000000000000e+04,4.978833333333329847e+01,4.984666666666667106e-02
1.051000000000000000e+04,4.980466666666666242e+01,4.987333333333333896e-02
1.051500000000000000e+04,4.982100000000002638e+01,4.989999999999999991e-02
1.052000000000000000e+04,4.983733333333333348e+01,4.992666666666666780e-02
1.052500000000000000e+04,4.985366666666664059e+01,4.995333333333333570e-02
1.053000000000000000e+04,4.987000000000000455e+01,4.997999999999999665e-02
1.053500000000000000e+04,4.988633333333336850e+01,5.000666666666666454e-02
1.054000000000000000e+04,4.990266666666667561e+01,5.003333333333333244e-02
1.054500000000000000e+04,4.991899999999998272e+01,5.006000000000000033e-02
1.055000000000000000e+04,4.993533333333334667e+01,5.008666666666666822e-02
1.055500000000000000e+04,4.995166666666671063e+01,5.011333333333332918e-02
1.056000000000000000e+04,4.996800000000001774e+01,5.013999999999999707e-02
1.056500000000000000e+04,4.999116666666668607e+01,5.011583333333333168e-02
1.057000000000000000e+04,5.001433333333335440e+01,5.009166666666666629e-02
1.057500000000000000e+04,5.003750000000002274e+01,5.006750000000000089e-02
1.058000000000000000e+04,5.006066666666669107e+01,5.004333333333332856e-02
1.058500000000000000e+04,5.008383333333335941e+01,5.001916666666666317e-02
1.059000000000000000e+04,5.010699999999997090e+01,4.999499999999999778e-02
1.059500000000000000e+04,5.013016666666663923e+01,4.997083333333333238e-02
1.060000000000000000e+04,5.015333333333330756e+01,4.994666666666666699e-02
1.060500000000000000e+04,5.017649999999997590e+01,4.992249999999999466e-02
1.061000000000000000e+04,5.019966666666664423e+01,4.989833333333332926e-02
1.061500000000000000e+04,5.022283333333331257e+01,4.987416666666666387e-02
1.062000000000000000e+04,5.024599999999998090e+01,4.984999999999999848e-02
1.062500000000000000e+04,5.024183333333331802e+01,4.988000000000000073e-02
1.063000000000000000e+04,5.023766666666665515e+01,4.990999999999999603e-02
1.063500000000000000e+04,5.023349999999999227e+01,4.993999999999999828e-02
1.064000000000000000e+04,5.022933333333332939e+01,4.997000000000000053e-02
1.064500000000000000e+04,5.022516666666666652e+01,4.999999999999999584e-02
1.065000000000000000e+04,5.022100000000000364e+01,5.002999999999999808e-02
1.065500000000000000e+04,5.021683333333334076e+01,5.006000000000000033e-02
1.066000000000000000e+04,5.021266666666667788e+01,5.008999999999999564e-02
1.066500000000000000e+04,5.020850000000001501e+01,5.011999999999999789e-02
1.067000000000000000e+04,5.020433333333335213e+01,5.015000000000000013e-02
1.067500000000000000e+04,5.020016666666668925e+01,5.017999999999999544e-02
1.068000000000000000e+04,5.019600000000002638e+01,5.020999999999999769e-02
1.068500000000000000e+04,5.019000000000005457e+01,5.019916666666666277e-02
1.069000000000000000e+04,5.018400000000002592e+01,5.018833333333333480e-02
1.069500000000000000e+04,5.017799999999999727e+01,5.017749999999999988e-02
1.070000000000000000e+04,5.017200000000002547e+01,5.016666666666666496e-02
1.070500000000000000e+04,5.016600000000005366e+01,5.015583333333333005e-02
1.071000000000000000e+04,5.016000000000002501e+01,5.014499999999999513e-02
1.071500000000000000e+04,5.015399999999999636e+01,5.013416666666666716e-02
1.072000000000000000e+04,5.014800000000002456e+01,5.012333333333333224e-02
1.072500000000000000e+04,5.014200000000005275e+01,5.011249999999999732e-02
1.073000000000000000e+04,5.013600000000002410e+01,5.010166666666666935e-02
1.073500000000000000e+04,5.012999999999999545e+01,5.009083333333333443e-02
1.074000000000000000e+04,5.012400000000002365e+01,5.007999999999999952e-02
1.074500000000000000e+04,5.012991666666670199e+01,5.005416666666666348e-02
1.075000000000000000e+04,5.013583333333338032e+01,5.002833333333333438e-02
1.075500000000000000e+04,5.014175000000000182e+01,5.000249999999999834e-02
1.076000000000000000e+04,5.014766666666668016e+01,4.997666666666666924e-02
1.076500000000000000e+04,5.015358333333335850e+01,4.995083333333333320e-02
1.077000000000000000e+04,5.015949999999997999e+01,4.992499999999999716e-02
1.077500000000000000e+04,5.016541666666665833e+01,4.989916666666666806e-02
1.078000000000000000e+04,5.017133333333333667e+01,4.987333333333333202e-02
1.078500000000000000e+04,5.017725000000001501e+01,4.984750000000000292e-02
1.079000000000000000e+04,5.018316666666669335e+01,4.982166666666666688e-02
1.079500000000000000e+04,5.018908333333331484e+01,4.979583333333333778e-02
1.080000000000000000e+04,5.019499999999999318e+01,4.977000000000000174e-02
1.080500000000000000e+04,5.019516666666663696e+01,4.976833333333333803e-02
1.081000000000000000e+04,5.019533333333333758e+01,4.976666666666666738e-02
1.081500000000000000e+04,5.019549999999998136e+01,4.976500000000000368e-02
1.082000000000000000e+04,5.019566666666668198e+01,4.976333333333333303e-02
1.082500000000000000e+04,5.019583333333332575e+01,4.976166666666666932e-02
1.083000000000000000e+04,5.019600000000002638e+01,4.975999999999999868e-02
1.083500000000000000e+04,5.019616666666667015e+01,4.975833333333333497e-02
1.084000000000000000e+04,5.019633333333331393e+01,4.975666666666667126e-02
1.084500000000000000e+04,5.019650000000001455e+01,4.975500000000000062e-02
1.085000000000000000e+04,5.019666666666665833e+01,4.975333333333333691e-02
1.085500000000000000e+04,5.019683333333335895e+01,4.975166666666666626e-02
1.086000000000000000e+04,5.019700000000000273e+01,4.975000000000000255e-02
1.086500000000000000e+04,5.018133333333332757e+01,4.975250000000000505e-02
1.087000000000000000e+04,5.016566666666665242e+01,4.975500000000000062e-02
1.087500000000000000e+04,5.014999999999997726e+01,4.975750000000000312e-02
1.088000000000000000e+04,5.013433333333335895e+01,4.975999999999999868e-02
1.088500000000000000e+04,5.011866666666668380e+01,4.976250000000000118e-02
1.089000000000000000e+04,5.010300000000000864e+01,4.976500000000000368e-02
1.089500000000000000e+04,5.008733333333333348e+01,4.976749999999999924e-02
1.090000000000000000e+04,5.007166666666665833e+01,4.977000000000000174e-02
1.090500000000000000e+04,5.005600000000004002e+01,4.977249999999999730e-02
1.091000000000000000e+04,5.004033333333336486e+01,4.977499999999999980e-02
1.091500000000000000e+04,5.002466666666668971e+01,4.977749999999999536e-02
1.092000000000000000e+04,5.000900000000001455e+01,4.977999999999999786e-02
1.092500000000000000e+04,5.000058333333333849e+01,4.980249999999999955e-02
1.093000000000000000e+04,4.999216666666666242e+01,4.982499999999999429e-02
1.093500000000000000e+04,4.998374999999998636e+01,4.984749999999999598e-02
1.094000000000000000e+04,4.997533333333336714e+01,4.986999999999999766e-02
1.094500000000000000e+04,4.996691666666669107e+01,4.989249999999999935e-02
1.095000000000000000e+04,4.995850000000001501e+01,4.991500000000000103e-02
1.095500000000000000e+04,4.995008333333333894e+01,4.993749999999999578e-02
1.096000000000000000e+04,4.994166666666666288e+01,4.995999999999999747e-02
1.096500000000000000e+04,4.993325000000004366e+01,4.998249999999999915e-02
1.097000000000000000e+04,4.992483333333336759e+01,5.000499999999999390e-02
1.097500000000000000e+04,4.991641666666669153e+01,5.002749999999999558e-02
1.098000000000000000e+04,4.990800000000001546e+01,5.004999999999999727e-02
1.098500000000000000e+04,4.992700000000002092e+01,5.005833333333332968e-02
1.099000000000000000e+04,4.994600000000002638e+01,5.006666666666666210e-02
1.099500000000000000e+04,4.996500000000003183e+01,5.007499999999999452e-02
1.100000000000000000e+04,4.998400000000003729e+01,5.008333333333333387e-02
1.100500000000000000e+04,5.000300000000004275e+01,5.009166666666666629e-02
1.101000000000000000e+04,5.002200000000004820e+01,5.009999999999999870e-02
1.101500000000000000e+04,5.004099999999999682e+01,5.010833333333333112e-02
1.102000000000000000e+04,5.006000000000000227e+01,5.011666666666666353e-02
1.102500000000000000e+04,5.007900000000000773e+01,5.012500000000000289e-02
1.103000000000000000e+04,5.009800000000001319e+01,5.013333333333333530e-02
1.103500000000000000e+04,5.011700000000001864e+01,5.014166666666666772e-02
1.104000000000000000e+04,5.013600000000002410e+01,5.015000000000000013e-02
1.104500000000000000e+04,5.013141666666666652e+01,5.012666666666666659e-02
1.105000000000000000e+04,5.012683333333336577e+01,5.010333333333333306e-02
1.105500000000000000e+04,5.012225000000000819e+01,5.007999999999999952e-02
1.106000000000000000e+04,5.011766666666670744e+01,5.005666666666666598e-02
1.106500000000000000e+04,5.011308333333334986e+01,5.003333333333333244e-02
1.107000000000000000e+04,5.010850000000004911e+01,5.000999999999999890e-02
1.107500000000000000e+04,5.010391666666669153e+01,4.998666666666666536e-02
1.108000000000000000e+04,5.009933333333333394e+01,4.996333333333333182e-02
1.108500000000000000e+04,5.009475000000003320e+01,4.993999999999999828e-02
1.109000000000000000e+04,5.009016666666667561e+01,4.991666666666666474e-02
1.109500000000000000e+04,5.008558333333337487e+01,4.989333333333333120e-02
1.110000000000000000e+04,5.008100000000001728e+01,4.986999999999999766e-02
1.110500000000000000e+04,5.006900000000001683e+01,4.989499999999999491e-02
1.111000000000000000e+04,5.005700000000001637e+01,4.991999999999999910e-02
1.111500000000000000e+04,5.004500000000001592e+01,4.994499999999999634e-02
1.112000000000000000e+04,5.003300000000001546e+01,4.997000000000000053e-02
1.112500000000000000e+04,5.002100000000001501e+01,4.999499999999999778e-02
1.113000000000000000e+04,5.000900000000001455e+01,5.001999999999999502e-02
1.113500000000000000e+04,4.999700000000001410e+01,5.004499999999999921e-02
1.114000000000000000e+04,4.998500000000001364e+01,5.006999999999999645e-02
1.114500000000000000e+04,4.997300000000001319e+01,5.009500000000000064e-02
1.115000000000000000e+04,4.996100000000001273e+01,5.011999999999999789e-02
1.115500000000000000e+04,4.994900000000001228e+01,5.014500000000000207e-02
1.116000000000000000e+04,4.993700000000001182e+01,5.016999999999999932e-02
1.116500000000000000e+04,4.992533333333335577e+01,5.013750000000000151e-02
1.117000000000000000e+04,4.991366666666669971e+01,5.010499999999999676e-02
1.117500000000000000e+04,4.990200000000004366e+01,5.007249999999999895e-02
1.118000000000000000e+04,4.989033333333333076e+01,5.004000000000000115e-02
1.118500000000000000e+04,4.987866666666667470e+01,5.000749999999999640e-02
1.119000000000000000e+04,4.986700000000001864e+01,4.997499999999999859e-02
1.119500000000000000e+04,4.985533333333336259e+01,4.994250000000000078e-02
1.120000000000000000e+04,4.984366666666670653e+01,4.990999999999999603e-02
1.120500000000000000e+04,4.983199999999999363e+01,4.987749999999999823e-02
1.121000000000000000e+04,4.982033333333333758e+01,4.984500000000000042e-02
1.121500000000000000e+04,4.980866666666668152e+01,4.981249999999999567e-02
1.122000000000000000e+04,4.979700000000002547e+01,4.977999999999999786e-02
1.122500000000000000e+04,4.982416666666671290e+01,4.981083333333333196e-02
1.123000000000000000e+04,4.985133333333334349e+01,4.984166666666666606e-02
1.123500000000000000e+04,4.987850000000003092e+01,4.987250000000000016e-02
1.124000000000000000e+04,4.990566666666666151e+01,4.990333333333333427e-02
1.124500000000000000e+04,4.993283333333334895e+01,4.993416666666666837e-02
1.125000000000000000e+04,4.996000000000003638e+01,4.996499999999999553e-02
1.125500000000000000e+04,4.998716666666666697e+01,4.999583333333332963e-02
1.126000000000000000e+04,5.001433333333335440e+01,5.002666666666666373e-02
1.126500000000000000e+04,5.004149999999998499e+01,5.005749999999999783e-02
1.127000000000000000e+04,5.006866666666667243e+01,5.008833333333333193e-02
1.127500000000000000e+04,5.009583333333330302e+01,5.011916666666666603e-02
1.128000000000000000e+04,5.012299999999999045e+01,5.015000000000000013e-02
1.128500000000000000e+04,5.010283333333330802e+01,5.015499999999999819e-02
1.129000000000000000e+04,5.008266666666668243e+01,5.015999999999999626e-02
1.129500000000000000e+04,5.006250000000000000e+01,5.016500000000000126e-02
1.130000000000000000e+04,5.004233333333331757e+01,5.016999999999999932e-02
1.130500000000000000e+04,5.002216666666663514e+01,5.017499999999999738e-02
1.131000000000000000e+04,5.000200000000000955e+01,5.018000000000000238e-02
1.131500000000000000e+04,4.998183333333332712e+01,5.018500000000000044e-02
1.132000000000000000e+04,4.996166666666664469e+01,5.018999999999999850e-02
1.132500000000000000e+04,4.994149999999996226e+01,5.019499999999999656e-02
1.133000000000000000e+04,4.992133333333333667e+01,5.019999999999999463e-02
1.133500000000000000e+04,4.990116666666665424e+01,5.020499999999999963e-02
1.134000000000000000e+04,4.988099999999997181e+01,5.020999999999999769e-02
1.134500000000000000e+04,4.990908333333328528e+01,5.020416666666666083e-02
1.135000000000000000e+04,4.993716666666665560e+01,5.019833333333333092e-02
1.135500000000000000e+04,4.996524999999996908e+01,5.019250000000000100e-02
1.136000000000000000e+04,4.999333333333333940e+01,5.018666666666666415e-02
1.136500000000000000e+04,5.002141666666665287e+01,5.018083333333332730e-02
1.137000000000000000e+04,5.004949999999996635e+01,5.017499999999999738e-02
1.137500000000000000e+04,5.007758333333333667e+01,5.016916666666666746e-02
1.138000000000000000e+04,5.010566666666665014e+01,5.016333333333333061e-02
1.138500000000000000e+04,5.013375000000002046e+01,5.015749999999999376e-02
1.139000000000000000e+04,5.016183333333333394e+01,5.015166666666666384e-02
1.139500000000000000e+04,5.018991666666670426e+01,5.014583333333333393e-02
1.140000000000000000e+04,5.021800000000001774e+01,5.013999999999999707e-02
1.140500000000000000e+04,5.018900000000002137e+01,5.013666666666666272e-02
1.141000000000000000e+04,5.016000000000002501e+01,5.013333333333332836e-02
1.141500000000000000e+04,5.013100000000002865e+01,5.012999999999999401e-02
1.142000000000000000e+04,5.010200000000003229e+01,5.012666666666666659e-02
1.142500000000000000e+04,5.007300000000003593e+01,5.012333333333333224e-02
1.143000000000000000e+04,5.004399999999998272e+01,5.011999999999999789e-02
1.143500000000000000e+04,5.001499999999998636e+01,5.011666666666666353e-02
1.144000000000000000e+04,4.998599999999999000e+01,5.011333333333332918e-02
1.144500000000000000e+04,4.995699999999999363e+01,5.011000000000000176e-02
1.145000000000000000e+04,4.992799999999999727e+01,5.010666666666666741e-02
1.145500000000000000e+04,4.989900000000000091e+01,5.010333333333333306e-02
1.146000000000000000e+04,4.987000000000000455e+01,5.009999999999999870e-02
1.146500000000000000e+04,4.986508333333335941e+01,5.010583333333333556e-02
1.147000000000000000e+04,4.986016666666665742e+01,5.011166666666666547e-02
1.147500000000000000e+04,4.985525000000001228e+01,5.011749999999999539e-02
1.148000000000000000e+04,4.985033333333331029e+01,5.012333333333333224e-02
1.148500000000000000e+04,4.984541666666666515e+01,5.012916666666666909e-02
1.149000000000000000e+04,4.984050000000002001e+01,5.013499999999999901e-02
1.149500000000000000e+04,4.983558333333331802e+01,5.014083333333332893e-02
1.150000000000000000e+04,4.983066666666667288e+01,5.014666666666666578e-02
1.150500000000000000e+04,4.982574999999997090e+01,5.015250000000000263e-02
1.151000000000000000e+04,4.982083333333332575e+01,5.015833333333333255e-02
1.151500000000000000e+04,4.981591666666662377e+01,5.016416666666666246e-02
1.152000000000000000e+04,4.981099999999997863e+01,5.016999999999999932e-02
1.152500000000000000e+04,4.984058333333331348e+01,5.013666666666666272e-02
1.153000000000000000e+04,4.987016666666664833e+01,5.010333333333333306e-02
1.153500000000000000e+04,4.989974999999998317e+01,5.007000000000000339e-02
1.154000000000000000e+04,4.992933333333331802e+01,5.003666666666666679e-02
1.154500000000000000e+04,4.995891666666665287e+01,5.000333333333333019e-02
1.155000000000000000e+04,4.998849999999998772e+01,4.997000000000000053e-02
1.155500000000000000e+04,5.001808333333332257e+01,4.993666666666667087e-02
1.156000000000000000e+04,5.004766666666665742e+01,4.990333333333333427e-02
1.156500000000000000e+04,5.007724999999999227e+01,4.986999999999999766e-02
1.157000000000000000e+04,5.010683333333332712e+01,4.983666666666666800e-02
1.157500000000000000e+04,5.013641666666666197e+01,4.980333333333333834e-02
1.158000000000000000e+04,5.016599999999999682e+01,4.977000000000000174e-02
1.158500000000000000e+04,5.013774999999998272e+01,4.977666666666667045e-02
1.159000000000000000e+04,5.010950000000002547e+01,4.978333333333333222e-02
1.159500000000000000e+04,5.008125000000001137e+01,4.979000000000000092e-02
1.160000000000000000e+04,5.005299999999999727e+01,4.979666666666666963e-02
1.160500000000000000e+04,5.002474999999998317e+01,4.980333333333333140e-02
1.161000000000000000e+04,4.999649999999996908e+01,4.981000000000000011e-02
1.161500000000000000e+04,4.996825000000001182e+01,4.981666666666666882e-02
1.162000000000000000e+04,4.993999999999999773e+01,4.982333333333333059e-02
1.162500000000000000e+04,4.991174999999998363e+01,4.982999999999999929e-02
1.163000000000000000e+04,4.988350000000002638e+01,4.983666666666666800e-02
1.163500000000000000e+04,4.985525000000001228e+01,4.984333333333332977e-02
1.164000000000000000e+04,4.982699999999999818e+01,4.984999999999999848e-02
1.164500000000000000e+04,4.982808333333332484e+01,4.984666666666666412e-02
1.165000000000000000e+04,4.982916666666665151e+01,4.984333333333332977e-02
1.165500000000000000e+04,4.983024999999997817e+01,4.983999999999999542e-02
1.166000000000000000e+04,4.983133333333336168e+01,4.983666666666666800e-02
1.166500000000000000e+04,4.983241666666668834e+01,4.983333333333333365e-02
1.167000000000000000e+04,4.983350000000001501e+01,4.982999999999999929e-02
1.167500000000000000e+04,4.983458333333334167e+01,4.982666666666666494e-02
1.168000000000000000e+04,4.983566666666666833e+01,4.982333333333333059e-02
1.168500000000000000e+04,4.983675000000005184e+01,4.982000000000000317e-02
1.169000000000000000e+04,4.983783333333337850e+01,4.981666666666666882e-02
1.169500000000000000e+04,4.983891666666670517e+01,4.981333333333333446e-02
1.170000000000000000e+04,4.984000000000003183e+01,4.981000000000000011e-02
1.170500000000000000e+04,4.985750000000001592e+01,4.982583333333333309e-02
1.171000000000000000e+04,4.987500000000000000e+01,4.984166666666666606e-02
1.171500000000000000e+04,4.989250000000004093e+01,4.985749999999999904e-02
1.172000000000000000e+04,4.991000000000002501e+01,4.987333333333333202e-02
1.172500000000000000e+04,4.992750000000000909e+01,4.988916666666666500e-02
1.173000000000000000e+04,4.994500000000005002e+01,4.990500000000000491e-02
1.173500000000000000e+04,4.996250000000003411e+01,4.992083333333333789e-02
1.174000000000000000e+04,4.998000000000001819e+01,4.993666666666667087e-02
1.174500000000000000e+04,4.999750000000000227e+01,4.995250000000000384e-02
1.175000000000000000e+04,5.001499999999998636e+01,4.996833333333333682e-02
1.175500000000000000e+04,5.003250000000002728e+01,4.998416666666666980e-02
1.176000000000000000e+04,5.005000000000001137e+01,5.000000000000000278e-02
1.176500000000000000e+04,5.006141666666667334e+01,5.000999999999999890e-02
1.177000000000000000e+04,5.007283333333333530e+01,5.002000000000000196e-02
1.177500000000000000e+04,5.008424999999999727e+01,5.003000000000000502e-02
1.178000000000000000e+04,5.009566666666665924e+01,5.004000000000000115e-02
1.178500000000000000e+04,5.010708333333332121e+01,5.004999999999999727e-02
1.179000000000000000e+04,5.011850000000004002e+01,5.006000000000000033e-02
1.179500000000000000e+04,5.012991666666670199e+01,5.007000000000000339e-02
1.180000000000000000e+04,5.014133333333336395e+01,5.007999999999999952e-02
1.180500000000000000e+04,5.015275000000002592e+01,5.008999999999999564e-02
1.181000000000000000e+04,5.016416666666668789e+01,5.009999999999999870e-02
1.181500000000000000e+04,5.017558333333334986e+01,5.011000000000000176e-02
1.182000000000000000e+04,5.018700000000001182e+01,5.011999999999999789e-02
1.182500000000000000e+04,5.015874999999999773e+01,5.011583333333333168e-02
1.183000000000000000e+04,5.013049999999998363e+01,5.011166666666666547e-02
1.183500000000000000e+04,5.010225000000002638e+01,5.010749999999999926e-02
1.184000000000000000e+04,5.007400000000001228e+01,5.010333333333333306e-02
1.184500000000000000e+04,5.004574999999999818e+01,5.009916666666666685e-02
1.185000000000000000e+04,5.001750000000004093e+01,5.009500000000000064e-02
1.185500000000000000e+04,4.998925000000002683e+01,5.009083333333333443e-02
1.186000000000000000e+04,4.996100000000001273e+01,5.008666666666666822e-02
1.186500000000000000e+04,4.993274999999999864e+01,5.008250000000000202e-02
1.187000000000000000e+04,4.990449999999998454e+01,5.007833333333333581e-02
1.187500000000000000e+04,4.987625000000002728e+01,5.007416666666666960e-02
1.188000000000000000e+04,4.984800000000001319e+01,5.007000000000000339e-02
1.188500000000000000e+04,4.985275000000001455e+01,5.007916666666666766e-02
1.189000000000000000e+04,4.985750000000001592e+01,5.008833333333333887e-02
1.189500000000000000e+04,4.986225000000001728e+01,5.009750000000000314e-02
1.190000000000000000e+04,4.986700000000001864e+01,5.010666666666666741e-02
1.190500000000000000e+04,4.987175000000002001e+01,5.011583333333333862e-02
1.191000000000000000e+04,4.987649999999996453e+01,5.012500000000000289e-02
1.191500000000000000e+04,4.988124999999996589e+01,5.013416666666666716e-02
1.192000000000000000e+04,4.988599999999996726e+01,5.014333333333333836e-02
1.192500000000000000e+04,4.989074999999996862e+01,5.015250000000000263e-02
1.193000000000000000e+04,4.989549999999996999e+01,5.016166666666666690e-02
1.193500000000000000e+04,4.990024999999997135e+01,5.017083333333333811e-02
1.194000000000000000e+04,4.990499999999997272e+01,5.018000000000000238e-02
1.194500000000000000e+04,4.992449999999996635e+01,5.015083333333333893e-02
1.195000000000000000e+04,4.994399999999995998e+01,5.012166666666666853e-02
1.195500000000000000e+04,4.996349999999995362e+01,5.009249999999999814e-02
1.196000000000000000e+04,4.998300000000000409e+01,5.006333333333333468e-02
1.196500000000000000e+04,5.000249999999999773e+01,5.003416666666667123e-02
1.197000000000000000e+04,5.002199999999999136e+01,5.000500000000000084e-02
1.197500000000000000e+04,5.004149999999998499e+01,4.997583333333333044e-02
1.198000000000000000e+04,5.006099999999997863e+01,4.994666666666666699e-02
1.198500000000000000e+04,5.008050000000002910e+01,4.991750000000000353e-02
1.199000000000000000e+04,5.010000000000002274e+01,4.988833333333333314e-02
1.199500000000000000e+04,5.011950000000001637e+01,4.985916666666666275e-02
1.200000000000000000e+04,5.013900000000001000e+01,4.982999999999999929e-02
1.200500000000000000e+04,5.014708333333334167e+01,4.985416666666666469e-02
1.201000000000000000e+04,5.015516666666667334e+01,4.987833333333333008e-02
1.201500000000000000e+04,5.016325000000000500e+01,4.990250000000000241e-02
1.202000000000000000e+04,5.017133333333333667e+01,4.992666666666666780e-02
1.202500000000000000e+04,5.017941666666666833e+01,4.995083333333333320e-02
1.203000000000000000e+04,5.018750000000000000e+01,4.997499999999999859e-02
1.203500000000000000e+04,5.019558333333333167e+01,4.999916666666666398e-02
1.204000000000000000e+04,5.020366666666666333e+01,5.002333333333332938e-02
1.204500000000000000e+04,5.021174999999999500e+01,5.004749999999999477e-02
1.205000000000000000e+04,5.021983333333332666e+01,5.007166666666666710e-02
1.205500000000000000e+04,5.022791666666665833e+01,5.009583333333333249e-02
1.206000000000000000e+04,5.023599999999999000e+01,5.011999999999999789e-02
1.206500000000000000e+04,5.021633333333329574e+01,5.009749999999999620e-02
1.207000000000000000e+04,5.019666666666665833e+01,5.007499999999999452e-02
1.207500000000000000e+04,5.017700000000002092e+01,5.005249999999999977e-02
1.208000000000000000e+04,5.015733333333332666e+01,5.002999999999999808e-02
1.208500000000000000e+04,5.013766666666663241e+01,5.000749999999999640e-02
1.209000000000000000e+04,5.011799999999999500e+01,4.998500000000000165e-02
1.209500000000000000e+04,5.009833333333335759e+01,4.996249999999999997e-02
1.210000000000000000e+04,5.007866666666666333e+01,4.993999999999999828e-02
1.210500000000000000e+04,5.005899999999996908e+01,4.991749999999999660e-02
1.211000000000000000e+04,5.003933333333333167e+01,4.989499999999999491e-02
1.211500000000000000e+04,5.001966666666669425e+01,4.987250000000000016e-02
1.212000000000000000e+04,5.000000000000000000e+01,4.984999999999999848e-02
1.212500000000000000e+04,4.998516666666665742e+01,4.985333333333333283e-02
1.213000000000000000e+04,4.997033333333331484e+01,4.985666666666666719e-02
1.213500000000000000e+04,4.995550000000002910e+01,4.986000000000000154e-02
1.214000000000000000e+04,4.994066666666668652e+01,4.986333333333332896e-02
1.214500000000000000e+04,4.992583333333334394e+01,4.986666666666666331e-02
1.215000000000000000e+04,4.991100000000000136e+01,4.986999999999999766e-02
1.215500000000000000e+04,4.989616666666665878e+01,4.987333333333333202e-02
1.216000000000000000e+04,4.988133333333331620e+01,4.987666666666666637e-02
1.216500000000000000e+04,4.986649999999997362e+01,4.987999999999999379e-02
1.217000000000000000e+04,4.985166666666668789e+01,4.988333333333332814e-02
1.217500000000000000e+04,4.983683333333334531e+01,4.988666666666666250e-02
1.218000000000000000e+04,4.982200000000000273e+01,4.988999999999999685e-02
1.218500000000000000e+04,4.981658333333331257e+01,4.990749999999999353e-02
1.219000000000000000e+04,4.981116666666667925e+01,4.992499999999999716e-02
1.219500000000000000e+04,4.980574999999998909e+01,4.994250000000000078e-02
1.220000000000000000e+04,4.980033333333335577e+01,4.995999999999999747e-02
1.220500000000000000e+04,4.979491666666666561e+01,4.997749999999999415e-02
1.221000000000000000e+04,4.978949999999997544e+01,4.999499999999999778e-02
1.221500000000000000e+04,4.978408333333334213e+01,5.001250000000000140e-02
1.222000000000000000e+04,4.977866666666665196e+01,5.002999999999999808e-02
1.222500000000000000e+04,4.977325000000001864e+01,5.004749999999999477e-02
1.223000000000000000e+04,4.976783333333332848e+01,5.006499999999999839e-02
1.223500000000000000e+04,4.976241666666669516e+01,5.008250000000000202e-02
1.224000000000000000e+04,4.975700000000000500e+01,5.009999999999999870e-02
1.224500000000000000e+04,4.976600000000001955e+01,5.011166666666666547e-02
1.225000000000000000e+04,4.977499999999997726e+01,5.012333333333333224e-02
1.225500000000000000e+04,4.978399999999999181e+01,5.013499999999999901e-02
1.226000000000000000e+04,4.979300000000000637e+01,5.014666666666666578e-02
1.226500000000000000e+04,4.980200000000002092e+01,5.015833333333333255e-02
1.227000000000000000e+04,4.981100000000003547e+01,5.016999999999999932e-02
1.227500000000000000e+04,4.981999999999999318e+01,5.018166666666666609e-02
1.228000000000000000e+04,4.982900000000000773e+01,5.019333333333333286e-02
1.228500000000000000e+04,4.983800000000002228e+01,5.020499999999999963e-02
1.229000000000000000e+04,4.984699999999997999e+01,5.021666666666666640e-02
1.229500000000000000e+04,4.985599999999999454e+01,5.022833333333333317e-02
1.230000000000000000e+04,4.986500000000000909e+01,5.023999999999999994e-02
1.230500000000000000e+04,4.986091666666669653e+01,5.022499999999999881e-02
1.231000000000000000e+04,4.985683333333332712e+01,5.020999999999999769e-02
1.231500000000000000e+04,4.985275000000001455e+01,5.019500000000000350e-02
1.232000000000000000e+04,4.984866666666670199e+01,5.018000000000000238e-02
1.232500000000000000e+04,4.984458333333333258e+01,5.016500000000000126e-02
1.233000000000000000e+04,4.984050000000002001e+01,5.015000000000000013e-02
1.233500000000000000e+04,4.983641666666670744e+01,5.013499999999999901e-02
1.234000000000000000e+04,4.983233333333333803e+01,5.011999999999999789e-02
1.234500000000000000e+04,4.982825000000002547e+01,5.010499999999999676e-02
1.235000000000000000e+04,4.982416666666671290e+01,5.009000000000000258e-02
1.235500000000000000e+04,4.982008333333334349e+01,5.007500000000000145e-02
1.236000000000000000e+04,4.981600000000003092e+01,5.006000000000000033e-02
1.236500000000000000e+04,4.983875000000000455e+01,5.003666666666666679e-02
1.237000000000000000e+04,4.986150000000003502e+01,5.001333333333333325e-02
1.237500000000000000e+04,4.988425000000000864e+01,4.998999999999999971e-02
1.238000000000000000e+04,4.990700000000003911e+01,4.996666666666666617e-02
1.238500000000000000e+04,4.992975000000001273e+01,4.994333333333333264e-02
1.239000000000000000e+04,4.995249999999998636e+01,4.991999999999999910e-02
1.239500000000000000e+04,4.997525000000001683e+01,4.989666666666666556e-02
1.240000000000000000e+04,4.999799999999999045e+01,4.987333333333333202e-02
1.240500000000000000e+04,5.002075000000002092e+01,4.984999999999999848e-02
1.241000000000000000e+04,5.004349999999999454e+01,4.982666666666666494e-02
1.241500000000000000e+04,5.006625000000002501e+01,4.980333333333333140e-02
1.242000000000000000e+04,5.008899999999999864e+01,4.977999999999999786e-02
1.242500000000000000e+04,5.006583333333333030e+01,4.980333333333333140e-02
1.243000000000000000e+04,5.004266666666666197e+01,4.982666666666666494e-02
1.243500000000000000e+04,5.001949999999999363e+01,4.984999999999999848e-02
1.244000000000000000e+04,4.999633333333332530e+01,4.987333333333333202e-02
1.244500000000000000e+04,4.997316666666665697e+01,4.989666666666666556e-02
1.245000000000000000e+04,4.994999999999998863e+01,4.991999999999999910e-02
1.245500000000000000e+04,4.992683333333332030e+01,4.994333333333333264e-02
1.246000000000000000e+04,4.990366666666665196e+01,4.996666666666666617e-02
1.246500000000000000e+04,4.988049999999998363e+01,4.998999999999999971e-02
1.247000000000000000e+04,4.985733333333331530e+01,5.001333333333333325e-02
1.247500000000000000e+04,4.983416666666664696e+01,5.003666666666666679e-02
1.248000000000000000e+04,4.981099999999997863e+01,5.006000000000000033e-02
1.248500000000000000e+04,4.982699999999999818e+01,5.003583333333333494e-02
1.249000000000000000e+04,4.984299999999996089e+01,5.001166666666666955e-02
1.249500000000000000e+04,4.985899999999998045e+01,4.998750000000000415e-02
1.250000000000000000e+04,4.987500000000000000e+01,4.996333333333333182e-02
1.250500000000000000e+04,4.989099999999996271e+01,4.993916666666666643e-02
1.251000000000000000e+04,4.990699999999998226e+01,4.991500000000000103e-02
1.251500000000000000e+04,4.992300000000000182e+01,4.989083333333333564e-02
1.252000000000000000e+04,4.993899999999996453e+01,4.986666666666667025e-02
1.252500000000000000e+04,4.995499999999998408e+01,4.984249999999999792e-02
1.253000000000000000e+04,4.997100000000000364e+01,4.981833333333333252e-02
1.253500000000000000e+04,4.998699999999996635e+01,4.979416666666666713e-02
1.254000000000000000e+04,5.000299999999998590e+01,4.977000000000000174e-02
1.254500000000000000e+04,5.001083333333332348e+01,4.980500000000000205e-02
1.255000000000000000e+04,5.001866666666666106e+01,4.984000000000000236e-02
1.255500000000000000e+04,5.002649999999999864e+01,4.987500000000000266e-02
1.256000000000000000e+04,5.003433333333333621e+01,4.991000000000000297e-02
1.256500000000000000e+04,5.004216666666667379e+01,4.994500000000000328e-02
1.257000000000000000e+04,5.004999999999995453e+01,4.997999999999999665e-02
1.257500000000000000e+04,5.005783333333329210e+01,5.001499999999999696e-02
1.258000000000000000e+04,5.006566666666662968e+01,5.004999999999999727e-02
1.258500000000000000e+04,5.007349999999996726e+01,5.008499999999999758e-02
1.259000000000000000e+04,5.008133333333330484e+01,5.011999999999999789e-02
1.259500000000000000e+04,5.008916666666664241e+01,5.015499999999999819e-02
1.260000000000000000e+04,5.009699999999997999e+01,5.018999999999999850e-02
1.260500000000000000e+04,5.009233333333332894e+01,5.018249999999999794e-02
1.261000000000000000e+04,5.008766666666667788e+01,5.017499999999999738e-02
1.261500000000000000e+04,5.008299999999996999e+01,5.016749999999999682e-02
1.262000000000000000e+04,5.007833333333331893e+01,5.015999999999999626e-02
1.262500000000000000e+04,5.007366666666666788e+01,5.015249999999999569e-02
1.263000000000000000e+04,5.006899999999995998e+01,5.014499999999999513e-02
1.263500000000000000e+04,5.006433333333330893e+01,5.013750000000000151e-02
1.264000000000000000e+04,5.005966666666665787e+01,5.013000000000000095e-02
1.264500000000000000e+04,5.005500000000000682e+01,5.012250000000000039e-02
1.265000000000000000e+04,5.005033333333335577e+01,5.011499999999999982e-02
1.265500000000000000e+04,5.004566666666664787e+01,5.010749999999999926e-02
1.266000000000000000e+04,5.004099999999999682e+01,5.009999999999999870e-02
1.266500000000000000e+04,5.002508333333332757e+01,5.007833333333333581e-02
1.267000000000000000e+04,5.000916666666665833e+01,5.005666666666666598e-02
1.267500000000000000e+04,4.999324999999998909e+01,5.003499999999999615e-02
1.268000000000000000e+04,4.997733333333331984e+01,5.001333333333333325e-02
1.268500000000000000e+04,4.996141666666665060e+01,4.999166666666667036e-02
1.269000000000000000e+04,4.994550000000003820e+01,4.997000000000000053e-02
1.269500000000000000e+04,4.992958333333336896e+01,4.994833333333333070e-02
1.270000000000000000e+04,4.991366666666669971e+01,4.992666666666666780e-02
1.270500000000000000e+04,4.989775000000003047e+01,4.990500000000000491e-02
1.271000000000000000e+04,4.988183333333336122e+01,4.988333333333333508e-02
1.271500000000000000e+04,4.986591666666669198e+01,4.986166666666667219e-02
1.272000000000000000e+04,4.985000000000002274e+01,4.984000000000000236e-02
1.272500000000000000e+04,4.987516666666670062e+01,4.983666666666666800e-02
1.273000000000000000e+04,4.990033333333337850e+01,4.983333333333333365e-02
1.273500000000000000e+04,4.992549999999999955e+01,4.982999999999999929e-02
1.274000000000000000e+04,4.995066666666667743e+01,4.982666666666666494e-02
1.274500000000000000e+04,4.997583333333335531e+01,4.982333333333333059e-02
1.275000000000000000e+04,5.000099999999997635e+01,4.982000000000000317e-02
1.275500000000000000e+04,5.002616666666665424e+01,4.981666666666666882e-02
1.276000000000000000e+04,5.005133333333333212e+01,4.981333333333333446e-02
1.276500000000000000e+04,5.007650000000001000e+01,4.981000000000000011e-02
1.277000000000000000e+04,5.010166666666668789e+01,4.980666666666666575e-02
1.277500000000000000e+04,5.012683333333330893e+01,4.980333333333333140e-02
1.278000000000000000e+04,5.015199999999998681e+01,4.979999999999999705e-02
1.278500000000000000e+04,5.014833333333331211e+01,4.980333333333333140e-02
1.279000000000000000e+04,5.014466666666663741e+01,4.980666666666666575e-02
1.279500000000000000e+04,5.014099999999996271e+01,4.981000000000000011e-02
1.280000000000000000e+04,5.013733333333334485e+01,4.981333333333333446e-02
1.280500000000000000e+04,5.013366666666667015e+01,4.981666666666666882e-02
1.281000000000000000e+04,5.012999999999999545e+01,4.982000000000000317e-02
1.281500000000000000e+04,5.012633333333332075e+01,4.982333333333333059e-02
1.282000000000000000e+04,5.012266666666664605e+01,4.982666666666666494e-02
1.282500000000000000e+04,5.011900000000002819e+01,4.982999999999999929e-02
1.283000000000000000e+04,5.011533333333335349e+01,4.983333333333333365e-02
1.283500000000000000e+04,5.011166666666667879e+01,4.983666666666666800e-02
1.284000000000000000e+04,5.010800000000000409e+01,4.984000000000000236e-02
1.284500000000000000e+04,5.010891666666668698e+01,4.987333333333333896e-02
1.285000000000000000e+04,5.010983333333331302e+01,4.990666666666666862e-02
1.285500000000000000e+04,5.011074999999999591e+01,4.993999999999999828e-02
1.286000000000000000e+04,5.011166666666667879e+01,4.997333333333333488e-02
1.286500000000000000e+04,5.011258333333336168e+01,5.000666666666667148e-02
1.287000000000000000e+04,5.011350000000004457e+01,5.004000000000000115e-02
1.287500000000000000e+04,5.011441666666667061e+01,5.007333333333333081e-02
1.288000000000000000e+04,5.011533333333335349e+01,5.010666666666666741e-02
1.288500000000000000e+04,5.011625000000003638e+01,5.014000000000000401e-02
1.289000000000000000e+04,5.011716666666666242e+01,5.017333333333333367e-02
1.289500000000000000e+04,5.011808333333334531e+01,5.020666666666666333e-02
1.290000000000000000e+04,5.011900000000002819e+01,5.023999999999999994e-02
1.290500000000000000e+04,5.009375000000000000e+01,5.021833333333333010e-02
1.291000000000000000e+04,5.006850000000002865e+01,5.019666666666666721e-02
1.291500000000000000e+04,5.004325000000005730e+01,5.017499999999999738e-02
1.292000000000000000e+04,5.001800000000002910e+01,5.015333333333333449e-02
1.292500000000000000e+04,4.999275000000000091e+01,5.013166666666666466e-02
1.293000000000000000e+04,4.996750000000002956e+01,5.011000000000000176e-02
1.293500000000000000e+04,4.994225000000005821e+01,5.008833333333333193e-02
1.294000000000000000e+04,4.991700000000003001e+01,5.006666666666666210e-02
1.294500000000000000e+04,4.989175000000000182e+01,5.004499999999999921e-02
1.295000000000000000e+04,4.986650000000003047e+01,5.002333333333332938e-02
1.295500000000000000e+04,4.984125000000005912e+01,5.000166666666666648e-02
1.296000000000000000e+04,4.981600000000003092e+01,4.997999999999999665e-02
1.296500000000000000e+04,4.981566666666668652e+01,4.999333333333332713e-02
1.297000000000000000e+04,4.981533333333334213e+01,5.000666666666666454e-02
1.297500000000000000e+04,4.981500000000005457e+01,5.001999999999999502e-02
1.298000000000000000e+04,4.981466666666671017e+01,5.003333333333333244e-02
1.298500000000000000e+04,4.981433333333336577e+01,5.004666666666666291e-02
1.299000000000000000e+04,4.981400000000002137e+01,5.005999999999999339e-02
1.299500000000000000e+04,4.981366666666667697e+01,5.007333333333333081e-02
1.300000000000000000e+04,4.981333333333333258e+01,5.008666666666666129e-02
1.300500000000000000e+04,4.981299999999998818e+01,5.009999999999999870e-02
1.301000000000000000e+04,4.981266666666670062e+01,5.011333333333332918e-02
1.301500000000000000e+04,4.981233333333335622e+01,5.012666666666666659e-02
1.302000000000000000e+04,4.981200000000001182e+01,5.013999999999999707e-02
1.302500000000000000e+04,4.984550000000001546e+01,5.013416666666666716e-02
1.303000000000000000e+04,4.987900000000001910e+01,5.012833333333333030e-02
1.303500000000000000e+04,4.991250000000002274e+01,5.012250000000000039e-02
1.304000000000000000e+04,4.994600000000002638e+01,5.011666666666666353e-02
1.304500000000000000e+04,4.997950000000003001e+01,5.011083333333333362e-02
1.305000000000000000e+04,5.001300000000003365e+01,5.010499999999999676e-02
1.305500000000000000e+04,5.004649999999998045e+01,5.009916666666666685e-02
1.306000000000000000e+04,5.007999999999998408e+01,5.009333333333333693e-02
1.306500000000000000e+04,5.011349999999998772e+01,5.008750000000000008e-02
1.307000000000000000e+04,5.014699999999999136e+01,5.008166666666667016e-02
1.307500000000000000e+04,5.018049999999999500e+01,5.007583333333333331e-02
1.308000000000000000e+04,5.021399999999999864e+01,5.007000000000000339e-02
1.308500000000000000e+04,5.019191666666665697e+01,5.006750000000000089e-02
1.309000000000000000e+04,5.016983333333331530e+01,5.006500000000000533e-02
1.309500000000000000e+04,5.014774999999997362e+01,5.006250000000000283e-02
1.310000000000000000e+04,5.012566666666668880e+01,5.006000000000000033e-02
1.310500000000000000e+04,5.010358333333334713e+01,5.005750000000000477e-02
1.311000000000000000e+04,5.008150000000000546e+01,5.005500000000000227e-02
1.311500000000000000e+04,5.005941666666666379e+01,5.005249999999999977e-02
1.312000000000000000e+04,5.003733333333332212e+01,5.005000000000000421e-02
1.312500000000000000e+04,5.001525000000003729e+01,5.004750000000000171e-02
1.313000000000000000e+04,4.999316666666669562e+01,5.004499999999999921e-02
1.313500000000000000e+04,4.997108333333335395e+01,5.004250000000000365e-02
1.314000000000000000e+04,4.994900000000001228e+01,5.004000000000000115e-02
1.314500000000000000e+04,4.994491666666669971e+01,5.002166666666666567e-02
1.315000000000000000e+04,4.994083333333333030e+01,5.000333333333333713e-02
1.315500000000000000e+04,4.993675000000001774e+01,4.998500000000000165e-02
1.316000000000000000e+04,4.993266666666664833e+01,4.996666666666666617e-02
1.316500000000000000e+04,4.992858333333333576e+01,4.994833333333333764e-02
1.317000000000000000e+04,4.992449999999996635e+01,4.993000000000000216e-02
1.317500000000000000e+04,4.992041666666665378e+01,4.991166666666666668e-02
1.318000000000000000e+04,4.991633333333334122e+01,4.989333333333333814e-02
1.318500000000000000e+04,4.991224999999997181e+01,4.987500000000000266e-02
1.319000000000000000e+04,4.990816666666665924e+01,4.985666666666666719e-02
1.319500000000000000e+04,4.990408333333328983e+01,4.983833333333333865e-02
1.320000000000000000e+04,4.989999999999997726e+01,4.982000000000000317e-02
1.320500000000000000e+04,4.990783333333331484e+01,4.985333333333333283e-02
1.321000000000000000e+04,4.991566666666665242e+01,4.988666666666666943e-02
1.321500000000000000e+04,4.992349999999999000e+01,4.992000000000000604e-02
1.322000000000000000e+04,4.993133333333332757e+01,4.995333333333333570e-02
1.322500000000000000e+04,4.993916666666666515e+01,4.998666666666666536e-02
1.323000000000000000e+04,4.994700000000000273e+01,5.002000000000000196e-02
1.323500000000000000e+04,4.995483333333334031e+01,5.005333333333333856e-02
1.324000000000000000e+04,4.996266666666667788e+01,5.008666666666666822e-02
1.324500000000000000e+04,4.997050000000001546e+01,5.011999999999999789e-02
1.325000000000000000e+04,4.997833333333335304e+01,5.015333333333333449e-02
1.325500000000000000e+04,4.998616666666669062e+01,5.018666666666667109e-02
1.326000000000000000e+04,4.999400000000002819e+01,5.022000000000000075e-02
1.326500000000000000e+04,5.000125000000002728e+01,5.019333333333333286e-02
1.327000000000000000e+04,5.000850000000002638e+01,5.016666666666666496e-02
1.327500000000000000e+04,5.001575000000002547e+01,5.014000000000000401e-02
1.328000000000000000e+04,5.002300000000002456e+01,5.011333333333333612e-02
1.328500000000000000e+04,5.003025000000002365e+01,5.008666666666666822e-02
1.329000000000000000e+04,5.003750000000002274e+01,5.006000000000000033e-02
1.329500000000000000e+04,5.004475000000002183e+01,5.003333333333333244e-02
1.330000000000000000e+04,5.005200000000002092e+01,5.000666666666666454e-02
1.330500000000000000e+04,5.005925000000002001e+01,4.997999999999999665e-02
1.331000000000000000e+04,5.006650000000001910e+01,4.995333333333333570e-02
1.331500000000000000e+04,5.007375000000001819e+01,4.992666666666666780e-02
1.332000000000000000e+04,5.008100000000001728e+01,4.989999999999999991e-02
1.332500000000000000e+04,5.009325000000001182e+01,4.991166666666666668e-02
1.333000000000000000e+04,5.010550000000000637e+01,4.992333333333333345e-02
1.333500000000000000e+04,5.011775000000000091e+01,4.993500000000000022e-02
1.334000000000000000e+04,5.012999999999999545e+01,4.994666666666666699e-02
1.334500000000000000e+04,5.014224999999999000e+01,4.995833333333333376e-02
1.335000000000000000e+04,5.015449999999998454e+01,4.997000000000000053e-02
1.335500000000000000e+04,5.016675000000003593e+01,4.998166666666666730e-02
1.336000000000000000e+04,5.017900000000003047e+01,4.999333333333333407e-02
1.336500000000000000e+04,5.019125000000002501e+01,5.000500000000000084e-02
1.337000000000000000e+04,5.020350000000001955e+01,5.001666666666666761e-02
1.337500000000000000e+04,5.021575000000001410e+01,5.002833333333333438e-02
1.338000000000000000e+04,5.022800000000000864e+01,5.004000000000000115e-02
1.338500000000000000e+04,5.020008333333333894e+01,5.004499999999999921e-02
1.339000000000000000e+04,5.017216666666666924e+01,5.004999999999999727e-02
1.339500000000000000e+04,5.014424999999999955e+01,5.005500000000000227e-02
1.340000000000000000e+04,5.011633333333332985e+01,5.006000000000000033e-02
1.340500000000000000e+04,5.008841666666666015e+01,5.006499999999999839e-02
1.341000000000000000e+04,5.006050000000004729e+01,5.007000000000000339e-02
1.341500000000000000e+04,5.003258333333337760e+01,5.007500000000000145e-02
1.342000000000000000e+04,5.000466666666670790e+01,5.007999999999999952e-02
1.342500000000000000e+04,4.997675000000003820e+01,5.008499999999999758e-02
1.343000000000000000e+04,4.994883333333336850e+01,5.008999999999999564e-02
1.343500000000000000e+04,4.992091666666669880e+01,5.009500000000000064e-02
1.344000000000000000e+04,4.989300000000002910e+01,5.009999999999999870e-02
1.344500000000000000e+04,4.991958333333337805e+01,5.009749999999999620e-02
1.345000000000000000e+04,4.994616666666667015e+01,5.009500000000000064e-02
1.345500000000000000e+04,4.997275000000001910e+01,5.009249999999999814e-02
1.346000000000000000e+04,4.999933333333336805e+01,5.009000000000000258e-02
1.346500000000000000e+04,5.002591666666666015e+01,5.008750000000000008e-02
1.347000000000000000e+04,5.005250000000000909e+01,5.008499999999999758e-02
1.347500000000000000e+04,5.007908333333335804e+01,5.008250000000000202e-02
1.348000000000000000e+04,5.010566666666665014e+01,5.007999999999999952e-02
1.348500000000000000e+04,5.013224999999999909e+01,5.007750000000000395e-02
1.349000000000000000e+04,5.015883333333334804e+01,5.007500000000000145e-02
1.349500000000000000e+04,5.018541666666664014e+01,5.007250000000000589e-02
1.350000000000000000e+04,5.021199999999998909e+01,5.007000000000000339e-02
1.350500000000000000e+04,5.017449999999996635e+01,5.008250000000000202e-02
1.351000000000000000e+04,5.013700000000000045e+01,5.009500000000000064e-02
1.351500000000000000e+04,5.009949999999997772e+01,5.010749999999999926e-02
1.352000000000000000e+04,5.006200000000001182e+01,5.012000000000000483e-02
1.352500000000000000e+04,5.002449999999998909e+01,5.013250000000000345e-02
1.353000000000000000e+04,4.998699999999996635e+01,5.014500000000000207e-02
1.353500000000000000e+04,4.994950000000000045e+01,5.015750000000000069e-02
1.354000000000000000e+04,4.991199999999997772e+01,5.016999999999999932e-02
1.354500000000000000e+04,4.987450000000001182e+01,5.018250000000000488e-02
1.355000000000000000e+04,4.983699999999998909e+01,5.019500000000000350e-02
1.355500000000000000e+04,4.979950000000002319e+01,5.020750000000000213e-02
1.356000000000000000e+04,4.976200000000000045e+01,5.022000000000000075e-02
1.356500000000000000e+04,4.978416666666669244e+01,5.018666666666667109e-02
1.357000000000000000e+04,4.980633333333332757e+01,5.015333333333333449e-02
1.357500000000000000e+04,4.982850000000001955e+01,5.011999999999999789e-02
1.358000000000000000e+04,4.985066666666665469e+01,5.008666666666666822e-02
1.358500000000000000e+04,4.987283333333334667e+01,5.005333333333333856e-02
1.359000000000000000e+04,4.989499999999998181e+01,5.002000000000000196e-02
1.359500000000000000e+04,4.991716666666667379e+01,4.998666666666666536e-02
1.360000000000000000e+04,4.993933333333336577e+01,4.995333333333333570e-02
1.360500000000000000e+04,4.996150000000000091e+01,4.992000000000000604e-02
1.361000000000000000e+04,4.998366666666669289e+01,4.988666666666666943e-02
1.361500000000000000e+04,5.000583333333332803e+01,4.985333333333333283e-02
1.362000000000000000e+04,5.002800000000002001e+01,4.982000000000000317e-02
1.362500000000000000e+04,5.003125000000000000e+01,4.983500000000000429e-02
1.363000000000000000e+04,5.003450000000003683e+01,4.985000000000000542e-02
1.363500000000000000e+04,5.003775000000001683e+01,4.986500000000000654e-02
1.364000000000000000e+04,5.004099999999999682e+01,4.988000000000000073e-02
1.364500000000000000e+04,5.004425000000003365e+01,4.989500000000000185e-02
1.365000000000000000e+04,5.004750000000001364e+01,4.991000000000000297e-02
1.365500000000000000e+04,5.005074999999999363e+01,4.992500000000000410e-02
1.366000000000000000e+04,5.005400000000003047e+01,4.994000000000000522e-02
1.366500000000000000e+04,5.005725000000001046e+01,4.995499999999999940e-02
1.367000000000000000e+04,5.006049999999999045e+01,4.997000000000000053e-02
1.367500000000000000e+04,5.006375000000002728e+01,4.998500000000000165e-02
1.368000000000000000e+04,5.006700000000000728e+01,5.000000000000000278e-02
1.368500000000000000e+04,5.004500000000001592e+01,4.999583333333333657e-02
1.369000000000000000e+04,5.002300000000002456e+01,4.999166666666667036e-02
1.369500000000000000e+04,5.000099999999997635e+01,4.998750000000000415e-02
1.370000000000000000e+04,4.997899999999998499e+01,4.998333333333333794e-02
1.370500000000000000e+04,4.995699999999999363e+01,4.997916666666667174e-02
1.371000000000000000e+04,4.993500000000000227e+01,4.997500000000000553e-02
1.371500000000000000e+04,4.991300000000001091e+01,4.997083333333333238e-02
1.372000000000000000e+04,4.989100000000001955e+01,4.996666666666666617e-02
1.372500000000000000e+04,4.986900000000002819e+01,4.996249999999999997e-02
1.373000000000000000e+04,4.984699999999997999e+01,4.995833333333333376e-02
1.373500000000000000e+04,4.982499999999998863e+01,4.995416666666666755e-02
1.374000000000000000e+04,4.980299999999999727e+01,4.995000000000000134e-02
1.374500000000000000e+04,4.980441666666666833e+01,4.995333333333333570e-02
1.375000000000000000e+04,4.980583333333333940e+01,4.995666666666667005e-02
1.375500000000000000e+04,4.980725000000001046e+01,4.996000000000000441e-02
1.376000000000000000e+04,4.980866666666668152e+01,4.996333333333333182e-02
1.376500000000000000e+04,4.981008333333335258e+01,4.996666666666666617e-02
1.377000000000000000e+04,4.981150000000002365e+01,4.997000000000000053e-02
1.377500000000000000e+04,4.981291666666663787e+01,4.997333333333333488e-02
1.378000000000000000e+04,4.981433333333330893e+01,4.997666666666666924e-02
1.378500000000000000e+04,4.981574999999997999e+01,4.997999999999999665e-02
1.379000000000000000e+04,4.981716666666665105e+01,4.998333333333333101e-02
1.379500000000000000e+04,4.981858333333332212e+01,4.998666666666666536e-02
1.380000000000000000e+04,4.981999999999999318e+01,4.998999999999999971e-02
1.380500000000000000e+04,4.983166666666664923e+01,4.997499999999999859e-02
1.381000000000000000e+04,4.984333333333330529e+01,4.995999999999999747e-02
1.381500000000000000e+04,4.985500000000001819e+01,4.994500000000000328e-02
1.382000000000000000e+04,4.986666666666667425e+01,4.993000000000000216e-02
1.382500000000000000e+04,4.987833333333333030e+01,4.991500000000000103e-02
1.383000000000000000e+04,4.988999999999998636e+01,4.989999999999999991e-02
1.383500000000000000e+04,4.990166666666664241e+01,4.988499999999999879e-02
1.384000000000000000e+04,4.991333333333329847e+01,4.986999999999999766e-02
1.384500000000000000e+04,4.992499999999995453e+01,4.985499999999999654e-02
1.385000000000000000e+04,4.993666666666666742e+01,4.984000000000000236e-02
1.385500000000000000e+04,4.994833333333332348e+01,4.982500000000000123e-02
1.386000000000000000e+04,4.995999999999997954e+01,4.981000000000000011e-02
1.386500000000000000e+04,4.998275000000001000e+01,4.981083333333333196e-02
1.387000000000000000e+04,5.000549999999998363e+01,4.981166666666667076e-02
1.387500000000000000e+04,5.002824999999995725e+01,4.981250000000000261e-02
1.388000000000000000e+04,5.005099999999998772e+01,4.981333333333333446e-02
1.388500000000000000e+04,5.007375000000001819e+01,4.981416666666666632e-02
1.389000000000000000e+04,5.009649999999999181e+01,4.981499999999999817e-02
1.389500000000000000e+04,5.011924999999996544e+01,4.981583333333333696e-02
1.390000000000000000e+04,5.014199999999999591e+01,4.981666666666666882e-02
1.390500000000000000e+04,5.016475000000002638e+01,4.981750000000000067e-02
1.391000000000000000e+04,5.018750000000000000e+01,4.981833333333333946e-02
1.391500000000000000e+04,5.021024999999997362e+01,4.981916666666667132e-02
1.392000000000000000e+04,5.023300000000000409e+01,4.982000000000000317e-02
1.392500000000000000e+04,5.021758333333332303e+01,4.982583333333333309e-02
1.393000000000000000e+04,5.020216666666669880e+01,4.983166666666666994e-02
1.393500000000000000e+04,5.018675000000001774e+01,4.983749999999999986e-02
1.394000000000000000e+04,5.017133333333333667e+01,4.984333333333333671e-02
1.394500000000000000e+04,5.015591666666665560e+01,4.984916666666666663e-02
1.395000000000000000e+04,5.014049999999997453e+01,4.985499999999999654e-02
1.395500000000000000e+04,5.012508333333335031e+01,4.986083333333333339e-02
1.396000000000000000e+04,5.010966666666666924e+01,4.986666666666666331e-02
1.396500000000000000e+04,5.009424999999998818e+01,4.987250000000000016e-02
1.397000000000000000e+04,5.007883333333336395e+01,4.987833333333333008e-02
1.397500000000000000e+04,5.006341666666668289e+01,4.988416666666666693e-02
1.398000000000000000e+04,5.004800000000000182e+01,4.988999999999999685e-02
1.398500000000000000e+04,5.006208333333336213e+01,4.989083333333332870e-02
1.399000000000000000e+04,5.007616666666666561e+01,4.989166666666666750e-02
1.399500000000000000e+04,5.009024999999996908e+01,4.989249999999999935e-02
1.400000000000000000e+04,5.010433333333332939e+01,4.989333333333333120e-02
1.400500000000000000e+04,5.011841666666668971e+01,4.989416666666666306e-02
1.401000000000000000e+04,5.013249999999999318e+01,4.989499999999999491e-02
1.401500000000000000e+04,5.014658333333329665e+01,4.989583333333333370e-02
1.402000000000000000e+04,5.016066666666665697e+01,4.989666666666666556e-02
1.402500000000000000e+04,5.017475000000001728e+01,4.989749999999999741e-02
1.403000000000000000e+04,5.018883333333332075e+01,4.989833333333333620e-02
1.403500000000000000e+04,5.020291666666662422e+01,4.989916666666666806e-02
1.404000000000000000e+04,5.021699999999998454e+01,4.989999999999999991e-02
1.404500000000000000e+04,5.021158333333329438e+01,4.990499999999999797e-02
1.405000000000000000e+04,5.020616666666666106e+01,4.990999999999999603e-02
1.405500000000000000e+04,5.020074999999997090e+01,4.991500000000000103e-02
1.406000000000000000e+04,5.019533333333333758e+01,4.991999999999999910e-02
1.406500000000000000e+04,5.018991666666664742e+01,4.992499999999999716e-02
1.407000000000000000e+04,5.018449999999995725e+01,4.993000000000000216e-02
1.407500000000000000e+04,5.017908333333332394e+01,4.993500000000000022e-02
1.408000000000000000e+04,5.017366666666663377e+01,4.993999999999999828e-02
1.408500000000000000e+04,5.016825000000000045e+01,4.994499999999999634e-02
1.409000000000000000e+04,5.016283333333331029e+01,4.994999999999999440e-02
1.409500000000000000e+04,5.015741666666667697e+01,4.995499999999999940e-02
1.410000000000000000e+04,5.015199999999998681e+01,4.995999999999999747e-02
1.410500000000000000e+04,5.013799999999997681e+01,4.996833333333332988e-02
1.411000000000000000e+04,5.012399999999996680e+01,4.997666666666666230e-02
1.411500000000000000e+04,5.011000000000001364e+01,4.998500000000000165e-02
1.412000000000000000e+04,5.009600000000000364e+01,4.999333333333333407e-02
1.412500000000000000e+04,5.008199999999999363e+01,5.000166666666666648e-02
1.413000000000000000e+04,5.006799999999998363e+01,5.000999999999999890e-02
1.413500000000000000e+04,5.005399999999997362e+01,5.001833333333333131e-02
1.414000000000000000e+04,5.003999999999996362e+01,5.002666666666666373e-02
1.414500000000000000e+04,5.002599999999995362e+01,5.003499999999999615e-02
1.415000000000000000e+04,5.001200000000000045e+01,5.004333333333333550e-02
1.415500000000000000e+04,4.999799999999999045e+01,5.005166666666666792e-02
1.416000000000000000e+04,4.998399999999998045e+01,5.006000000000000033e-02
1.416500000000000000e+04,4.999716666666665787e+01,5.006083333333333218e-02
1.417000000000000000e+04,5.001033333333333530e+01,5.006166666666667098e-02
1.417500000000000000e+04,5.002350000000001273e+01,5.006250000000000283e-02
1.418000000000000000e+04,5.003666666666663332e+01,5.006333333333333468e-02
1.418500000000000000e+04,5.004983333333331075e+01,5.006416666666666654e-02
1.419000000000000000e+04,5.006299999999998818e+01,5.006499999999999839e-02
1.419500000000000000e+04,5.007616666666666561e+01,5.006583333333333719e-02
1.420000000000000000e+04,5.008933333333334303e+01,5.006666666666666904e-02
1.420500000000000000e+04,5.010249999999996362e+01,5.006750000000000089e-02
1.421000000000000000e+04,5.011566666666664105e+01,5.006833333333333969e-02
1.421500000000000000e+04,5.012883333333331848e+01,5.006916666666667154e-02
1.422000000000000000e+04,5.014199999999999591e+01,5.007000000000000339e-02
1.422500000000000000e+04,5.011008333333330711e+01,5.006083333333333912e-02
1.423000000000000000e+04,5.007816666666667516e+01,5.005166666666666792e-02
1.423500000000000000e+04,5.004624999999998636e+01,5.004250000000000365e-02
1.424000000000000000e+04,5.001433333333335440e+01,5.003333333333333244e-02
1.424500000000000000e+04,4.998241666666666561e+01,5.002416666666666817e-02
1.425000000000000000e+04,4.995050000000003365e+01,5.001500000000000390e-02
1.425500000000000000e+04,4.991858333333334485e+01,5.000583333333333269e-02
1.426000000000000000e+04,4.988666666666665606e+01,4.999666666666666842e-02
1.426500000000000000e+04,4.985475000000002410e+01,4.998749999999999721e-02
1.427000000000000000e+04,4.982283333333333530e+01,4.997833333333333294e-02
1.427500000000000000e+04,4.979091666666670335e+01,4.996916666666666174e-02
1.428000000000000000e+04,4.975900000000001455e+01,4.995999999999999747e-02
1.428500000000000000e+04,4.976283333333333303e+01,4.995916666666666561e-02
1.429000000000000000e+04,4.976666666666665151e+01,4.995833333333333376e-02
1.429500000000000000e+04,4.977050000000002683e+01,4.995750000000000191e-02
1.430000000000000000e+04,4.977433333333334531e+01,4.995666666666666311e-02
1.430500000000000000e+04,4.977816666666666379e+01,4.995583333333333126e-02
1.431000000000000000e+04,4.978200000000003911e+01,4.995499999999999940e-02
1.431500000000000000e+04,4.978583333333335759e+01,4.995416666666666755e-02
1.432000000000000000e+04,4.978966666666667606e+01,4.995333333333333570e-02
1.432500000000000000e+04,4.979349999999999454e+01,4.995249999999999690e-02
1.433000000000000000e+04,4.979733333333331302e+01,4.995166666666666505e-02
1.433500000000000000e+04,4.980116666666668834e+01,4.995083333333333320e-02
1.434000000000000000e+04,4.980500000000000682e+01,4.995000000000000134e-02
1.434500000000000000e+04,4.983500000000003638e+01,4.994250000000000078e-02
1.435000000000000000e+04,4.986500000000000909e+01,4.993500000000000022e-02
1.435500000000000000e+04,4.989499999999998181e+01,4.992749999999999966e-02
1.436000000000000000e+04,4.992500000000001137e+01,4.991999999999999910e-02
1.436500000000000000e+04,4.995500000000004093e+01,4.991249999999999853e-02
1.437000000000000000e+04,4.998500000000001364e+01,4.990500000000000491e-02
1.437500000000000000e+04,5.001499999999998636e+01,4.989750000000000435e-02
1.438000000000000000e+04,5.004500000000001592e+01,4.989000000000000379e-02
1.438500000000000000e+04,5.007500000000004547e+01,4.988250000000000323e-02
1.439000000000000000e+04,5.010500000000001819e+01,4.987500000000000266e-02
1.439500000000000000e+04,5.013499999999999091e+01,4.986750000000000210e-02
1.440000000000000000e+04,5.016500000000002046e+01,4.986000000000000154e-02
1.440500000000000000e+04,4.999893442622948214e+01,4.998754098360655429e-02
1.441000000000000000e+04,4.999893442622948214e+01,4.998754098360655429e-02
1.441500000000000000e+04,4.999893442622948214e+01,4.998754098360655429e-02
1.442000000000000000e+04,4.999893442622948214e+01,4.998754098360655429e-02
1.442500000000000000e+04,4.999893442622948214e+01,4.998754098360655429e-02
1.443000000000000000e+04,4.999893442622948214e+01,4.998754098360655429e-02
1.443500000000000000e+04,4.999893442622948214e+01,4.998754098360655429e-02
1.444000000000000000e+04,4.999893442622948214e+01,4.998754098360655429e-02
1.444500000000000000e+04,4.999893442622948214e+01,4.998754098360655429e-02
1.445000000000000000e+04,4.999893442622948214e+01,4.998754098360655429e-02
1.445500000000000000e+04,4.999893442622948214e+01,4.998754098360655429e-02
1.446000000000000000e+04,4.999893442622948214e+01,4.998754098360655429e-02
1.446500000000000000e+04,4.999893442622948214e+01,4.998754098360655429e-02
1.447000000000000000e+04,4.999893442622948214e+01,4.998754098360655429e-02
1.447500000000000000e+04,4.999893442622948214e+01,4.998754098360655429e-02
1.448000000000000000e+04,4.999893442622948214e+01,4.998754098360655429e-02
1.448500000000000000e+04,4.999893442622948214e+01,4.998754098360655429e-02
1.449000000000000000e+04,4.999893442622948214e+01,4.998754098360655429e-02
1.449500000000000000e+04,4.999893442622948214e+01,4.998754098360655429e-02
1.450000000000000000e+04,4.999893442622948214e+01,4.998754098360655429e-02
1.450500000000000000e+04,4.999893442622948214e+01,4.998754098360655429e-02
1.451000000000000000e+04,4.999893442622948214e+01,4.998754098360655429e-02
1.451500000000000000e+04,4.999893442622948214e+01,4.998754098360655429e-02
1.452000000000000000e+04,4.999893442622948214e+01,4.998754098360655429e-02
1.452500000000000000e+04,4.999893442622948214e+01,4.998754098360655429e-02
1.453000000000000000e+04,4.999893442622948214e+01,4.998754098360655429e-02
1.453500000000000000e+04,4.999893442622948214e+01,4.998754098360655429e-02
1.454000000000000000e+04,4.999893442622948214e+01,4.998754098360655429e-02
1.454500000000000000e+04,4.999893442622948214e+01,4.998754098360655429e-02
1.455000000000000000e+04,4.999893442622948214e+01,4.998754098360655429e-02
1.455500000000000000e+04,4.999893442622948214e+01,4.998754098360655429e-02
1.456000000000000000e+04,4.999893442622948214e+01,4.998754098360655429e-02
1.456500000000000000e+04,4.999893442622948214e+01,4.998754098360655429e-02
1.457000000000000000e+04,4.999893442622948214e+01,4.998754098360655429e-02
1.457500000000000000e+04,4.999893442622948214e+01,4.998754098360655429e-02
1.458000000000000000e+04,4.999893442622948214e+01,4.998754098360655429e-02
1.458500000000000000e+04,4.999893442622948214e+01,4.998754098360655429e-02
1.459000000000000000e+04,4.999893442622948214e+01,4.998754098360655429e-02
1.459500000000000000e+04,4.999893442622948214e+01,4.998754098360655429e-02
1.460000000000000000e+04,4.999893442622948214e+01,4.998754098360655429e-02
1.460500000000000000e+04,4.999893442622948214e+01,4.998754098360655429e-02
1.461000000000000000e+04,4.999893442622948214e+01,4.998754098360655429e-02
1.461500000000000000e+04,4.999893442622948214e+01,4.998754098360655429e-02
1.462000000000000000e+04,4.999893442622948214e+01,4.998754098360655429e-02
1.462500000000000000e+04,4.999893442622948214e+01,4.998754098360655429e-02
1.463000000000000000e+04,4.999893442622948214e+01,4.998754098360655429e-02
1.463500000000000000e+04,4.999893442622948214e+01,4.998754098360655429e-02
1.464000000000000000e+04,4.999893442622948214e+01,4.998754098360655429e-02
1.464500000000000000e+04,4.999893442622948214e+01,4.998754098360655429e-02
1.465000000000000000e+04,4.999893442622948214e+01,4.998754098360655429e-02
1.465500000000000000e+04,4.999893442622948214e+01,4.998754098360655429e-02
1.466000000000000000e+04,4.999893442622948214e+01,4.998754098360655429e-02
1.466500000000000000e+04,4.999893442622948214e+01,4.998754098360655429e-02
1.467000000000000000e+04,4.999893442622948214e+01,4.998754098360655429e-02
1.467500000000000000e+04,4.999893442622948214e+01,4.998754098360655429e-02
1.468000000000000000e+04,4.999893442622948214e+01,4.998754098360655429e-02
1.468500000000000000e+04,4.999893442622948214e+01,4.998754098360655429e-02
1.469000000000000000e+04,4.999893442622948214e+01,4.998754098360655429e-02
1.469500000000000000e+04,4.999893442622948214e+01,4.998754098360655429e-02
1.470000000000000000e+04,4.999893442622948214e+01,4.998754098360655429e-02
1.470500000000000000e+04,4.999893442622948214e+01,4.998754098360655429e-02
1.471000000000000000e+04,4.999893442622948214e+01,4.998754098360655429e-02
1.471500000000000000e+04,4.999893442622948214e+01,4.998754098360655429e-02
1.472000000000000000e+04,4.999893442622948214e+01,4.998754098360655429e-02
1.472500000000000000e+04,4.999893442622948214e+01,4.998754098360655429e-02
1.473000000000000000e+04,4.999893442622948214e+01,4.998754098360655429e-02
1.473500000000000000e+04,4.999893442622948214e+01,4.998754098360655429e-02
1.474000000000000000e+04,4.999893442622948214e+01,4.998754098360655429e-02
1.474500000000000000e+04,4.999893442622948214e+01,4.998754098360655429e-02
1.475000000000000000e+04,4.999893442622948214e+01,4.998754098360655429e-02
1.475500000000000000e+04,4.999893442622948214e+01,4.998754098360655429e-02
1.476000000000000000e+04,4.999893442622948214e+01,4.998754098360655429e-02
1.476500000000000000e+04,4.999893442622948214e+01,4.998754098360655429e-02
1.477000000000000000e+04,4.999893442622948214e+01,4.998754098360655429e-02
1.477500000000000000e+04,4.999893442622948214e+01,4.998754098360655429e-02
1.478000000000000000e+04,4.999893442622948214e+01,4.998754098360655429e-02
1.478500000000000000e+04,4.999893442622948214e+01,4.998754098360655429e-02
1.479000000000000000e+04,4.999893442622948214e+01,4.998754098360655429e-02
1.479500000000000000e+04,4.999893442622948214e+01,4.998754098360655429e-02
1.480000000000000000e+04,4.999893442622948214e+01,4.998754098360655429e-02
1.480500000000000000e+04,4.999893442622948214e+01,4.998754098360655429e-02
1.481000000000000000e+04,4.999893442622948214e+01,4.998754098360655429e-02
1.481500000000000000e+04,4.999893442622948214e+01,4.998754098360655429e-02
1.482000000000000000e+04,4.999893442622948214e+01,4.998754098360655429e-02
1.482500000000000000e+04,4.999893442622948214e+01,4.998754098360655429e-02
1.483000000000000000e+04,4.999893442622948214e+01,4.998754098360655429e-02
1.483500000000000000e+04,4.999893442622948214e+01,4.998754098360655429e-02
1.484000000000000000e+04,4.999893442622948214e+01,4.998754098360655429e-02
1.484500000000000000e+04,4.999893442622948214e+01,4.998754098360655429e-02
1.485000000000000000e+04,4.999893442622948214e+01,4.998754098360655429e-02
1.485500000000000000e+04,4.999893442622948214e+01,4.998754098360655429e-02
1.486000000000000000e+04,4.999893442622948214e+01,4.998754098360655429e-02
1.486500000000000000e+04,4.999893442622948214e+01,4.998754098360655429e-02
1.487000000000000000e+04,4.999893442622948214e+01,4.998754098360655429e-02
1.487500000000000000e+04,4.999893442622948214e+01,4.998754098360655429e-02
1.488000000000000000e+04,4.999893442622948214e+01,4.998754098360655429e-02
1.488500000000000000e+04,4.999893442622948214e+01,4.998754098360655429e-02
1.489000000000000000e+04,4.999893442622948214e+01,4.998754098360655429e-02
1.489500000000000000e+04,4.999893442622948214e+01,4.998754098360655429e-02
1.490000000000000000e+04,4.999893442622948214e+01,4.998754098360655429e-02
1.490500000000000000e+04,4.999893442622948214e+01,4.998754098360655429e-02
1.491000000000000000e+04,4.999893442622948214e+01,4.998754098360655429e-02
1.491500000000000000e+04,4.999893442622948214e+01,4.998754098360655429e-02
1.492000000000000000e+04,4.999893442622948214e+01,4.998754098360655429e-02
1.492500000000000000e+04,4.999893442622948214e+01,4.998754098360655429e-02
1.493000000000000000e+04,4.999893442622948214e+01,4.998754098360655429e-02
1.493500000000000000e+04,4.999893442622948214e+01,4.998754098360655429e-02
1.494000000000000000e+04,4.999893442622948214e+01,4.998754098360655429e-02
1.494500000000000000e+04,4.999893442622948214e+01,4.998754098360655429e-02
1.495000000000000000e+04,4.999893442622948214e+01,4.998754098360655429e-02
1.495500000000000000e+04,4.999893442622948214e+01,4.998754098360655429e-02
1.496000000000000000e+04,4.999893442622948214e+01,4.998754098360655429e-02
1.496500000000000000e+04,4.999893442622948214e+01,4.998754098360655429e-02
1.497000000000000000e+04,4.999893442622948214e+01,4.998754098360655429e-02
1.497500000000000000e+04,4.999893442622948214e+01,4.998754098360655429e-02
1.498000000000000000e+04,4.999893442622948214e+01,4.998754098360655429e-02
1.498500000000000000e+04,4.999893442622948214e+01,4.998754098360655429e-02
1.499000000000000000e+04,4.999893442622948214e+01,4.998754098360655429e-02
1.499500000000000000e+04,4.999893442622948214e+01,4.998754098360655429e-02
1.500000000000000000e+04,4.999893442622948214e+01,4.998754098360655429e-02
1.500500000000000000e+04,4.999893442622948214e+01,4.998754098360655429e-02
1.501000000000000000e+04,4.999893442622948214e+01,4.998754098360655429e-02
1.501500000000000000e+04,4.999893442622948214e+01,4.998754098360655429e-02
1.502000000000000000e+04,4.999893442622948214e+01,4.998754098360655429e-02
1.502500000000000000e+04,4.999893442622948214e+01,4.998754098360655429e-02
1.503000000000000000e+04,4.999893442622948214e+01,4.998754098360655429e-02
1.503500000000000000e+04,4.999893442622948214e+01,4.998754098360655429e-02
1.504000000000000000e+04,4.999893442622948214e+01,4.998754098360655429e-02
1.504500000000000000e+04,4.999893442622948214e+01,4.998754098360655429e-02
1.505000000000000000e+04,4.999893442622948214e+01,4.998754098360655429e-02
1.505500000000000000e+04,4.999893442622948214e+01,4.998754098360655429e-02
1.506000000000000000e+04,4.999893442622948214e+01,4.998754098360655429e-02
1.506500000000000000e+04,4.999893442622948214e+01,4.998754098360655429e-02
1.507000000000000000e+04,4.999893442622948214e+01,4.998754098360655429e-02
1.507500000000000000e+04,4.999893442622948214e+01,4.998754098360655429e-02
1.508000000000000000e+04,4.999893442622948214e+01,4.998754098360655429e-02
1.508500000000000000e+04,4.999893442622948214e+01,4.998754098360655429e-02
1.509000000000000000e+04,4.999893442622948214e+01,4.998754098360655429e-02
1.509500000000000000e+04,4.999893442622948214e+01,4.998754098360655429e-02
1.510000000000000000e+04,4.999893442622948214e+01,4.998754098360655429e-02
1.510500000000000000e+04,4.999893442622948214e+01,4.998754098360655429e-02
1.511000000000000000e+04,4.999893442622948214e+01,4.998754098360655429e-02
1.511500000000000000e+04,4.999893442622948214e+01,4.998754098360655429e-02
1.512000000000000000e+04,4.999893442622948214e+01,4.998754098360655429e-02
1.512500000000000000e+04,4.999893442622948214e+01,4.998754098360655429e-02
1.513000000000000000e+04,4.999893442622948214e+01,4.998754098360655429e-02
1.513500000000000000e+04,4.999893442622948214e+01,4.998754098360655429e-02
1.514000000000000000e+04,4.999893442622948214e+01,4.998754098360655429e-02
1.514500000000000000e+04,4.999893442622948214e+01,4.998754098360655429e-02
1.515000000000000000e+04,4.999893442622948214e+01,4.998754098360655429e-02
1.515500000000000000e+04,4.999893442622948214e+01,4.998754098360655429e-02
1.516000000000000000e+04,4.999893442622948214e+01,4.998754098360655429e-02
1.516500000000000000e+04,4.999893442622948214e+01,4.998754098360655429e-02
1.517000000000000000e+04,4.999893442622948214e+01,4.998754098360655429e-02
1.517500000000000000e+04,4.999893442622948214e+01,4.998754098360655429e-02
1.518000000000000000e+04,4.999893442622948214e+01,4.998754098360655429e-02
1.518500000000000000e+04,4.999893442622948214e+01,4.998754098360655429e-02
1.519000000000000000e+04,4.999893442622948214e+01,4.998754098360655429e-02
1.519500000000000000e+04,4.999893442622948214e+01,4.998754098360655429e-02
1.520000000000000000e+04,4.999893442622948214e+01,4.998754098360655429e-02
1.520500000000000000e+04,4.999893442622948214e+01,4.998754098360655429e-02
1.521000000000000000e+04,4.999893442622948214e+01,4.998754098360655429e-02
1.521500000000000000e+04,4.999893442622948214e+01,4.998754098360655429e-02
1.522000000000000000e+04,4.999893442622948214e+01,4.998754098360655429e-02
1.522500000000000000e+04,4.999893442622948214e+01,4.998754098360655429e-02
1.523000000000000000e+04,4.999893442622948214e+01,4.998754098360655429e-02
1.523500000000000000e+04,4.999893442622948214e+01,4.998754098360655429e-02
1.524000000000000000e+04,4.999893442622948214e+01,4.998754098360655429e-02
1.524500000000000000e+04,4.999893442622948214e+01,4.998754098360655429e-02
1.525000000000000000e+04,4.999893442622948214e+01,4.998754098360655429e-02
1.525500000000000000e+04,4.999893442622948214e+01,4.998754098360655429e-02
1.526000000000000000e+04,4.999893442622948214e+01,4.998754098360655429e-02
1.526500000000000000e+04,4.999893442622948214e+01,4.998754098360655429e-02
1.527000000000000000e+04,4.999893442622948214e+01,4.998754098360655429e-02
1.527500000000000000e+04,4.999893442622948214e+01,4.998754098360655429e-02
1.528000000000000000e+04,4.999893442622948214e+01,4.998754098360655429e-02
1.528500000000000000e+04,4.999893442622948214e+01,4.998754098360655429e-02
1.529000000000000000e+04,4.999893442622948214e+01,4.998754098360655429e-02
1.529500000000000000e+04,4.999893442622948214e+01,4.998754098360655429e-02
1.530000000000000000e+04,4.999893442622948214e+01,4.998754098360655429e-02
1.530500000000000000e+04,4.999893442622948214e+01,4.998754098360655429e-02
1.531000000000000000e+04,4.999893442622948214e+01,4.998754098360655429e-02
1.531500000000000000e+04,4.999893442622948214e+01,4.998754098360655429e-02
1.532000000000000000e+04,4.999893442622948214e+01,4.998754098360655429e-02
1.532500000000000000e+04,4.999893442622948214e+01,4.998754098360655429e-02
1.533000000000000000e+04,4.999893442622948214e+01,4.998754098360655429e-02
1.533500000000000000e+04,4.999893442622948214e+01,4.998754098360655429e-02
1.534000000000000000e+04,4.999893442622948214e+01,4.998754098360655429e-02
1.534500000000000000e+04,4.999893442622948214e+01,4.998754098360655429e-02
1.535000000000000000e+04,4.999893442622948214e+01,4.998754098360655429e-02
1.535500000000000000e+04,4.999893442622948214e+01,4.998754098360655429e-02
1.536000000000000000e+04,4.999893442622948214e+01,4.998754098360655429e-02
1.536500000000000000e+04,4.999893442622948214e+01,4.998754098360655429e-02
1.537000000000000000e+04,4.999893442622948214e+01,4.998754098360655429e-02
1.537500000000000000e+04,4.999893442622948214e+01,4.998754098360655429e-02
1.538000000000000000e+04,4.999893442622948214e+01,4.998754098360655429e-02
1.538500000000000000e+04,4.999893442622948214e+01,4.998754098360655429e-02
1.539000000000000000e+04,4.999893442622948214e+01,4.998754098360655429e-02
1.539500000000000000e+04,4.999893442622948214e+01,4.998754098360655429e-02
1.540000000000000000e+04,4.999893442622948214e+01,4.998754098360655429e-02
1.540500000000000000e+04,4.999893442622948214e+01,4.998754098360655429e-02
1.541000000000000000e+04,4.999893442622948214e+01,4.998754098360655429e-02
1.541500000000000000e+04,4.999893442622948214e+01,4.998754098360655429e-02
1.542000000000000000e+04,4.999893442622948214e+01,4.998754098360655429e-02
1.542500000000000000e+04,4.999893442622948214e+01,4.998754098360655429e-02
1.543000000000000000e+04,4.999893442622948214e+01,4.998754098360655429e-02
1.543500000000000000e+04,4.999893442622948214e+01,4.998754098360655429e-02
1.544000000000000000e+04,4.999893442622948214e+01,4.998754098360655429e-02
1.544500000000000000e+04,4.999893442622948214e+01,4.998754098360655429e-02
1.545000000000000000e+04,4.999893442622948214e+01,4.998754098360655429e-02
1.545500000000000000e+04,4.999893442622948214e+01,4.998754098360655429e-02
1.546000000000000000e+04,4.999893442622948214e+01,4.998754098360655429e-02
1.546500000000000000e+04,4.999893442622948214e+01,4.998754098360655429e-02
1.547000000000000000e+04,4.999893442622948214e+01,4.998754098360655429e-02
1.547500000000000000e+04,4.999893442622948214e+01,4.998754098360655429e-02
1.548000000000000000e+04,4.999893442622948214e+01,4.998754098360655429e-02
1.548500000000000000e+04,4.999893442622948214e+01,4.998754098360655429e-02
1.549000000000000000e+04,4.999893442622948214e+01,4.998754098360655429e-02
1.549500000000000000e+04,4.999893442622948214e+01,4.998754098360655429e-02
1.550000000000000000e+04,4.999893442622948214e+01,4.998754098360655429e-02
1.550500000000000000e+04,4.999893442622948214e+01,4.998754098360655429e-02
1.551000000000000000e+04,4.999893442622948214e+01,4.998754098360655429e-02
1.551500000000000000e+04,4.999893442622948214e+01,4.998754098360655429e-02
1.552000000000000000e+04,4.999893442622948214e+01,4.998754098360655429e-02
1.552500000000000000e+04,4.999893442622948214e+01,4.998754098360655429e-02
1.553000000000000000e+04,4.999893442622948214e+01,4.998754098360655429e-02
1.553500000000000000e+04,4.999893442622948214e+01,4.998754098360655429e-02
1.554000000000000000e+04,4.999893442622948214e+01,4.998754098360655429e-02
1.554500000000000000e+04,4.999893442622948214e+01,4.998754098360655429e-02
1.555000000000000000e+04,4.999893442622948214e+01,4.998754098360655429e-02
1.555500000000000000e+04,4.999893442622948214e+01,4.998754098360655429e-02
1.556000000000000000e+04,4.999893442622948214e+01,4.998754098360655429e-02
1.556500000000000000e+04,4.999893442622948214e+01,4.998754098360655429e-02
1.557000000000000000e+04,4.999893442622948214e+01,4.998754098360655429e-02
1.557500000000000000e+04,4.999893442622948214e+01,4.998754098360655429e-02
1.558000000000000000e+04,4.999893442622948214e+01,4.998754098360655429e-02
1.558500000000000000e+04,4.999893442622948214e+01,4.998754098360655429e-02
1.559000000000000000e+04,4.999893442622948214e+01,4.998754098360655429e-02
1.559500000000000000e+04,4.999893442622948214e+01,4.998754098360655429e-02
1.560000000000000000e+04,4.999893442622948214e+01,4.998754098360655429e-02
1.560500000000000000e+04,4.999893442622948214e+01,4.998754098360655429e-02
1.561000000000000000e+04,4.999893442622948214e+01,4.998754098360655429e-02
1.561500000000000000e+04,4.999893442622948214e+01,4.998754098360655429e-02
1.562000000000000000e+04,4.999893442622948214e+01,4.998754098360655429e-02
1.562500000000000000e+04,4.999893442622948214e+01,4.998754098360655429e-02
1.563000000000000000e+04,4.999893442622948214e+01,4.998754098360655429e-02
1.563500000000000000e+04,4.999893442622948214e+01,4.998754098360655429e-02
1.564000000000000000e+04,4.999893442622948214e+01,4.998754098360655429e-02
1.564500000000000000e+04,4.999893442622948214e+01,4.998754098360655429e-02
1.565000000000000000e+04,4.999893442622948214e+01,4.998754098360655429e-02
1.565500000000000000e+04,4.999893442622948214e+01,4.998754098360655429e-02
1.566000000000000000e+04,4.999893442622948214e+01,4.998754098360655429e-02
1.566500000000000000e+04,4.999893442622948214e+01,4.998754098360655429e-02
1.567000000000000000e+04,4.999893442622948214e+01,4.998754098360655429e-02
1.567500000000000000e+04,4.999893442622948214e+01,4.998754098360655429e-02
1.568000000000000000e+04,4.999893442622948214e+01,4.998754098360655429e-02
1.568500000000000000e+04,4.999893442622948214e+01,4.998754098360655429e-02
1.569000000000000000e+04,4.999893442622948214e+01,4.998754098360655429e-02
1.569500000000000000e+04,4.999893442622948214e+01,4.998754098360655429e-02
1.570000000000000000e+04,4.999893442622948214e+01,4.998754098360655429e-02
1.570500000000000000e+04,4.999893442622948214e+01,4.998754098360655429e-02
1.571000000000000000e+04,4.999893442622948214e+01,4.998754098360655429e-02
1.571500000000000000e+04,4.999893442622948214e+01,4.998754098360655429e-02
1.572000000000000000e+04,4.999893442622948214e+01,4.998754098360655429e-02
1.572500000000000000e+04,4.999893442622948214e+01,4.998754098360655429e-02
1.573000000000000000e+04,4.999893442622948214e+01,4.998754098360655429e-02
1.573500000000000000e+04,4.999893442622948214e+01,4.998754098360655429e-02
1.574000000000000000e+04,4.999893442622948214e+01,4.998754098360655429e-02
1.574500000000000000e+04,4.999893442622948214e+01,4.998754098360655429e-02
1.575000000000000000e+04,4.999893442622948214e+01,4.998754098360655429e-02
1.575500000000000000e+04,4.999893442622948214e+01,4.998754098360655429e-02
1.576000000000000000e+04,4.999893442622948214e+01,4.998754098360655429e-02
1.576500000000000000e+04,4.999893442622948214e+01,4.998754098360655429e-02
1.577000000000000000e+04,4.999893442622948214e+01,4.998754098360655429e-02
1.577500000000000000e+04,4.999893442622948214e+01,4.998754098360655429e-02
1.578000000000000000e+04,4.999893442622948214e+01,4.998754098360655429e-02
1.578500000000000000e+04,4.999893442622948214e+01,4.998754098360655429e-02
1.579000000000000000e+04,4.999893442622948214e+01,4.998754098360655429e-02
1.579500000000000000e+04,4.999893442622948214e+01,4.998754098360655429e-02
1.580000000000000000e+04,4.999893442622948214e+01,4.998754098360655429e-02
1.580500000000000000e+04,4.999893442622948214e+01,4.998754098360655429e-02
1.581000000000000000e+04,4.999893442622948214e+01,4.998754098360655429e-02
1.581500000000000000e+04,4.999893442622948214e+01,4.998754098360655429e-02
1.582000000000000000e+04,4.999893442622948214e+01,4.998754098360655429e-02
1.582500000000000000e+04,4.999893442622948214e+01,4.998754098360655429e-02
1.583000000000000000e+04,4.999893442622948214e+01,4.998754098360655429e-02
1.583500000000000000e+04,4.999893442622948214e+01,4.998754098360655429e-02
1.584000000000000000e+04,4.999893442622948214e+01,4.998754098360655429e-02
1.584500000000000000e+04,4.999893442622948214e+01,4.998754098360655429e-02
1.585000000000000000e+04,4.999893442622948214e+01,4.998754098360655429e-02
1.585500000000000000e+04,4.999893442622948214e+01,4.998754098360655429e-02
1.586000000000000000e+04,4.999893442622948214e+01,4.998754098360655429e-02
1.586500000000000000e+04,4.999893442622948214e+01,4.998754098360655429e-02
1.587000000000000000e+04,4.999893442622948214e+01,4.998754098360655429e-02
1.587500000000000000e+04,4.999893442622948214e+01,4.998754098360655429e-02
1.588000000000000000e+04,4.999893442622948214e+01,4.998754098360655429e-02
1.588500000000000000e+04,4.999893442622948214e+01,4.998754098360655429e-02
1.589000000000000000e+04,4.999893442622948214e+01,4.998754098360655429e-02
1.589500000000000000e+04,4.999893442622948214e+01,4.998754098360655429e-02
1.590000000000000000e+04,4.999893442622948214e+01,4.998754098360655429e-02
1.590500000000000000e+04,4.999893442622948214e+01,4.998754098360655429e-02
1.591000000000000000e+04,4.999893442622948214e+01,4.998754098360655429e-02
1.591500000000000000e+04,4.999893442622948214e+01,4.998754098360655429e-02
1.592000000000000000e+04,4.999893442622948214e+01,4.998754098360655429e-02
1.592500000000000000e+04,4.999893442622948214e+01,4.998754098360655429e-02
1.593000000000000000e+04,4.999893442622948214e+01,4.998754098360655429e-02
1.593500000000000000e+04,4.999893442622948214e+01,4.998754098360655429e-02
1.594000000000000000e+04,4.999893442622948214e+01,4.998754098360655429e-02
1.594500000000000000e+04,4.999893442622948214e+01,4.998754098360655429e-02
1.595000000000000000e+04,4.999893442622948214e+01,4.998754098360655429e-02
1.595500000000000000e+04,4.999893442622948214e+01,4.998754098360655429e-02
1.596000000000000000e+04,4.999893442622948214e+01,4.998754098360655429e-02
1.596500000000000000e+04,4.999893442622948214e+01,4.998754098360655429e-02
1.597000000000000000e+04,4.999893442622948214e+01,4.998754098360655429e-02
1.597500000000000000e+04,4.999893442622948214e+01,4.998754098360655429e-02
1.598000000000000000e+04,4.999893442622948214e+01,4.998754098360655429e-02
1.598500000000000000e+04,4.999893442622948214e+01,4.998754098360655429e-02
1.599000000000000000e+04,4.999893442622948214e+01,4.998754098360655429e-02
1.599500000000000000e+04,4.999893442622948214e+01,4.998754098360655429e-02
1.600000000000000000e+04,4.999893442622948214e+01,4.998754098360655429e-02
1.600500000000000000e+04,4.999893442622948214e+01,4.998754098360655429e-02
1.601000000000000000e+04,4.999893442622948214e+01,4.998754098360655429e-02
1.601500000000000000e+04,4.999893442622948214e+01,4.998754098360655429e-02
1.602000000000000000e+04,4.999893442622948214e+01,4.998754098360655429e-02
1.602500000000000000e+04,4.999893442622948214e+01,4.998754098360655429e-02
1.603000000000000000e+04,4.999893442622948214e+01,4.998754098360655429e-02
1.603500000000000000e+04,4.999893442622948214e+01,4.998754098360655429e-02
1.604000000000000000e+04,4.999893442622948214e+01,4.998754098360655429e-02
1.604500000000000000e+04,4.999893442622948214e+01,4.998754098360655429e-02
1.605000000000000000e+04,4.999893442622948214e+01,4.998754098360655429e-02
1.605500000000000000e+04,4.999893442622948214e+01,4.998754098360655429e-02
1.606000000000000000e+04,4.999893442622948214e+01,4.998754098360655429e-02
1.606500000000000000e+04,4.999893442622948214e+01,4.998754098360655429e-02
1.607000000000000000e+04,4.999893442622948214e+01,4.998754098360655429e-02
1.607500000000000000e+04,4.999893442622948214e+01,4.998754098360655429e-02
1.608000000000000000e+04,4.999893442622948214e+01,4.998754098360655429e-02
1.608500000000000000e+04,4.999893442622948214e+01,4.998754098360655429e-02
1.609000000000000000e+04,4.999893442622948214e+01,4.998754098360655429e-02
1.609500000000000000e+04,4.999893442622948214e+01,4.998754098360655429e-02
1.610000000000000000e+04,4.999893442622948214e+01,4.998754098360655429e-02
1.610500000000000000e+04,4.999893442622948214e+01,4.998754098360655429e-02
1.611000000000000000e+04,4.999893442622948214e+01,4.998754098360655429e-02
1.611500000000000000e+04,4.999893442622948214e+01,4.998754098360655429e-02
1.612000000000000000e+04,4.999893442622948214e+01,4.998754098360655429e-02
1.612500000000000000e+04,4.999893442622948214e+01,4.998754098360655429e-02
1.613000000000000000e+04,4.999893442622948214e+01,4.998754098360655429e-02
1.613500000000000000e+04,4.999893442622948214e+01,4.998754098360655429e-02
1.614000000000000000e+04,4.999893442622948214e+01,4.998754098360655429e-02
1.614500000000000000e+04,4.999893442622948214e+01,4.998754098360655429e-02
1.615000000000000000e+04,4.999893442622948214e+01,4.998754098360655429e-02
1.615500000000000000e+04,4.999893442622948214e+01,4.998754098360655429e-02
1.616000000000000000e+04,4.999893442622948214e+01,4.998754098360655429e-02
1.616500000000000000e+04,4.999893442622948214e+01,4.998754098360655429e-02
1.617000000000000000e+04,4.999893442622948214e+01,4.998754098360655429e-02
1.617500000000000000e+04,4.999893442622948214e+01,4.998754098360655429e-02
1.618000000000000000e+04,4.999893442622948214e+01,4.998754098360655429e-02
1.618500000000000000e+04,4.999893442622948214e+01,4.998754098360655429e-02
1.619000000000000000e+04,4.999893442622948214e+01,4.998754098360655429e-02
1.619500000000000000e+04,4.999893442622948214e+01,4.998754098360655429e-02
1.620000000000000000e+04,4.999893442622948214e+01,4.998754098360655429e-02
1.620500000000000000e+04,4.999893442622948214e+01,4.998754098360655429e-02
1.621000000000000000e+04,4.999893442622948214e+01,4.998754098360655429e-02
1.621500000000000000e+04,4.999893442622948214e+01,4.998754098360655429e-02
1.622000000000000000e+04,4.999893442622948214e+01,4.998754098360655429e-02
1.622500000000000000e+04,4.999893442622948214e+01,4.998754098360655429e-02
1.623000000000000000e+04,4.999893442622948214e+01,4.998754098360655429e-02
1.623500000000000000e+04,4.999893442622948214e+01,4.998754098360655429e-02
1.624000000000000000e+04,4.999893442622948214e+01,4.998754098360655429e-02
1.624500000000000000e+04,4.999893442622948214e+01,4.998754098360655429e-02
1.625000000000000000e+04,4.999893442622948214e+01,4.998754098360655429e-02
1.625500000000000000e+04,4.999893442622948214e+01,4.998754098360655429e-02
1.626000000000000000e+04,4.999893442622948214e+01,4.998754098360655429e-02
1.626500000000000000e+04,4.999893442622948214e+01,4.998754098360655429e-02
1.627000000000000000e+04,4.999893442622948214e+01,4.998754098360655429e-02
1.627500000000000000e+04,4.999893442622948214e+01,4.998754098360655429e-02
1.628000000000000000e+04,4.999893442622948214e+01,4.998754098360655429e-02
1.628500000000000000e+04,4.999893442622948214e+01,4.998754098360655429e-02
1.629000000000000000e+04,4.999893442622948214e+01,4.998754098360655429e-02
1.629500000000000000e+04,4.999893442622948214e+01,4.998754098360655429e-02
1.630000000000000000e+04,4.999893442622948214e+01,4.998754098360655429e-02
1.630500000000000000e+04,4.999893442622948214e+01,4.998754098360655429e-02
1.631000000000000000e+04,4.999893442622948214e+01,4.998754098360655429e-02
1.631500000000000000e+04,4.999893442622948214e+01,4.998754098360655429e-02
1.632000000000000000e+04,4.999893442622948214e+01,4.998754098360655429e-02
1.632500000000000000e+04,4.999893442622948214e+01,4.998754098360655429e-02
1.633000000000000000e+04,4.999893442622948214e+01,4.998754098360655429e-02
1.633500000000000000e+04,4.999893442622948214e+01,4.998754098360655429e-02
1.634000000000000000e+04,4.999893442622948214e+01,4.998754098360655429e-02
1.634500000000000000e+04,4.999893442622948214e+01,4.998754098360655429e-02
1.635000000000000000e+04,4.999893442622948214e+01,4.998754098360655429e-02
1.635500000000000000e+04,4.999893442622948214e+01,4.998754098360655429e-02
1.636000000000000000e+04,4.999893442622948214e+01,4.998754098360655429e-02
1.636500000000000000e+04,4.999893442622948214e+01,4.998754098360655429e-02
1.637000000000000000e+04,4.999893442622948214e+01,4.998754098360655429e-02
1.637500000000000000e+04,4.999893442622948214e+01,4.998754098360655429e-02
1.638000000000000000e+04,4.999893442622948214e+01,4.998754098360655429e-02
1.638500000000000000e+04,4.999893442622948214e+01,4.998754098360655429e-02
1.639000000000000000e+04,4.999893442622948214e+01,4.998754098360655429e-02
1.639500000000000000e+04,4.999893442622948214e+01,4.998754098360655429e-02
1.640000000000000000e+04,4.999893442622948214e+01,4.998754098360655429e-02
1.640500000000000000e+04,4.999893442622948214e+01,4.998754098360655429e-02
1.641000000000000000e+04,4.999893442622948214e+01,4.998754098360655429e-02
1.641500000000000000e+04,4.999893442622948214e+01,4.998754098360655429e-02
1.642000000000000000e+04,4.999893442622948214e+01,4.998754098360655429e-02
1.642500000000000000e+04,4.999893442622948214e+01,4.998754098360655429e-02
1.643000000000000000e+04,4.999893442622948214e+01,4.998754098360655429e-02
1.643500000000000000e+04,4.999893442622948214e+01,4.998754098360655429e-02
1.644000000000000000e+04,4.999893442622948214e+01,4.998754098360655429e-02
1.644500000000000000e+04,4.999893442622948214e+01,4.998754098360655429e-02
1.645000000000000000e+04,4.999893442622948214e+01,4.998754098360655429e-02
1.645500000000000000e+04,4.999893442622948214e+01,4.998754098360655429e-02
1.646000000000000000e+04,4.999893442622948214e+01,4.998754098360655429e-02
1.646500000000000000e+04,4.999893442622948214e+01,4.998754098360655429e-02
1.647000000000000000e+04,4.999893442622948214e+01,4.998754098360655429e-02
1.647500000000000000e+04,4.999893442622948214e+01,4.998754098360655429e-02
1.648000000000000000e+04,4.999893442622948214e+01,4.998754098360655429e-02
1.648500000000000000e+04,4.999893442622948214e+01,4.998754098360655429e-02
1.649000000000000000e+04,4.999893442622948214e+01,4.998754098360655429e-02
1.649500000000000000e+04,4.999893442622948214e+01,4.998754098360655429e-02
1.650000000000000000e+04,4.999893442622948214e+01,4.998754098360655429e-02
1.650500000000000000e+04,4.999893442622948214e+01,4.998754098360655429e-02
1.651000000000000000e+04,4.999893442622948214e+01,4.998754098360655429e-02
1.651500000000000000e+04,4.999893442622948214e+01,4.998754098360655429e-02
1.652000000000000000e+04,4.999893442622948214e+01,4.998754098360655429e-02
1.652500000000000000e+04,4.999893442622948214e+01,4.998754098360655429e-02
1.653000000000000000e+04,4.999893442622948214e+01,4.998754098360655429e-02
1.653500000000000000e+04,4.999893442622948214e+01,4.998754098360655429e-02
1.654000000000000000e+04,4.999893442622948214e+01,4.998754098360655429e-02
1.654500000000000000e+04,4.999893442622948214e+01,4.998754098360655429e-02
1.655000000000000000e+04,4.999893442622948214e+01,4.998754098360655429e-02
1.655500000000000000e+04,4.999893442622948214e+01,4.998754098360655429e-02
1.656000000000000000e+04,4.999893442622948214e+01,4.998754098360655429e-02
1.656500000000000000e+04,4.999893442622948214e+01,4.998754098360655429e-02
1.657000000000000000e+04,4.999893442622948214e+01,4.998754098360655429e-02
1.657500000000000000e+04,4.999893442622948214e+01,4.998754098360655429e-02
1.658000000000000000e+04,4.999893442622948214e+01,4.998754098360655429e-02
1.658500000000000000e+04,4.999893442622948214e+01,4.998754098360655429e-02
1.659000000000000000e+04,4.999893442622948214e+01,4.998754098360655429e-02
1.659500000000000000e+04,4.999893442622948214e+01,4.998754098360655429e-02
1.660000000000000000e+04,4.999893442622948214e+01,4.998754098360655429e-02
1.660500000000000000e+04,4.999893442622948214e+01,4.998754098360655429e-02
1.661000000000000000e+04,4.999893442622948214e+01,4.998754098360655429e-02
1.661500000000000000e+04,4.999893442622948214e+01,4.998754098360655429e-02
1.662000000000000000e+04,4.999893442622948214e+01,4.998754098360655429e-02
1.662500000000000000e+04,4.999893442622948214e+01,4.998754098360655429e-02
1.663000000000000000e+04,4.999893442622948214e+01,4.998754098360655429e-02
1.663500000000000000e+04,4.999893442622948214e+01,4.998754098360655429e-02
1.664000000000000000e+04,4.999893442622948214e+01,4.998754098360655429e-02
1.664500000000000000e+04,4.999893442622948214e+01,4.998754098360655429e-02
1.665000000000000000e+04,4.999893442622948214e+01,4.998754098360655429e-02
1.665500000000000000e+04,4.999893442622948214e+01,4.998754098360655429e-02
1.666000000000000000e+04,4.999893442622948214e+01,4.998754098360655429e-02
1.666500000000000000e+04,4.999893442622948214e+01,4.998754098360655429e-02
1.667000000000000000e+04,4.999893442622948214e+01,4.998754098360655429e-02
1.667500000000000000e+04,4.999893442622948214e+01,4.998754098360655429e-02
1.668000000000000000e+04,4.999893442622948214e+01,4.998754098360655429e-02
1.668500000000000000e+04,4.999893442622948214e+01,4.998754098360655429e-02
1.669000000000000000e+04,4.999893442622948214e+01,4.998754098360655429e-02
1.669500000000000000e+04,4.999893442622948214e+01,4.998754098360655429e-02
1.670000000000000000e+04,4.999893442622948214e+01,4.998754098360655429e-02
1.670500000000000000e+04,4.999893442622948214e+01,4.998754098360655429e-02
1.671000000000000000e+04,4.999893442622948214e+01,4.998754098360655429e-02
1.671500000000000000e+04,4.999893442622948214e+01,4.998754098360655429e-02
1.672000000000000000e+04,4.999893442622948214e+01,4.998754098360655429e-02
1.672500000000000000e+04,4.999893442622948214e+01,4.998754098360655429e-02
1.673000000000000000e+04,4.999893442622948214e+01,4.998754098360655429e-02
1.673500000000000000e+04,4.999893442622948214e+01,4.998754098360655429e-02
1.674000000000000000e+04,4.999893442622948214e+01,4.998754098360655429e-02
1.674500000000000000e+04,4.999893442622948214e+01,4.998754098360655429e-02
1.675000000000000000e+04,4.999893442622948214e+01,4.998754098360655429e-02
1.675500000000000000e+04,4.999893442622948214e+01,4.998754098360655429e-02
1.676000000000000000e+04,4.999893442622948214e+01,4.998754098360655429e-02
1.676500000000000000e+04,4.999893442622948214e+01,4.998754098360655429e-02
1.677000000000000000e+04,4.999893442622948214e+01,4.998754098360655429e-02
1.677500000000000000e+04,4.999893442622948214e+01,4.998754098360655429e-02
1.678000000000000000e+04,4.999893442622948214e+01,4.998754098360655429e-02
1.678500000000000000e+04,4.999893442622948214e+01,4.998754098360655429e-02
1.679000000000000000e+04,4.999893442622948214e+01,4.998754098360655429e-02
1.679500000000000000e+04,4.999893442622948214e+01,4.998754098360655429e-02
1.680000000000000000e+04,4.999893442622948214e+01,4.998754098360655429e-02
1.680500000000000000e+04,4.999893442622948214e+01,4.998754098360655429e-02
1.681000000000000000e+04,4.999893442622948214e+01,4.998754098360655429e-02
1.681500000000000000e+04,4.999893442622948214e+01,4.998754098360655429e-02
1.682000000000000000e+04,4.999893442622948214e+01,4.998754098360655429e-02
1.682500000000000000e+04,4.999893442622948214e+01,4.998754098360655429e-02
1.683000000000000000e+04,4.999893442622948214e+01,4.998754098360655429e-02
1.683500000000000000e+04,4.999893442622948214e+01,4.998754098360655429e-02
1.684000000000000000e+04,4.999893442622948214e+01,4.998754098360655429e-02
1.684500000000000000e+04,4.999893442622948214e+01,4.998754098360655429e-02
1.685000000000000000e+04,4.999893442622948214e+01,4.998754098360655429e-02
1.685500000000000000e+04,4.999893442622948214e+01,4.998754098360655429e-02
1.686000000000000000e+04,4.999893442622948214e+01,4.998754098360655429e-02
1.686500000000000000e+04,4.999893442622948214e+01,4.998754098360655429e-02
1.687000000000000000e+04,4.999893442622948214e+01,4.998754098360655429e-02
1.687500000000000000e+04,4.999893442622948214e+01,4.998754098360655429e-02
1.688000000000000000e+04,4.999893442622948214e+01,4.998754098360655429e-02
1.688500000000000000e+04,4.999893442622948214e+01,4.998754098360655429e-02
1.689000000000000000e+04,4.999893442622948214e+01,4.998754098360655429e-02
1.689500000000000000e+04,4.999893442622948214e+01,4.998754098360655429e-02
1.690000000000000000e+04,4.999893442622948214e+01,4.998754098360655429e-02
1.690500000000000000e+04,4.999893442622948214e+01,4.998754098360655429e-02
1.691000000000000000e+04,4.999893442622948214e+01,4.998754098360655429e-02
1.691500000000000000e+04,4.999893442622948214e+01,4.998754098360655429e-02
1.692000000000000000e+04,4.999893442622948214e+01,4.998754098360655429e-02
1.692500000000000000e+04,4.999893442622948214e+01,4.998754098360655429e-02
1.693000000000000000e+04,4.999893442622948214e+01,4.998754098360655429e-02
1.693500000000000000e+04,4.999893442622948214e+01,4.998754098360655429e-02
1.694000000000000000e+04,4.999893442622948214e+01,4.998754098360655429e-02
1.694500000000000000e+04,4.999893442622948214e+01,4.998754098360655429e-02
1.695000000000000000e+04,4.999893442622948214e+01,4.998754098360655429e-02
1.695500000000000000e+04,4.999893442622948214e+01,4.998754098360655429e-02
1.696000000000000000e+04,4.999893442622948214e+01,4.998754098360655429e-02
1.696500000000000000e+04,4.999893442622948214e+01,4.998754098360655429e-02
1.697000000000000000e+04,4.999893442622948214e+01,4.998754098360655429e-02
1.697500000000000000e+04,4.999893442622948214e+01,4.998754098360655429e-02
1.698000000000000000e+04,4.999893442622948214e+01,4.998754098360655429e-02
1.698500000000000000e+04,4.999893442622948214e+01,4.998754098360655429e-02
1.699000000000000000e+04,4.999893442622948214e+01,4.998754098360655429e-02
1.699500000000000000e+04,4.999893442622948214e+01,4.998754098360655429e-02
1.700000000000000000e+04,4.999893442622948214e+01,4.998754098360655429e-02
1.700500000000000000e+04,4.999893442622948214e+01,4.998754098360655429e-02
1.701000000000000000e+04,4.999893442622948214e+01,4.998754098360655429e-02
1.701500000000000000e+04,4.999893442622948214e+01,4.998754098360655429e-02
1.702000000000000000e+04,4.999893442622948214e+01,4.998754098360655429e-02
1.702500000000000000e+04,4.999893442622948214e+01,4.998754098360655429e-02
1.703000000000000000e+04,4.999893442622948214e+01,4.998754098360655429e-02
1.703500000000000000e+04,4.999893442622948214e+01,4.998754098360655429e-02
1.704000000000000000e+04,4.999893442622948214e+01,4.998754098360655429e-02
1.704500000000000000e+04,4.999893442622948214e+01,4.998754098360655429e-02
1.705000000000000000e+04,4.999893442622948214e+01,4.998754098360655429e-02
1.705500000000000000e+04,4.999893442622948214e+01,4.998754098360655429e-02
1.706000000000000000e+04,4.999893442622948214e+01,4.998754098360655429e-02
1.706500000000000000e+04,4.999893442622948214e+01,4.998754098360655429e-02
1.707000000000000000e+04,4.999893442622948214e+01,4.998754098360655429e-02
1.707500000000000000e+04,4.999893442622948214e+01,4.998754098360655429e-02
1.708000000000000000e+04,4.999893442622948214e+01,4.998754098360655429e-02
1.708500000000000000e+04,4.999893442622948214e+01,4.998754098360655429e-02
1.709000000000000000e+04,4.999893442622948214e+01,4.998754098360655429e-02
1.709500000000000000e+04,4.999893442622948214e+01,4.998754098360655429e-02
1.710000000000000000e+04,4.999893442622948214e+01,4.998754098360655429e-02
1.710500000000000000e+04,4.999893442622948214e+01,4.998754098360655429e-02
1.711000000000000000e+04,4.999893442622948214e+01,4.998754098360655429e-02
1.711500000000000000e+04,4.999893442622948214e+01,4.998754098360655429e-02
1.712000000000000000e+04,4.999893442622948214e+01,4.998754098360655429e-02
1.712500000000000000e+04,4.999893442622948214e+01,4.998754098360655429e-02
1.713000000000000000e+04,4.999893442622948214e+01,4.998754098360655429e-02
1.713500000000000000e+04,4.999893442622948214e+01,4.998754098360655429e-02
1.714000000000000000e+04,4.999893442622948214e+01,4.998754098360655429e-02
1.714500000000000000e+04,4.999893442622948214e+01,4.998754098360655429e-02
1.715000000000000000e+04,4.999893442622948214e+01,4.998754098360655429e-02
1.715500000000000000e+04,4.999893442622948214e+01,4.998754098360655429e-02
1.716000000000000000e+04,4.999893442622948214e+01,4.998754098360655429e-02
1.716500000000000000e+04,4.999893442622948214e+01,4.998754098360655429e-02
1.717000000000000000e+04,4.999893442622948214e+01,4.998754098360655429e-02
1.717500000000000000e+04,4.999893442622948214e+01,4.998754098360655429e-02
1.718000000000000000e+04,4.999893442622948214e+01,4.998754098360655429e-02
1.718500000000000000e+04,4.999893442622948214e+01,4.998754098360655429e-02
1.719000000000000000e+04,4.999893442622948214e+01,4.998754098360655429e-02
1.719500000000000000e+04,4.999893442622948214e+01,4.998754098360655429e-02
1.720000000000000000e+04,4.999893442622948214e+01,4.998754098360655429e-02
1.720500000000000000e+04,4.999893442622948214e+01,4.998754098360655429e-02
1.721000000000000000e+04,4.999893442622948214e+01,4.998754098360655429e-02
1.721500000000000000e+04,4.999893442622948214e+01,4.998754098360655429e-02
1.722000000000000000e+04,4.999893442622948214e+01,4.998754098360655429e-02
1.722500000000000000e+04,4.999893442622948214e+01,4.998754098360655429e-02
1.723000000000000000e+04,4.999893442622948214e+01,4.998754098360655429e-02
1.723500000000000000e+04,4.999893442622948214e+01,4.998754098360655429e-02
1.724000000000000000e+04,4.999893442622948214e+01,4.998754098360655429e-02
1.724500000000000000e+04,4.999893442622948214e+01,4.998754098360655429e-02
1.725000000000000000e+04,4.999893442622948214e+01,4.998754098360655429e-02
1.725500000000000000e+04,4.999893442622948214e+01,4.998754098360655429e-02
1.726000000000000000e+04,4.999893442622948214e+01,4.998754098360655429e-02
1.726500000000000000e+04,4.999893442622948214e+01,4.998754098360655429e-02
1.727000000000000000e+04,4.999893442622948214e+01,4.998754098360655429e-02
1.727500000000000000e+04,4.999893442622948214e+01,4.998754098360655429e-02
1.728000000000000000e+04,4.999893442622948214e+01,4.998754098360655429e-02
1.728500000000000000e+04,4.999893442622948214e+01,4.998754098360655429e-02
1.729000000000000000e+04,4.999893442622948214e+01,4.998754098360655429e-02
1.729500000000000000e+04,4.999893442622948214e+01,4.998754098360655429e-02
1.730000000000000000e+04,4.999893442622948214e+01,4.998754098360655429e-02
1.730500000000000000e+04,4.999893442622948214e+01,4.998754098360655429e-02
1.731000000000000000e+04,4.999893442622948214e+01,4.998754098360655429e-02
1.731500000000000000e+04,4.999893442622948214e+01,4.998754098360655429e-02
1.732000000000000000e+04,4.999893442622948214e+01,4.998754098360655429e-02
1.732500000000000000e+04,4.999893442622948214e+01,4.998754098360655429e-02
1.733000000000000000e+04,4.999893442622948214e+01,4.998754098360655429e-02
1.733500000000000000e+04,4.999893442622948214e+01,4.998754098360655429e-02
1.734000000000000000e+04,4.999893442622948214e+01,4.998754098360655429e-02
1.734500000000000000e+04,4.999893442622948214e+01,4.998754098360655429e-02
1.735000000000000000e+04,4.999893442622948214e+01,4.998754098360655429e-02
1.735500000000000000e+04,4.999893442622948214e+01,4.998754098360655429e-02
1.736000000000000000e+04,4.999893442622948214e+01,4.998754098360655429e-02
1.736500000000000000e+04,4.999893442622948214e+01,4.998754098360655429e-02
1.737000000000000000e+04,4.999893442622948214e+01,4.998754098360655429e-02
1.737500000000000000e+04,4.999893442622948214e+01,4.998754098360655429e-02
1.738000000000000000e+04,4.999893442622948214e+01,4.998754098360655429e-02
1.738500000000000000e+04,4.999893442622948214e+01,4.998754098360655429e-02
1.739000000000000000e+04,4.999893442622948214e+01,4.998754098360655429e-02
1.739500000000000000e+04,4.999893442622948214e+01,4.998754098360655429e-02
1.740000000000000000e+04,4.999893442622948214e+01,4.998754098360655429e-02
1.740500000000000000e+04,4.999893442622948214e+01,4.998754098360655429e-02
1.741000000000000000e+04,4.999893442622948214e+01,4.998754098360655429e-02
1.741500000000000000e+04,4.999893442622948214e+01,4.998754098360655429e-02
1.742000000000000000e+04,4.999893442622948214e+01,4.998754098360655429e-02
1.742500000000000000e+04,4.999893442622948214e+01,4.998754098360655429e-02
1.743000000000000000e+04,4.999893442622948214e+01,4.998754098360655429e-02
1.743500000000000000e+04,4.999893442622948214e+01,4.998754098360655429e-02
1.744000000000000000e+04,4.999893442622948214e+01,4.998754098360655429e-02
1.744500000000000000e+04,4.999893442622948214e+01,4.998754098360655429e-02
1.745000000000000000e+04,4.999893442622948214e+01,4.998754098360655429e-02
1.745500000000000000e+04,4.999893442622948214e+01,4.998754098360655429e-02
1.746000000000000000e+04,4.999893442622948214e+01,4.998754098360655429e-02
1.746500000000000000e+04,4.999893442622948214e+01,4.998754098360655429e-02
1.747000000000000000e+04,4.999893442622948214e+01,4.998754098360655429e-02
1.747500000000000000e+04,4.999893442622948214e+01,4.998754098360655429e-02
1.748000000000000000e+04,4.999893442622948214e+01,4.998754098360655429e-02
1.748500000000000000e+04,4.999893442622948214e+01,4.998754098360655429e-02
1.749000000000000000e+04,4.999893442622948214e+01,4.998754098360655429e-02
1.749500000000000000e+04,4.999893442622948214e+01,4.998754098360655429e-02
1.750000000000000000e+04,4.999893442622948214e+01,4.998754098360655429e-02
1.750500000000000000e+04,4.999893442622948214e+01,4.998754098360655429e-02
1.751000000000000000e+04,4.999893442622948214e+01,4.998754098360655429e-02
1.751500000000000000e+04,4.999893442622948214e+01,4.998754098360655429e-02
1.752000000000000000e+04,4.999893442622948214e+01,4.998754098360655429e-02
1.752500000000000000e+04,4.999893442622948214e+01,4.998754098360655429e-02
1.753000000000000000e+04,4.999893442622948214e+01,4.998754098360655429e-02
1.753500000000000000e+04,4.999893442622948214e+01,4.998754098360655429e-02
1.754000000000000000e+04,4.999893442622948214e+01,4.998754098360655429e-02
1.754500000000000000e+04,4.999893442622948214e+01,4.998754098360655429e-02
1.755000000000000000e+04,4.999893442622948214e+01,4.998754098360655429e-02
1.755500000000000000e+04,4.999893442622948214e+01,4.998754098360655429e-02
1.756000000000000000e+04,4.999893442622948214e+01,4.998754098360655429e-02
1.756500000000000000e+04,4.999893442622948214e+01,4.998754098360655429e-02
1.757000000000000000e+04,4.999893442622948214e+01,4.998754098360655429e-02
1.757500000000000000e+04,4.999893442622948214e+01,4.998754098360655429e-02
1.758000000000000000e+04,4.999893442622948214e+01,4.998754098360655429e-02
1.758500000000000000e+04,4.999893442622948214e+01,4.998754098360655429e-02
1.759000000000000000e+04,4.999893442622948214e+01,4.998754098360655429e-02
1.759500000000000000e+04,4.999893442622948214e+01,4.998754098360655429e-02
1.760000000000000000e+04,4.999893442622948214e+01,4.998754098360655429e-02
1.760500000000000000e+04,4.999893442622948214e+01,4.998754098360655429e-02
1.761000000000000000e+04,4.999893442622948214e+01,4.998754098360655429e-02
1.761500000000000000e+04,4.999893442622948214e+01,4.998754098360655429e-02
1.762000000000000000e+04,4.999893442622948214e+01,4.998754098360655429e-02
1.762500000000000000e+04,4.999893442622948214e+01,4.998754098360655429e-02
1.763000000000000000e+04,4.999893442622948214e+01,4.998754098360655429e-02
1.763500000000000000e+04,4.999893442622948214e+01,4.998754098360655429e-02
1.764000000000000000e+04,4.999893442622948214e+01,4.998754098360655429e-02
1.764500000000000000e+04,4.999893442622948214e+01,4.998754098360655429e-02
1.765000000000000000e+04,4.999893442622948214e+01,4.998754098360655429e-02
1.765500000000000000e+04,4.999893442622948214e+01,4.998754098360655429e-02
1.766000000000000000e+04,4.999893442622948214e+01,4.998754098360655429e-02
1.766500000000000000e+04,4.999893442622948214e+01,4.998754098360655429e-02
1.767000000000000000e+04,4.999893442622948214e+01,4.998754098360655429e-02
1.767500000000000000e+04,4.999893442622948214e+01,4.998754098360655429e-02
1.768000000000000000e+04,4.999893442622948214e+01,4.998754098360655429e-02
1.768500000000000000e+04,4.999893442622948214e+01,4.998754098360655429e-02
1.769000000000000000e+04,4.999893442622948214e+01,4.998754098360655429e-02
1.769500000000000000e+04,4.999893442622948214e+01,4.998754098360655429e-02
1.770000000000000000e+04,4.999893442622948214e+01,4.998754098360655429e-02
1.770500000000000000e+04,4.999893442622948214e+01,4.998754098360655429e-02
1.771000000000000000e+04,4.999893442622948214e+01,4.998754098360655429e-02
1.771500000000000000e+04,4.999893442622948214e+01,4.998754098360655429e-02
1.772000000000000000e+04,4.999893442622948214e+01,4.998754098360655429e-02
1.772500000000000000e+04,4.999893442622948214e+01,4.998754098360655429e-02
1.773000000000000000e+04,4.999893442622948214e+01,4.998754098360655429e-02
1.773500000000000000e+04,4.999893442622948214e+01,4.998754098360655429e-02
1.774000000000000000e+04,4.999893442622948214e+01,4.998754098360655429e-02
1.774500000000000000e+04,4.999893442622948214e+01,4.998754098360655429e-02
1.775000000000000000e+04,4.999893442622948214e+01,4.998754098360655429e-02
1.775500000000000000e+04,4.999893442622948214e+01,4.998754098360655429e-02
1.776000000000000000e+04,4.999893442622948214e+01,4.998754098360655429e-02
1.776500000000000000e+04,4.999893442622948214e+01,4.998754098360655429e-02
1.777000000000000000e+04,4.999893442622948214e+01,4.998754098360655429e-02
1.777500000000000000e+04,4.999893442622948214e+01,4.998754098360655429e-02
1.778000000000000000e+04,4.999893442622948214e+01,4.998754098360655429e-02
1.778500000000000000e+04,4.999893442622948214e+01,4.998754098360655429e-02
1.779000000000000000e+04,4.999893442622948214e+01,4.998754098360655429e-02
1.779500000000000000e+04,4.999893442622948214e+01,4.998754098360655429e-02
1.780000000000000000e+04,4.999893442622948214e+01,4.998754098360655429e-02
1.780500000000000000e+04,4.999893442622948214e+01,4.998754098360655429e-02
1.781000000000000000e+04,4.999893442622948214e+01,4.998754098360655429e-02
1.781500000000000000e+04,4.999893442622948214e+01,4.998754098360655429e-02
1.782000000000000000e+04,4.999893442622948214e+01,4.998754098360655429e-02
1.782500000000000000e+04,4.999893442622948214e+01,4.998754098360655429e-02
1.783000000000000000e+04,4.999893442622948214e+01,4.998754098360655429e-02
1.783500000000000000e+04,4.999893442622948214e+01,4.998754098360655429e-02
1.784000000000000000e+04,4.999893442622948214e+01,4.998754098360655429e-02
1.784500000000000000e+04,4.999893442622948214e+01,4.998754098360655429e-02
1.785000000000000000e+04,4.999893442622948214e+01,4.998754098360655429e-02
1.785500000000000000e+04,4.999893442622948214e+01,4.998754098360655429e-02
1.786000000000000000e+04,4.999893442622948214e+01,4.998754098360655429e-02
1.786500000000000000e+04,4.999893442622948214e+01,4.998754098360655429e-02
1.787000000000000000e+04,4.999893442622948214e+01,4.998754098360655429e-02
1.787500000000000000e+04,4.999893442622948214e+01,4.998754098360655429e-02
1.788000000000000000e+04,4.999893442622948214e+01,4.998754098360655429e-02
1.788500000000000000e+04,4.999893442622948214e+01,4.998754098360655429e-02
1.789000000000000000e+04,4.999893442622948214e+01,4.998754098360655429e-02
1.789500000000000000e+04,4.999893442622948214e+01,4.998754098360655429e-02
1.790000000000000000e+04,4.999893442622948214e+01,4.998754098360655429e-02
1.790500000000000000e+04,4.999893442622948214e+01,4.998754098360655429e-02
1.791000000000000000e+04,4.999893442622948214e+01,4.998754098360655429e-02
1.791500000000000000e+04,4.999893442622948214e+01,4.998754098360655429e-02
1.792000000000000000e+04,4.999893442622948214e+01,4.998754098360655429e-02
1.792500000000000000e+04,4.999893442622948214e+01,4.998754098360655429e-02
1.793000000000000000e+04,4.999893442622948214e+01,4.998754098360655429e-02
1.793500000000000000e+04,4.999893442622948214e+01,4.998754098360655429e-02
1.794000000000000000e+04,4.999893442622948214e+01,4.998754098360655429e-02
1.794500000000000000e+04,4.999893442622948214e+01,4.998754098360655429e-02
1.795000000000000000e+04,4.999893442622948214e+01,4.998754098360655429e-02
1.795500000000000000e+04,4.999893442622948214e+01,4.998754098360655429e-02
1.796000000000000000e+04,4.999893442622948214e+01,4.998754098360655429e-02
1.796500000000000000e+04,4.999893442622948214e+01,4.998754098360655429e-02
1.797000000000000000e+04,4.999893442622948214e+01,4.998754098360655429e-02
1.797500000000000000e+04,4.999893442622948214e+01,4.998754098360655429e-02
1.798000000000000000e+04,4.999893442622948214e+01,4.998754098360655429e-02
1.798500000000000000e+04,4.999893442622948214e+01,4.998754098360655429e-02
1.799000000000000000e+04,4.999893442622948214e+01,4.998754098360655429e-02
1.799500000000000000e+04,4.999893442622948214e+01,4.998754098360655429e-02
1.800000000000000000e+04,4.999893442622948214e+01,4.998754098360655429e-02
1.800500000000000000e+04,4.999893442622948214e+01,4.998754098360655429e-02
1.801000000000000000e+04,4.999893442622948214e+01,4.998754098360655429e-02
1.801500000000000000e+04,4.999893442622948214e+01,4.998754098360655429e-02
1.802000000000000000e+04,4.999893442622948214e+01,4.998754098360655429e-02
1.802500000000000000e+04,4.999893442622948214e+01,4.998754098360655429e-02
1.803000000000000000e+04,4.999893442622948214e+01,4.998754098360655429e-02
1.803500000000000000e+04,4.999893442622948214e+01,4.998754098360655429e-02
1.804000000000000000e+04,4.999893442622948214e+01,4.998754098360655429e-02
1.804500000000000000e+04,4.999893442622948214e+01,4.998754098360655429e-02
1.805000000000000000e+04,4.999893442622948214e+01,4.998754098360655429e-02
1.805500000000000000e+04,4.999893442622948214e+01,4.998754098360655429e-02
1.806000000000000000e+04,4.999893442622948214e+01,4.998754098360655429e-02
1.806500000000000000e+04,4.999893442622948214e+01,4.998754098360655429e-02
1.807000000000000000e+04,4.999893442622948214e+01,4.998754098360655429e-02
1.807500000000000000e+04,4.999893442622948214e+01,4.998754098360655429e-02
1.808000000000000000e+04,4.999893442622948214e+01,4.998754098360655429e-02
1.808500000000000000e+04,4.999893442622948214e+01,4.998754098360655429e-02
1.809000000000000000e+04,4.999893442622948214e+01,4.998754098360655429e-02
1.809500000000000000e+04,4.999893442622948214e+01,4.998754098360655429e-02
1.810000000000000000e+04,4.999893442622948214e+01,4.998754098360655429e-02
1.810500000000000000e+04,4.999893442622948214e+01,4.998754098360655429e-02
1.811000000000000000e+04,4.999893442622948214e+01,4.998754098360655429e-02
1.811500000000000000e+04,4.999893442622948214e+01,4.998754098360655429e-02
1.812000000000000000e+04,4.999893442622948214e+01,4.998754098360655429e-02
1.812500000000000000e+04,4.999893442622948214e+01,4.998754098360655429e-02
1.813000000000000000e+04,4.999893442622948214e+01,4.998754098360655429e-02
1.813500000000000000e+04,4.999893442622948214e+01,4.998754098360655429e-02
1.814000000000000000e+04,4.999893442622948214e+01,4.998754098360655429e-02
1.814500000000000000e+04,4.999893442622948214e+01,4.998754098360655429e-02
1.815000000000000000e+04,4.999893442622948214e+01,4.998754098360655429e-02
1.815500000000000000e+04,4.999893442622948214e+01,4.998754098360655429e-02
1.816000000000000000e+04,4.999893442622948214e+01,4.998754098360655429e-02
1.816500000000000000e+04,4.999893442622948214e+01,4.998754098360655429e-02
1.817000000000000000e+04,4.999893442622948214e+01,4.998754098360655429e-02
1.817500000000000000e+04,4.999893442622948214e+01,4.998754098360655429e-02
1.818000000000000000e+04,4.999893442622948214e+01,4.998754098360655429e-02
1.818500000000000000e+04,4.999893442622948214e+01,4.998754098360655429e-02
1.819000000000000000e+04,4.999893442622948214e+01,4.998754098360655429e-02
1.819500000000000000e+04,4.999893442622948214e+01,4.998754098360655429e-02
1.820000000000000000e+04,4.999893442622948214e+01,4.998754098360655429e-02
1.820500000000000000e+04,4.999893442622948214e+01,4.998754098360655429e-02
1.821000000000000000e+04,4.999893442622948214e+01,4.998754098360655429e-02
1.821500000000000000e+04,4.999893442622948214e+01,4.998754098360655429e-02
1.822000000000000000e+04,4.999893442622948214e+01,4.998754098360655429e-02
1.822500000000000000e+04,4.999893442622948214e+01,4.998754098360655429e-02
1.823000000000000000e+04,4.999893442622948214e+01,4.998754098360655429e-02
1.823500000000000000e+04,4.999893442622948214e+01,4.998754098360655429e-02
1.824000000000000000e+04,4.999893442622948214e+01,4.998754098360655429e-02
1.824500000000000000e+04,4.999893442622948214e+01,4.998754098360655429e-02
1.825000000000000000e+04,4.999893442622948214e+01,4.998754098360655429e-02
1.825500000000000000e+04,4.999893442622948214e+01,4.998754098360655429e-02
1.826000000000000000e+04,4.999893442622948214e+01,4.998754098360655429e-02
1.826500000000000000e+04,4.999893442622948214e+01,4.998754098360655429e-02
1.827000000000000000e+04,4.999893442622948214e+01,4.998754098360655429e-02
1.827500000000000000e+04,4.999893442622948214e+01,4.998754098360655429e-02
1.828000000000000000e+04,4.999893442622948214e+01,4.998754098360655429e-02
1.828500000000000000e+04,4.999893442622948214e+01,4.998754098360655429e-02
1.829000000000000000e+04,4.999893442622948214e+01,4.998754098360655429e-02
1.829500000000000000e+04,4.999893442622948214e+01,4.998754098360655429e-02
1.830000000000000000e+04,4.999893442622948214e+01,4.998754098360655429e-02
1.830500000000000000e+04,4.999893442622948214e+01,4.998754098360655429e-02
1.831000000000000000e+04,4.999893442622948214e+01,4.998754098360655429e-02
1.831500000000000000e+04,4.999893442622948214e+01,4.998754098360655429e-02
1.832000000000000000e+04,4.999893442622948214e+01,4.998754098360655429e-02
1.832500000000000000e+04,4.999893442622948214e+01,4.998754098360655429e-02
1.833000000000000000e+04,4.999893442622948214e+01,4.998754098360655429e-02
1.833500000000000000e+04,4.999893442622948214e+01,4.998754098360655429e-02
1.834000000000000000e+04,4.999893442622948214e+01,4.998754098360655429e-02
1.834500000000000000e+04,4.999893442622948214e+01,4.998754098360655429e-02
1.835000000000000000e+04,4.999893442622948214e+01,4.998754098360655429e-02
1.835500000000000000e+04,4.999893442622948214e+01,4.998754098360655429e-02
1.836000000000000000e+04,4.999893442622948214e+01,4.998754098360655429e-02
1.836500000000000000e+04,4.999893442622948214e+01,4.998754098360655429e-02
1.837000000000000000e+04,4.999893442622948214e+01,4.998754098360655429e-02
1.837500000000000000e+04,4.999893442622948214e+01,4.998754098360655429e-02
1.838000000000000000e+04,4.999893442622948214e+01,4.998754098360655429e-02
1.838500000000000000e+04,4.999893442622948214e+01,4.998754098360655429e-02
1.839000000000000000e+04,4.999893442622948214e+01,4.998754098360655429e-02
1.839500000000000000e+04,4.999893442622948214e+01,4.998754098360655429e-02
1.840000000000000000e+04,4.999893442622948214e+01,4.998754098360655429e-02
1.840500000000000000e+04,4.999893442622948214e+01,4.998754098360655429e-02
1.841000000000000000e+04,4.999893442622948214e+01,4.998754098360655429e-02
1.841500000000000000e+04,4.999893442622948214e+01,4.998754098360655429e-02
1.842000000000000000e+04,4.999893442622948214e+01,4.998754098360655429e-02
1.842500000000000000e+04,4.999893442622948214e+01,4.998754098360655429e-02
1.843000000000000000e+04,4.999893442622948214e+01,4.998754098360655429e-02
1.843500000000000000e+04,4.999893442622948214e+01,4.998754098360655429e-02
1.844000000000000000e+04,4.999893442622948214e+01,4.998754098360655429e-02
1.844500000000000000e+04,4.999893442622948214e+01,4.998754098360655429e-02
1.845000000000000000e+04,4.999893442622948214e+01,4.998754098360655429e-02
1.845500000000000000e+04,4.999893442622948214e+01,4.998754098360655429e-02
1.846000000000000000e+04,4.999893442622948214e+01,4.998754098360655429e-02
1.846500000000000000e+04,4.999893442622948214e+01,4.998754098360655429e-02
1.847000000000000000e+04,4.999893442622948214e+01,4.998754098360655429e-02
1.847500000000000000e+04,4.999893442622948214e+01,4.998754098360655429e-02
1.848000000000000000e+04,4.999893442622948214e+01,4.998754098360655429e-02
1.848500000000000000e+04,4.999893442622948214e+01,4.998754098360655429e-02
1.849000000000000000e+04,4.999893442622948214e+01,4.998754098360655429e-02
1.849500000000000000e+04,4.999893442622948214e+01,4.998754098360655429e-02
1.850000000000000000e+04,4.999893442622948214e+01,4.998754098360655429e-02
1.850500000000000000e+04,4.999893442622948214e+01,4.998754098360655429e-02
1.851000000000000000e+04,4.999893442622948214e+01,4.998754098360655429e-02
1.851500000000000000e+04,4.999893442622948214e+01,4.998754098360655429e-02
1.852000000000000000e+04,4.999893442622948214e+01,4.998754098360655429e-02
1.852500000000000000e+04,4.999893442622948214e+01,4.998754098360655429e-02
1.853000000000000000e+04,4.999893442622948214e+01,4.998754098360655429e-02
1.853500000000000000e+04,4.999893442622948214e+01,4.998754098360655429e-02
1.854000000000000000e+04,4.999893442622948214e+01,4.998754098360655429e-02
1.854500000000000000e+04,4.999893442622948214e+01,4.998754098360655429e-02
1.855000000000000000e+04,4.999893442622948214e+01,4.998754098360655429e-02
1.855500000000000000e+04,4.999893442622948214e+01,4.998754098360655429e-02
1.856000000000000000e+04,4.999893442622948214e+01,4.998754098360655429e-02
1.856500000000000000e+04,4.999893442622948214e+01,4.998754098360655429e-02
1.857000000000000000e+04,4.999893442622948214e+01,4.998754098360655429e-02
1.857500000000000000e+04,4.999893442622948214e+01,4.998754098360655429e-02
1.858000000000000000e+04,4.999893442622948214e+01,4.998754098360655429e-02
1.858500000000000000e+04,4.999893442622948214e+01,4.998754098360655429e-02
1.859000000000000000e+04,4.999893442622948214e+01,4.998754098360655429e-02
1.859500000000000000e+04,4.999893442622948214e+01,4.998754098360655429e-02
1.860000000000000000e+04,4.999893442622948214e+01,4.998754098360655429e-02
1.860500000000000000e+04,4.999893442622948214e+01,4.998754098360655429e-02
1.861000000000000000e+04,4.999893442622948214e+01,4.998754098360655429e-02
1.861500000000000000e+04,4.999893442622948214e+01,4.998754098360655429e-02
1.862000000000000000e+04,4.999893442622948214e+01,4.998754098360655429e-02
1.862500000000000000e+04,4.999893442622948214e+01,4.998754098360655429e-02
1.863000000000000000e+04,4.999893442622948214e+01,4.998754098360655429e-02
1.863500000000000000e+04,4.999893442622948214e+01,4.998754098360655429e-02
1.864000000000000000e+04,4.999893442622948214e+01,4.998754098360655429e-02
1.864500000000000000e+04,4.999893442622948214e+01,4.998754098360655429e-02
1.865000000000000000e+04,4.999893442622948214e+01,4.998754098360655429e-02
1.865500000000000000e+04,4.999893442622948214e+01,4.998754098360655429e-02
1.866000000000000000e+04,4.999893442622948214e+01,4.998754098360655429e-02
1.866500000000000000e+04,4.999893442622948214e+01,4.998754098360655429e-02
1.867000000000000000e+04,4.999893442622948214e+01,4.998754098360655429e-02
1.867500000000000000e+04,4.999893442622948214e+01,4.998754098360655429e-02
1.868000000000000000e+04,4.999893442622948214e+01,4.998754098360655429e-02
1.868500000000000000e+04,4.999893442622948214e+01,4.998754098360655429e-02
1.869000000000000000e+04,4.999893442622948214e+01,4.998754098360655429e-02
1.869500000000000000e+04,4.999893442622948214e+01,4.998754098360655429e-02
1.870000000000000000e+04,4.999893442622948214e+01,4.998754098360655429e-02
1.870500000000000000e+04,4.999893442622948214e+01,4.998754098360655429e-02
1.871000000000000000e+04,4.999893442622948214e+01,4.998754098360655429e-02
1.871500000000000000e+04,4.999893442622948214e+01,4.998754098360655429e-02
1.872000000000000000e+04,4.999893442622948214e+01,4.998754098360655429e-02
1.872500000000000000e+04,4.999893442622948214e+01,4.998754098360655429e-02
1.873000000000000000e+04,4.999893442622948214e+01,4.998754098360655429e-02
1.873500000000000000e+04,4.999893442622948214e+01,4.998754098360655429e-02
1.874000000000000000e+04,4.999893442622948214e+01,4.998754098360655429e-02
1.874500000000000000e+04,4.999893442622948214e+01,4.998754098360655429e-02
1.875000000000000000e+04,4.999893442622948214e+01,4.998754098360655429e-02
1.875500000000000000e+04,4.999893442622948214e+01,4.998754098360655429e-02
1.876000000000000000e+04,4.999893442622948214e+01,4.998754098360655429e-02
1.876500000000000000e+04,4.999893442622948214e+01,4.998754098360655429e-02
1.877000000000000000e+04,4.999893442622948214e+01,4.998754098360655429e-02
1.877500000000000000e+04,4.999893442622948214e+01,4.998754098360655429e-02
1.878000000000000000e+04,4.999893442622948214e+01,4.998754098360655429e-02
1.878500000000000000e+04,4.999893442622948214e+01,4.998754098360655429e-02
1.879000000000000000e+04,4.999893442622948214e+01,4.998754098360655429e-02
1.879500000000000000e+04,4.999893442622948214e+01,4.998754098360655429e-02
1.880000000000000000e+04,4.999893442622948214e+01,4.998754098360655429e-02
1.880500000000000000e+04,4.999893442622948214e+01,4.998754098360655429e-02
1.881000000000000000e+04,4.999893442622948214e+01,4.998754098360655429e-02
1.881500000000000000e+04,4.999893442622948214e+01,4.998754098360655429e-02
1.882000000000000000e+04,4.999893442622948214e+01,4.998754098360655429e-02
1.882500000000000000e+04,4.999893442622948214e+01,4.998754098360655429e-02
1.883000000000000000e+04,4.999893442622948214e+01,4.998754098360655429e-02
1.883500000000000000e+04,4.999893442622948214e+01,4.998754098360655429e-02
1.884000000000000000e+04,4.999893442622948214e+01,4.998754098360655429e-02
1.884500000000000000e+04,4.999893442622948214e+01,4.998754098360655429e-02
1.885000000000000000e+04,4.999893442622948214e+01,4.998754098360655429e-02
1.885500000000000000e+04,4.999893442622948214e+01,4.998754098360655429e-02
1.886000000000000000e+04,4.999893442622948214e+01,4.998754098360655429e-02
1.886500000000000000e+04,4.999893442622948214e+01,4.998754098360655429e-02
1.887000000000000000e+04,4.999893442622948214e+01,4.998754098360655429e-02
1.887500000000000000e+04,4.999893442622948214e+01,4.998754098360655429e-02
1.888000000000000000e+04,4.999893442622948214e+01,4.998754098360655429e-02
1.888500000000000000e+04,4.999893442622948214e+01,4.998754098360655429e-02
1.889000000000000000e+04,4.999893442622948214e+01,4.998754098360655429e-02
1.889500000000000000e+04,4.999893442622948214e+01,4.998754098360655429e-02
1.890000000000000000e+04,4.999893442622948214e+01,4.998754098360655429e-02
1.890500000000000000e+04,4.999893442622948214e+01,4.998754098360655429e-02
1.891000000000000000e+04,4.999893442622948214e+01,4.998754098360655429e-02
1.891500000000000000e+04,4.999893442622948214e+01,4.998754098360655429e-02
1.892000000000000000e+04,4.999893442622948214e+01,4.998754098360655429e-02
1.892500000000000000e+04,4.999893442622948214e+01,4.998754098360655429e-02
1.893000000000000000e+04,4.999893442622948214e+01,4.998754098360655429e-02
1.893500000000000000e+04,4.999893442622948214e+01,4.998754098360655429e-02
1.894000000000000000e+04,4.999893442622948214e+01,4.998754098360655429e-02
1.894500000000000000e+04,4.999893442622948214e+01,4.998754098360655429e-02
1.895000000000000000e+04,4.999893442622948214e+01,4.998754098360655429e-02
1.895500000000000000e+04,4.999893442622948214e+01,4.998754098360655429e-02
1.896000000000000000e+04,4.999893442622948214e+01,4.998754098360655429e-02
1.896500000000000000e+04,4.999893442622948214e+01,4.998754098360655429e-02
1.897000000000000000e+04,4.999893442622948214e+01,4.998754098360655429e-02
1.897500000000000000e+04,4.999893442622948214e+01,4.998754098360655429e-02
1.898000000000000000e+04,4.999893442622948214e+01,4.998754098360655429e-02
1.898500000000000000e+04,4.999893442622948214e+01,4.998754098360655429e-02
1.899000000000000000e+04,4.999893442622948214e+01,4.998754098360655429e-02
1.899500000000000000e+04,4.999893442622948214e+01,4.998754098360655429e-02
1.900000000000000000e+04,4.999893442622948214e+01,4.998754098360655429e-02
1.900500000000000000e+04,4.999893442622948214e+01,4.998754098360655429e-02
1.901000000000000000e+04,4.999893442622948214e+01,4.998754098360655429e-02
1.901500000000000000e+04,4.999893442622948214e+01,4.998754098360655429e-02
1.902000000000000000e+04,4.999893442622948214e+01,4.998754098360655429e-02
1.902500000000000000e+04,4.999893442622948214e+01,4.998754098360655429e-02
1.903000000000000000e+04,4.999893442622948214e+01,4.998754098360655429e-02
1.903500000000000000e+04,4.999893442622948214e+01,4.998754098360655429e-02
1.904000000000000000e+04,4.999893442622948214e+01,4.998754098360655429e-02
1.904500000000000000e+04,4.999893442622948214e+01,4.998754098360655429e-02
1.905000000000000000e+04,4.999893442622948214e+01,4.998754098360655429e-02
1.905500000000000000e+04,4.999893442622948214e+01,4.998754098360655429e-02
1.906000000000000000e+04,4.999893442622948214e+01,4.998754098360655429e-02
1.906500000000000000e+04,4.999893442622948214e+01,4.998754098360655429e-02
1.907000000000000000e+04,4.999893442622948214e+01,4.998754098360655429e-02
1.907500000000000000e+04,4.999893442622948214e+01,4.998754098360655429e-02
1.908000000000000000e+04,4.999893442622948214e+01,4.998754098360655429e-02
1.908500000000000000e+04,4.999893442622948214e+01,4.998754098360655429e-02
1.909000000000000000e+04,4.999893442622948214e+01,4.998754098360655429e-02
1.909500000000000000e+04,4.999893442622948214e+01,4.998754098360655429e-02
1.910000000000000000e+04,4.999893442622948214e+01,4.998754098360655429e-02
1.910500000000000000e+04,4.999893442622948214e+01,4.998754098360655429e-02
1.911000000000000000e+04,4.999893442622948214e+01,4.998754098360655429e-02
1.911500000000000000e+04,4.999893442622948214e+01,4.998754098360655429e-02
1.912000000000000000e+04,4.999893442622948214e+01,4.998754098360655429e-02
1.912500000000000000e+04,4.999893442622948214e+01,4.998754098360655429e-02
1.913000000000000000e+04,4.999893442622948214e+01,4.998754098360655429e-02
1.913500000000000000e+04,4.999893442622948214e+01,4.998754098360655429e-02
1.914000000000000000e+04,4.999893442622948214e+01,4.998754098360655429e-02
1.914500000000000000e+04,4.999893442622948214e+01,4.998754098360655429e-02
1.915000000000000000e+04,4.999893442622948214e+01,4.998754098360655429e-02
1.915500000000000000e+04,4.999893442622948214e+01,4.998754098360655429e-02
1.916000000000000000e+04,4.999893442622948214e+01,4.998754098360655429e-02
1.916500000000000000e+04,4.999893442622948214e+01,4.998754098360655429e-02
1.917000000000000000e+04,4.999893442622948214e+01,4.998754098360655429e-02
1.917500000000000000e+04,4.999893442622948214e+01,4.998754098360655429e-02
1.918000000000000000e+04,4.999893442622948214e+01,4.998754098360655429e-02
1.918500000000000000e+04,4.999893442622948214e+01,4.998754098360655429e-02
1.919000000000000000e+04,4.999893442622948214e+01,4.998754098360655429e-02
1.919500000000000000e+04,4.999893442622948214e+01,4.998754098360655429e-02
1.920000000000000000e+04,4.999893442622948214e+01,4.998754098360655429e-02
1.920500000000000000e+04,4.999893442622948214e+01,4.998754098360655429e-02
1.921000000000000000e+04,4.999893442622948214e+01,4.998754098360655429e-02
1.921500000000000000e+04,4.999893442622948214e+01,4.998754098360655429e-02
1.922000000000000000e+04,4.999893442622948214e+01,4.998754098360655429e-02
1.922500000000000000e+04,4.999893442622948214e+01,4.998754098360655429e-02
1.923000000000000000e+04,4.999893442622948214e+01,4.998754098360655429e-02
1.923500000000000000e+04,4.999893442622948214e+01,4.998754098360655429e-02
1.924000000000000000e+04,4.999893442622948214e+01,4.998754098360655429e-02
1.924500000000000000e+04,4.999893442622948214e+01,4.998754098360655429e-02
1.925000000000000000e+04,4.999893442622948214e+01,4.998754098360655429e-02
1.925500000000000000e+04,4.999893442622948214e+01,4.998754098360655429e-02
1.926000000000000000e+04,4.999893442622948214e+01,4.998754098360655429e-02
1.926500000000000000e+04,4.999893442622948214e+01,4.998754098360655429e-02
1.927000000000000000e+04,4.999893442622948214e+01,4.998754098360655429e-02
1.927500000000000000e+04,4.999893442622948214e+01,4.998754098360655429e-02
1.928000000000000000e+04,4.999893442622948214e+01,4.998754098360655429e-02
1.928500000000000000e+04,4.999893442622948214e+01,4.998754098360655429e-02
1.929000000000000000e+04,4.999893442622948214e+01,4.998754098360655429e-02
1.929500000000000000e+04,4.999893442622948214e+01,4.998754098360655429e-02
1.930000000000000000e+04,4.999893442622948214e+01,4.998754098360655429e-02
1.930500000000000000e+04,4.999893442622948214e+01,4.998754098360655429e-02
1.931000000000000000e+04,4.999893442622948214e+01,4.998754098360655429e-02
1.931500000000000000e+04,4.999893442622948214e+01,4.998754098360655429e-02
1.932000000000000000e+04,4.999893442622948214e+01,4.998754098360655429e-02
1.932500000000000000e+04,4.999893442622948214e+01,4.998754098360655429e-02
1.933000000000000000e+04,4.999893442622948214e+01,4.998754098360655429e-02
1.933500000000000000e+04,4.999893442622948214e+01,4.998754098360655429e-02
1.934000000000000000e+04,4.999893442622948214e+01,4.998754098360655429e-02
1.934500000000000000e+04,4.999893442622948214e+01,4.998754098360655429e-02
1.935000000000000000e+04,4.999893442622948214e+01,4.998754098360655429e-02
1.935500000000000000e+04,4.999893442622948214e+01,4.998754098360655429e-02
1.936000000000000000e+04,4.999893442622948214e+01,4.998754098360655429e-02
1.936500000000000000e+04,4.999893442622948214e+01,4.998754098360655429e-02
1.937000000000000000e+04,4.999893442622948214e+01,4.998754098360655429e-02
1.937500000000000000e+04,4.999893442622948214e+01,4.998754098360655429e-02
1.938000000000000000e+04,4.999893442622948214e+01,4.998754098360655429e-02
1.938500000000000000e+04,4.999893442622948214e+01,4.998754098360655429e-02
1.939000000000000000e+04,4.999893442622948214e+01,4.998754098360655429e-02
1.939500000000000000e+04,4.999893442622948214e+01,4.998754098360655429e-02
1.940000000000000000e+04,4.999893442622948214e+01,4.998754098360655429e-02
1.940500000000000000e+04,4.999893442622948214e+01,4.998754098360655429e-02
1.941000000000000000e+04,4.999893442622948214e+01,4.998754098360655429e-02
1.941500000000000000e+04,4.999893442622948214e+01,4.998754098360655429e-02
1.942000000000000000e+04,4.999893442622948214e+01,4.998754098360655429e-02
1.942500000000000000e+04,4.999893442622948214e+01,4.998754098360655429e-02
1.943000000000000000e+04,4.999893442622948214e+01,4.998754098360655429e-02
1.943500000000000000e+04,4.999893442622948214e+01,4.998754098360655429e-02
1.944000000000000000e+04,4.999893442622948214e+01,4.998754098360655429e-02
1.944500000000000000e+04,4.999893442622948214e+01,4.998754098360655429e-02
1.945000000000000000e+04,4.999893442622948214e+01,4.998754098360655429e-02
1.945500000000000000e+04,4.999893442622948214e+01,4.998754098360655429e-02
1.946000000000000000e+04,4.999893442622948214e+01,4.998754098360655429e-02
1.946500000000000000e+04,4.999893442622948214e+01,4.998754098360655429e-02
1.947000000000000000e+04,4.999893442622948214e+01,4.998754098360655429e-02
1.947500000000000000e+04,4.999893442622948214e+01,4.998754098360655429e-02
1.948000000000000000e+04,4.999893442622948214e+01,4.998754098360655429e-02
1.948500000000000000e+04,4.999893442622948214e+01,4.998754098360655429e-02
1.949000000000000000e+04,4.999893442622948214e+01,4.998754098360655429e-02
1.949500000000000000e+04,4.999893442622948214e+01,4.998754098360655429e-02
1.950000000000000000e+04,4.999893442622948214e+01,4.998754098360655429e-02
1.950500000000000000e+04,4.999893442622948214e+01,4.998754098360655429e-02
1.951000000000000000e+04,4.999893442622948214e+01,4.998754098360655429e-02
1.951500000000000000e+04,4.999893442622948214e+01,4.998754098360655429e-02
1.952000000000000000e+04,4.999893442622948214e+01,4.998754098360655429e-02
1.952500000000000000e+04,4.999893442622948214e+01,4.998754098360655429e-02
1.953000000000000000e+04,4.999893442622948214e+01,4.998754098360655429e-02
1.953500000000000000e+04,4.999893442622948214e+01,4.998754098360655429e-02
1.954000000000000000e+04,4.999893442622948214e+01,4.998754098360655429e-02
1.954500000000000000e+04,4.999893442622948214e+01,4.998754098360655429e-02
1.955000000000000000e+04,4.999893442622948214e+01,4.998754098360655429e-02
1.955500000000000000e+04,4.999893442622948214e+01,4.998754098360655429e-02
1.956000000000000000e+04,4.999893442622948214e+01,4.998754098360655429e-02
1.956500000000000000e+04,4.999893442622948214e+01,4.998754098360655429e-02
1.957000000000000000e+04,4.999893442622948214e+01,4.998754098360655429e-02
1.957500000000000000e+04,4.999893442622948214e+01,4.998754098360655429e-02
1.958000000000000000e+04,4.999893442622948214e+01,4.998754098360655429e-02
1.958500000000000000e+04,4.999893442622948214e+01,4.998754098360655429e-02
1.959000000000000000e+04,4.999893442622948214e+01,4.998754098360655429e-02
1.959500000000000000e+04,4.999893442622948214e+01,4.998754098360655429e-02
1.960000000000000000e+04,4.999893442622948214e+01,4.998754098360655429e-02
1.960500000000000000e+04,4.999893442622948214e+01,4.998754098360655429e-02
1.961000000000000000e+04,4.999893442622948214e+01,4.998754098360655429e-02
1.961500000000000000e+04,4.999893442622948214e+01,4.998754098360655429e-02
1.962000000000000000e+04,4.999893442622948214e+01,4.998754098360655429e-02
1.962500000000000000e+04,4.999893442622948214e+01,4.998754098360655429e-02
1.963000000000000000e+04,4.999893442622948214e+01,4.998754098360655429e-02
1.963500000000000000e+04,4.999893442622948214e+01,4.998754098360655429e-02
1.964000000000000000e+04,4.999893442622948214e+01,4.998754098360655429e-02
1.964500000000000000e+04,4.999893442622948214e+01,4.998754098360655429e-02
1.965000000000000000e+04,4.999893442622948214e+01,4.998754098360655429e-02
1.965500000000000000e+04,4.999893442622948214e+01,4.998754098360655429e-02
1.966000000000000000e+04,4.999893442622948214e+01,4.998754098360655429e-02
1.966500000000000000e+04,4.999893442622948214e+01,4.998754098360655429e-02
1.967000000000000000e+04,4.999893442622948214e+01,4.998754098360655429e-02
1.967500000000000000e+04,4.999893442622948214e+01,4.998754098360655429e-02
1.968000000000000000e+04,4.999893442622948214e+01,4.998754098360655429e-02
1.968500000000000000e+04,4.999893442622948214e+01,4.998754098360655429e-02
1.969000000000000000e+04,4.999893442622948214e+01,4.998754098360655429e-02
1.969500000000000000e+04,4.999893442622948214e+01,4.998754098360655429e-02
1.970000000000000000e+04,4.999893442622948214e+01,4.998754098360655429e-02
1.970500000000000000e+04,4.999893442622948214e+01,4.998754098360655429e-02
1.971000000000000000e+04,4.999893442622948214e+01,4.998754098360655429e-02
1.971500000000000000e+04,4.999893442622948214e+01,4.998754098360655429e-02
1.972000000000000000e+04,4.999893442622948214e+01,4.998754098360655429e-02
1.972500000000000000e+04,4.999893442622948214e+01,4.998754098360655429e-02
1.973000000000000000e+04,4.999893442622948214e+01,4.998754098360655429e-02
1.973500000000000000e+04,4.999893442622948214e+01,4.998754098360655429e-02
1.974000000000000000e+04,4.999893442622948214e+01,4.998754098360655429e-02
1.974500000000000000e+04,4.999893442622948214e+01,4.998754098360655429e-02
1.975000000000000000e+04,4.999893442622948214e+01,4.998754098360655429e-02
1.975500000000000000e+04,4.999893442622948214e+01,4.998754098360655429e-02
1.976000000000000000e+04,4.999893442622948214e+01,4.998754098360655429e-02
1.976500000000000000e+04,4.999893442622948214e+01,4.998754098360655429e-02
1.977000000000000000e+04,4.999893442622948214e+01,4.998754098360655429e-02
1.977500000000000000e+04,4.999893442622948214e+01,4.998754098360655429e-02
1.978000000000000000e+04,4.999893442622948214e+01,4.998754098360655429e-02
1.978500000000000000e+04,4.999893442622948214e+01,4.998754098360655429e-02
1.979000000000000000e+04,4.999893442622948214e+01,4.998754098360655429e-02
1.979500000000000000e+04,4.999893442622948214e+01,4.998754098360655429e-02
1.980000000000000000e+04,4.999893442622948214e+01,4.998754098360655429e-02
1.980500000000000000e+04,4.999893442622948214e+01,4.998754098360655429e-02
1.981000000000000000e+04,4.999893442622948214e+01,4.998754098360655429e-02
1.981500000000000000e+04,4.999893442622948214e+01,4.998754098360655429e-02
1.982000000000000000e+04,4.999893442622948214e+01,4.998754098360655429e-02
1.982500000000000000e+04,4.999893442622948214e+01,4.998754098360655429e-02
1.983000000000000000e+04,4.999893442622948214e+01,4.998754098360655429e-02
1.983500000000000000e+04,4.999893442622948214e+01,4.998754098360655429e-02
1.984000000000000000e+04,4.999893442622948214e+01,4.998754098360655429e-02
1.984500000000000000e+04,4.999893442622948214e+01,4.998754098360655429e-02
1.985000000000000000e+04,4.999893442622948214e+01,4.998754098360655429e-02
1.985500000000000000e+04,4.999893442622948214e+01,4.998754098360655429e-02
1.986000000000000000e+04,4.999893442622948214e+01,4.998754098360655429e-02
1.986500000000000000e+04,4.999893442622948214e+01,4.998754098360655429e-02
1.987000000000000000e+04,4.999893442622948214e+01,4.998754098360655429e-02
1.987500000000000000e+04,4.999893442622948214e+01,4.998754098360655429e-02
1.988000000000000000e+04,4.999893442622948214e+01,4.998754098360655429e-02
1.988500000000000000e+04,4.999893442622948214e+01,4.998754098360655429e-02
1.989000000000000000e+04,4.999893442622948214e+01,4.998754098360655429e-02
1.989500000000000000e+04,4.999893442622948214e+01,4.998754098360655429e-02
1.990000000000000000e+04,4.999893442622948214e+01,4.998754098360655429e-02
1.990500000000000000e+04,4.999893442622948214e+01,4.998754098360655429e-02
1.991000000000000000e+04,4.999893442622948214e+01,4.998754098360655429e-02
1.991500000000000000e+04,4.999893442622948214e+01,4.998754098360655429e-02
1.992000000000000000e+04,4.999893442622948214e+01,4.998754098360655429e-02
1.992500000000000000e+04,4.999893442622948214e+01,4.998754098360655429e-02
1.993000000000000000e+04,4.999893442622948214e+01,4.998754098360655429e-02
1.993500000000000000e+04,4.999893442622948214e+01,4.998754098360655429e-02
1.994000000000000000e+04,4.999893442622948214e+01,4.998754098360655429e-02
1.994500000000000000e+04,4.999893442622948214e+01,4.998754098360655429e-02
1.995000000000000000e+04,4.999893442622948214e+01,4.998754098360655429e-02
1.995500000000000000e+04,4.999893442622948214e+01,4.998754098360655429e-02
1.996000000000000000e+04,4.999893442622948214e+01,4.998754098360655429e-02
1.996500000000000000e+04,4.999893442622948214e+01,4.998754098360655429e-02
1.997000000000000000e+04,4.999893442622948214e+01,4.998754098360655429e-02
1.997500000000000000e+04,4.999893442622948214e+01,4.998754098360655429e-02
1.998000000000000000e+04,4.999893442622948214e+01,4.998754098360655429e-02
1.998500000000000000e+04,4.999893442622948214e+01,4.998754098360655429e-02
1.999000000000000000e+04,4.999893442622948214e+01,4.998754098360655429e-02
1.999500000000000000e+04,4.999893442622948214e+01,4.998754098360655429e-02
2.000000000000000000e+04,4.999893442622948214e+01,4.998754098360655429e-02
